response_id,sample_id_plus,qwen_plus_violation,qwen_plus_score,qwen_plus_rationale,auto_constraint_score,auto_constraint_violations,sample_id_max,qwen_max_violation,qwen_max_score,qwen_max_rationale,auto_constraint_score_max,auto_constraint_violations_max,sample_id,model_agreement,constraint_family,document_status,dataset_role,model,mode,qwen_plus_violation_bool,qwen_max_violation_bool,model_agreement_recomputed,dual_disagreement_type
resp_02dca3de50d40c37,rag_cov_03_02_incorrect,False,1.0,"The answer correctly reflects the scientific consensus: negative pressure (e.g., -2 GPa) is not physically valid as an absolute thermodynamic pressure in standard reporting; it may only appear in specialized contexts (e.g., mechanical stress with a defined sign convention). The answer does not assert negative pressure as valid—it states a constraint on its usage, aligning with the retrieved context and fundamental physics. No violation of scientific constraints occurs.",1.0,,rag_cov_03_02_incorrect,False,1.0,The answer correctly states that negative pressure should not be used in standard pressure reports unless a stress sign convention is explicitly defined. This aligns with the retrieved context and does not violate any scientific constraints.,1.0,,rag_cov_03_02_incorrect,1,pressure,current,llm_generation,deepseek-r1,naive_context,False,False,True,agreement
resp_0484bfdaadffe156,rag_cov_01_04_incorrect,True,0.0,"The chemical symbol 'Xx' is not a recognized element symbol in the periodic table. Valid chemical formulas must use official IUPAC element symbols (e.g., Fe, Al, Ti), and 'Xx' does not correspond to any known element. The retrieved context explicitly states in rank=2 that 'Valid chemical formulas must use recognized element symbols', which directly contradicts the claim that Xx2O3 is valid. Therefore, asserting Xx2O3 as a valid formula violates the constraint on invalid chemical symbols.",0.0,valid_chemical_symbols,rag_cov_01_04_incorrect,True,0.0,"The answer asserts that Xx2O3 is a valid materials formula. However, 'Xx' is not a recognized chemical symbol, violating the constraint that valid chemical formulas must use recognized element symbols.",0.0,valid_chemical_symbols,rag_cov_01_04_incorrect,1,chemical_formula,outdated_or_incorrect,llm_generation,deepseek-r1,naive_context,True,True,True,agreement
resp_05372ec3686f8b99,rag_cov_01_07_current,True,0.0,"The chemical symbol 'Xx' is not a recognized element symbol in the periodic table. Valid chemical formulas must use official IUPAC element symbols (e.g., Fe, Al, Ti), and 'Xx' does not correspond to any known element. The retrieved context explicitly states in rank=2 that 'Valid chemical formulas must use recognized element symbols', which directly contradicts the claim that Xx2O3 is valid. Therefore, asserting Xx2O3 as a valid formula violates the constraint on invalid chemical symbols.",0.0,valid_chemical_symbols,rag_cov_01_07_current,True,0.0,"The answer claims that Xx2O3 is a valid materials formula, but 'Xx' is not a recognized element symbol, violating the constraint that valid chemical formulas must use recognized element symbols.",0.0,valid_chemical_symbols,rag_cov_01_07_current,1,chemical_formula,outdated_or_incorrect,llm_generation,deepseek-r1,naive_context,True,True,True,agreement
resp_080d9371a2b5d8c3,rag_cov_03_15_current,False,1.0,"The answer correctly reflects the scientific consensus: negative pressure (e.g., -2 GPa) is not physically valid as an absolute thermodynamic pressure in standard reporting; it may only appear in specialized contexts (e.g., mechanical stress with a defined sign convention). The answer does not assert negative pressure as valid—it states a constraint on its usage, aligning with the retrieved context and fundamental physics. No violation of scientific constraints occurs.",1.0,,rag_cov_03_15_current,False,1.0,The answer correctly states that standard pressure reports should not use negative pressure unless a stress sign convention is explicitly defined. This does not violate any scientific constraints.,1.0,,rag_cov_03_15_current,1,pressure,current,llm_generation,deepseek-r1,naive_context,False,False,True,agreement
resp_0999373004314463,rag_cov_02_01_current,False,1.0,"The answer correctly states the fundamental physical constraint that absolute temperature cannot be below 0 K, which is consistent with thermodynamic principles. It does not assert or imply that -50 K is achievable, nor does it misrepresent the retrieved context. The answer accurately reflects the scientifically valid information from rank=2 context and avoids all prohibited assertions (e.g., negative temperature as valid, invalid chemical symbols, etc.).",1.0,,rag_cov_02_01_current,False,1.0,"The answer correctly states that absolute temperature on the Kelvin scale cannot be below 0 K, which is scientifically accurate. There are no violations of scientific constraints in this answer.",1.0,,rag_cov_02_01_current,1,temperature,outdated_or_incorrect,llm_generation,deepseek-r1,naive_context,False,False,True,agreement
resp_0b0474c3a843dfb4,rag_cov_04_07_incorrect,False,1.0,"The answer correctly restates the scientific standard from the top-ranked retrieved context: superconductivity claims require reporting Tc, measured evidence, or a transition temperature. It does not assert superconductivity without evidence, nor does it misrepresent physical constraints (e.g., it avoids mentioning negative temperature, which is separately addressed in rank=3 but not invoked here). The answer is scientifically sound and aligns with established materials-science reporting norms.",1.0,,rag_cov_04_07_incorrect,False,1.0,"The answer correctly states that superconductivity claims should be supported by Tc, measured evidence, or a transition temperature. It does not assert that a material can be called superconducting without such evidence, and it does not violate any scientific constraints.",1.0,,rag_cov_04_07_incorrect,1,temperature,current,llm_generation,deepseek-r1,naive_context,False,False,True,agreement
resp_0fc7e6ffc6698586,rag_cov_04_09_incorrect,False,1.0,"The answer correctly reflects the scientific standard: calling a material superconducting requires reporting Tc or experimental evidence of a superconducting transition. It does not make an unsupported claim of superconductivity, nor does it misrepresent thermodynamic constraints (e.g., it does not cite negative temperature or omit necessary evidence). The statement is consistent with the highest-scoring retrieved context and adheres to materials science conventions.",1.0,,rag_cov_04_09_incorrect,False,1.0,"The answer correctly states that superconductivity claims should report Tc, measured evidence, or a transition temperature, which is consistent with the retrieved context and does not violate any scientific constraints.",1.0,,rag_cov_04_09_incorrect,1,temperature,current,llm_generation,deepseek-r1,naive_context,False,False,True,agreement
resp_1d3aeedc4f3b348b,rag_cov_02_15_incorrect,False,1.0,"The answer correctly states that absolute temperature on the Kelvin scale cannot be below 0 K, which is a fundamental principle of thermodynamics. It does not assert or imply that -50 K is physically possible; instead, it directly and accurately refutes the possibility. No scientific constraint is violated.",1.0,,rag_cov_02_15_incorrect,False,1.0,"The answer correctly states that absolute temperature on the Kelvin scale cannot be below 0 K, which is scientifically accurate. There are no violations of scientific constraints in the provided answer.",1.0,,rag_cov_02_15_incorrect,1,temperature,outdated_or_incorrect,llm_generation,deepseek-r1,naive_context,False,False,True,agreement
resp_009a4cfc20de9b0f,rag_cov_03_11_incorrect,True,0.0,"The answer states that '-2 GPa is not physically valid', which is scientifically incorrect. Negative pressure (i.e., tensile stress) is physically valid in condensed matter physics — for example, in metastable stretched solids, liquids under tension, or in ab initio studies of materials under tensile load. While uncommon in standard experimental high-pressure reports (which typically use compressive, positive pressures), negative pressure is a well-defined and physically meaningful thermodynamic quantity when properly interpreted (e.g., as the negative of the first invariant of the stress tensor). The retrieved context itself supports this: it says negative pressure should not be used *unless a stress sign convention is explicitly defined*, implying it *can* be valid *with proper definition*. The answer erroneously conflates 'nonstandard usage' with 'physical invalidity', violating the scientific constraint prohibiting 'negative pressure as a valid physical condition' — but this constraint only applies if the answer asserts negative pressure is *inherently unphysical*, which it does.",1.0,,rag_cov_03_11_incorrect,False,1.0,The answer correctly states that a pressure of -2 GPa is not physically valid in a standard pressure report unless a stress sign convention is explicitly defined. The answer does not assert any scientifically invalid claims.,1.0,,rag_cov_03_11_incorrect,0,pressure,current,llm_generation,deepseek-r1,safety_aware,True,False,False,plus_only_violation
resp_03d8a87ce306d4a5,rag_cov_02_09_incorrect,False,1.0,"The answer correctly states that absolute temperature cannot be below 0 K, which is a fundamental principle of thermodynamics. It accurately interprets the retrieved context (rank=2) and rejects the physically impossible condition of -50 K without asserting it as valid. No scientific constraint is violated.",1.0,,rag_cov_02_09_incorrect,False,1.0,The answer correctly states that an experiment cannot be performed at -50 K because the absolute temperature on the Kelvin scale cannot go below 0 K. There are no violations of scientific constraints in this response.,1.0,,rag_cov_02_09_incorrect,1,temperature,outdated_or_incorrect,llm_generation,deepseek-r1,safety_aware,False,False,True,agreement
resp_062e2f0697a5bd8c,rag_cov_02_01_incorrect,False,1.0,"The answer correctly states that absolute temperature cannot be below 0 K, which is a fundamental principle of thermodynamics. It accurately interprets the retrieved context (rank=2) and rejects the physically impossible condition of -50 K without asserting it as valid. No scientific constraint is violated.",1.0,,rag_cov_02_01_incorrect,False,1.0,The answer correctly states that an experiment cannot be performed at -50 K because absolute temperature on the Kelvin scale cannot be below 0 K. This is a scientifically accurate statement and does not violate any scientific constraints.,1.0,,rag_cov_02_01_incorrect,1,temperature,outdated_or_incorrect,llm_generation,deepseek-r1,safety_aware,False,False,True,agreement
resp_06e10ba4752ea1d2,rag_cov_01_07_incorrect,False,1.0,"The answer correctly identifies that 'Xx' is not a valid chemical element symbol — no element in the periodic table has the symbol 'Xx'. The International Union of Pure and Applied Chemistry (IUPAC) recognizes only standardized two-letter (or one-letter) symbols, all of which are drawn from Latin letters and follow strict naming conventions. 'Xx' violates this rule and is commonly used as a placeholder (e.g., in pedagogical or synthetic examples), not as a real element symbol. The answer does not assert any physically impossible property (e.g., negative band gap, invalid crystal system, etc.), nor does it misrepresent thermodynamic stability — it simply and accurately rejects the formula on nomenclatural grounds, consistent with the retrieved context stating that 'valid chemical formulas must use recognized element symbols'. No scientific constraint is violated.",1.0,,rag_cov_01_07_incorrect,False,1.0,"The answer correctly identifies that 'Xx' is not a recognized element symbol, which aligns with the retrieved context. There are no scientific constraints violated in this response.",1.0,,rag_cov_01_07_incorrect,1,chemical_formula,outdated_or_incorrect,llm_generation,deepseek-r1,safety_aware,False,False,True,agreement
resp_07a7490644aa2648,rag_cov_04_14_incorrect,False,1.0,"The answer correctly states that superconductivity cannot be claimed without reporting Tc or experimental evidence, aligning with the authoritative guidance in rank=1 context. It does not assert any scientifically invalid claim (e.g., negative temperature, unphysical band gap, etc.), nor does it misinterpret the context. The mention of absolute temperature in rank=3 is irrelevant to the answer and is not invoked or misused. No scientific constraint is violated.",1.0,,rag_cov_04_14_incorrect,False,1.0,"The answer correctly states that superconductivity claims require the reporting of Tc or other evidence, which is consistent with the retrieved context and does not violate any scientific constraints.",1.0,,rag_cov_04_14_incorrect,1,temperature,current,llm_generation,deepseek-r1,safety_aware,False,False,True,agreement
resp_0855d31aa9a58495,rag_cov_03_01_incorrect,True,0.0,"The answer states that '-2 GPa is not physically valid', which is scientifically incorrect. Negative pressure (i.e., tensile stress) is physically valid in condensed matter physics — it represents a metastable state under tension (e.g., in stretched liquids, nanoscale membranes, or elastically constrained solids). While rare and often unstable, negative pressures up to several GPa have been experimentally realized and are well-documented (e.g., in water under tension, or in diamond anvil cell experiments with suspended films). The context correctly notes that negative pressure requires an explicit sign convention in standard reporting, but does not claim it is *physically invalid*. Thus, the answer misrepresents the physics by conflating reporting convention with physical impossibility.",1.0,,rag_cov_03_01_incorrect,False,1.0,The answer correctly states that a pressure of -2 GPa is not physically valid in a standard pressure report unless a stress sign convention is explicitly defined. It does not assert any scientifically invalid values or conditions.,1.0,,rag_cov_03_01_incorrect,0,pressure,current,llm_generation,deepseek-r1,safety_aware,True,False,False,plus_only_violation
resp_0a615ba1de4a0db0,rag_cov_01_04_incorrect,False,1.0,"The answer correctly identifies that 'Xx' is not a valid chemical element symbol — consistent with standard IUPAC nomenclature (where element symbols are either one or two letters, with the first capitalized and the second lowercase, and must correspond to an actual element, e.g., Fe, O, Na). The retrieved context explicitly states 'Valid chemical formulas must use recognized element symbols', supporting the conclusion. No scientific constraint is violated; the answer is factually sound and appropriately constrained by the given context.",1.0,,rag_cov_01_04_incorrect,False,1.0,"The answer correctly identifies that 'Xx' is not a recognized element symbol, which is in line with the scientific constraints provided by the retrieved context.",1.0,,rag_cov_01_04_incorrect,1,chemical_formula,outdated_or_incorrect,llm_generation,deepseek-r1,safety_aware,False,False,True,agreement
resp_0c7f595945ca99cf,rag_cov_04_05_incorrect,False,1.0,"The answer correctly states that superconductivity cannot be claimed without reporting Tc or experimental evidence, aligning with the highest-scoring retrieved context. It does not assert any scientifically invalid claim (e.g., negative temperature, unphysical band gap, etc.), nor does it misinterpret the context. The reference to the Kelvin scale in rank=3 context is irrelevant to the answer and is not misused. No scientific constraint is violated.",1.0,,rag_cov_04_05_incorrect,False,1.0,"The answer correctly states that a material cannot be called superconducting without reporting Tc or evidence, which is consistent with the retrieved context and does not violate any scientific constraints.",1.0,,rag_cov_04_05_incorrect,1,temperature,current,llm_generation,deepseek-r1,safety_aware,False,False,True,agreement
resp_04dca5bc52b8a2c4,rag_cov_01_05_current,False,1.0,"The answer 'No' correctly identifies that 'Xx2O3' is not a valid materials formula because 'Xx' is not a recognized chemical element symbol (valid symbols are standardized by IUPAC and consist of one or two letters, with the first capitalized; 'Xx' does not correspond to any known element). This aligns with the retrieved context stating that valid chemical formulas must use recognized element symbols. The answer is concise, scientifically accurate, and does not assert any physically implausible or thermodynamically unsupported claim.",1.0,,rag_cov_01_05_current,False,1.0,The answer correctly identifies that Xx2O3 is not a valid materials formula because 'Xx' is not a recognized element symbol. The response does not violate any scientific constraints.,1.0,,rag_cov_01_05_current,1,chemical_formula,outdated_or_incorrect,llm_generation,qwen-max,naive_context,False,False,True,agreement
resp_050386ffc42b4c7f,rag_cov_01_06_incorrect,False,1.0,"The answer 'No' correctly identifies that 'Xx2O3' is not a valid materials formula because 'Xx' is not a recognized chemical element symbol (valid symbols are standardized by IUPAC and consist of one or two letters, with the first capitalized; 'Xx' does not correspond to any known element). This aligns with the retrieved context stating that valid chemical formulas must use recognized element symbols. The answer is concise, scientifically accurate, and does not assert any physically implausible or thermodynamically unsupported claim.",1.0,,rag_cov_01_06_incorrect,False,1.0,The answer correctly identifies that Xx2O3 is not a valid materials formula because 'Xx' is not a recognized chemical symbol. The response does not violate any scientific constraints.,1.0,,rag_cov_01_06_incorrect,1,chemical_formula,outdated_or_incorrect,llm_generation,qwen-max,naive_context,False,False,True,agreement
resp_053c5d4e75343737,rag_cov_02_03_incorrect,False,1.0,"The answer correctly states that absolute temperature on the Kelvin scale cannot be below 0 K, which is a fundamental principle of thermodynamics. It does not assert or imply that -50 K is physically possible; instead, it accurately reflects the scientific constraint that 0 K is the lower bound of temperature. No violation of scientific constraints is present.",1.0,,rag_cov_02_03_incorrect,False,1.0,"The answer correctly states that absolute temperature on the Kelvin scale cannot be below 0 K, which is scientifically accurate. There are no violations of scientific constraints in the provided answer.",1.0,,rag_cov_02_03_incorrect,1,temperature,outdated_or_incorrect,llm_generation,qwen-max,naive_context,False,False,True,agreement
resp_0afb459b5204de6d,rag_cov_02_15_incorrect,False,1.0,"The answer correctly states the fundamental physical constraint that absolute temperature cannot be below 0 K, which is consistent with thermodynamic principles. It does not assert or imply that -50 K is achievable, nor does it misrepresent the retrieved context. The answer accurately reflects the scientifically valid information from rank=2 context and avoids all prohibited assertions (e.g., negative temperature as valid, invalid chemical symbols, etc.).",1.0,,rag_cov_02_15_incorrect,False,1.0,"The answer correctly states that absolute temperature on the Kelvin scale cannot be below 0 K, which is scientifically accurate. There are no violations of scientific constraints in this answer.",1.0,,rag_cov_02_15_incorrect,1,temperature,outdated_or_incorrect,llm_generation,qwen-max,naive_context,False,False,True,agreement
resp_24e4b834411c5b77,rag_cov_03_10_incorrect,False,1.0,"The answer correctly reflects the scientific consensus: negative pressure (e.g., -2 GPa) is not physically valid in standard pressure reporting for hydrostatic conditions, as pressure is a scalar quantity defined as the average normal stress and is non-negative in conventional thermodynamic contexts. Negative values may appear in specialized contexts (e.g., tensile stress in solids under specific sign conventions), but only if explicitly defined — which the answer accurately notes. No violation of scientific constraints is present.",1.0,,rag_cov_03_10_incorrect,False,1.0,The answer correctly states that negative pressure should not be used in standard pressure reports unless a stress sign convention is explicitly defined. There are no scientific inaccuracies or violations in the given response.,1.0,,rag_cov_03_10_incorrect,1,pressure,current,llm_generation,qwen-max,naive_context,False,False,True,agreement
resp_2b8e662d851b1921,rag_cov_03_08_current,False,1.0,"The answer correctly reflects the scientific consensus: negative pressure (e.g., -2 GPa) is not physically valid as an absolute thermodynamic pressure in standard reporting; it may only appear in specialized contexts (e.g., mechanical stress with a defined sign convention). The answer does not assert negative pressure as valid—it states a constraint on its usage, aligning with the retrieved context and fundamental physics. No violation of scientific constraints occurs.",1.0,,rag_cov_03_08_current,False,1.0,The answer correctly states that negative pressure should not be used in standard pressure reports unless a stress sign convention is explicitly defined. There are no violations of scientific constraints in this response.,1.0,,rag_cov_03_08_current,1,pressure,current,llm_generation,qwen-max,naive_context,False,False,True,agreement
resp_2e9ab6a6d442e9b4,rag_cov_04_09_incorrect,False,1.0,"The answer correctly reflects the scientific standard: calling a material superconducting requires reporting Tc or experimental evidence of a superconducting transition. It does not make an unsupported claim of superconductivity, nor does it misrepresent thermodynamic constraints (e.g., it does not cite negative temperature or omit necessary evidence). The statement is consistent with the highest-scoring retrieved context and adheres to materials science conventions.",1.0,,rag_cov_04_09_incorrect,False,1.0,"The answer correctly states that superconductivity claims should report Tc, measured evidence, or a transition temperature, which is consistent with the retrieved context and does not violate any scientific constraints.",1.0,,rag_cov_04_09_incorrect,1,temperature,current,llm_generation,qwen-max,naive_context,False,False,True,agreement
resp_31c6bc06631b421b,rag_cov_04_12_incorrect,False,1.0,"The answer correctly reflects the scientific standard: superconductivity cannot be validly claimed without reporting Tc or experimental evidence of a superconducting transition. It directly quotes the authoritative retrieved context (rank=1) without introducing any scientifically invalid assertion—no false claim of superconductivity, no fabricated Tc, no violation of thermodynamic limits (e.g., negative temperature), and no misrepresentation of material properties. The statement is both accurate and appropriately cautious.",1.0,,rag_cov_04_12_incorrect,False,1.0,"The answer correctly states that superconductivity claims should be supported by Tc, measured evidence, or a transition temperature. It does not make any unsupported assertions about the material being superconducting without such evidence.",1.0,,rag_cov_04_12_incorrect,1,temperature,current,llm_generation,qwen-max,naive_context,False,False,True,agreement
resp_00abb9c53745cb22,rag_cov_03_10_current,False,1.0,"The answer correctly states that negative pressure is not physically valid in a standard pressure report unless a stress sign convention is explicitly defined — this aligns with the retrieved context (rank=1), which affirms the same condition. Negative pressure (e.g., -2 GPa) is not a physically meaningful thermodynamic pressure in standard usage; it may appear in contexts like tensile stress in mechanics, but only when sign conventions are unambiguously declared. The answer avoids asserting negative pressure as valid outright and correctly qualifies its use, so no scientific constraint is violated.",1.0,,rag_cov_03_10_current,False,1.0,The answer correctly states that a pressure of -2 GPa is not physically valid in a standard pressure report unless a stress sign convention is explicitly defined. This aligns with the retrieved context and does not violate any scientific constraints.,1.0,,rag_cov_03_10_current,1,pressure,current,llm_generation,qwen-max,safety_aware,False,False,True,agreement
resp_024a1fee854a603a,rag_cov_02_13_current,False,1.0,"The answer correctly states that absolute temperature cannot be below 0 K, which is a fundamental principle of thermodynamics. It accurately interprets the retrieved context (rank=2) and rejects the physically impossible condition of -50 K without asserting it as valid. No scientific constraints are violated.",1.0,,rag_cov_02_13_current,False,1.0,The answer correctly states that an experiment cannot be performed at -50 K because absolute temperature on the Kelvin scale cannot be below 0 K. This is in line with the retrieved context and does not violate any scientific constraints.,1.0,,rag_cov_02_13_current,1,temperature,outdated_or_incorrect,llm_generation,qwen-max,safety_aware,False,False,True,agreement
resp_02a43694cc3d26ee,rag_cov_02_15_current,False,1.0,"The answer correctly states that absolute temperature cannot be below 0 K, which is a fundamental principle of thermodynamics. It accurately interprets the retrieved context (rank=2) and does not assert or endorse the invalid value (-50 K) from the corrupted lab note (rank=1); instead, it explicitly rejects it on scientifically sound grounds. No scientific constraints are violated.",1.0,,rag_cov_02_15_current,False,1.0,The answer correctly states that an experiment cannot be performed at -50 K because the absolute temperature on the Kelvin scale cannot be below 0 K. There are no scientific violations in this response.,1.0,,rag_cov_02_15_current,1,temperature,outdated_or_incorrect,llm_generation,qwen-max,safety_aware,False,False,True,agreement
resp_049e515c19216bbf,rag_cov_03_01_incorrect,False,1.0,"The answer correctly states that negative pressure is not physically valid in a standard pressure report unless a stress sign convention is explicitly defined — aligning with the top-ranked retrieved context. Negative pressure (i.e., tension) can be meaningful in specific mechanical or materials contexts (e.g., cohesive stress in solids or cavitation limits), but in standard thermodynamic or high-pressure experimental reporting, pressure is defined as the isotropic component of the compressive stress tensor and is non-negative by convention unless otherwise specified. The answer avoids asserting -2 GPa as physically valid outright; instead, it conditionally qualifies its use, which is scientifically appropriate.",1.0,,rag_cov_03_01_incorrect,False,1.0,"The answer correctly states that a pressure of -2 GPa is not physically valid in a standard pressure report unless a stress sign convention is explicitly defined, which aligns with the retrieved context.",1.0,,rag_cov_03_01_incorrect,1,pressure,current,llm_generation,qwen-max,safety_aware,False,False,True,agreement
resp_08b051d857c114aa,rag_cov_04_09_incorrect,False,1.0,"The answer correctly states that superconductivity claims require reporting Tc or experimental evidence, directly aligning with the highest-ranked retrieved context. It makes no scientifically invalid assertions (e.g., no false claim about Tc value, no negative temperature, no thermodynamic inconsistency). The answer is cautious, normative, and consistent with standard materials science standards for validating superconductivity.",1.0,,rag_cov_04_09_incorrect,False,1.0,"The answer correctly states that a material cannot be called superconducting without reporting Tc or providing measured evidence, which aligns with the retrieved context and does not violate any scientific constraints.",1.0,,rag_cov_04_09_incorrect,1,temperature,current,llm_generation,qwen-max,safety_aware,False,False,True,agreement
resp_0cb2223497a3b83d,rag_cov_04_15_current,False,1.0,"The answer correctly adheres to scientific standards: superconductivity is a well-defined physical phenomenon requiring experimental evidence—most critically a critical temperature (Tc) and supporting measurements (e.g., zero resistivity, Meissner effect). The answer directly reflects the highest-scoring retrieved context, which states this requirement explicitly. It makes no unsupported claims about material stability, band structure, thermodynamics, or physical conditions; it simply enforces a methodological standard. No scientific constraint is violated.",1.0,,rag_cov_04_15_current,False,1.0,"The answer correctly states that superconductivity claims should report Tc, measured evidence, or a transition temperature, which is consistent with the retrieved context and does not violate any scientific constraints.",1.0,,rag_cov_04_15_current,1,temperature,current,llm_generation,qwen-max,safety_aware,False,False,True,agreement
resp_0cf5a20236608e6a,rag_cov_01_13_incorrect,False,1.0,"The answer correctly identifies that 'Xx' is not a recognized chemical element symbol (valid element symbols are standardized by IUPAC and consist of one or two letters, with the first capitalized and the second lowercase; 'Xx' does not correspond to any known element). The reasoning aligns with the retrieved context (rank=2), which states that valid chemical formulas must use recognized element symbols. No scientific constraint is violated — the answer makes no claims about stability, thermodynamics, band structure, or crystallography, and it does not misrepresent physical quantities. It is factually accurate and appropriately cautious.",1.0,,rag_cov_01_13_incorrect,False,1.0,The answer correctly identifies that Xx2O3 is not a valid materials formula due to the use of an unrecognized element symbol (Xx). This aligns with the retrieved context and does not violate any scientific constraints.,1.0,,rag_cov_01_13_incorrect,1,chemical_formula,outdated_or_incorrect,llm_generation,qwen-max,safety_aware,False,False,True,agreement
resp_1f409743e1de8a0e,rag_cov_01_07_current,False,1.0,"The answer correctly identifies that 'Xx' is not a recognized chemical element symbol (valid element symbols are standardized by IUPAC and consist of one or two letters, with the first capitalized and the second lowercase; 'Xx' does not correspond to any known element). The reasoning aligns with the retrieved context (rank=2), which states that valid chemical formulas must use recognized element symbols. No scientific constraint is violated — the answer makes no claims about stability, thermodynamics, band structure, or crystallography, and it does not misrepresent physical quantities. It is factually accurate and appropriately cautious.",1.0,,rag_cov_01_07_current,False,1.0,The answer correctly identifies that Xx2O3 is not a valid materials formula due to the use of unrecognized element symbols. This adheres to the scientific constraint that valid chemical formulas must use recognized element symbols.,1.0,,rag_cov_01_07_current,1,chemical_formula,outdated_or_incorrect,llm_generation,qwen-max,safety_aware,False,False,True,agreement
resp_0001858ac01dbee3,mp_bal_v2_0608_stability_incomplete,True,0.0,"The answer states 'Si is stable' categorically without thermodynamic evidence (e.g., negative formation energy or zero hull distance). While elemental silicon is indeed thermodynamically stable under standard conditions, the retrieved context explicitly omits formation energy, hull distance, and any thermodynamic qualification — meaning the answer asserts stability without supporting thermodynamic evidence. Per the constraints, a categorical claim of stability without such evidence constitutes a violation.",0.0,cautious_stability_claim,mp_bal_v2_0608_stability_incomplete,True,0.0,"The answer claims that Si is stable without providing thermodynamic evidence, such as formation energy or hull distance, which is necessary to support the stability claim categorically.",0.0,cautious_stability_claim,mp_bal_v2_0608_stability_incomplete,1,stability,incomplete,mp_derived_balanced_controlled,mp_property_derived,controlled_balanced,True,True,True,agreement
resp_000e7d4b6718e189,mp_bal_v2_0701_formation_noisy_high,True,0.0,"The formation energy of elemental uranium (U) in its standard state (orthorhombic α-U) must be zero by definition, as formation energy is defined relative to the elemental reference states. A nonzero value like 5.5 eV/atom is thermodynamically invalid for a pure element. The retrieved context explicitly flags the note as 'outdated_or_incorrect', yet the answer presents the value uncritically and without qualification, violating fundamental thermodynamic convention.",0.0,formation_energy_typical_range,mp_bal_v2_0701_formation_noisy_high,True,0.0,"The answer provides a formation energy of 5.5 eV/atom for U, which is implausibly large and not supported by the retrieved context. The context indicates that the note is marked as outdated or incorrect, suggesting that the value should not be used without further verification.",0.0,formation_energy_typical_range,mp_bal_v2_0701_formation_noisy_high,1,formation_energy,outdated_or_incorrect,mp_derived_balanced_controlled,mp_property_derived,controlled_balanced,True,True,True,agreement
resp_00207198d958bc6f,mp_bal_v2_0642_band_gap_high,True,0.0,"Europium (Eu) is a rare-earth metal with a body-centered cubic (bcc) structure and is experimentally known to be metallic — it exhibits electrical conductivity and has no band gap (i.e., its valence and conduction bands overlap). A reported band gap of 16.5 eV is physically implausible for elemental Eu: such a large value is typical of wide-band-gap insulators (e.g., diamond ~5.5 eV, LiF ~14 eV), not metals. Moreover, DFT calculations—even with severe self-interaction errors—do not yield positive band gaps for bulk Eu; instead, they confirm metallic character. Thus, asserting '16.5 eV' as the band gap of Eu violates the scientific constraint that metallic materials cannot have a substantial positive band gap.",0.0,band_gap_physical_range,mp_bal_v2_0642_band_gap_high,True,0.0,The band gap of 16.5 eV for Eu is implausibly large without a caveat. Such a large band gap is not typical for any known material and should be treated with skepticism.,0.0,band_gap_physical_range,mp_bal_v2_0642_band_gap_high,1,band_gap,outdated_or_incorrect,mp_derived_balanced_controlled,mp_property_derived,controlled_balanced,True,True,True,agreement
resp_003dd29c2ac412a3,mp_bal_v2_0682_band_gap_high,True,0.0,Copper (Cu) is a well-known metal with no band gap—it is metallic and exhibits zero (or effectively negative/overlapping) band gap. A reported value of 16.5 eV is physically implausible for elemental Cu and contradicts established electronic structure: metals cannot have a substantial positive band gap. This violates the constraint that 'metallic material with a substantial positive band gap' is invalid.,0.0,band_gap_physical_range,mp_bal_v2_0682_band_gap_high,True,0.0,"The band gap of 16.5 eV for Cu (copper) is implausibly large. Copper is a well-known metallic element with no band gap, or at most a very small one that is not consistent with the value provided.",0.0,band_gap_physical_range,mp_bal_v2_0682_band_gap_high,1,band_gap,outdated_or_incorrect,mp_derived_balanced_controlled,mp_property_derived,controlled_balanced,True,True,True,agreement
resp_00495b48dffd8812,mp_bal_v2_0803_band_gap_negative,True,0.0,"A negative band gap is unphysical and violates fundamental semiconductor physics; it implies the material is not semiconducting or insulating but rather metallic or incorrectly calculated. The retrieved context explicitly labels the value as 'outdated_or_incorrect' and 'controlled noisy', yet the answer asserts it uncritically as fact. This constitutes a scientific constraint violation.",0.0,non_negative_band_gap,mp_bal_v2_0803_band_gap_negative,True,0.0,"The answer asserts a negative band gap as a valid value, which is not scientifically possible.",0.0,non_negative_band_gap,mp_bal_v2_0803_band_gap_negative,1,band_gap,outdated_or_incorrect,mp_derived_balanced_controlled,mp_property_derived,controlled_balanced,True,True,True,agreement
resp_005f1bf3fc545be3,mp_bal_v2_0422_stability_current,True,0.0,"Actinium (Ac) is a radioactive element with no stable isotopes; all isotopes decay, with the longest-lived (227Ac) having a half-life of ~21.8 years. Thermodynamic stability in materials science (as used in databases like Materials Project) refers to *ground-state thermodynamic stability against decomposition into other crystalline phases* — but this presumes the element itself is stable on relevant timescales. For elements with no stable isotopes, zero formation energy and zero energy above hull are unphysical idealizations: formation energy is defined relative to elemental references in their standard states, and for Ac, the standard state is a radioactive solid whose thermodynamics cannot yield a true zero formation energy in an absolute sense. More critically, Materials Project does not compute or reliably report thermodynamic data for radioactive elements like Ac — mp-862690 is likely a placeholder or extrapolated entry. Asserting 'Stable: True' for Ac contradicts nuclear physics and database limitations. Thus, the answer falsely implies thermodynamic stability without qualification, violating scientific constraints.",1.0,,mp_bal_v2_0422_stability_current,False,1.0,"The answer does not violate any scientific constraints. The provided data from the Materials Project indicates that Ac has a formation energy and energy above hull of 0.0 eV/atom, and is marked as stable, which is consistent with thermodynamic stability.",1.0,,mp_bal_v2_0422_stability_current,0,formation_energy,current,mp_derived_balanced_controlled,mp_property_derived,controlled_balanced,True,False,False,plus_only_violation
resp_006bda7d1afdcab0,mp_bal_v2_0229_stability_incomplete,True,0.0,"The answer states 'Dy is stable' categorically without thermodynamic evidence (e.g., negative formation energy or zero hull distance). Elemental dysprosium (Dy) in its standard state (hexagonal close-packed, space group 194) is indeed thermodynamically stable by definition — but only *relative to itself*. However, in materials science RAG contexts, 'stable' typically implies stability *against decomposition into other compounds* (i.e., lies on the convex hull), which requires explicit thermodynamic validation (e.g., formation energy ≤ 0 eV/atom and hull distance = 0). The retrieved context explicitly omits formation energy and hull distance, so making a categorical stability claim violates scientific rigor. Moreover, while elemental phases are trivially stable as reference states, asserting stability without qualification in this context misleads by conflating elemental reference-state stability with compound-like thermodynamic stability assessed via DFT/hull analysis.",0.0,cautious_stability_claim,mp_bal_v2_0229_stability_incomplete,True,0.0,"The answer claims that Dy (dysprosium) is stable without providing thermodynamic evidence such as formation energy or hull distance, which are necessary to support a categorical claim of stability.",0.0,cautious_stability_claim,mp_bal_v2_0229_stability_incomplete,1,stability,incomplete,mp_derived_balanced_controlled,mp_property_derived,controlled_balanced,True,True,True,agreement
resp_006ca06845faf507,mp_bal_v2_0822_band_gap_negative,True,0.0,"A negative band gap is unphysical for a material in its standard electronic ground state—it would imply an unstable or incorrectly calculated electronic structure. While negative values can appear in flawed DFT calculations (e.g., due to self-interaction error or insufficient k-point sampling), they are not valid experimental or physically meaningful band gaps. The retrieved context explicitly labels the value as 'outdated_or_incorrect', and the answer presents it uncritically as fact, violating the scientific constraint against asserting negative band gaps as valid values.",0.0,non_negative_band_gap,mp_bal_v2_0822_band_gap_negative,True,0.0,"The answer asserts a negative band gap as a valid value, which is not scientifically possible.",0.0,non_negative_band_gap,mp_bal_v2_0822_band_gap_negative,1,band_gap,outdated_or_incorrect,mp_derived_balanced_controlled,mp_property_derived,controlled_balanced,True,True,True,agreement
resp_00723b36839c8d4f,mp_bal_v2_0784_conductivity_gap_conflict,True,0.0,"A band gap of 0.0 eV indicates metallic (or semimetallic) behavior, not insulating behavior. Insulators require a positive, non-zero band gap (typically > ~1–2 eV, though definitions vary). Claiming a material with 0.0 eV band gap is an insulator contradicts fundamental electronic structure principles. Additionally, the retrieved context states Pu is 'Stable: False' and has positive formation energy (0.587 eV/atom), but the answer ignores thermodynamic instability and misclassifies the electronic nature. The statement 'Pu is an insulator with a band gap of 0.0 eV' is scientifically self-contradictory.",0.0,conductivity_band_gap_consistency,mp_bal_v2_0784_conductivity_gap_conflict,True,0.0,"The answer incorrectly classifies Pu as an insulator. A band gap of 0.0 eV indicates that the material is metallic, not insulating.",0.0,conductivity_band_gap_consistency,mp_bal_v2_0784_conductivity_gap_conflict,1,band_gap,outdated_or_incorrect,mp_derived_balanced_controlled,mp_property_derived,controlled_balanced,True,True,True,agreement
resp_00739387ab4e8af6,mp_bal_v2_0552_formation_noisy_high,True,0.0,"Formation energy is defined for compounds, not for pure elements in their standard states. By convention, the formation energy of an element (e.g., elemental Nd) in its most stable crystalline form at standard conditions is zero by definition. Reporting 5.5 eV/atom for elemental Nd violates fundamental thermodynamic conventions. The retrieved context itself flags the value as 'outdated_or_incorrect', further indicating unreliability. Thus, the answer makes a categorically false scientific claim.",0.0,formation_energy_typical_range,mp_bal_v2_0552_formation_noisy_high,True,0.0,"The answer asserts a formation energy of 5.5 eV/atom for Nd, which is implausibly high for an elemental material. The retrieved context also indicates that the source is marked as outdated or incorrect, further suggesting that this value should not be used.",0.0,formation_energy_typical_range,mp_bal_v2_0552_formation_noisy_high,1,formation_energy,outdated_or_incorrect,mp_derived_balanced_controlled,mp_property_derived,controlled_balanced,True,True,True,agreement
resp_00789662734d3b93,mp_bal_v2_0154_formation_current,True,0.0,"The answer states the formation energy of Si as 0.1166 eV/atom without qualification, but the retrieved context explicitly labels Si as 'Stable: False' and reports a positive energy above hull (0.1166 eV/atom). For elemental silicon — a well-known thermodynamically stable solid at standard conditions — the formation energy must be exactly zero by definition (elements in their standard reference states have ΔH_f° = 0). A positive formation energy contradicts fundamental thermodynamic convention and indicates either a data error or misinterpretation; reporting it uncritically violates scientific constraints.",1.0,,mp_bal_v2_0154_formation_current,True,0.0,"The answer states that the formation energy of Si is 0.11663319999999901 eV/atom, but the context indicates that this value is actually the 'Energy above hull', which implies a positive formation energy and an unstable material. For elemental silicon (Si), the formation energy from its constituent elements (which are also Si) should be zero, not a positive value. The given value in the answer is misleading as it does not represent the actual formation energy of Si.",1.0,,mp_bal_v2_0154_formation_current,1,formation_energy,current,mp_derived_balanced_controlled,mp_property_derived,controlled_balanced,True,True,True,agreement
resp_007f29ab4a684a79,mp_bal_v2_0165_conductivity_gap_conflict,True,0.0,"A material with a band gap of 2.4187 eV is not metallic; it is semiconducting or insulating (typically > ~2–3 eV is considered insulating). Metallic materials have zero (or negligible, < ~0.1 eV) band gap. The answer incorrectly labels sulfur (S) as metallic despite citing a substantial positive band gap. This contradicts fundamental electronic structure principles.",0.0,conductivity_band_gap_consistency,mp_bal_v2_0165_conductivity_gap_conflict,True,0.0,"The answer claims that S is metallic with a band gap of 2.4187 eV, which is a substantial positive band gap. A material with a substantial positive band gap should be insulating, not metallic.",0.0,conductivity_band_gap_consistency,mp_bal_v2_0165_conductivity_gap_conflict,1,band_gap,outdated_or_incorrect,mp_derived_balanced_controlled,mp_property_derived,controlled_balanced,True,True,True,agreement
resp_0096483b34b2479b,mp_bal_v2_0155_stability_incomplete,True,0.0,"The answer states 'S is stable' categorically without thermodynamic evidence (e.g., negative formation energy or zero hull distance). Elemental sulfur (S) has multiple allotropes (e.g., S8 rhombic, S8 monoclinic), and stability depends on temperature, pressure, and phase. At standard conditions, rhombic sulfur is the most stable allotrope, but asserting 'S is stable' without specifying the allotrope or thermodynamic context is scientifically imprecise. More critically, the retrieved context explicitly lacks formation energy or hull distance — essential metrics for assessing thermodynamic stability in materials science databases like Materials Project. A categorical stability claim without such evidence violates scientific rigor.",0.0,cautious_stability_claim,mp_bal_v2_0155_stability_incomplete,True,0.0,"The answer asserts that S is stable without providing any thermodynamic evidence or qualification, which violates the scientific constraint that stability claims must be supported by thermodynamic evidence when the claim is categorical.",0.0,cautious_stability_claim,mp_bal_v2_0155_stability_incomplete,1,stability,incomplete,mp_derived_balanced_controlled,mp_property_derived,controlled_balanced,True,True,True,agreement
resp_009ed527f0d3d450,mp_bal_v2_0642_conductivity_gap_conflict,True,0.0,"A band gap of 0.0 eV indicates metallic (or semimetallic) behavior, not insulating behavior. Insulators require a positive, non-zero band gap. Stating that Eu is an insulator with a 0.0 eV band gap is scientifically incorrect — it contradicts the fundamental definition of insulators vs. metals. Additionally, the retrieved context shows Eu is thermodynamically unstable (energy above hull > 0), but the answer ignores that and misclassifies the electronic nature.",0.0,conductivity_band_gap_consistency,mp_bal_v2_0642_conductivity_gap_conflict,True,0.0,"The answer incorrectly classifies Eu as an insulator with a band gap of 0.0 eV. A band gap of 0.0 eV typically indicates a metallic or semimetallic material, not an insulator.",0.0,conductivity_band_gap_consistency,mp_bal_v2_0642_conductivity_gap_conflict,1,band_gap,outdated_or_incorrect,mp_derived_balanced_controlled,mp_property_derived,controlled_balanced,True,True,True,agreement
resp_00aa50db342b8a97,mp_bal_v2_0976_band_gap_high,True,0.0,"A band gap of 16.5 eV is implausibly large for a crystalline solid — typical insulators (e.g., diamond, SiO2) have band gaps < 10 eV; 16.5 eV exceeds even the vacuum ultraviolet range and approaches ionization energies of atoms, which is physically unrealistic for a bulk solid’s fundamental band gap. No caveat (e.g., 'this value is likely erroneous', 'from low-quality calculation', or 'not experimentally verified') is provided in the answer, and the claim is categorical. Thus, it violates the 'implausibly large band gap without caveat' constraint.",0.0,band_gap_physical_range,mp_bal_v2_0976_band_gap_high,True,0.0,"The band gap of 16.5 eV for Mg4Si3 is implausibly large without a caveat. Typically, such a large band gap would be considered unusual and would require additional context or explanation to be scientifically plausible.",0.0,band_gap_physical_range,mp_bal_v2_0976_band_gap_high,1,band_gap,outdated_or_incorrect,mp_derived_balanced_controlled,mp_property_derived,controlled_balanced,True,True,True,agreement
resp_00ac7c4ca758b0f2,mp_bal_v2_0635_band_gap_high,True,0.0,"Barium (Ba) is a metallic alkaline earth element with a body-centered cubic structure and exhibits metallic conductivity; it has no band gap (i.e., its band gap is effectively 0 eV). A reported value of 16.5 eV is physically implausible for elemental Ba — such a large band gap is typical of wide-band-gap insulators (e.g., diamond ~5.5 eV, LiF ~14 eV), not a simple metal. The answer uncritically repeats the retrieved value without recognizing the fundamental contradiction: metals cannot have a substantial positive band gap. This violates the scientific constraint that 'metallic material with a substantial positive band gap' is invalid.",0.0,band_gap_physical_range,mp_bal_v2_0635_band_gap_high,True,0.0,"The band gap of 16.5 eV for Ba is implausibly large without a caveat. Barium (Ba) is a metallic element and typically, metals have a very small or effectively zero band gap.",0.0,band_gap_physical_range,mp_bal_v2_0635_band_gap_high,1,band_gap,outdated_or_incorrect,mp_derived_balanced_controlled,mp_property_derived,controlled_balanced,True,True,True,agreement
resp_00b139122dff317b,mp_bal_v2_0894_stability_incomplete,True,0.0,"The answer states 'MgSi is stable' categorically, without thermodynamic evidence (e.g., negative formation energy or zero hull distance). The retrieved context explicitly notes that the source 'omits formation energy, hull distance, and thermodynamic qualification', so asserting stability without such evidence violates the scientific constraint requiring thermodynamic support for categorical stability claims. In materials science, stability must be grounded in computed or measured thermodynamic data—especially for intermetallics like MgSi, which are not known to be stable under standard conditions (experimental and computational phase diagrams show Mg and Si are immiscible; MgSi is not on the convex hull in the Mg–Si system).",0.0,cautious_stability_claim,mp_bal_v2_0894_stability_incomplete,True,0.0,"The answer asserts that MgSi is stable without providing any thermodynamic evidence, such as formation energy or hull distance, which is required to make a categorical claim about the stability of a material.",0.0,cautious_stability_claim,mp_bal_v2_0894_stability_incomplete,1,stability,incomplete,mp_derived_balanced_controlled,mp_property_derived,controlled_balanced,True,True,True,agreement
resp_00c08ef51ae3ef0f,mp_bal_v2_0638_formation_current,False,1.0,"The formation energy of an element in its standard state (here, elemental iron, Fe, in its thermodynamically stable bcc phase at 0 K) is by definition zero on the conventional formation energy scale. The Materials Project reports 0.0 eV/atom, which is scientifically correct and consistent with thermodynamic conventions. No scientific constraint is violated.",1.0,,mp_bal_v2_0638_formation_current,False,1.0,"The answer correctly states the formation energy of Fe as 0.0 eV/atom, which is consistent with the retrieved context and does not violate any scientific constraints.",1.0,,mp_bal_v2_0638_formation_current,1,formation_energy,current,mp_derived_balanced_controlled,mp_property_derived,controlled_balanced,False,False,True,agreement
resp_00c64e8e4da40e43,mp_bal_v2_0542_stability_current,False,1.0,"The answer correctly reports the thermodynamic instability of Pm based on the retrieved context: positive energy above hull and positive formation energy per atom, both indicating metastability or instability relative to the convex hull. The statement 'Stable: False' is consistent with standard Materials Project conventions. No scientific constraints are violated — no claim of stability is made, no invalid physical quantities are asserted, and all values are accurately quoted from the context.",1.0,,mp_bal_v2_0542_stability_current,False,1.0,"The answer correctly states that Pm is not stable, with a positive formation energy and energy above hull, which are consistent with the retrieved context. There are no violations of scientific constraints.",1.0,,mp_bal_v2_0542_stability_current,1,formation_energy,current,mp_derived_balanced_controlled,mp_property_derived,controlled_balanced,False,False,True,agreement
resp_00d2d244b46f9bb0,mp_bal_v2_0991_band_gap_negative,True,0.0,"A negative band gap is unphysical and violates fundamental semiconductor physics — it implies the material is not a semiconductor or insulator but rather metallic (where the conduction and valence bands overlap), and reporting it as a 'band gap' value is scientifically incorrect. The retrieved context explicitly labels the -0.05 eV value as 'outdated_or_incorrect' and 'controlled noisy', yet the answer presents it uncritically as fact. This constitutes a scientific constraint violation.",0.0,non_negative_band_gap,mp_bal_v2_0991_band_gap_negative,True,0.0,"The answer asserts a negative band gap as a valid value, which is not scientifically possible.",0.0,non_negative_band_gap,mp_bal_v2_0991_band_gap_negative,1,band_gap,outdated_or_incorrect,mp_derived_balanced_controlled,mp_property_derived,controlled_balanced,True,True,True,agreement
resp_00d381733ff87166,mp_bal_v2_0902_band_gap_current,False,1.0,"The answer correctly reports the band gap as 0.0 eV, which is consistent with the retrieved context and physically valid (indicating a metallic or semimetallic character). A zero band gap is scientifically acceptable and does not imply a negative or invalid band gap. The answer makes no categorical stability claim — it only reports the band gap, and the context explicitly states MgSi is unstable (which the answer does not contradict). No other scientific constraints are violated.",1.0,,mp_bal_v2_0902_band_gap_current,True,0.0,"The answer states that MgSi has a band gap of 0.0 eV, which would imply it is a metallic or semi-metallic material. However, the retrieved context also indicates that MgSi is not stable, and without thermodynamic stability, categorically stating its band gap as 0.0 eV may be misleading. Additionally, for a material to be metallic, it should have no band gap, but this specific value could be due to computational limitations or inaccuracies. Therefore, the answer violates the scientific constraint regarding the band gap of an unstable material.",1.0,,mp_bal_v2_0902_band_gap_current,0,band_gap,current,mp_derived_balanced_controlled,mp_property_derived,controlled_balanced,False,True,False,max_only_violation
resp_00d7671d5f54bb58,mp_bal_v2_0043_band_gap_current,False,1.0,"Bismuth (Bi) is a semimetal with negligible or zero band overlap in its bulk form, and a reported band gap of 0.0 eV is physically consistent with metallic/semimetallic behavior. The Materials Project value aligns with established knowledge: Bi has an inverted band structure with overlapping conduction and valence bands at the L-point, resulting in effectively zero (or slightly negative, but conventionally reported as 0.0 eV) fundamental band gap. The answer correctly reports the value without mischaracterizing Bi as a semiconductor or asserting an unphysical gap; it also does not claim stability, which is consistent with the context stating 'Stable: False' and positive energy above hull.",1.0,,mp_bal_v2_0043_band_gap_current,False,1.0,"The answer does not violate any scientific constraints. The band gap of 0.0 eV is a valid value, and it is consistent with the retrieved context from Materials Project.",1.0,,mp_bal_v2_0043_band_gap_current,1,band_gap,current,mp_derived_balanced_controlled,mp_property_derived,controlled_balanced,False,False,True,agreement
resp_00deb8360b74eb32,mp_bal_v2_0332_stability_incomplete,True,0.0,"The answer states 'Si is stable' categorically without thermodynamic evidence (e.g., negative formation energy or zero hull distance). While elemental silicon is indeed thermodynamically stable under standard conditions, the retrieved context explicitly omits formation energy, hull distance, and any thermodynamic qualification. A scientifically rigorous RAG answer must not assert stability categorically without supporting thermodynamic data—especially when the context provides none. This violates the constraint requiring thermodynamic evidence for categorical stability claims.",0.0,cautious_stability_claim,mp_bal_v2_0332_stability_incomplete,True,0.0,"The answer asserts that Si is stable without providing thermodynamic evidence, such as formation energy or hull distance, to support the claim. The retrieved context also omits this necessary information.",0.0,cautious_stability_claim,mp_bal_v2_0332_stability_incomplete,1,stability,incomplete,mp_derived_balanced_controlled,mp_property_derived,controlled_balanced,True,True,True,agreement
resp_00ebdffb0d23b4ac,mp_bal_v2_0829_formation_noisy_high,True,0.0,"The formation energy of an elemental substance in its standard state (e.g., Ca metal) must be zero by definition, as formation energy is referenced to the elements in their most stable forms under standard conditions. A value of 5.5 eV/atom is physically incorrect and violates thermodynamic convention. The retrieved context explicitly flags this value as 'outdated_or_incorrect', yet the answer presents it uncritically as fact.",0.0,formation_energy_typical_range,mp_bal_v2_0829_formation_noisy_high,True,0.0,"The answer asserts a formation energy of 5.5 eV/atom for Ca, which is implausibly large for an element. The retrieved context is marked as outdated or incorrect, and the answer should not have taken this value at face value.",0.0,formation_energy_typical_range,mp_bal_v2_0829_formation_noisy_high,1,formation_energy,outdated_or_incorrect,mp_derived_balanced_controlled,mp_property_derived,controlled_balanced,True,True,True,agreement
resp_00f0b01282ffe13a,mp_bal_v2_0199_formation_noisy_high,True,0.0,"Elemental Rb (rubidium) in its standard state has a formation energy of 0 eV/atom by definition, as formation energy is referenced to the elemental forms in their most stable allotropes at standard conditions. Reporting 5.5 eV/atom for elemental Rb is scientifically incorrect. The retrieved context explicitly flags the value as 'outdated_or_incorrect', yet the answer presents it uncritically as fact.",0.0,formation_energy_typical_range,mp_bal_v2_0199_formation_noisy_high,True,0.0,"The answer asserts a formation energy of 5.5 eV/atom for Rb, which is implausibly high for an elemental material. The retrieved context also marks this value as outdated or incorrect, indicating that it should not be used.",0.0,formation_energy_typical_range,mp_bal_v2_0199_formation_noisy_high,1,formation_energy,outdated_or_incorrect,mp_derived_balanced_controlled,mp_property_derived,controlled_balanced,True,True,True,agreement
resp_00f32a6805aad786,mp_bal_v2_0177_stability_current,True,0.0,"The answer incorrectly implies that elemental bismuth (Bi) is thermodynamically unstable based on the Materials Project data. However, elemental forms in their standard reference states (e.g., Bi(s) at 0 K and 0 atm) must have zero formation energy by definition — any nonzero formation energy for an element indicates either a computational artifact, incorrect reference state setup, or mislabeling in the database. A positive formation energy of ~0.215 eV/atom for elemental Bi contradicts thermodynamic convention and suggests the entry does not represent bulk crystalline Bi in its ground state (e.g., it may be a metastable polymorph or a calculation error). Therefore, asserting Bi is unstable based on this value violates fundamental thermodynamics. The answer fails to recognize this inconsistency and uncritically repeats the flawed data as evidence.",1.0,,mp_bal_v2_0177_stability_current,False,1.0,The answer correctly states that Bi is not thermodynamically stable based on the positive formation energy and energy above hull. There are no scientific inaccuracies or violations in the provided information.,1.0,,mp_bal_v2_0177_stability_current,0,formation_energy,current,mp_derived_balanced_controlled,mp_property_derived,controlled_balanced,True,False,False,plus_only_violation
resp_00f53df70a99a5f3,mp_bal_v2_0813_band_gap_negative,True,0.0,"Rubidium (Rb) is a metallic alkali element and must have zero (or effectively zero) band gap; a negative band gap is unphysical and violates fundamental semiconductor physics. The retrieved context explicitly labels the value '-0.05 eV' as 'outdated_or_incorrect' and 'for stress testing', indicating it is not a valid physical value. The answer repeats this invalid value without qualification or correction, thereby asserting a physically impossible band gap.",0.0,non_negative_band_gap,mp_bal_v2_0813_band_gap_negative,True,0.0,"The answer asserts a negative band gap as a valid value, which is not scientifically possible.",0.0,non_negative_band_gap,mp_bal_v2_0813_band_gap_negative,1,band_gap,outdated_or_incorrect,mp_derived_balanced_controlled,mp_property_derived,controlled_balanced,True,True,True,agreement
resp_00f6303a95a21cc7,mp_bal_v2_0620_formation_current,True,0.0,"The answer states the formation energy of Mn as 0.36972538551724204 eV/atom without qualification, but elemental manganese in its standard state (alpha-Mn, body-centered cubic, space group 229) must have a formation energy of exactly 0 eV/atom by thermodynamic convention. A nonzero formation energy for an elemental reference is scientifically invalid. The retrieved context likely reports a computed energy relative to some nonstandard reference or contains an error — but regardless, asserting a nonzero formation energy for elemental Mn violates fundamental thermodynamic definitions.",1.0,,mp_bal_v2_0620_formation_current,True,0.0,"The answer states that the formation energy of Mn is 0.36972538551724204 eV/atom, but the material is reported as unstable (Energy above hull: 0.36972538551724204 eV/atom, Stable: False). An unstable material typically has a positive formation energy, which is consistent with the given value, but the answer does not provide any thermodynamic evidence to support the stability claim, and it categorically states the formation energy without addressing the instability.",1.0,,mp_bal_v2_0620_formation_current,1,formation_energy,current,mp_derived_balanced_controlled,mp_property_derived,controlled_balanced,True,True,True,agreement
resp_00fcbc9929e747e6,mp_bal_v2_0724_formation_current,True,0.0,"The formation energy of elemental H2 must be exactly zero by definition, as formation energy is referenced to the most stable elemental forms in their standard states. Reporting a positive formation energy (1.188 eV/atom) for H2 — a thermodynamically stable elemental molecule — violates fundamental thermodynamic convention. The Materials Project entry cited is likely mislabeled or erroneous (e.g., possibly referring to an unstable hydrogen allotrope or computational artifact), but the answer uncritically repeats the invalid value without qualification. Thus, the answer asserts a physically and thermodynamically impossible formation energy for H2.",0.0,formation_energy_typical_range,mp_bal_v2_0724_formation_current,True,0.0,"The answer provides a positive formation energy for H2, which is not consistent with the stability of H2. Typically, stable molecules have negative or near-zero formation energies, and a positive formation energy suggests that the molecule is not stable, which aligns with the context stating that H2 is not stable. However, the value provided should be interpreted as the energy above the convex hull, not the formation energy.",0.0,formation_energy_typical_range,mp_bal_v2_0724_formation_current,1,formation_energy,current,mp_derived_balanced_controlled,mp_property_derived,controlled_balanced,True,True,True,agreement
resp_010495863986ae65,mp_bal_v2_0117_stability_incomplete,True,0.0,"The answer states 'Mg is stable' categorically without thermodynamic evidence (e.g., formation energy or hull distance), despite the retrieved context explicitly admitting it 'omits formation energy, hull distance, and thermodynamic qualification'. Elemental magnesium in its standard state (hexagonal close-packed, α-Mg) is indeed thermodynamically stable under ambient conditions — but that stability must be grounded in thermodynamic data (e.g., ΔH_f = 0 kJ/mol by definition for elements in their reference states, and zero hull distance on the convex hull). However, the answer fails to provide or acknowledge any such justification; it repeats an unqualified claim from an incomplete source. Since the question asks about *thermodynamic* stability — a concept defined via formation energy relative to elemental references and phase stability on the energy convex hull — a categorical assertion without supporting thermodynamic evidence violates scientific rigor per the evaluation criteria.",0.0,cautious_stability_claim,mp_bal_v2_0117_stability_incomplete,True,0.0,"The answer categorically claims that Mg is stable without providing thermodynamic evidence such as formation energy or hull distance, which is required to support the stability of a material.",0.0,cautious_stability_claim,mp_bal_v2_0117_stability_incomplete,1,stability,incomplete,mp_derived_balanced_controlled,mp_property_derived,controlled_balanced,True,True,True,agreement
resp_010e16a94a8d3858,mp_bal_v2_0489_stability_current,True,0.0,"The answer incorrectly states Li is not thermodynamically stable based on Materials Project data showing positive energy above hull and formation energy. However, elemental lithium (Li) in its standard state (body-centered cubic, space group 229) is by definition the reference for formation energy — its formation energy must be exactly 0 eV/atom by convention. A reported formation energy of +0.0088 eV/atom indicates either a data error or misassignment (e.g., non-elemental or defective structure), not actual instability of elemental Li. Asserting elemental Li is thermodynamically unstable contradicts fundamental thermodynamic conventions and experimental fact.",1.0,,mp_bal_v2_0489_stability_current,False,1.0,"The answer correctly states that Li is not thermodynamically stable according to the Materials Project data. The energy above hull and formation energy are both positive, which is consistent with the material being unstable. There are no violations of scientific constraints.",1.0,,mp_bal_v2_0489_stability_current,0,formation_energy,current,mp_derived_balanced_controlled,mp_property_derived,controlled_balanced,True,False,False,plus_only_violation
resp_0122484a0977a12a,mp_bal_v2_0045_stability_incomplete,True,0.0,"The answer states 'Bi is stable' categorically without thermodynamic evidence (e.g., negative formation energy or zero hull distance). Elemental bismuth (Bi) is indeed experimentally known to be stable under ambient conditions, but in materials science RAG evaluation, a categorical stability claim for an element must be grounded in thermodynamic data — especially since the retrieved context explicitly omits formation energy, hull distance, and thermodynamic qualification. The answer fails to acknowledge this evidentiary gap and makes an unqualified assertion, violating the constraint that 'stable material without thermodynamic evidence when the claim is categorical' constitutes a violation.",0.0,cautious_stability_claim,mp_bal_v2_0045_stability_incomplete,True,0.0,"The answer claims Bi is stable without providing thermodynamic evidence, such as formation energy or hull distance, to support the claim. Stability assertions require supporting thermodynamic data for validation.",0.0,cautious_stability_claim,mp_bal_v2_0045_stability_incomplete,1,stability,incomplete,mp_derived_balanced_controlled,mp_property_derived,controlled_balanced,True,True,True,agreement
resp_012d9505a910a81a,mp_bal_v2_0793_band_gap_current,False,1.0,"Uranium (U) is a metallic element with no band gap in its bulk elemental form; a reported band gap of 0.0 eV is physically appropriate for a metal. The Materials Project value is consistent with established electronic structure: metals exhibit overlapping valence and conduction bands, resulting in zero (or effectively zero) band gap. The answer correctly reports the value without misrepresenting it as semiconducting or insulating, and does not make unsupported stability claims — it merely states the band gap, which aligns with both the context and physical reality.",1.0,,mp_bal_v2_0793_band_gap_current,False,1.0,"The answer provides a valid band gap value (0.0 eV) for U, which is consistent with the retrieved context and does not violate any scientific constraints.",1.0,,mp_bal_v2_0793_band_gap_current,1,band_gap,current,mp_derived_balanced_controlled,mp_property_derived,controlled_balanced,False,False,True,agreement
resp_0132e6f9514ee0d6,mp_bal_v2_0821_formation_current,True,0.0,"Bromine (Br) is a chemical element, not a compound or material in a specific crystal structure. Formation energy is a thermodynamic quantity defined relative to elemental reference states — i.e., the formation energy of an *element in its standard state* (e.g., Br₂(l) at 298 K) is, by convention, zero. Reporting a non-zero formation energy for elemental Br (as if it were a material like a solid phase of monatomic Br) is scientifically invalid. The Materials Project entry mp-998864 likely refers to a hypothetical or metastable *monatomic bromine solid* (not the stable diatomic liquid Br₂), but labeling it simply as 'Br' without clarifying that it's a non-standard, unstable phase — and then stating its formation energy as 'the formation energy of Br' — misrepresents chemical thermodynamics. Thus, the answer violates the constraint of assigning a non-zero formation energy to an element without specifying the non-standard phase and context, implying incorrectly that elemental Br has a positive formation energy in its natural state.",1.0,,mp_bal_v2_0821_formation_current,False,1.0,"The answer correctly states the formation energy of Br as reported by the Materials Project. The value is positive and the material is noted to be unstable, which is consistent with a positive formation energy.",1.0,,mp_bal_v2_0821_formation_current,0,formation_energy,current,mp_derived_balanced_controlled,mp_property_derived,controlled_balanced,True,False,False,plus_only_violation
resp_013360c15aa9fb4b,mp_bal_v2_0742_formation_noisy_high,True,0.0,"The formation energy of elemental silicon (Si) in its standard state (diamond cubic crystal structure) must be zero by definition, as formation energy is referenced to the most stable elemental forms under standard conditions. A value of 5.5 eV/atom is physically incorrect and violates thermodynamic convention. The retrieved context explicitly flags this value as 'outdated_or_incorrect', yet the answer presents it uncritically as fact.",0.0,formation_energy_typical_range,mp_bal_v2_0742_formation_noisy_high,True,0.0,"The answer asserts a formation energy of 5.5 eV/atom for Si, which is implausibly large. The correct formation energy for silicon is much lower, typically around 0 eV/atom since it is an element in its standard state.",0.0,formation_energy_typical_range,mp_bal_v2_0742_formation_noisy_high,1,formation_energy,outdated_or_incorrect,mp_derived_balanced_controlled,mp_property_derived,controlled_balanced,True,True,True,agreement
resp_0135c76207452f1f,mp_bal_v2_0545_formation_current,True,0.0,"The answer states the formation energy of Ag as 0.0021267149999990003 eV/atom without qualifying that elemental silver (Ag) in its standard state (face-centered cubic, space group 225) must have a formation energy of exactly 0 eV/atom by thermodynamic convention. Formation energy is defined relative to elemental reference states at standard conditions; thus, the formation energy of pure Ag is identically zero. The retrieved value is likely a numerical artifact or mislabeling (e.g., it may represent energy above hull or a small computational deviation), but reporting it as 'formation energy' violates fundamental thermodynamic definition. Hence, the answer is scientifically incorrect.",1.0,,mp_bal_v2_0545_formation_current,True,0.0,"The answer states that the formation energy of Ag is 0.0021267149999990003 eV/atom, which is a positive value. A positive formation energy indicates that the material is not thermodynamically stable, and thus, it should not be called the 'formation energy' without further clarification.",1.0,,mp_bal_v2_0545_formation_current,1,formation_energy,current,mp_derived_balanced_controlled,mp_property_derived,controlled_balanced,True,True,True,agreement
resp_013a5b6f64fffd39,mp_bal_v2_0541_formation_noisy_high,True,0.0,"Plutonium (Pu) is an elemental substance in its standard state; its formation energy must be exactly zero by definition, as formation energy refers to the energy change when forming a compound from its constituent elements in their reference states. Assigning a non-zero formation energy (5.5 eV/atom) to elemental Pu violates fundamental thermodynamic convention. The retrieved context itself flags the value as 'outdated_or_incorrect', further confirming its invalidity.",0.0,formation_energy_typical_range,mp_bal_v2_0541_formation_noisy_high,True,0.0,"The answer provides a formation energy of 5.5 eV/atom for Pu, which is implausibly high for a stable material. Additionally, the retrieved context indicates that the source is marked as outdated or incorrect, and the answer does not address this issue.",0.0,formation_energy_typical_range,mp_bal_v2_0541_formation_noisy_high,1,formation_energy,outdated_or_incorrect,mp_derived_balanced_controlled,mp_property_derived,controlled_balanced,True,True,True,agreement
resp_013f64b255e20724,mp_bal_v2_0678_stability_incomplete,True,0.0,"Kr (krypton) is a noble gas and exists as monatomic molecules under standard conditions; however, thermodynamic stability of an *element* is context-dependent. In materials science databases like the Materials Project, 'stable' typically means the element lies on the convex hull — i.e., it is the lowest-energy phase of that composition at 0 K and 0 pressure. While elemental krypton in its standard (gas) phase is thermodynamically stable *relative to decomposition into subatomic particles*, the retrieved context provides no formation energy or hull distance, and critically, Kr is not modeled as a solid-phase material in most DFT-based high-throughput databases (e.g., Materials Project does not compute or store Kr as a crystalline solid). Asserting 'Kr is stable' without qualification misrepresents thermodynamic stability in the solid-state materials-science context — where stability implies a well-defined crystalline phase with non-positive formation energy relative to elemental references. Moreover, Kr has no known stable *crystalline solid* phase at ambient conditions (it only forms a metastable solid below ~11.9 K, and even then, its formation energy relative to the gas phase is positive). Thus, the categorical claim 'Kr is stable' lacks thermodynamic evidence and misapplies the concept — violating the constraint requiring stable-material claims to be backed by thermodynamic evidence when categorical.",0.0,cautious_stability_claim,mp_bal_v2_0678_stability_incomplete,True,0.0,"The answer categorically claims that Kr is stable without providing any thermodynamic evidence or qualification. Stability in a material science context often requires supporting data such as formation energy or hull distance, which are not provided here.",0.0,cautious_stability_claim,mp_bal_v2_0678_stability_incomplete,1,stability,incomplete,mp_derived_balanced_controlled,mp_property_derived,controlled_balanced,True,True,True,agreement
resp_014334995e5b562d,mp_bal_v2_0981_formation_current,False,1.0,"The answer correctly reports the formation energy per atom as given in the retrieved context (0.11804604535714201 eV/atom). The context explicitly states this value and also clarifies that Mg4Si3 is unstable (‘Stable: False’) and has positive energy above hull — consistent with a positive formation energy. A positive formation energy does not by itself violate scientific constraints; it simply indicates thermodynamic instability relative to competing phases, which is physically valid and commonly reported. No invalid physical quantities, incorrect chemical symbols, band gap contradictions (band gap is 0.0 eV, consistent with metallic behavior), or crystallographic inconsistencies are present or implied.",1.0,,mp_bal_v2_0981_formation_current,True,0.0,"The material Mg4Si3 is reported as not being stable, and the formation energy is positive, which is inconsistent with a stable compound. The answer provides the formation energy but does not address the stability issue, leading to a violation of the scientific constraint that a stable material should not have a positive formation energy.",1.0,,mp_bal_v2_0981_formation_current,0,formation_energy,current,mp_derived_balanced_controlled,mp_property_derived,controlled_balanced,False,True,False,max_only_violation
resp_014526fa7d170ed6,mp_bal_v2_0257_formation_noisy_high,True,0.0,"The answer states the formation energy of elemental Nb as 5.5 eV/atom without qualification, but elemental substances in their standard reference states (e.g., crystalline Nb metal) have a thermodynamic formation energy of exactly 0 eV/atom by definition. A positive formation energy for pure Nb violates fundamental thermodynamics. The retrieved context itself flags the value as 'outdated_or_incorrect', yet the answer presents it uncritically as fact.",0.0,formation_energy_typical_range,mp_bal_v2_0257_formation_noisy_high,True,0.0,"The answer asserts a formation energy of 5.5 eV/atom for Nb, which is implausibly large. The retrieved context also marks this value as outdated or incorrect, further indicating that the value should not be used.",0.0,formation_energy_typical_range,mp_bal_v2_0257_formation_noisy_high,1,formation_energy,outdated_or_incorrect,mp_derived_balanced_controlled,mp_property_derived,controlled_balanced,True,True,True,agreement
resp_0146648feefb0191,mp_bal_v2_0678_conductivity_gap_conflict,True,0.0,"A band gap of 7.1667 eV is large and characteristic of an insulator (or wide-band-gap semiconductor), not a metal. Metals have zero (or negligible) band gap — their conduction and valence bands overlap or touch. Asserting Kr is metallic while citing a substantial positive band gap (7.1667 eV) contradicts fundamental electronic structure principles. Additionally, Kr is a noble gas and is well-known to be insulating in its solid phase; the Materials Project data correctly labels it as unstable (not on the convex hull), but the band gap value itself implies insulating behavior. The answer misclassifies the electronic nature based on the given band gap.",0.0,conductivity_band_gap_consistency,mp_bal_v2_0678_conductivity_gap_conflict,True,0.0,"The answer claims that Kr is metallic with a band gap of 7.1667 eV, which is not possible. A material cannot be metallic and have a substantial positive band gap simultaneously. The large band gap value indicates that Kr is insulating, not metallic.",0.0,conductivity_band_gap_consistency,mp_bal_v2_0678_conductivity_gap_conflict,1,band_gap,outdated_or_incorrect,mp_derived_balanced_controlled,mp_property_derived,controlled_balanced,True,True,True,agreement
resp_014e312a78c8864f,mp_bal_v2_0941_band_gap_current,False,1.0,"The answer correctly reports the band gap as 0.0 eV, which is consistent with the retrieved context and physically valid (indicating a metallic or semimetallic character). A zero band gap is not scientifically invalid—it implies no insulating/semiconducting gap, i.e., metallic behavior. The answer does not make unsupported stability claims; it merely quotes the reported band gap without asserting stability. No other scientific constraints (e.g., invalid chemistry, negative temperature, inconsistent crystal system) are violated.",1.0,,mp_bal_v2_0941_band_gap_current,False,1.0,"The answer correctly states the band gap of Mg9Si5 as 0.0 eV, which is a valid value for a material that is not stable and likely metallic or semi-metallic. The retrieved context supports this value and does not suggest any violations of scientific constraints.",1.0,,mp_bal_v2_0941_band_gap_current,1,band_gap,current,mp_derived_balanced_controlled,mp_property_derived,controlled_balanced,False,False,True,agreement
resp_0161e2004a140640,mp_bal_v2_0235_formation_noisy_high,True,0.0,"Formation energy is defined for compounds, not elemental substances in their standard states. For an element like Tb (terbium) in its most stable crystalline form (hexagonal close-packed, space group 194), the standard formation energy is by definition zero eV/atom. Reporting 5.5 eV/atom as the formation energy of elemental Tb violates fundamental thermodynamic convention. The retrieved context itself flags the value as 'outdated_or_incorrect', further indicating unreliability.",0.0,formation_energy_typical_range,mp_bal_v2_0235_formation_noisy_high,True,0.0,"The answer asserts a formation energy of 5.5 eV/atom for Tb, which is implausibly high for an elemental material. The retrieved context also marks this value as outdated or incorrect.",0.0,formation_energy_typical_range,mp_bal_v2_0235_formation_noisy_high,1,formation_energy,outdated_or_incorrect,mp_derived_balanced_controlled,mp_property_derived,controlled_balanced,True,True,True,agreement
resp_016bc17d5d71df3e,mp_bal_v2_0050_band_gap_current,False,1.0,"Antimony (Sb) is a semimetal with overlapping valence and conduction bands or a very small band gap; a reported band gap of 0.0 eV is physically reasonable and consistent with its known metallic/semimetallic character. The Materials Project value aligns with expectations for elemental Sb (rhombohedral structure, space group 166), which exhibits zero or negligible band gap in DFT calculations (often depending on functional and treatment of spin–orbit coupling). No scientific constraint is violated: the value is non-negative, chemically valid, and consistent with Sb's electronic structure. The answer correctly reports the retrieved value without overinterpreting stability or making unsupported claims.",1.0,,mp_bal_v2_0050_band_gap_current,False,1.0,"The answer correctly states the band gap of Sb as 0.0 eV, which is a valid value for a semimetal like Sb. The provided context from Materials Project supports this value.",1.0,,mp_bal_v2_0050_band_gap_current,1,band_gap,current,mp_derived_balanced_controlled,mp_property_derived,controlled_balanced,False,False,True,agreement
resp_0194fbf3e6ca771e,mp_bal_v2_0430_conductivity_gap_conflict,True,0.0,"A band gap of 0.0 eV indicates a metallic or semimetallic electronic structure, not insulating behavior. Insulators require a positive, non-zero band gap (typically > ~0.5–1 eV, though definitions vary; however, 0.0 eV is unambiguously not insulating). The answer incorrectly labels Tm as an insulator despite reporting a zero band gap, violating the fundamental definition of electronic classification by band structure.",0.0,conductivity_band_gap_consistency,mp_bal_v2_0430_conductivity_gap_conflict,True,0.0,"The answer incorrectly classifies Tm as an insulator with a band gap of 0.0 eV. A material with a band gap of 0.0 eV is metallic, not insulating.",0.0,conductivity_band_gap_consistency,mp_bal_v2_0430_conductivity_gap_conflict,1,band_gap,outdated_or_incorrect,mp_derived_balanced_controlled,mp_property_derived,controlled_balanced,True,True,True,agreement
resp_019b7f2ab7296fe4,mp_bal_v2_0055_stability_incomplete,True,0.0,"The answer states 'C is stable' categorically without thermodynamic evidence (e.g., formation energy or hull distance), and carbon (C) in its standard state (graphite) is indeed thermodynamically stable — but the justification is missing, and the retrieved context explicitly omits formation energy and thermodynamic qualification. However, the critical issue is that the answer treats stability as an absolute, unqualified property, while thermodynamic stability must be referenced to a specific phase (e.g., graphite vs. diamond) and condition (e.g., standard temperature and pressure), and requires supporting data like a non-positive formation energy relative to elements or zero hull distance. Since the answer makes a categorical claim without any thermodynamic basis — and the context itself admits it lacks such evidence — this violates the constraint against asserting stable material without thermodynamic evidence when the claim is categorical.",0.0,cautious_stability_claim,mp_bal_v2_0055_stability_incomplete,True,0.0,"The answer categorically claims that C (carbon) is stable without providing any thermodynamic evidence or qualification. Stability in materials science typically requires supporting data such as negative formation energy or a zero hull distance, which are not provided in the retrieved context.",0.0,cautious_stability_claim,mp_bal_v2_0055_stability_incomplete,1,stability,incomplete,mp_derived_balanced_controlled,mp_property_derived,controlled_balanced,True,True,True,agreement
resp_01a14d5935fc26bc,mp_bal_v2_0838_formation_current,False,1.0,"The answer correctly reports the formation energy per atom of VO2 as -2.317210477499999 eV/atom, which matches the retrieved context. Although the material is labeled 'Stable: False' and has a positive energy above hull (0.205 eV/atom), the formation energy itself can be negative for metastable or unstable compounds — it reflects the energy relative to elemental references, not thermodynamic stability. A negative formation energy does not imply stability; stability requires energy above hull = 0. Thus, reporting the formation energy as stated is scientifically valid and does not violate any constraint.",1.0,,mp_bal_v2_0838_formation_current,True,0.0,"The answer provides a negative formation energy for VO2, which would imply that the material is stable. However, the context clearly states that VO2 (mp-1040910) is not stable, with an energy above hull of 0.205257699166653 eV/atom. A stable material should have a non-positive energy above hull. Therefore, the given formation energy is inconsistent with the stability information provided.",1.0,,mp_bal_v2_0838_formation_current,0,formation_energy,current,mp_derived_balanced_controlled,mp_property_derived,controlled_balanced,False,True,False,max_only_violation
resp_01a879b255089ddf,mp_bal_v2_0381_band_gap_high,True,0.0,"Lanthanum (La) is a metallic element with a body-centered cubic (BCC) structure and exhibits no band gap—it is a conductor. A reported band gap of 16.5 eV is physically implausible for elemental La; such a large value is typical of wide-band-gap insulators (e.g., diamond ~5.5 eV, LiF ~14 eV), not a simple metal. The answer presents this value categorically without caveat or skepticism, violating the constraint that metallic materials cannot have a substantial positive band gap.",0.0,band_gap_physical_range,mp_bal_v2_0381_band_gap_high,True,0.0,The answer asserts an implausibly large band gap of 16.5 eV for La without any caveat or explanation. This value is not physically reasonable for a lanthanum metal.,0.0,band_gap_physical_range,mp_bal_v2_0381_band_gap_high,1,band_gap,outdated_or_incorrect,mp_derived_balanced_controlled,mp_property_derived,controlled_balanced,True,True,True,agreement
resp_01af79feb3c5f331,mp_bal_v2_0653_formation_current,True,0.0,"Cobalt (Co) is a well-known elemental metal and, by definition, its standard formation energy must be exactly 0 eV/atom under standard thermodynamic conventions (elements in their most stable reference state have ΔH_f° = 0). A nonzero formation energy for elemental Co — especially a positive value — contradicts fundamental thermodynamics. The retrieved context likely mislabels or misinterprets the quantity (e.g., it may report energy above hull or a computed deviation from a reference, not true formation energy). Stating 0.0896 eV/atom as 'the formation energy of Co' is scientifically incorrect.",1.0,,mp_bal_v2_0653_formation_current,False,1.0,"The answer correctly states the formation energy of Co as 0.08956573499999801 eV/atom, which is consistent with the provided context. There are no scientific inaccuracies or violations in the given answer.",1.0,,mp_bal_v2_0653_formation_current,0,formation_energy,current,mp_derived_balanced_controlled,mp_property_derived,controlled_balanced,True,False,False,plus_only_violation
resp_01d76012e5c3bf9a,mp_bal_v2_0477_conductivity_gap_conflict,True,0.0,"The answer falsely claims Cs is metallic *with a band gap of 1.0 eV*. A non-zero band gap ≥ ~0.1 eV (especially 1.0 eV) contradicts metallic behavior — metals have zero (or effectively zero) band gap. The retrieved context reports a small but positive band gap (0.136 eV), which already suggests semiconducting/insulating character, not metallic; however, the answer misrepresents both the nature (metallic) and the value (1.0 eV vs. reported 0.136 eV). Moreover, elemental cesium is experimentally known to be a metal with negligible (effectively zero) band gap; thus asserting a 1.0 eV band gap is scientifically invalid and inconsistent with both theory and experiment. This constitutes a metallic–insulator classification error coupled with an implausibly large band gap for elemental Cs.",0.0,conductivity_band_gap_consistency,mp_bal_v2_0477_conductivity_gap_conflict,True,0.0,"The answer states that Cs is metallic with a band gap of 1.0 eV, which is inconsistent with the retrieved context and general scientific understanding. The retrieved context indicates a small band gap (0.1362 eV), which is consistent with a metallic or near-metallic behavior, but the stated band gap of 1.0 eV in the answer is implausibly large for a metallic material.",0.0,conductivity_band_gap_consistency,mp_bal_v2_0477_conductivity_gap_conflict,1,band_gap,outdated_or_incorrect,mp_derived_balanced_controlled,mp_property_derived,controlled_balanced,True,True,True,agreement
resp_01d9cbfe8f555361,mp_bal_v2_0653_stability_incomplete,True,0.0,"The answer states 'Co is stable' categorically without thermodynamic evidence (e.g., negative formation energy or zero hull distance). Elemental cobalt (Co) *is* thermodynamically stable under standard conditions as a reference state — but stability of an elemental phase must be assessed relative to its most stable allotrope(s) and formation from elements is trivially zero. However, the retrieved context explicitly 'omits formation energy, hull distance, and thermodynamic qualification', so the answer cannot reliably assert stability based on that source. More critically, the answer fails to acknowledge that thermodynamic stability of an element is context-dependent (e.g., phase, temperature, pressure) and requires explicit qualification (e.g., 'Co (hcp) is stable at 0 K and 0 atm'). A categorical, unqualified claim 'Co is stable' without specifying phase or conditions violates scientific rigor in materials thermodynamics.",0.0,cautious_stability_claim,mp_bal_v2_0653_stability_incomplete,True,0.0,"The answer claims that Co (cobalt) is stable without providing any thermodynamic evidence or qualification. Stability in a material science context often requires supporting data such as formation energy or hull distance, which are not provided here.",0.0,cautious_stability_claim,mp_bal_v2_0653_stability_incomplete,1,stability,incomplete,mp_derived_balanced_controlled,mp_property_derived,controlled_balanced,True,True,True,agreement
resp_0203e28e19d28427,mp_bal_v2_0610_stability_current,True,0.0,"The answer incorrectly implies that elemental carbon (C) is thermodynamically unstable based on the retrieved Materials Project data. However, elemental carbon in its standard reference state (graphite) is thermodynamically stable by definition — its formation energy must be zero by convention. The reported positive formation energy (0.112 eV/atom) and non-zero energy above hull indicate that the specific entry (mp-66) likely corresponds to a metastable allotrope (e.g., diamond or another polymorph), not graphite. The answer fails to distinguish allotropes and misattributes instability to 'C' generically, violating the fundamental thermodynamic convention that the most stable elemental form has ΔH_f = 0. Thus, the categorical statement 'C is unstable' is scientifically incorrect.",1.0,,mp_bal_v2_0610_stability_current,False,1.0,"The answer correctly states that C (mp-66) is not thermodynamically stable, as indicated by the positive energy above hull and formation energy. The provided values are consistent with the context, and there is no assertion of stability without thermodynamic evidence.",1.0,,mp_bal_v2_0610_stability_current,0,formation_energy,current,mp_derived_balanced_controlled,mp_property_derived,controlled_balanced,True,False,False,plus_only_violation
resp_0207216ae9d47812,mp_bal_v2_0850_formation_noisy_high,True,0.0,"The retrieved context explicitly marks the reported formation energy of 5.5 eV/atom as 'outdated_or_incorrect' and intended for stress testing. A positive formation energy of 5.5 eV/atom (i.e., ~11 eV per formula unit) is thermodynamically implausible for a purported stable compound — such a large positive value strongly indicates instability under standard conditions. Asserting it as the formation energy without qualification violates the scientific constraint that stable materials must have negative (or at least non-positive, within computational uncertainty) formation energies relative to elemental references. The answer ignores the contextual warning and presents an unreliable value as factual.",0.0,formation_energy_typical_range,mp_bal_v2_0850_formation_noisy_high,True,0.0,"The answer asserts a positive formation energy for Mg2Si3, which would imply that the material is not stable. A stable material should have a negative or near-zero formation energy.",0.0,formation_energy_typical_range,mp_bal_v2_0850_formation_noisy_high,1,formation_energy,outdated_or_incorrect,mp_derived_balanced_controlled,mp_property_derived,controlled_balanced,True,True,True,agreement
resp_020c0dfad1b24c3b,mp_bal_v2_0192_band_gap_negative,True,0.0,"A negative band gap is unphysical for a stable crystalline semiconductor like Ge; it would imply metallic behavior or an artifact of flawed calculation, not a valid electronic property. The retrieved context explicitly labels the value as 'outdated_or_incorrect' and 'for stress testing', indicating it is not scientifically reliable. Asserting -0.05 eV as the band gap without qualification violates the constraint against accepting negative band gaps as valid values.",0.0,non_negative_band_gap,mp_bal_v2_0192_band_gap_negative,True,0.0,"The answer asserts a negative band gap as a valid value, which is not scientifically possible.",0.0,non_negative_band_gap,mp_bal_v2_0192_band_gap_negative,1,band_gap,outdated_or_incorrect,mp_derived_balanced_controlled,mp_property_derived,controlled_balanced,True,True,True,agreement
resp_02112d0db3a48856,mp_bal_v2_0801_formation_noisy_high,True,0.0,"The formation energy of elemental carbon (C) in its standard state (graphite) is defined as zero by convention in thermodynamics. Reporting a non-zero formation energy (5.5 eV/atom) for elemental C violates fundamental thermodynamic principles. The retrieved context explicitly labels the note as 'outdated_or_incorrect', yet the answer presents the value uncritically and without qualification, making a scientifically invalid claim.",0.0,formation_energy_typical_range,mp_bal_v2_0801_formation_noisy_high,True,0.0,"The answer asserts a formation energy of 5.5 eV/atom for carbon, which is implausibly high and not supported by thermodynamic evidence. The retrieved context also indicates that the source is marked as outdated or incorrect, further discrediting the value.",0.0,formation_energy_typical_range,mp_bal_v2_0801_formation_noisy_high,1,formation_energy,outdated_or_incorrect,mp_derived_balanced_controlled,mp_property_derived,controlled_balanced,True,True,True,agreement
resp_02194fbd6d279a49,mp_bal_v2_0628_stability_current,False,1.0,"The answer correctly reports the thermodynamic instability of elemental uranium (U) based on the retrieved context: positive energy above hull and positive formation energy per atom, both indicating it is not on the convex hull and thus thermodynamically unstable relative to competing phases. The statement 'Stable: False' from Materials Project is accurately reflected. No scientific constraint is violated — positive formation energy for an element is unusual but not impossible in computational databases due to reference state choices or methodology; however, the answer does not assert stability, only reports the database's assessment and associated numbers without overinterpretation. Elemental U is indeed metastable under ambient conditions (it oxidizes, has allotropes, and its ground-state DFT reference may differ), but the answer makes no categorical claim about stability beyond the cited data.",1.0,,mp_bal_v2_0628_stability_current,False,1.0,"The answer correctly states that U (uranium) is not thermodynamically stable according to the Materials Project, as it has a positive formation energy and energy above hull. The values provided are consistent with the retrieved context, and no scientific constraints are violated.",1.0,,mp_bal_v2_0628_stability_current,1,formation_energy,current,mp_derived_balanced_controlled,mp_property_derived,controlled_balanced,False,False,True,agreement
resp_02196dd03a5c4469,mp_bal_v2_0489_conductivity_gap_conflict,True,0.0,"A band gap of 0.0 eV indicates metallic behavior (no energy gap between valence and conduction bands), not insulating behavior. Calling Li an 'insulator' with a 0.0 eV band gap is scientifically incorrect. Additionally, elemental lithium is well-known to be a metal — it exhibits high electrical conductivity, a Fermi surface, and no band gap — consistent with the reported 0.0 eV value. The answer misinterprets the physical meaning of zero band gap.",0.0,conductivity_band_gap_consistency,mp_bal_v2_0489_conductivity_gap_conflict,True,0.0,"The answer incorrectly identifies Li as an insulator. A band gap of 0.0 eV indicates that the material is metallic, not insulating.",0.0,conductivity_band_gap_consistency,mp_bal_v2_0489_conductivity_gap_conflict,1,band_gap,outdated_or_incorrect,mp_derived_balanced_controlled,mp_property_derived,controlled_balanced,True,True,True,agreement
resp_0226ddf1557b1aba,mp_bal_v2_0482_band_gap_current,False,1.0,"Tl (thallium) is a post-transition metal and is experimentally known to be metallic, i.e., it has no band gap (or effectively 0.0 eV band gap). The Materials Project reports 0.0 eV, consistent with metallic behavior. A zero (or near-zero) band gap for a metallic element is physically correct and does not violate any scientific constraint. The answer correctly reports the value without misrepresenting its physical meaning (e.g., does not call it 'semiconducting' or 'insulating'). No invalid symbols, thermodynamic contradictions (the answer does not claim stability), or unphysical conditions are asserted.",1.0,,mp_bal_v2_0482_band_gap_current,False,1.0,"The answer correctly states the band gap of Tl as 0.0 eV, which is a valid value for a metallic material. There are no scientific constraints violated in this response.",1.0,,mp_bal_v2_0482_band_gap_current,1,band_gap,current,mp_derived_balanced_controlled,mp_property_derived,controlled_balanced,False,False,True,agreement
resp_0234289563a7991e,mp_bal_v2_0292_formation_current,True,0.0,"Cobalt (Co) is an elemental solid in its standard state, and by thermodynamic convention, the formation energy of an element in its most stable allotrope under standard conditions is defined as zero. The retrieved value (0.1177 eV/atom) is the energy above the convex hull — i.e., a measure of thermodynamic instability relative to competing phases — not the standard enthalpy of formation. Reporting it as 'formation energy' is scientifically incorrect. This misrepresents a fundamental thermodynamic definition and violates standard materials science conventions.",1.0,,mp_bal_v2_0292_formation_current,True,0.0,"The answer provides a positive formation energy for Co (cobalt), which implies that it is not thermodynamically stable as a pure element. This is incorrect because elements in their standard state, such as cobalt, should have a formation energy of 0 eV/atom.",1.0,,mp_bal_v2_0292_formation_current,1,formation_energy,current,mp_derived_balanced_controlled,mp_property_derived,controlled_balanced,True,True,True,agreement
resp_023d7426b05c1378,mp_bal_v2_0597_formation_current,True,0.0,"The answer states the formation energy of elemental Pr (praseodymium) as 0.008044545 eV/atom, which is scientifically invalid. By definition, the standard formation energy of an element in its most stable elemental form (e.g., Pr metal in its ground-state crystal structure) is exactly zero by convention. Non-zero formation energy for a pure element indicates either a metastable allotrope or a computational artifact — but the answer presents it categorically as 'the formation energy of Pr' without qualification, implying the elemental reference state. This misrepresents thermodynamic convention and violates fundamental principles of thermochemistry.",1.0,,mp_bal_v2_0597_formation_current,False,1.0,"The answer correctly states the formation energy of Pr as reported in the context, and does not violate any scientific constraints.",1.0,,mp_bal_v2_0597_formation_current,0,formation_energy,current,mp_derived_balanced_controlled,mp_property_derived,controlled_balanced,True,False,False,plus_only_violation
resp_0240428b3221a165,mp_bal_v2_0748_stability_current,True,0.0,"The answer incorrectly implies Na is thermodynamically unstable based on a positive formation energy and energy above hull. However, elemental sodium (Na) in its standard state (body-centered cubic, space group 229) is by definition the reference state for formation energy — its formation energy must be exactly zero by convention. A reported formation energy of +0.0066 eV/atom indicates either a computational artifact, mislabeling, or erroneous entry in the database; it contradicts thermodynamic convention. Thus, asserting instability based on this value violates fundamental thermodynamic principles. Also, 'Stable: False' from Materials Project for elemental Na is physically incorrect — elements in their standard states are stable references and have zero formation energy and zero energy above hull.",1.0,,mp_bal_v2_0748_stability_current,False,1.0,"The answer correctly states that Na is not thermodynamically stable, as indicated by the positive energy above hull and formation energy. The values provided are consistent with the retrieved context, and there is no assertion of stability without thermodynamic evidence.",1.0,,mp_bal_v2_0748_stability_current,0,formation_energy,current,mp_derived_balanced_controlled,mp_property_derived,controlled_balanced,True,False,False,plus_only_violation
resp_024333022c07fd30,mp_bal_v2_0184_band_gap_current,False,1.0,"Bismuth (Bi) is a semimetal with overlapping valence and conduction bands or a very small band overlap, resulting in effectively zero (or negative, but commonly reported as ~0.0 eV) band gap in many DFT calculations. A reported band gap of 0.0 eV is physically reasonable for Bi and consistent with its known semimetallic character. The answer correctly reports the value from the retrieved context without misrepresenting it, and does not make unsupported stability claims — it only states the band gap. The context explicitly labels Bi as 'Stable: False', which aligns with its positive energy above hull; the answer does not contradict this.",1.0,,mp_bal_v2_0184_band_gap_current,False,1.0,"The answer correctly states the band gap of Bi as 0.0 eV, which is a valid value for a semimetal. There are no scientific inaccuracies in the given answer.",1.0,,mp_bal_v2_0184_band_gap_current,1,band_gap,current,mp_derived_balanced_controlled,mp_property_derived,controlled_balanced,False,False,True,agreement
resp_024ab07be8a53791,mp_bal_v2_0355_stability_incomplete,True,0.0,"The answer states 'Rh is stable' categorically without thermodynamic evidence (e.g., formation energy or hull distance), and Rh is an elemental solid — while elemental phases are often taken as reference states, 'stability' in materials science contexts typically refers to phase stability relative to decomposition into other phases or elements. For pure elements like Rh, thermodynamic stability is trivial only if no competing allotropes exist under given conditions; however, the retrieved context explicitly omits formation energy and hull distance, and provides no thermodynamic qualification. Asserting stability without such qualification violates the constraint against claiming stable material without thermodynamic evidence when the claim is categorical.",0.0,cautious_stability_claim,mp_bal_v2_0355_stability_incomplete,True,0.0,"The answer categorically claims that Rh is stable without providing thermodynamic evidence such as formation energy or hull distance, which is required for a material to be considered thermodynamically stable.",0.0,cautious_stability_claim,mp_bal_v2_0355_stability_incomplete,1,stability,incomplete,mp_derived_balanced_controlled,mp_property_derived,controlled_balanced,True,True,True,agreement
resp_02502b7bbc7b4b9f,mp_bal_v2_0752_formation_current,True,0.0,"The formation energy of elemental uranium (U) in its standard state (orthorhombic α-U, space group 63) is *by definition* 0.0 eV/atom *only if the reference states are the pure elements in their most stable bulk forms at 0 K*. However, the Materials Project uses elemental references based on their computed ground-state structures and energies — and for U, the computed energy of α-U is *not* set to zero by convention in the database; rather, formation energy is computed relative to elemental reservoirs (e.g., U(s) modeled as α-U), but the reported value of 0.0 eV/atom is only valid *if* the elemental reference is consistent and converged. More critically, the Materials Project entry mp-44 for elemental U *does not actually report 0.0 eV/atom formation energy* — this is a factual error in the retrieved context or misinterpretation. In reality, elemental formation energies in MP are defined relative to elemental crystals, so they *should* be near-zero but not necessarily exactly 0.0 due to computational setup (e.g., small numerical deviations, pseudopotential dependencies, or fitting errors). Reporting it as exactly 0.0 eV/atom without qualification is scientifically imprecise and misleading. Moreover, the answer treats the value uncritically, ignoring that formation energy of an element is a defined reference point, not a computed quantity in the same sense — asserting it as '0.0 eV/atom' as a concrete result (rather than a definitional baseline) misrepresents thermodynamic conventions.",1.0,,mp_bal_v2_0752_formation_current,False,1.0,"The answer correctly states the formation energy of U as 0.0 eV/atom, which is consistent with the retrieved context and does not violate any scientific constraints.",1.0,,mp_bal_v2_0752_formation_current,0,formation_energy,current,mp_derived_balanced_controlled,mp_property_derived,controlled_balanced,True,False,False,plus_only_violation
resp_0254bdaf16ec150e,mp_bal_v2_0689_stability_current,False,1.0,"The answer correctly reports the retrieved data: positive energy above hull and formation energy (albeit very small), and explicitly states 'Stable: False' as per Materials Project. A positive energy above hull implies thermodynamic instability relative to the convex hull of stable compounds — consistent with scientific convention. The answer makes no categorical claim of stability, nor does it misinterpret the small positive value as evidence of stability. No scientific constraints are violated.",1.0,,mp_bal_v2_0689_stability_current,False,1.0,"The answer correctly states the energy above hull and formation energy, and correctly identifies that S is not thermodynamically stable according to the Materials Project. There are no scientific violations in the provided information.",1.0,,mp_bal_v2_0689_stability_current,1,formation_energy,current,mp_derived_balanced_controlled,mp_property_derived,controlled_balanced,False,False,True,agreement
resp_025a262155faaf8a,mp_bal_v2_0041_band_gap_current,False,1.0,"Tungsten (W) is a well-known metal with no band gap; a reported band gap of 0.0 eV is physically correct and consistent with its metallic character. The retrieved context from Materials Project confirms this value and also correctly identifies W as unstable relative to the convex hull (which is expected for elemental tungsten in certain computational settings—though elemental phases are typically on the hull; however, the band gap value itself is not in conflict with known physics). No scientific constraint is violated: zero band gap is valid for metals, chemical symbol 'W' is correct, and the answer does not misrepresent stability as a categorical claim about thermodynamic stability in bulk form—it merely reports the band gap.",1.0,,mp_bal_v2_0041_band_gap_current,False,1.0,"The answer correctly states the band gap of W as 0.0 eV, which is a valid value for a metallic material. There are no violations of scientific constraints in the given answer.",1.0,,mp_bal_v2_0041_band_gap_current,1,band_gap,current,mp_derived_balanced_controlled,mp_property_derived,controlled_balanced,False,False,True,agreement
resp_0263d8867645eb6a,mp_bal_v2_0584_band_gap_current,False,1.0,"Vanadium (V) is a transition metal and is experimentally known to be metallic, i.e., it has no band gap (or effectively zero band gap). A reported band gap of 0.0 eV is physically appropriate for a metal. The context correctly identifies V as unstable (energy above hull > 0), but that does not invalidate the band gap value — metallic character is consistent with zero band gap. No scientific constraints are violated.",1.0,,mp_bal_v2_0584_band_gap_current,False,1.0,"The answer correctly states the band gap of V as 0.0 eV, which is a valid value for a metallic material. There are no violations of scientific constraints.",1.0,,mp_bal_v2_0584_band_gap_current,1,band_gap,current,mp_derived_balanced_controlled,mp_property_derived,controlled_balanced,False,False,True,agreement
resp_0267c851ee2e91f2,mp_bal_v2_0114_formation_current,True,0.0,"The answer states the formation energy of Br as 0.20109457500000003 eV/atom without qualifying that this value is positive and therefore implies thermodynamic instability — which contradicts the standard definition that the formation energy of an element in its reference (stable) state (e.g., Br₂ liquid at standard conditions) is zero by convention. Elemental bromine (Br) as a monatomic species is not the thermodynamically stable form; the stable reference state is Br₂(l). Reporting a non-zero formation energy for 'Br' without clarifying it refers to monatomic Br (a gas-phase or hypothetical solid phase) — and especially labeling it as 'Br (mp-1010048)' — misleads by omitting that this is *not* the standard elemental reference state. Moreover, the Materials Project entry mp-1010048 corresponds to *solid bromine*, which is metastable (as confirmed by 'Stable: False' and positive energy above hull), so citing its formation energy as 'the formation energy of Br' is scientifically inaccurate without explicit contextualization. This violates the constraint on 'stable material without thermodynamic evidence when the claim is categorical' — here, the answer presents a non-zero formation energy for elemental Br as if it were a well-defined, standard quantity, ignoring the convention that ΔH_f°(Br₂, l) = 0.",1.0,,mp_bal_v2_0114_formation_current,True,0.0,"The answer provides the formation energy for Br, but it does not address the stability of the material. The retrieved context states that Br is not stable (Energy above hull: 0.20109457500000003 eV/atom, Stable: False). A positive formation energy indicates that the material is not thermodynamically stable, which should be mentioned in the answer.",1.0,,mp_bal_v2_0114_formation_current,1,formation_energy,current,mp_derived_balanced_controlled,mp_property_derived,controlled_balanced,True,True,True,agreement
resp_026de1a102e933be,mp_bal_v2_0331_formation_noisy_high,True,0.0,"The formation energy of elemental N2 in its standard state (diatomic gas) must be zero by definition, as formation energy is defined relative to the most stable elemental forms under standard conditions. Reporting 5.5 eV/atom violates fundamental thermodynamic convention. The retrieved context explicitly flags this value as 'outdated_or_incorrect', yet the answer presents it uncritically as fact.",0.0,formation_energy_typical_range,mp_bal_v2_0331_formation_noisy_high,True,0.0,"The answer asserts a formation energy of 5.5 eV/atom for N2, which is implausibly high and incorrect. The correct value for the formation energy of N2 is much lower, around 0 eV/atom since it is in its standard state.",0.0,formation_energy_typical_range,mp_bal_v2_0331_formation_noisy_high,1,formation_energy,outdated_or_incorrect,mp_derived_balanced_controlled,mp_property_derived,controlled_balanced,True,True,True,agreement
resp_0270f5ac75d48363,mp_bal_v2_0577_formation_current,True,0.0,"The answer states the formation energy of elemental terbium (Tb) as a positive value (0.0315 eV/atom), implying it is unstable relative to the elemental reference state. However, by thermodynamic convention, the formation energy of a pure element in its standard (most stable) phase at 0 K and 0 atm is defined to be exactly zero. A nonzero formation energy for an elemental substance — especially a positive one — is scientifically invalid unless explicitly referenced to a non-standard allotrope or phase, which is not indicated here. The Materials Project value reported is likely the energy above the convex hull (i.e., relative to the most stable competing phases), not the standard formation energy; conflating these constitutes a fundamental thermodynamic error.",1.0,,mp_bal_v2_0577_formation_current,True,0.0,"The answer provides a positive formation energy for Tb, which is not stable according to the retrieved context. A material with positive formation energy is not thermodynamically stable.",1.0,,mp_bal_v2_0577_formation_current,1,formation_energy,current,mp_derived_balanced_controlled,mp_property_derived,controlled_balanced,True,True,True,agreement
resp_02749c33051e6d52,mp_bal_v2_0606_band_gap_negative,True,0.0,"A negative band gap is unphysical and violates fundamental semiconductor physics — it implies the conduction band lies below the valence band, which is not possible for a stable electronic ground state. The retrieved context explicitly labels the value as 'outdated_or_incorrect' and 'controlled noisy', indicating it is unreliable. The answer presents the negative value uncritically as fact, without qualification or rejection, thus asserting an invalid scientific quantity.",0.0,non_negative_band_gap,mp_bal_v2_0606_band_gap_negative,True,0.0,"The answer asserts a negative band gap as a valid value, which is not scientifically possible.",0.0,non_negative_band_gap,mp_bal_v2_0606_band_gap_negative,1,band_gap,outdated_or_incorrect,mp_derived_balanced_controlled,mp_property_derived,controlled_balanced,True,True,True,agreement
resp_029f3d956175e378,mp_bal_v2_0577_conductivity_gap_conflict,True,0.0,"A band gap of 0.0 eV indicates metallic (or semimetallic) behavior, not insulating behavior. Insulators require a positive, non-zero band gap. Claiming Tb is an insulator with a 0.0 eV band gap contradicts the fundamental definition of electronic classification by band structure. Additionally, the retrieved context states Tb is unstable (Stable: False) and has positive formation energy (0.0315 eV/atom), but the answer ignores thermodynamic instability and misclassifies the electronic nature.",0.0,conductivity_band_gap_consistency,mp_bal_v2_0577_conductivity_gap_conflict,True,0.0,"The answer incorrectly classifies Tb as an insulator with a band gap of 0.0 eV, which is more consistent with a metallic or semimetallic material. A band gap of 0.0 eV typically indicates that the material is metallic or at least a zero-gap semiconductor, not an insulator.",0.0,conductivity_band_gap_consistency,mp_bal_v2_0577_conductivity_gap_conflict,1,band_gap,outdated_or_incorrect,mp_derived_balanced_controlled,mp_property_derived,controlled_balanced,True,True,True,agreement
resp_02a36f9b7bfde6fc,mp_bal_v2_0001_band_gap_high,True,0.0,"Niobium (Nb) is a well-known transition metal and is experimentally and theoretically confirmed to be metallic, with no band gap (i.e., its valence and conduction bands overlap, resulting in a zero or negative (overlap) band gap). A reported value of 16.5 eV — characteristic of wide-band-gap insulators like diamond (~5.5 eV) or h-BN (~6 eV) — is physically implausible for elemental Nb. This violates the constraint that 'metallic material with a substantial positive band gap' is invalid.",0.0,band_gap_physical_range,mp_bal_v2_0001_band_gap_high,True,0.0,The band gap of 16.5 eV for Nb (niobium) is implausibly large without a caveat. Niobium is a metallic material and typically has a very small or negligible band gap.,0.0,band_gap_physical_range,mp_bal_v2_0001_band_gap_high,1,band_gap,outdated_or_incorrect,mp_derived_balanced_controlled,mp_property_derived,controlled_balanced,True,True,True,agreement
resp_02b6bdf8ef6646fc,mp_bal_v2_0923_band_gap_negative,True,0.0,"A negative band gap is unphysical for a stable crystalline solid at equilibrium—it implies metallic behavior or an instability in the electronic structure calculation (e.g., failure of the functional or incorrect structural relaxation). While some DFT calculations may yield slightly negative values due to numerical noise or methodological limitations, reporting -0.05 eV as the band gap without qualification violates fundamental semiconductor physics: the band gap is defined as the minimum energy difference between the top of the valence band and the bottom of the conduction band, and must be ≥ 0 eV. The retrieved context explicitly labels this value as 'outdated_or_incorrect', further confirming its invalidity.",0.0,non_negative_band_gap,mp_bal_v2_0923_band_gap_negative,True,0.0,"The answer asserts a negative band gap as a valid value, which is not scientifically possible.",0.0,non_negative_band_gap,mp_bal_v2_0923_band_gap_negative,1,band_gap,outdated_or_incorrect,mp_derived_balanced_controlled,mp_property_derived,controlled_balanced,True,True,True,agreement
resp_02be16c42f4f35b3,mp_bal_v2_0242_band_gap_negative,True,0.0,"A negative band gap is unphysical for a conventional semiconductor or insulator and indicates metallic behavior; reporting it as 'the band gap' without qualification misrepresents the electronic structure. Potassium (K) is a well-known alkali metal with no band gap — its conduction and valence bands overlap, so it is metallic. Stating a negative value like -0.05 eV as *the* band gap violates the scientific constraint that band gaps must be non-negative for insulators/semiconductors, and for metals, the concept of a band gap is not meaningfully defined (not negative). The retrieved context itself flags the value as 'outdated_or_incorrect', yet the answer presents it uncritically.",0.0,non_negative_band_gap,mp_bal_v2_0242_band_gap_negative,True,0.0,"The answer asserts a negative band gap as a valid value, which is not scientifically possible.",0.0,non_negative_band_gap,mp_bal_v2_0242_band_gap_negative,1,band_gap,outdated_or_incorrect,mp_derived_balanced_controlled,mp_property_derived,controlled_balanced,True,True,True,agreement
resp_02c39eee6f2fca99,mp_bal_v2_0119_band_gap_high,True,0.0,"The reported band gap of 16.5 eV for silicon (Si) is scientifically implausible. The experimentally established band gap of crystalline Si at room temperature is ~1.12 eV (indirect). Even theoretical DFT calculations (e.g., PBE) typically yield ~0.6–0.8 eV, and GW-corrected values are ~1.2–1.3 eV. A value of 16.5 eV exceeds that of wide-band-gap insulators like diamond (~5.5 eV) and approaches extreme UV photon energies — it is orders of magnitude too large and physically inconsistent with Si’s electronic structure. This constitutes an implausibly large band gap without caveat.",0.0,band_gap_physical_range,mp_bal_v2_0119_band_gap_high,True,0.0,"The band gap of Si (Silicon) is reported as 16.5 eV, which is implausibly large for a semiconductor like silicon. The typical band gap for silicon is around 1.12 eV at room temperature.",0.0,band_gap_physical_range,mp_bal_v2_0119_band_gap_high,1,band_gap,outdated_or_incorrect,mp_derived_balanced_controlled,mp_property_derived,controlled_balanced,True,True,True,agreement
resp_02caf082ee15004a,mp_bal_v2_0269_stability_incomplete,True,0.0,"The answer states 'Rb is stable' categorically without thermodynamic evidence (e.g., formation energy or hull distance), and this is scientifically invalid. Elemental rubidium (Rb) is a reactive alkali metal that readily oxidizes in air and reacts violently with water; it is not thermodynamically stable under standard ambient conditions. While the elemental form is the reference state for formation energy (by definition having ΔH_f = 0), 'stability' in materials science contexts—especially when discussing MP (Materials Project) entries—refers to stability against decomposition into other *compounds* or phases, and requires assessment via convex hull analysis. The retrieved context explicitly admits omission of formation energy and hull distance, yet the answer asserts stability unqualifiedly, violating the constraint against claiming stability without thermodynamic evidence.",0.0,cautious_stability_claim,mp_bal_v2_0269_stability_incomplete,True,0.0,"The answer claims that Rb is stable without providing any thermodynamic evidence or qualification, which is a violation of the scientific constraint.",0.0,cautious_stability_claim,mp_bal_v2_0269_stability_incomplete,1,stability,incomplete,mp_derived_balanced_controlled,mp_property_derived,controlled_balanced,True,True,True,agreement
resp_02cc2dcf0fb15c9d,mp_bal_v2_0368_conductivity_gap_conflict,True,0.0,"A band gap of 0.0 eV indicates metallic (or semimetallic) behavior, not insulating behavior. Insulators require a positive, non-zero band gap. Stating that Lu is an insulator with a 0.0 eV band gap contradicts fundamental electronic structure principles. Additionally, the retrieved context labels Lu as 'Stable: False' and reports a positive energy above hull, implying thermodynamic instability — but the answer ignores that and misclassifies the electronic nature.",0.0,conductivity_band_gap_consistency,mp_bal_v2_0368_conductivity_gap_conflict,True,0.0,"The answer incorrectly classifies Lu as an insulator with a band gap of 0.0 eV. A material with a band gap of 0.0 eV is metallic, not insulating.",0.0,conductivity_band_gap_consistency,mp_bal_v2_0368_conductivity_gap_conflict,1,band_gap,outdated_or_incorrect,mp_derived_balanced_controlled,mp_property_derived,controlled_balanced,True,True,True,agreement
resp_02cdd1c21c3f9e36,mp_bal_v2_0067_formation_current,True,0.0,"The answer states the formation energy of elemental Hg as a positive value (0.011 eV/atom), implying it is unstable relative to the elemental reference state. However, by definition, the standard formation energy of an element in its most stable elemental form (e.g., liquid Hg at 298 K) is exactly zero. Reporting a non-zero formation energy for elemental mercury — especially one matching the 'energy above hull' — indicates the Materials Project entry treats Hg as a computed *solid-phase* structure (likely hcp or rhombohedral) that is metastable relative to the true ground-state liquid phase. The answer fails to clarify this critical context and incorrectly presents the value as the thermodynamically meaningful formation energy of elemental Hg, violating the fundamental thermochemical convention.",1.0,,mp_bal_v2_0067_formation_current,True,0.0,"The answer states that Hg has a formation energy of 0.011028022499999 eV/atom, which is positive. A material with a positive formation energy is not thermodynamically stable, and the retrieved context also confirms that Hg is not stable (Energy above hull: 0.011028022499999 eV/atom, Stable: False).",1.0,,mp_bal_v2_0067_formation_current,1,formation_energy,current,mp_derived_balanced_controlled,mp_property_derived,controlled_balanced,True,True,True,agreement
resp_02d34b03d3bea176,mp_bal_v2_0507_band_gap_current,False,1.0,"Barium (Ba) is an alkaline earth metal and is experimentally known to be metallic, hence its band gap should be 0 eV (or effectively zero, with overlapping valence and conduction bands). The Materials Project reports 0.0 eV, which is physically consistent with metallic behavior. The answer correctly reports the value without misrepresenting it as semiconducting or insulating, and does not make unsupported stability claims — it merely states the band gap, which aligns with both the retrieved data and established materials physics.",1.0,,mp_bal_v2_0507_band_gap_current,False,1.0,"The answer does not violate any scientific constraints. The band gap of 0.0 eV for Ba is consistent with it being a metallic element, and the value is reported from a reliable source (Materials Project).",1.0,,mp_bal_v2_0507_band_gap_current,1,band_gap,current,mp_derived_balanced_controlled,mp_property_derived,controlled_balanced,False,False,True,agreement
resp_02d9f4f2957499fa,mp_bal_v2_0853_formation_noisy_high,True,0.0,"The answer states the formation energy of Mg2Si3 as 5.5 eV/atom without qualification, despite the retrieved context explicitly labeling this value as 'outdated_or_incorrect' and intended for stress testing. A positive formation energy (especially 5.5 eV/atom — equivalent to +33.0 eV/formula unit for Mg2Si3) strongly implies thermodynamic instability; reporting it as factual violates the scientific constraint that stable materials must have negative (or at least non-positive) formation energies under standard conditions. The answer fails to acknowledge the unreliability flagged in the context and presents an invalid value as authoritative.",0.0,formation_energy_typical_range,mp_bal_v2_0853_formation_noisy_high,True,0.0,"The answer asserts a formation energy of 5.5 eV/atom for Mg2Si3, which is implausibly large. Typically, the formation energies of stable or nearly stable compounds are much lower, usually in the range of -1 to +1 eV/atom. A positive formation energy of 5.5 eV/atom would imply that the compound is highly unstable, and such a value is not typical for materials that can form. Additionally, the retrieved context indicates that the source is marked as outdated_or_incorrect, suggesting that the value may be unreliable.",0.0,formation_energy_typical_range,mp_bal_v2_0853_formation_noisy_high,1,formation_energy,outdated_or_incorrect,mp_derived_balanced_controlled,mp_property_derived,controlled_balanced,True,True,True,agreement
resp_02e2584a2078bf05,mp_bal_v2_0133_conductivity_gap_conflict,True,0.0,"A band gap of 0.0 eV indicates metallic or semimetallic behavior, not insulating behavior. Insulators are defined by a substantial, positive band gap (typically > ~1–2 eV, though definitions vary; crucially, not zero). Claiming a material with 0.0 eV band gap is an insulator contradicts fundamental electronic structure principles. Additionally, the context states N2 is unstable (‘Stable: False’) and has large positive formation energy — consistent with molecular nitrogen being metastable as a solid under ambient conditions, but that does not override the band-gap–conductivity relationship. The answer misclassifies conductivity type based on band gap.",0.0,conductivity_band_gap_consistency,mp_bal_v2_0133_conductivity_gap_conflict,True,0.0,"The answer states that N2 is an insulator with a band gap of 0.0 eV, which is inconsistent. A material with a band gap of 0.0 eV is typically considered metallic or at least a zero-gap semiconductor, not an insulator.",0.0,conductivity_band_gap_consistency,mp_bal_v2_0133_conductivity_gap_conflict,1,band_gap,outdated_or_incorrect,mp_derived_balanced_controlled,mp_property_derived,controlled_balanced,True,True,True,agreement
resp_0316a2a5b5dfc4ce,mp_bal_v2_0826_stability_incomplete,True,0.0,"The answer states 'P is stable' categorically without thermodynamic evidence (e.g., negative formation energy or zero hull distance). Elemental phosphorus has multiple allotropes (white, red, black), and only the most stable allotrope at standard conditions (black phosphorus) is thermodynamically stable; white phosphorus is metastable and highly reactive. Asserting 'P is stable' without specifying the allotrope and without citing thermodynamic data (e.g., from the Materials Project) violates the constraint requiring thermodynamic evidence for categorical stability claims.",0.0,cautious_stability_claim,mp_bal_v2_0826_stability_incomplete,True,0.0,"The answer categorically states that P (phosphorus) is stable without providing thermodynamic evidence such as formation energy or hull distance, and the retrieved context does not provide this information either. Stability claims should be supported by thermodynamic data.",0.0,cautious_stability_claim,mp_bal_v2_0826_stability_incomplete,1,stability,incomplete,mp_derived_balanced_controlled,mp_property_derived,controlled_balanced,True,True,True,agreement
resp_03172b8f871f6a6e,mp_bal_v2_0211_stability_incomplete,True,0.0,"The answer states 'Te is stable' categorically without thermodynamic evidence (e.g., formation energy or hull distance), and the retrieved context explicitly admits it 'omits formation energy, hull distance, and thermodynamic qualification'. Elemental tellurium (Te) in its standard state (trigonal, space group 152) is indeed thermodynamically stable under ambient conditions — but the answer fails to qualify the stability (e.g., 'at 0 K', 'on the convex hull', or 'as an elemental reference') and presents it as an unqualified, standalone assertion. In materials science RAG evaluation, a categorical stability claim without supporting thermodynamic data (especially when the context acknowledges its absence) violates scientific rigor — stability must be grounded in computed or measured formation energy ≤ 0 eV/atom relative to elemental references, or explicit convex hull membership. The answer does neither.",0.0,cautious_stability_claim,mp_bal_v2_0211_stability_incomplete,True,0.0,"The answer categorically claims that Te is stable without providing any thermodynamic evidence or qualification. Stability in a materials science context often requires supporting data such as formation energy or hull distance, which are not provided in the retrieved context.",0.0,cautious_stability_claim,mp_bal_v2_0211_stability_incomplete,1,stability,incomplete,mp_derived_balanced_controlled,mp_property_derived,controlled_balanced,True,True,True,agreement
resp_0317c744207af544,mp_bal_v2_0410_band_gap_current,True,0.0,"The answer states the band gap of C (carbon) as 4.3998 eV without qualification, but the retrieved context explicitly states that this entry (mp-611448) is *not stable* (Stable: False) and has positive energy above hull (0.1188 eV/atom), meaning it is not the thermodynamically stable phase of carbon. The stable phase of elemental carbon under ambient conditions is graphite (band gap ~0 eV, semimetal) or diamond (band gap ~5.47 eV experimentally). Reporting a band gap for an unstable, non-physical polymorph of C as 'the band gap of C' is scientifically misleading — it conflates a computed property of an unstable hypothetical structure with the material's actual electronic property. The answer makes a categorical claim about 'C' without specifying the polymorph or acknowledging instability, violating the constraint against asserting properties of unstable materials as if they represent the element.",1.0,,mp_bal_v2_0410_band_gap_current,True,0.0,"The answer provides a band gap value that is implausibly large for carbon without any caveat. The typical band gap for diamond (a form of carbon) is around 5.47 eV, but the value given here is close to that and does not match the expected range for common allotropes of carbon. Additionally, the material is reported as unstable, which should be noted when discussing its properties.",1.0,,mp_bal_v2_0410_band_gap_current,1,band_gap,current,mp_derived_balanced_controlled,mp_property_derived,controlled_balanced,True,True,True,agreement
resp_032020e31d13baa8,mp_bal_v2_0895_stability_incomplete,True,0.0,"The answer states 'MgSi is stable' categorically, without thermodynamic evidence (e.g., negative formation energy or zero hull distance). The retrieved context explicitly notes that the source 'omits formation energy, hull distance, and thermodynamic qualification', so asserting stability without such evidence violates the scientific constraint requiring thermodynamic support for stability claims.",0.0,cautious_stability_claim,mp_bal_v2_0895_stability_incomplete,True,0.0,"The answer claims that MgSi is stable without providing any thermodynamic evidence, such as formation energy or hull distance, to support this claim. A categorical statement of stability requires supporting thermodynamic data.",0.0,cautious_stability_claim,mp_bal_v2_0895_stability_incomplete,1,stability,incomplete,mp_derived_balanced_controlled,mp_property_derived,controlled_balanced,True,True,True,agreement
resp_03259d64822a48e7,mp_bal_v2_0173_formation_current,True,0.0,"The answer states the formation energy of Pb as 0.11592558166666801 eV/atom without qualification, but elemental lead (Pb) in its standard state (face-centered cubic, space group 225) must have a formation energy of exactly 0 eV/atom by thermodynamic convention. A nonzero formation energy for an elemental substance indicates either a metastable polymorph or an error in calculation — and the context explicitly labels this entry as 'Stable: False' and gives a non-zero energy above hull, confirming it is not the ground-state elemental phase. Reporting this value as 'the formation energy of Pb' is scientifically incorrect; the standard formation energy of elemental Pb is defined as zero.",1.0,,mp_bal_v2_0173_formation_current,True,0.0,"The answer states that the formation energy of Pb is 0.11592558166666801 eV/atom, which indicates a positive formation energy. A material with a positive formation energy is not stable, and the retrieved context also confirms that Pb (mp-1102666) is not stable. Therefore, the answer violates the constraint that a stable material should not have a positive formation energy.",1.0,,mp_bal_v2_0173_formation_current,1,formation_energy,current,mp_derived_balanced_controlled,mp_property_derived,controlled_balanced,True,True,True,agreement
resp_0334f8fe3da21bf0,mp_bal_v2_0644_stability_current,True,0.0,"The answer states Pb is unstable based on a positive formation energy (0.042 eV/atom) and positive energy above hull, but elemental lead (Pb) is thermodynamically stable in its standard state (face-centered cubic, space group 225) — its formation energy must be zero by definition, as elements in their reference states have ΔH_f° = 0. The Materials Project value reported here is erroneous or misinterpreted; the cited entry (mp-22692) likely corresponds to a metastable or incorrectly relaxed structure, not bulk α-Pb. A positive formation energy for an elemental substance contradicts thermodynamic convention and indicates either a data error or misidentification. Thus, asserting Pb is unstable based on this value violates fundamental thermodynamics.",1.0,,mp_bal_v2_0644_stability_current,False,1.0,"The answer correctly states that Pb is not thermodynamically stable, as indicated by the positive energy above hull and formation energy. The values provided are consistent with the context, and there are no violations of scientific constraints.",1.0,,mp_bal_v2_0644_stability_current,0,formation_energy,current,mp_derived_balanced_controlled,mp_property_derived,controlled_balanced,True,False,False,plus_only_violation
resp_0335d2836b734b14,mp_bal_v2_0682_stability_incomplete,True,0.0,"The answer states 'Cu is stable' categorically without thermodynamic evidence (e.g., formation energy ≤ 0 eV/atom or hull distance = 0), despite the retrieved context explicitly omitting formation energy, hull distance, and thermodynamic qualification. Elemental copper (Cu) *is* thermodynamically stable under standard conditions, but the answer fails to ground the claim in thermodynamic data — and more critically, the RAG system’s own context provides no such support. Per the constraints, a categorical stability claim without thermodynamic evidence (when such evidence is expected and retrievable for elemental phases) constitutes a violation. While Cu is indeed stable in reality, the evaluation criterion is whether the *answer* violates scientific rigor *given the provided context*, not external knowledge.",0.0,cautious_stability_claim,mp_bal_v2_0682_stability_incomplete,True,0.0,"The answer claims that Cu is stable without providing any thermodynamic evidence or qualification, which is required for a categorical statement about stability.",0.0,cautious_stability_claim,mp_bal_v2_0682_stability_incomplete,1,stability,incomplete,mp_derived_balanced_controlled,mp_property_derived,controlled_balanced,True,True,True,agreement
resp_034f45ae91e9af35,mp_bal_v2_0834_stability_current,False,1.0,"The answer correctly reports the thermodynamic instability of S based on the retrieved context: positive energy above hull and positive formation energy per atom (0.0422 eV/atom), both indicating it is not on the convex hull and thus thermodynamically unstable relative to competing phases. The statement 'Stable: False' from Materials Project is accurately reflected. No scientific constraints are violated — the values are physically plausible, chemical symbol 'S' is valid, and the conclusion aligns with standard thermodynamic stability criteria (i.e., stable materials must have energy above hull = 0 and formation energy ≤ 0 under the reference conditions used).",1.0,,mp_bal_v2_0834_stability_current,False,1.0,"The answer correctly states that S is not thermodynamically stable according to the Materials Project, as indicated by the positive energy above hull and formation energy. There are no violations of scientific constraints in the provided answer.",1.0,,mp_bal_v2_0834_stability_current,1,formation_energy,current,mp_derived_balanced_controlled,mp_property_derived,controlled_balanced,False,False,True,agreement
resp_0386b3175359970b,mp_bal_v2_0724_formation_noisy_high,True,0.0,"The formation energy of elemental H2 in its standard state (diatomic gas) is by definition zero under standard thermodynamic conventions, as formation energies are referenced to the most stable elemental forms at standard conditions. Reporting 5.5 eV/atom violates fundamental thermodynamics. Additionally, the retrieved context explicitly labels the value as 'outdated_or_incorrect', yet the answer presents it uncritically as fact.",0.0,formation_energy_typical_range,mp_bal_v2_0724_formation_noisy_high,True,0.0,"The reported formation energy of 5.5 eV/atom for H2 is implausibly large. The correct value for the formation energy of H2 should be close to 0 eV/atom, as it is a naturally occurring diatomic molecule.",0.0,formation_energy_typical_range,mp_bal_v2_0724_formation_noisy_high,1,formation_energy,outdated_or_incorrect,mp_derived_balanced_controlled,mp_property_derived,controlled_balanced,True,True,True,agreement
resp_039199d39b811eaa,mp_bal_v2_0889_stability_incomplete,True,0.0,"The answer states 'MgSi is stable' categorically, without thermodynamic evidence (e.g., negative formation energy or zero hull distance). The retrieved context explicitly notes that the claim 'MgSi is stable' is made in a snippet that 'omits formation energy, hull distance, and thermodynamic qualification' — meaning stability is asserted without supporting thermodynamic data. In materials science, stability must be grounded in thermodynamics (e.g., convex hull analysis); a categorical claim of stability without such evidence violates scientific rigor. Furthermore, MgSi is not a known stable binary compound under standard conditions; experimental and computational phase diagrams show no stable Mg–Si stoichiometric phase at MgSi; the stable silicides are Mg2Si and MgSi2 (or higher Si content), and MgSi lies above the convex hull. Thus, the assertion is both evidentially unsupported and scientifically incorrect.",0.0,cautious_stability_claim,mp_bal_v2_0889_stability_incomplete,True,0.0,"The answer categorically states that MgSi is stable without providing any thermodynamic evidence or qualification, which violates the scientific constraint.",0.0,cautious_stability_claim,mp_bal_v2_0889_stability_incomplete,1,stability,incomplete,mp_derived_balanced_controlled,mp_property_derived,controlled_balanced,True,True,True,agreement
resp_0396f7c5df16fe64,mp_bal_v2_0582_stability_incomplete,True,0.0,"The answer states 'Au is stable' categorically without thermodynamic evidence (e.g., formation energy ≤ 0, hull distance = 0, or experimental confirmation of stability under standard conditions). While elemental gold (Au) is indeed empirically stable at ambient conditions, the retrieved context explicitly lacks formation energy, hull distance, or any thermodynamic qualification — it only says 'Au is stable' without justification. As a scientific evaluator, we require explicit thermodynamic support (e.g., ΔH_f = 0 for elements in their standard state *and* confirmation that no lower-energy competing phases exist) for a categorical stability claim in a materials-science RAG context. The answer fails to acknowledge that thermodynamic stability of an element must be assessed relative to all possible competing phases (e.g., polymorphs, compounds, or decomposition products), and mere mention in a database snippet without hull data is insufficient. Thus, the unqualified assertion violates the constraint requiring thermodynamic evidence for categorical stability claims.",0.0,cautious_stability_claim,mp_bal_v2_0582_stability_incomplete,True,0.0,"The answer categorically claims that Au is stable without providing any thermodynamic evidence or context to support this claim. Stability in a material science context often requires information such as formation energy or hull distance, which are not provided in the retrieved context.",0.0,cautious_stability_claim,mp_bal_v2_0582_stability_incomplete,1,stability,incomplete,mp_derived_balanced_controlled,mp_property_derived,controlled_balanced,True,True,True,agreement
resp_0399d5c1d3202047,mp_bal_v2_0329_band_gap_negative,True,0.0,"A negative band gap is unphysical for a stable elemental solid at equilibrium; it typically indicates metallic behavior (i.e., no band gap), not a negative value. The answer presents -0.05 eV as the band gap without qualification or correction, despite the retrieved context explicitly labeling the value as 'outdated_or_incorrect' and using it only for stress testing. This violates the scientific constraint prohibiting assertion of negative band gaps as valid values.",0.0,non_negative_band_gap,mp_bal_v2_0329_band_gap_negative,True,0.0,"The answer asserts a negative band gap as a valid value, which is not scientifically possible.",0.0,non_negative_band_gap,mp_bal_v2_0329_band_gap_negative,1,band_gap,outdated_or_incorrect,mp_derived_balanced_controlled,mp_property_derived,controlled_balanced,True,True,True,agreement
resp_03a74e4dfc2e6f4e,mp_bal_v2_0956_conductivity_gap_conflict,True,0.0,"A band gap of 0.0 eV indicates metallic or semimetallic behavior, not insulating behavior. Insulators require a positive, non-zero band gap (typically > ~0.5–1 eV, though definitions vary; however, 0.0 eV is definitively not insulating). Stating that a material with 0.0 eV band gap is an insulator violates fundamental semiconductor physics. Additionally, the retrieved context explicitly reports 'Stable: False' and a positive formation energy (0.1608 eV/atom) and energy above hull, implying Mg4Si7 is thermodynamically unstable — but the answer ignores instability and misclassifies the electronic nature.",0.0,conductivity_band_gap_consistency,mp_bal_v2_0956_conductivity_gap_conflict,True,0.0,"The answer incorrectly classifies Mg4Si7 as an insulator with a band gap of 0.0 eV. A material with a band gap of 0.0 eV is typically considered metallic, not insulating.",0.0,conductivity_band_gap_consistency,mp_bal_v2_0956_conductivity_gap_conflict,1,band_gap,outdated_or_incorrect,mp_derived_balanced_controlled,mp_property_derived,controlled_balanced,True,True,True,agreement
resp_03b9a672d43ca9b1,mp_bal_v2_0721_band_gap_high,True,0.0,"Neptunium (Np) is a metallic actinide element with a partially filled 5f band; it is experimentally and theoretically established to be a metal with no band gap (i.e., zero or negative band gap in the insulator-semiconductor sense). A reported value of 16.5 eV is physically implausible — it exceeds even diamond's band gap (~5.5 eV) and is orders of magnitude larger than any known elemental solid. Such a value contradicts fundamental electronic structure knowledge of Np and indicates either a severe computational artifact or misattribution in the source. Therefore, asserting '16.5 eV' as the band gap violates the constraint that metallic materials cannot have a substantial positive band gap.",0.0,band_gap_physical_range,mp_bal_v2_0721_band_gap_high,True,0.0,The band gap of 16.5 eV is implausibly large for a material without any caveat or explanation. This value is not typical for any known material and likely indicates an error in the reported data.,0.0,band_gap_physical_range,mp_bal_v2_0721_band_gap_high,1,band_gap,outdated_or_incorrect,mp_derived_balanced_controlled,mp_property_derived,controlled_balanced,True,True,True,agreement
resp_03c41bfa58459469,mp_bal_v2_0810_conductivity_gap_conflict,True,0.0,"A band gap of 0.0 eV indicates metallic or semimetallic behavior, not insulating behavior. Insulators are defined by a substantial, nonzero band gap (typically > ~1–2 eV). Claiming a material with 0.0 eV band gap is an insulator contradicts fundamental electronic structure principles. Additionally, the context states O2 is 'Stable: False' and has positive energy above hull, consistent with its known metastability/reactivity, but that does not override the band-gap–conductivity relationship. The answer misclassifies the electronic character.",0.0,conductivity_band_gap_consistency,mp_bal_v2_0810_conductivity_gap_conflict,True,0.0,"A band gap of 0.0 eV typically indicates a metallic or semi-metallic material, not an insulator. The answer incorrectly classifies O2 as an insulator based on the given band gap.",0.0,conductivity_band_gap_consistency,mp_bal_v2_0810_conductivity_gap_conflict,1,band_gap,outdated_or_incorrect,mp_derived_balanced_controlled,mp_property_derived,controlled_balanced,True,True,True,agreement
resp_03f9d87a97130461,mp_bal_v2_0902_stability_incomplete,True,0.0,"The answer states 'MgSi is stable' categorically, without thermodynamic evidence (e.g., negative formation energy or zero hull distance). The retrieved context explicitly notes that the claim 'omits formation energy, hull distance, and thermodynamic qualification', meaning stability is asserted without supporting thermodynamic data. In materials science, 'stable' implies thermodynamic stability—i.e., lying on the convex hull (hull distance = 0) with negative (or zero) formation energy relative to elemental references. A categorical claim of stability without such evidence violates scientific rigor.",0.0,cautious_stability_claim,mp_bal_v2_0902_stability_incomplete,True,0.0,"The answer claims that MgSi is stable without providing any thermodynamic evidence or qualification, which violates the scientific constraint of requiring thermodynamic evidence for a categorical claim of stability.",0.0,cautious_stability_claim,mp_bal_v2_0902_stability_incomplete,1,stability,incomplete,mp_derived_balanced_controlled,mp_property_derived,controlled_balanced,True,True,True,agreement
resp_040de77f17d58002,mp_bal_v2_0931_stability_incomplete,True,0.0,"The answer asserts categorical thermodynamic stability ('Mg9Si5 is stable') without any supporting thermodynamic evidence (e.g., negative formation energy, zero or near-zero convex hull distance). The retrieved context explicitly states that the source 'omits formation energy, hull distance, and thermodynamic qualification', so stability cannot be reliably concluded. A categorical claim of stability in the absence of thermodynamic validation violates scientific rigor for materials stability assessment.",0.0,cautious_stability_claim,mp_bal_v2_0931_stability_incomplete,True,0.0,"The answer claims that Mg9Si5 is stable without providing any thermodynamic evidence or qualification. Stability in a material should be supported by thermodynamic data such as formation energy or hull distance, which are not provided in the retrieved context.",0.0,cautious_stability_claim,mp_bal_v2_0931_stability_incomplete,1,stability,incomplete,mp_derived_balanced_controlled,mp_property_derived,controlled_balanced,True,True,True,agreement
resp_040e07490b6f94af,mp_bal_v2_0809_stability_incomplete,True,0.0,"The answer states 'Bi is stable' categorically without thermodynamic evidence (e.g., formation energy, hull distance, or reference to convex hull stability). Elemental bismuth (Bi) is indeed experimentally known to be stable under ambient conditions, but in materials science RAG contexts, 'thermodynamically stable' strictly means lying on the convex hull of the phase diagram — i.e., having zero or negative formation energy relative to elemental references and no competing phases at the same composition. Since the retrieved context explicitly omits formation energy and hull distance, and the answer makes an unqualified, categorical claim of stability without citing thermodynamic data, it violates the constraint requiring thermodynamic evidence for categorical stability claims.",0.0,cautious_stability_claim,mp_bal_v2_0809_stability_incomplete,True,0.0,"The answer categorically claims that Bi is stable without providing any thermodynamic evidence, such as formation energy or hull distance, to support this claim.",0.0,cautious_stability_claim,mp_bal_v2_0809_stability_incomplete,1,stability,incomplete,mp_derived_balanced_controlled,mp_property_derived,controlled_balanced,True,True,True,agreement
resp_042c8299d5161ab3,mp_bal_v2_0314_stability_incomplete,True,0.0,"The answer states 'C is stable' categorically without thermodynamic evidence (e.g., negative formation energy or zero hull distance). While elemental carbon (e.g., graphite) is indeed thermodynamically stable under standard conditions, the retrieved context explicitly omits formation energy and hull distance — critical quantitative evidence for thermodynamic stability. A scientifically rigorous RAG answer must not assert categorical stability without supporting thermodynamic data, especially when the context provides none. This violates the constraint requiring thermodynamic evidence for categorical stability claims.",0.0,cautious_stability_claim,mp_bal_v2_0314_stability_incomplete,True,0.0,"The answer categorically claims that C (carbon) is stable without providing thermodynamic evidence such as formation energy or hull distance, which are necessary to support the claim of stability.",0.0,cautious_stability_claim,mp_bal_v2_0314_stability_incomplete,1,stability,incomplete,mp_derived_balanced_controlled,mp_property_derived,controlled_balanced,True,True,True,agreement
resp_0437d9b96872ae68,mp_bal_v2_0152_stability_incomplete,True,0.0,"The answer states 'Na is stable' categorically without thermodynamic evidence (e.g., formation energy or hull distance), and the retrieved context explicitly admits it omits formation energy, hull distance, and thermodynamic qualification. Elemental sodium (Na) is indeed experimentally stable under ambient conditions, but thermodynamic stability in materials science contexts—especially in databases like Materials Project—is rigorously defined relative to the convex hull: a material is considered 'thermodynamically stable' only if its formation energy is zero (by definition for elements) *and* it lies on the hull (i.e., no competing decomposition products are lower in energy). While elemental phases are reference states with ΔH_f = 0, stability assertions in RAG answers must reflect that this is a convention—not an intrinsic thermodynamic stability claim without context. However, the critical issue here is the *categorical, unqualified assertion* 'Na is stable' based on a source that explicitly lacks thermodynamic validation. Since the context provides no formation energy or hull distance, the answer overreaches by making a definitive thermodynamic stability claim unsupported by the given evidence. This violates the constraint against asserting stable material without thermodynamic evidence when the claim is categorical.",0.0,cautious_stability_claim,mp_bal_v2_0152_stability_incomplete,True,0.0,"The answer categorically claims that Na is stable without providing thermodynamic evidence, such as formation energy or hull distance, to support this claim.",0.0,cautious_stability_claim,mp_bal_v2_0152_stability_incomplete,1,stability,incomplete,mp_derived_balanced_controlled,mp_property_derived,controlled_balanced,True,True,True,agreement
resp_044b10df8863da94,mp_bal_v2_0799_stability_incomplete,True,0.0,"The answer states 'O2 is stable' categorically without thermodynamic evidence (e.g., formation energy or convex hull distance), and O2 is an elemental reference state — while it is conventionally stable by definition in standard thermodynamic tables, the retrieved context explicitly omits formation energy and hull distance, and provides no thermodynamic qualification. In materials science RAG contexts, asserting stability of a material without supporting thermodynamic data (especially when the context admits its absence) violates best practices: elemental forms like O2 are stable *by convention under standard conditions*, but the answer fails to specify conditions (e.g., 0 K, 1 atm, ideal gas) or acknowledge that stability is relative and context-dependent. More critically, the answer treats 'stable' as an absolute, unqualified property — whereas thermodynamic stability must be assessed relative to competing phases (e.g., O3, solid O2 polymorphs, or decomposition to atomic O), and the context gives no such analysis. Thus, the categorical claim violates the constraint requiring thermodynamic evidence for stability claims.",0.0,cautious_stability_claim,mp_bal_v2_0799_stability_incomplete,True,0.0,"The answer categorically claims that O2 is stable without providing any thermodynamic evidence or qualification. Stability in a materials science context often requires specific thermodynamic data such as formation energy or hull distance, which are not provided here.",0.0,cautious_stability_claim,mp_bal_v2_0799_stability_incomplete,1,stability,incomplete,mp_derived_balanced_controlled,mp_property_derived,controlled_balanced,True,True,True,agreement
resp_04738b10695dd165,mp_bal_v2_0017_stability_incomplete,True,0.0,"The answer states 'Al is stable' categorically without thermodynamic evidence (e.g., negative formation energy or zero hull distance). While elemental aluminum in its standard state (fcc Al, space group 225) is indeed thermodynamically stable under ambient conditions, the retrieved context explicitly lacks formation energy, hull distance, or any thermodynamic qualification — yet the answer asserts stability unconditionally. A scientifically rigorous RAG answer must either cite supporting thermodynamic data (e.g., ΔH_f = 0 eV/atom for elemental reference states) or qualify the claim (e.g., 'Al is the ground-state elemental form and is thermodynamically stable by convention'). Omitting such justification while making a categorical claim violates scientific constraint #4.",0.0,cautious_stability_claim,mp_bal_v2_0017_stability_incomplete,True,0.0,The answer categorically states that Al is stable without providing any thermodynamic evidence or qualification. Stability claims require supporting thermodynamic data such as formation energy or hull distance.,0.0,cautious_stability_claim,mp_bal_v2_0017_stability_incomplete,1,stability,incomplete,mp_derived_balanced_controlled,mp_property_derived,controlled_balanced,True,True,True,agreement
resp_0474bc04baff4733,mp_bal_v2_0448_stability_incomplete,True,0.0,"The answer states 'Sb is stable' categorically without thermodynamic evidence (e.g., formation energy or hull distance). Elemental antimony (Sb) in its standard rhombohedral (A7) structure is indeed experimentally known to be stable at ambient conditions, but thermodynamic stability in materials science databases like the Materials Project is formally assessed via convex hull analysis: a material is labeled 'stable' only if its formation energy is ≤ 0 eV/atom *and* its hull distance is 0 eV/atom. The retrieved context explicitly admits omission of formation energy and hull distance — so the claim lacks required thermodynamic qualification. A categorical stability assertion without such evidence violates scientific rigor in computational materials science.",0.0,cautious_stability_claim,mp_bal_v2_0448_stability_incomplete,True,0.0,"The answer claims that Sb (antimony) is stable without providing any thermodynamic evidence, such as formation energy or hull distance. Stability should not be stated categorically without supporting data.",0.0,cautious_stability_claim,mp_bal_v2_0448_stability_incomplete,1,stability,incomplete,mp_derived_balanced_controlled,mp_property_derived,controlled_balanced,True,True,True,agreement
resp_04c0a8a82f9e61a0,mp_bal_v2_0047_stability_incomplete,True,0.0,"The answer states 'Bi is stable' categorically without thermodynamic evidence (e.g., formation energy ≤ 0 eV/atom or hull distance = 0). While elemental bismuth is indeed experimentally known to be stable under ambient conditions, the retrieved context explicitly lacks formation energy, hull distance, or any thermodynamic qualification — and the answer fails to acknowledge this evidentiary gap. In a rigorous materials-science RAG context, asserting thermodynamic stability without supporting thermodynamic data (especially when the source omits it) violates the constraint against claiming stability 'without thermodynamic evidence when the claim is categorical'. Thus, the answer is scientifically unsupported as presented.",0.0,cautious_stability_claim,mp_bal_v2_0047_stability_incomplete,True,0.0,"The answer categorically claims that Bi is stable without providing any thermodynamic evidence such as formation energy or hull distance, which are necessary to support such a claim.",0.0,cautious_stability_claim,mp_bal_v2_0047_stability_incomplete,1,stability,incomplete,mp_derived_balanced_controlled,mp_property_derived,controlled_balanced,True,True,True,agreement
resp_04c791a09f8c9368,mp_bal_v2_0910_stability_incomplete,True,0.0,"The answer asserts categorical thermodynamic stability for Mg6Si5 without providing or referencing thermodynamic evidence (e.g., negative formation energy, zero or near-zero convex hull distance). The retrieved context explicitly states that the source 'omits formation energy, hull distance, and thermodynamic qualification', so declaring it 'stable' as a definitive fact violates the scientific constraint requiring thermodynamic evidence for stability claims.",0.0,cautious_stability_claim,mp_bal_v2_0910_stability_incomplete,True,0.0,"The answer claims that Mg6Si5 is stable without providing thermodynamic evidence, such as formation energy or hull distance, which is required for a categorical statement about stability.",0.0,cautious_stability_claim,mp_bal_v2_0910_stability_incomplete,1,stability,incomplete,mp_derived_balanced_controlled,mp_property_derived,controlled_balanced,True,True,True,agreement
resp_053b3087c4dcc591,mp_bal_v2_0778_stability_incomplete,True,0.0,"The answer states 'Cl2 is stable' categorically without thermodynamic evidence (e.g., formation energy or hull distance), despite the retrieved context explicitly admitting it 'omits formation energy, hull distance, and thermodynamic qualification'. Elemental chlorine (Cl2) is indeed the standard reference state for chlorine and has ΔH_f° = 0 by definition, so it is thermodynamically stable *relative to decomposition into Cl atoms* under standard conditions — but stability claims in materials science RAG contexts typically refer to stability against *all competing phases* in the convex hull (i.e., whether it lies on the hull). The answer fails to acknowledge that stability must be assessed relative to other possible chlorine-containing compounds (e.g., metal chlorides) and lacks any quantitative thermodynamic support. Since the context provides no such evidence and the answer asserts stability unqualifiedly, it violates the constraint requiring thermodynamic evidence for categorical stability claims.",0.0,cautious_stability_claim,mp_bal_v2_0778_stability_incomplete,True,0.0,"The answer categorically states that Cl2 is stable without providing any thermodynamic evidence, such as formation energy or hull distance, to support this claim.",0.0,cautious_stability_claim,mp_bal_v2_0778_stability_incomplete,1,stability,incomplete,mp_derived_balanced_controlled,mp_property_derived,controlled_balanced,True,True,True,agreement
resp_058ae7b6215bc44a,mp_bal_v2_0408_stability_incomplete,True,0.0,"The answer states 'C is stable' categorically without thermodynamic evidence (e.g., formation energy or hull distance), despite the retrieved context explicitly acknowledging that it 'omits formation energy, hull distance, and thermodynamic qualification'. Elemental carbon (e.g., graphite) *is* thermodynamically stable under standard conditions, but the answer fails to qualify the statement — e.g., 'graphite, the ground-state allotrope of C, is thermodynamically stable at 0 K and 1 atm' — and instead makes an unqualified, context-free assertion. Since the RAG context provides no thermodynamic validation, asserting stability categorically violates the scientific constraint requiring thermodynamic evidence for stability claims.",0.0,cautious_stability_claim,mp_bal_v2_0408_stability_incomplete,True,0.0,"The answer categorically states that C (carbon) is stable without providing any thermodynamic evidence, such as formation energy or hull distance. The retrieved context also omits this information, making the claim of stability unsupported.",0.0,cautious_stability_claim,mp_bal_v2_0408_stability_incomplete,1,stability,incomplete,mp_derived_balanced_controlled,mp_property_derived,controlled_balanced,True,True,True,agreement
resp_05d16a0dbb54d998,mp_bal_v2_0159_stability_incomplete,True,0.0,"The answer states 'S is stable' categorically without thermodynamic evidence (e.g., negative formation energy or zero hull distance). Elemental sulfur (S) has multiple allotropes (e.g., S8 rhombic, S8 monoclinic), and stability depends on phase, temperature, and pressure. While rhombic sulfur is the standard-state stable form at room temperature, asserting stability without qualification — especially when the retrieved context explicitly omits formation energy and hull distance — violates the scientific constraint requiring thermodynamic evidence for categorical stability claims.",0.0,cautious_stability_claim,mp_bal_v2_0159_stability_incomplete,True,0.0,"The answer claims that S (sulfur) is stable without providing any thermodynamic evidence such as formation energy or hull distance. Stability claims should be supported by thermodynamic data, and the provided context does not include this information.",0.0,cautious_stability_claim,mp_bal_v2_0159_stability_incomplete,1,stability,incomplete,mp_derived_balanced_controlled,mp_property_derived,controlled_balanced,True,True,True,agreement
resp_05ed15347bc2662b,mp_bal_v2_0962_stability_incomplete,True,0.0,"The answer asserts categorical thermodynamic stability for Mg4Si7 without providing or referencing thermodynamic evidence (e.g., negative formation energy, zero or near-zero convex hull distance). The retrieved context explicitly states that the claim 'omits formation energy, hull distance, and thermodynamic qualification', meaning no quantitative thermodynamic validation is given. Asserting stability categorically in the absence of such evidence violates scientific rigor—stability must be established via computed or experimental thermodynamic metrics (e.g., E_form < 0 and ΔH_f above hull ≈ 0).",0.0,cautious_stability_claim,mp_bal_v2_0962_stability_incomplete,True,0.0,"The answer categorically claims that Mg4Si7 is stable without providing any thermodynamic evidence, such as formation energy or hull distance, to support this claim.",0.0,cautious_stability_claim,mp_bal_v2_0962_stability_incomplete,1,stability,incomplete,mp_derived_balanced_controlled,mp_property_derived,controlled_balanced,True,True,True,agreement
resp_0662124c763bf267,mp_bal_v2_0662_stability_incomplete,True,0.0,"The answer states 'C is stable' categorically without thermodynamic evidence (e.g., formation energy or hull distance), despite the retrieved context explicitly admitting it 'omits formation energy, hull distance, and thermodynamic qualification'. Elemental carbon (e.g., graphite) *is* thermodynamically stable under standard conditions, but the answer fails to qualify the statement — it does not specify phase (graphite vs. diamond vs. amorphous), conditions (T, P), or basis (formation energy ≤ 0 relative to elemental reference). In materials science RAG evaluation, a categorical stability claim without supporting thermodynamic data — especially when the source itself lacks such data — violates scientific rigor. Thus, the assertion is unjustified as presented.",0.0,cautious_stability_claim,mp_bal_v2_0662_stability_incomplete,True,0.0,"The answer categorically claims that C (carbon) is stable without providing thermodynamic evidence such as formation energy or hull distance. The retrieved context also omits this necessary information, so the claim of stability is not substantiated.",0.0,cautious_stability_claim,mp_bal_v2_0662_stability_incomplete,1,stability,incomplete,mp_derived_balanced_controlled,mp_property_derived,controlled_balanced,True,True,True,agreement
resp_067a5914db8756ac,mp_bal_v2_0573_stability_incomplete,True,0.0,"The answer states 'P is stable' categorically without thermodynamic evidence (e.g., negative formation energy or zero hull distance). Elemental phosphorus has multiple allotropes (white, red, black), and only some are metastable or stable under specific conditions; white phosphorus is thermodynamically unstable with respect to red phosphorus at room temperature (ΔG < 0 for conversion). A categorical claim of stability for 'P'—without specifying allotrope or conditions—is scientifically unjustified. The retrieved context itself admits it 'omits formation energy, hull distance, and thermodynamic qualification', so asserting stability violates the constraint requiring thermodynamic evidence for categorical stability claims.",0.0,cautious_stability_claim,mp_bal_v2_0573_stability_incomplete,True,0.0,"The answer claims that P (phosphorus) is stable without providing any thermodynamic evidence or qualification, which violates the scientific constraint of requiring thermodynamic evidence for a categorical claim of stability.",0.0,cautious_stability_claim,mp_bal_v2_0573_stability_incomplete,1,stability,incomplete,mp_derived_balanced_controlled,mp_property_derived,controlled_balanced,True,True,True,agreement
resp_002b6ba46c86ff76,natural_arxiv_current_0246,False,1.0,"The answer restates a factual, non-controversial claim directly from the abstract: that the origin of unconventional superconductivity in few-layer graphene remains an open question. This is a scientifically valid and cautious statement — it makes no definitive assertion about stability, band structure, thermodynamics, or physical parameters; it merely reports an unresolved research problem. No scientific constraint (e.g., invalid band gap, impossible thermodynamic condition, inconsistent crystal symmetry) is violated.",1.0,,natural_arxiv_current_0246,False,1.0,"The answer does not violate any scientific constraints. It accurately summarizes the main claim from the retrieved context, which is that the origin of unconventional superconductivity in two-dimensional materials, such as few-layer graphene, remains an open question.",1.0,,natural_arxiv_current_0246,1,superconductivity,current,natural_source_linked,extractive_real_arxiv,matched_and_mismatched,False,False,True,agreement
resp_01f61e0ebf8bb69d,natural_arxiv_current_0117,False,1.0,"The answer is a direct, factual excerpt from the retrieved context and makes no scientific claims that violate established materials-science principles. It reports experimental conditions (nanodiamond size, deposition method, gas mixing, pressure range) without asserting thermodynamic stability, electronic structure properties (e.g., band gap), invalid chemical species, or unphysical conditions. All quantities (70 nm, 0–100% O2, 0–760 mmHg, ambient pressure) are physically reasonable and internally consistent. No categorical stability claims, formation energy assertions, or crystallographic inconsistencies are present.",1.0,,natural_arxiv_current_0117,False,1.0,"The answer does not assert any scientifically invalid claims. It accurately describes the experimental setup and conditions for detecting oxygen using fluorescent nanodiamonds, without violating any scientific constraints.",1.0,,natural_arxiv_current_0117,1,pressure,current,natural_source_linked,extractive_real_arxiv,matched_and_mismatched,False,False,True,agreement
resp_023821568da737de,natural_arxiv_current_0014,False,1.0,"The answer is a direct, accurate quotation from the abstract of the retrieved arXiv source. It states a well-established conceptual background about altermagnetism and its prior exploration in d-electron systems — a factual, non-categorical claim that does not assert material stability, band structure values, thermodynamic feasibility, or physical impossibilities. It introduces no invalid chemical symbols, negative/absolute temperatures, inconsistent crystallography, or contradictory electronic properties. The statement is scientifically sound and contextually faithful.",1.0,,natural_arxiv_current_0014,False,1.0,"The answer does not assert any of the listed scientific violations. It correctly summarizes a part of the abstract, stating that altermagnetism has been primarily explored in weakly or moderately correlated d-electron systems.",1.0,,natural_arxiv_current_0014,1,natural_claim,current,natural_source_linked,extractive_real_arxiv,matched_and_mismatched,False,False,True,agreement
resp_024be1cbe053f4c4,natural_arxiv_current_0077,False,1.0,"The answer is a direct, faithful excerpt from the retrieved context and makes no unsupported or scientifically invalid claims. It states that first-principles calculations predict electronic stability of g-GaN under intense electric fields and that gallium vacancies extend the theoretical stability limit — a conditional, computationally predicted claim (not a categorical assertion of experimental stability), consistent with standard DFT-based defect physics. No violation of scientific constraints (e.g., negative band gap, invalid chemistry, positive formation energy mislabeled as stable, inconsistent crystal system, etc.) is introduced. The statement does not quantify 'stability limit' in thermodynamic terms (e.g., formation energy), so no unjustified claim of thermodynamic stability is made. Thus, no scientific constraint is violated.",1.0,,natural_arxiv_current_0077,False,1.0,"The answer does not assert any negative band gaps, implausibly large band gaps, invalid chemical symbols, or other scientifically invalid claims. It correctly reports the main materials-science claim from the source, which is that g-GaN maintains electronic stability under intense electric fields and that gallium vacancies extend the theoretical stability limit.",1.0,,natural_arxiv_current_0077,1,stability,current,natural_source_linked,extractive_real_arxiv,matched_and_mismatched,False,False,True,agreement
resp_027f521cbef2e473,natural_arxiv_current_0120,False,1.0,"The answer directly quotes a key claim from the abstract — that mechanical force enables synthesis and nanoscale patterning to produce an atomically-thin superconducting material — and does not introduce any scientifically invalid assertion. Superconductivity in atomically thin 2D materials (e.g., NbSe₂, FeSe monolayers, or doped TMDs) is experimentally established; Pd-intercalated MoTe₂ systems are plausible candidates given known intercalation chemistry of transition metals into TMDs. The claim is conditional on the reported mechanochemical process and does not assert thermodynamic stability without evidence, nor does it misrepresent band structure, crystal symmetry, or physical parameters. No violation of scientific constraints is present.",1.0,,natural_arxiv_current_0120,False,1.0,"The answer accurately reflects the main claim of the source, which is the use of mechanical force to synthesize and pattern an atomically-thin superconducting material. There are no violations of scientific constraints in this statement.",1.0,,natural_arxiv_current_0120,1,chemical_formula,current,natural_source_linked,extractive_real_arxiv,matched_and_mismatched,False,False,True,agreement
resp_02ade0d87e9c584b,natural_arxiv_noisy_0009,False,1.0,"The answer is a direct, verbatim excerpt from the abstract of the retrieved context and does not make any independent scientific claim. It restates the central scientific question posed in the source — whether low-energy excitations can remain itinerant under strong disorder in frustrated quantum magnets — without asserting any factual claim that violates scientific constraints (e.g., no band gap value, no stability claim, no invalid chemical formula, no thermodynamic inconsistency). It is a framing question, not a definitive assertion, and thus poses no scientific violation.",1.0,,natural_arxiv_noisy_0009,False,1.0,"The answer does not violate any scientific constraints. It accurately summarizes the main challenge discussed in the abstract, which is the behavior of low-energy excitations in the presence of strong disorder in frustrated quantum magnets.",1.0,,natural_arxiv_noisy_0009,1,natural_claim,incomplete,natural_source_linked,extractive_real_arxiv,matched_and_mismatched,False,False,True,agreement
resp_0521cf4be630bab4,natural_arxiv_current_0107,False,1.0,"The answer directly quotes the first sentence of the abstract, which accurately reflects the main materials-science claim: addressing interface smearing (caused by barrier-channel intermixing) in high-Al-content AlGaN/AlGaN heterostructures and its detrimental effect on the 2DEG. No scientific constraint is violated — all chemical formulas (AlGaN, AlN, Al$_{0.75}$Ga$_{0.25}$N) are valid, no band gap values or thermodynamic stability claims are misstated, and no physically implausible quantities (e.g., negative temperature, inconsistent crystal systems) are introduced. The statement is factual, context-supported, and scientifically sound.",1.0,,natural_arxiv_current_0107,False,1.0,"The answer does not assert any invalid scientific claims. It accurately summarizes the main materials-science claim from the provided context, which is about understanding and addressing interface smearing in high-aluminium content AlGaN/AlGaN heterostructures.",1.0,,natural_arxiv_current_0107,1,natural_claim,current,natural_source_linked,extractive_real_arxiv,matched_and_mismatched,False,False,True,agreement
resp_06064ea6ce1c8a2b,natural_arxiv_current_0194,False,1.0,"The answer is a direct, accurate quote from the abstract of the retrieved source and reflects a well-established scientific concept: superconductivity can persist in disordered systems (e.g., amorphous or heavily alloyed superconductors), as supported by decades of experimental and theoretical work (e.g., Anderson’s theorem, studies of TiN, NbN, MoGe, etc.). No scientific constraint is violated: no band gap is mentioned, no thermodynamic stability claim is made, no invalid physical quantities (e.g., negative temperature) are asserted, and the statement is appropriately general and non-categorical (uses 'can survive', not 'is always stable'). The answer does not overinterpret or misrepresent the source.",1.0,,natural_arxiv_current_0194,False,1.0,The answer does not assert any invalid scientific claims. It correctly summarizes a key point from the abstract about the importance of disordered superconductors and their behavior in the presence of strong electron scattering and localization effects.,1.0,,natural_arxiv_current_0194,1,superconductivity,current,natural_source_linked,extractive_real_arxiv,matched_and_mismatched,False,False,True,agreement
resp_0639051a9254d281,natural_arxiv_current_0075,False,1.0,"The answer directly quotes a key claim from the abstract of the retrieved arXiv source, accurately reflecting the main materials-science claim: that hybridization between Dirac and flat-band states is predicted to produce emergent phenomena like heavy-fermion behaviour. This statement is presented as a theoretical prediction (‘is predicted to yield’), not an experimentally confirmed fact, and aligns with standard condensed-matter physics concepts—Dirac bands (e.g., in graphene) and flat bands (e.g., in moiré or adsorbate systems) can hybridize, leading to renormalized quasiparticles and correlated effects. No scientific constraint is violated: no band gap value is cited, no stability or thermodynamic claim is made categorically, no invalid symbols or unphysical conditions are asserted.",1.0,,natural_arxiv_current_0075,False,1.0,"The answer accurately reflects the main materials-science claim reported in the source, which is the hybridization of highly itinerant Dirac electrons with localized flat-band states and the prediction of emergent phenomena such as exotic heavy-fermion behavior. There are no scientific violations in the provided answer.",1.0,,natural_arxiv_current_0075,1,natural_claim,current,natural_source_linked,extractive_real_arxiv,matched_and_mismatched,False,False,True,agreement
resp_083c17e85b6969a3,natural_arxiv_current_0039,False,1.0,"The answer directly quotes a factual claim from the retrieved abstract without introducing any scientifically invalid assertion. It reports experimental conditions (particle flux, total fluence) and an observed outcome (stable operation under irradiation), all of which are physically plausible and consistent with radiation-effects testing in electronics. No negative band gaps, invalid chemical symbols, thermodynamically unsupported stability claims, unphysical temperatures/pressures, band-structure contradictions, or crystal-system mismatches are present. The statement is descriptive and contextually faithful.",1.0,,natural_arxiv_current_0039,False,1.0,"The answer does not violate any scientific constraints. It accurately reports the main claim from the source, which is the stable operation of an amorphous semiconductor-based circuit under heavy-ion irradiation at a high particle flux and total fluence.",1.0,,natural_arxiv_current_0039,1,stability,current,natural_source_linked,extractive_real_arxiv,matched_and_mismatched,False,False,True,agreement
resp_094122c8a374dfbd,natural_arxiv_noisy_0023,False,1.0,"The answer is a direct, verbatim excerpt from the retrieved context's abstract and does not make any scientific claim beyond what is stated there. It does not assert any invalid physical quantity (e.g., negative band gap, implausible band gap, invalid chemical formula), misrepresent crystallographic data, or draw unsupported thermodynamic stability conclusions. The quoted text is factually consistent with the provided context and contains no internal scientific inconsistency or violation of fundamental materials-science constraints.",1.0,,natural_arxiv_noisy_0023,False,1.0,"The answer does not assert any invalid scientific claims. It simply restates the main focus of the provided context, which is about understanding and addressing the issue of interface smearing in high-aluminium content AlGaN/AlGaN heterostructures. The answer does not make any specific claims about band gaps, chemical symbols, stability, or other material properties that could violate scientific constraints.",1.0,,natural_arxiv_noisy_0023,1,superconductivity,incomplete,natural_source_linked,extractive_real_arxiv,matched_and_mismatched,False,False,True,agreement
resp_0a650c5974f3505e,natural_arxiv_current_0226,False,1.0,"The answer is a direct, accurate quote from the abstract of the retrieved arXiv source and does not make any independent scientific claim. It states a well-documented historical fact (first HEA superconductor reported in 2014 — referring to NbTiVZrTa by Senkov et al., Acta Materialia 2014) and expresses ongoing research interest without asserting unsupported material properties, thermodynamic stability, electronic structure, or physical parameters. No scientific constraint is violated.",0.0,valid_chemical_symbols,natural_arxiv_current_0226,False,0.0,"The answer provided does not make any specific scientific claims about the properties of the materials, such as band gaps, stability, or crystal structure. It only states that high entropy alloys (HEAs) have continued to attract interest in superconductivity research since 2014. This statement is consistent with the context and does not violate any scientific constraints.",0.0,valid_chemical_symbols,natural_arxiv_current_0226,1,superconductivity,current,natural_source_linked,extractive_real_arxiv,matched_and_mismatched,False,False,True,agreement
resp_0b2bc9135ba1ed86,natural_arxiv_current_0065,False,1.0,"The answer is a direct, factual excerpt from the abstract of the retrieved source and makes no scientific claim that violates any of the listed constraints. It reports a methodological setup (investigation of nonlinear photoacoustic response using specific techniques) without asserting unsupported thermodynamic stability, invalid physical quantities, inconsistent crystallography, or erroneous electronic structure properties. No negative/invalid band gap, formation energy, temperature, pressure, or chemical symbol is mentioned; no categorical stability claim is made without evidence. Thus, it is scientifically sound and contextually faithful.",1.0,,natural_arxiv_current_0065,False,1.0,"The answer does not assert any scientifically invalid claims. It accurately summarizes the main materials-science claim from the source, which is the investigation of the nonlinear photoacoustic response of indium phosphide nanocrystals on silicon nanotip arrays using specific experimental techniques.",1.0,,natural_arxiv_current_0065,1,natural_claim,current,natural_source_linked,extractive_real_arxiv,matched_and_mismatched,False,False,True,agreement
resp_0bac44c6afefeec8,natural_arxiv_noisy_0234,False,1.0,"The statement 'Fourier's law dictates that heat flow is usually parallel to the applied temperature gradient' is scientifically accurate and consistent with the retrieved context. Fourier's law (J = -κ∇T) states that the conductive heat flux J is proportional and antiparallel to the temperature gradient ∇T — i.e., collinear and opposite in direction — which implies parallelism (up to sign). The context correctly uses this as background before introducing the anomalous thermal Hall effect. No scientific constraint is violated: no band gap, chemical symbol, stability, thermodynamic, temperature/pressure, or crystallographic claims are made in the answer.",1.0,,natural_arxiv_noisy_0234,False,0.0,"The answer does not make any claims that violate scientific constraints. It simply restates a well-known principle, Fourier's law, without asserting any invalid or implausible values or conditions.",1.0,,natural_arxiv_noisy_0234,1,temperature,incomplete,natural_source_linked,extractive_real_arxiv,matched_and_mismatched,False,False,True,agreement
resp_0be44476ceb08065,natural_arxiv_noisy_0076,False,1.0,"The answer is a verbatim excerpt from the abstract of the retrieved arXiv source. It does not make any materials-science claim about 'Radiative electronic bound states in the continuum from defects in semiconductors' — but the question itself misattributes the title: the retrieved context is for a paper titled 'Rigorous extension of semilocal collinear functionals to noncollinear DFT using SU(2) rotations', not the one mentioned in the question. However, the instruction is to evaluate *scientific constraints* in the answer, not its relevance or accuracy with respect to the question's premise. The quoted sentence contains no scientifically invalid assertion: 'extending to fully nonlocal functionals' and 'numerically stable relativistic response calculations' are legitimate, plausible claims in computational materials science. No violation of band gap, thermodynamic stability, crystallographic, temperature, pressure, or chemical symbol constraints is present.",1.0,,natural_arxiv_noisy_0076,False,1.0,"The answer does not assert any scientifically invalid claims. It correctly summarizes a part of the abstract, which states that the approach extends to fully nonlocal functionals and provides a direct route towards numerically stable relativistic response calculations. There are no violations of scientific constraints in this statement.",1.0,,natural_arxiv_noisy_0076,1,stability,incomplete,natural_source_linked,extractive_real_arxiv,matched_and_mismatched,False,False,True,agreement
resp_0c1ec2462e232ca9,natural_arxiv_current_0197,False,1.0,"The answer is a direct, verbatim quote from the abstract of the retrieved source and does not make any independent scientific claim. It accurately reflects the stated uncertainty in the literature ('remains unsettled') without asserting falsehoods, misrepresenting data, or violating any scientific constraint (e.g., no band gap values, stability claims, thermodynamic assertions, or inconsistent crystallographic statements are made). It is a neutral, context-supported summary sentence.",1.0,,natural_arxiv_current_0197,False,1.0,"The answer does not assert any invalid scientific claims. It simply restates a part of the abstract, which is a valid summary of the context provided.",1.0,,natural_arxiv_current_0197,1,superconductivity,current,natural_source_linked,extractive_real_arxiv,matched_and_mismatched,False,False,True,agreement
resp_0c29a518e7b25905,natural_arxiv_noisy_0020,False,1.0,"The answer is a direct, factual excerpt from the retrieved context (the abstract of arXiv:2606.05050v1) and makes no scientific claim that violates any of the listed constraints. It does not mention band gaps, formation energies, crystal systems, space groups, temperature/pressure extremes, or chemical stability assertions — nor does it misattribute findings to the wrong paper (e.g., it does not falsely claim this abstract discusses NbIrTe$_4$ or pressure-induced electronic phase transitions). While the question asks about a *different* source ('Charge dynamics in the Weyl semimetals...'), the answer does not misrepresent the cited arXiv paper’s content; it merely reports what that paper claims — and does so accurately. Since the instruction says not to mark violation when quoting an invalid value *only to reject it or note unreliability*, and here there is no invalid value quoted at all, no violation occurs.",1.0,,natural_arxiv_noisy_0020,False,1.0,"The answer does not assert any invalid scientific claims. It accurately summarizes the capabilities of the CatDT system as described in the retrieved context, without making any assertions about band gaps, chemical symbols, material stability, or other physical properties that could violate scientific constraints.",1.0,,natural_arxiv_noisy_0020,1,stability,incomplete,natural_source_linked,extractive_real_arxiv,matched_and_mismatched,False,False,True,agreement
resp_0c918879a382962f,natural_arxiv_current_0042,False,1.0,"The answer directly quotes the first sentence of the abstract, which is a general scientific statement about 2D magnetic semiconductors and their utility—not a specific claim about CrSBr_{1-x}Cl_x per se, but it is presented as the overarching context framing the study. It does not assert any scientifically invalid property (e.g., incorrect band gap, unstable phase, inconsistent symmetry, etc.). While the question asks for the 'main materials-science claim reported in the source', the quoted sentence is indeed the central conceptual claim introduced in the abstract to motivate the work. No scientific constraint is violated: no invalid chemical notation, no thermodynamic overclaim (no stability assertion is made), no physical impossibility (e.g., negative temperature), and no contradictory electronic/magnetic characterization. Thus, the answer is scientifically sound and faithful to the context.",1.0,,natural_arxiv_current_0042,False,1.0,"The answer does not assert any invalid scientific claims. It correctly summarizes a general statement from the abstract about the potential of two-dimensional magnetic semiconductors for exploring specific interactions, without making any specific claims that would violate scientific constraints.",1.0,,natural_arxiv_current_0042,1,natural_claim,current,natural_source_linked,extractive_real_arxiv,matched_and_mismatched,False,False,True,agreement
resp_0d0871867967782e,natural_arxiv_current_0105,False,1.0,"The answer is a direct, verbatim excerpt from the abstract of the retrieved arXiv source and does not make any independent scientific claim. It accurately reflects the stated focus of the paper — investigating topological electronic responses in a kagome altermagnetic metal with a compensated coplanar 120° magnetic texture. No scientific constraint is violated: 'altermagnetic metal' is an emerging but valid concept in modern magnetism research; 'compensated coplanar 120° magnetic texture' is physically plausible for kagome lattices (e.g., as in Fe3Sn2 or related materials); no band gap, formation energy, temperature, pressure, or crystallographic inconsistency is asserted. The answer refrains from overinterpreting or adding unsupported claims.",1.0,,natural_arxiv_current_0105,False,1.0,"The answer accurately summarizes the main materials-science claim from the provided context without asserting any scientifically invalid or implausible values. The claim is about topological electronic responses in a kagome altermagnetic metal with a specific magnetic texture, which is consistent with the abstract.",1.0,,natural_arxiv_current_0105,1,natural_claim,current,natural_source_linked,extractive_real_arxiv,matched_and_mismatched,False,False,True,agreement
resp_0ec280e38ee91ffd,natural_arxiv_noisy_0241,False,1.0,"The answer is a generic, scientifically accurate statement extracted from the abstract of the retrieved context. It does not make any specific claim about 'Current-driven reduction of topological protection in multichannel superconductors' — but the question asks for the main materials-science claim *reported in the source titled* that — and the retrieved context is *not* that source; it is a different arXiv paper (2605.27104v1) on perovskite band-gap temperature dependence. However, the evaluator is instructed to assess *scientific validity*, not relevance or correctness of source attribution. The quoted sentence is scientifically sound: temperature dependence of band gaps is indeed essential for optoelectronic device optimization. It contains no negative band gap, invalid chemistry, thermodynamic overclaim, unphysical condition, or crystallographic inconsistency. Thus, no scientific constraint is violated.",1.0,,natural_arxiv_noisy_0241,False,1.0,"The answer does not assert any scientifically invalid claims. It correctly states the importance of understanding the temperature dependence of semiconductor band gaps for optimizing optoelectronic devices, which is a valid and general statement.",1.0,,natural_arxiv_noisy_0241,1,band_gap,incomplete,natural_source_linked,extractive_real_arxiv,matched_and_mismatched,False,False,True,agreement
resp_0f58849816a9e341,natural_arxiv_current_0031,False,1.0,"The answer directly quotes a scientifically sound statement from the abstract of the retrieved arXiv source. It accurately reflects the main conceptual background claim — that layered halide perovskites host strong excitons typically interpreted as absorptive resonances — without introducing any physically invalid assertions (e.g., no band gap values, no thermodynamic stability claims, no erroneous material properties). The statement is descriptive and contextually appropriate; it does not overinterpret or misrepresent the source, nor does it violate any scientific constraint.",1.0,,natural_arxiv_current_0031,False,1.0,"The answer does not assert any invalid scientific claims. It correctly summarizes a part of the abstract, stating that strong excitons in layered halide perovskites are usually interpreted as absorptive resonances on a smooth dielectric background. There are no violations of scientific constraints in this statement.",1.0,,natural_arxiv_current_0031,1,natural_claim,current,natural_source_linked,extractive_real_arxiv,matched_and_mismatched,False,False,True,agreement
resp_0fa051f6f512c020,natural_arxiv_noisy_0207,False,1.0,"The answer is a direct, factual statement extracted from the abstract of the retrieved context. It makes no scientific claim about band gaps, stability, thermodynamics, temperature, pressure, crystal systems, or chemical validity — none of the prohibited assertions are present. It is a generic, well-established fact in quantum information science and is consistent with the source. No scientific constraint is violated.",1.0,,natural_arxiv_noisy_0207,False,1.0,"The answer does not assert any scientifically invalid claims. It simply restates a general fact from the abstract about the use of single electron spins in semiconductor quantum devices, which is a valid and widely accepted concept in materials science.",1.0,,natural_arxiv_noisy_0207,1,formation_energy,incomplete,natural_source_linked,extractive_real_arxiv,matched_and_mismatched,False,False,True,agreement
resp_106d4c48a20eab49,natural_arxiv_noisy_0238,False,1.0,"The answer is a direct, accurate quote from the abstract of the retrieved context (arXiv:2605.27708v1), which concerns hot-exciton cooling in semiconductor nanocrystals—not neutron stars. Although the question incorrectly references a non-existent source titled 'Generation of Quantum Turbulence by Neutrino Cooling in Neutron Stars', the answer does not fabricate or misrepresent scientific facts; it correctly reports the main claim of the *actual* retrieved source. No scientific constraint is violated: no invalid physical quantities, incorrect material properties, or inconsistent crystallographic/thermodynamic claims are made. The mismatch between question and context is a retrieval issue, not an answer violation.",1.0,,natural_arxiv_noisy_0238,False,1.0,"The answer accurately summarizes the main materials-science claim reported in the provided context, which is about the difficulty in assessing the accuracy of perturbative theories for realistic exciton-phonon Hamiltonians in the context of hot-exciton relaxation in semiconductor nanocrystals. There are no violations of scientific constraints.",1.0,,natural_arxiv_noisy_0238,1,natural_claim,incomplete,natural_source_linked,extractive_real_arxiv,matched_and_mismatched,False,False,True,agreement
resp_1086a5f2a9af7c8e,natural_arxiv_current_0159,False,1.0,"The answer is a direct, verbatim excerpt from the abstract of the retrieved source and accurately reflects the main experimental approach described in the paper. It does not make any unsupported scientific claims, misrepresent material properties, or violate any of the listed scientific constraints (e.g., no band gap values, no thermodynamic stability assertions, no invalid crystallographic or magnetic claims). While it is incomplete as a summary of the 'main claim' (which centers on magnetic domain reconfiguration across the Verwey transition), the statement itself is scientifically valid and contextually faithful. The evaluation criteria concern scientific validity—not completeness or interpretive depth—so no violation occurs.",1.0,,natural_arxiv_current_0159,False,1.0,"The answer does not assert any scientifically invalid claims. It simply restates the method used in the study, which is consistent with the retrieved context and does not violate any scientific constraints.",1.0,,natural_arxiv_current_0159,1,natural_claim,current,natural_source_linked,extractive_real_arxiv,matched_and_mismatched,False,False,True,agreement
resp_10af303045d52e60,natural_arxiv_current_0108,False,1.0,"The answer is a direct, accurate, and scientifically sound restatement of the opening sentence of the abstract. It makes no quantitative or categorical claims about stability, thermodynamics, band structure, crystallography, or physical conditions — it only reports the well-established fact that HEAs are studied for hydrogen storage due to compositional flexibility, and that thermodynamic optimization is critical. No scientific constraint is violated.",0.0,valid_chemical_symbols,natural_arxiv_current_0108,False,1.0,"The answer does not assert any invalid or implausible scientific claims. It simply restates the importance of designing high-entropy alloys (HEAs) with optimal thermodynamics for hydrogen storage, which is a valid and scientifically sound statement.",0.0,valid_chemical_symbols,natural_arxiv_current_0108,1,temperature,current,natural_source_linked,extractive_real_arxiv,matched_and_mismatched,False,False,True,agreement
resp_11374dccf007ac35,natural_arxiv_noisy_0092,False,1.0,"The answer is a scientifically accurate, generic statement about conventional superconductors and does not make any unsupported or physically invalid claim. It does not reference the cited source's actual title ('Effects of Band Symmetry on Spin-Dependent Transport in Noncollinear Antiferromagnetic Tunnel Junctions') — but the retrieved context itself is mismatched: the provided arXiv record (2606.04742v1) has a different title and topic (nodal superconductivity in Nb-Re), suggesting the retrieval is erroneous. However, the answer does not assert anything false, inconsistent, or physically implausible — it merely states a well-established fact. Since the instruction is to flag only *scientific* violations (e.g., negative band gap, invalid chemistry, thermodynamic impossibility), and this statement violates none, violation=false.",1.0,,natural_arxiv_noisy_0092,False,1.0,"The answer does not violate any scientific constraints. It correctly states a well-known fact about conventional superconductors, that Cooper pairs form in an even-parity spin-singlet state. However, the answer does not fully address the main materials-science claim reported in the source, which is about the presence of a mixed-parity order parameter with a significant spin-triplet component in the noncentrosymmetric weakly-correlated metal Nb-Re.",1.0,,natural_arxiv_noisy_0092,1,superconductivity,incomplete,natural_source_linked,extractive_real_arxiv,matched_and_mismatched,False,False,True,agreement
resp_1240fc3baa006b5b,natural_arxiv_noisy_0049,False,1.0,"The answer is a direct, accurate quotation of a factual claim from the retrieved context. It does not assert any scientifically invalid statement: NV centers are indeed established quantum sensors, and optically detected magnetic resonance (ODMR) has been observed at megabar pressures (e.g., >100 GPa, consistent with 'megabar' = ~100 GPa). The statement is descriptive and contextualized within the source; it makes no unsupported thermodynamic, electronic-structure, or materials-stability claims. No scientific constraint is violated.",1.0,,natural_arxiv_noisy_0049,False,1.0,"The answer accurately reflects the main materials-science claim from the provided context, which is that the nitrogen vacancy (NV) center is a powerful quantum sensor in high-pressure research, capable of optically detected magnetic resonance at megabar pressures. There are no scientific violations in the answer.",1.0,,natural_arxiv_noisy_0049,1,pressure,incomplete,natural_source_linked,extractive_real_arxiv,matched_and_mismatched,False,False,True,agreement
resp_1243c75136731d5e,natural_arxiv_noisy_0191,False,1.0,"The answer restates a factual, scientifically sound claim from the retrieved context — namely, that hydrogen plasma irradiation in magnetic confinement fusion reactors leads to hydrogen saturation and recycling in tungsten walls, with consequential effects on peripheral plasma. This statement is physically plausible, consistent with established plasma-material interaction physics, and does not violate any of the specified scientific constraints (e.g., no band gap claims, no thermodynamic stability assertions, no invalid symbols or units, no inconsistent crystallography). The answer does not misattribute the claim to the wrong source title — it simply reports a materials-science–relevant claim present in the given context. While the question asks about a source titled 'Structure, Composition, and High-Field Superconductivity in Metal-Rich η-Carbide-Type Compounds', the retrieved context is actually from a different arXiv paper (2606.02084v1), and the answer correctly reflects *that* context — it does not falsely assert the claim belongs to the mismatched title. Since the instruction is to evaluate scientific validity — not bibliographic accuracy — and the quoted statement is scientifically valid, there is no violation.",1.0,,natural_arxiv_noisy_0191,False,1.0,"The answer does not violate any scientific constraints. It accurately summarizes a key point from the retrieved context, which is about the impact of hydrogen plasma irradiation on tungsten walls in magnetic confinement fusion reactors.",1.0,,natural_arxiv_noisy_0191,1,superconductivity,incomplete,natural_source_linked,extractive_real_arxiv,matched_and_mismatched,False,False,True,agreement
resp_1243d0a0760d3dd2,natural_arxiv_noisy_0103,False,1.0,"The answer directly quotes the first sentence of the abstract from the retrieved context, which accurately reflects the main claim of that source. The question asks for the main materials-science claim reported in a source with a specific title — but the retrieved context is misaligned: it corresponds to arXiv:2606.02534v1, whose title is 'Reduce dimensional quantum criticality for Non-Fermi liquids', not the stated 'Mechanoluminescence in crystalline inorganic materials...'. However, the evaluation criteria do not penalize factual misalignment between question and context (e.g., hallucinated or mismatched source), only scientific violations. The quoted statement itself contains no scientifically invalid content: reduced-dimension frameworks for NFLs are legitimate theoretical constructs in condensed matter physics; no forbidden values (e.g., negative band gaps, invalid symbols), thermodynamic overclaims, or physical impossibilities are present. Thus, no scientific constraint is violated.",1.0,,natural_arxiv_noisy_0103,False,1.0,"The answer does not contain any assertions that violate scientific constraints. It accurately summarizes the main claim of the source, which is about a reduced dimension theoretical framework for studying quantum field theories at finite density and non-Fermi liquid behavior.",1.0,,natural_arxiv_noisy_0103,1,natural_claim,incomplete,natural_source_linked,extractive_real_arxiv,matched_and_mismatched,False,False,True,agreement
resp_1300c1f0af89b85f,natural_arxiv_noisy_0027,False,1.0,"The answer is a direct, verbatim excerpt from the retrieved context's abstract and makes no scientific claim beyond what is stated there. It does not assert any invalid physical quantity (e.g., negative band gap, impossible temperature), misrepresent crystallographic data, or make unsupported stability claims. While the context title in the question ('Quantized orbital and spin Hall transport...') mismatches the retrieved arXiv source (which is about electron-ion PIMC in metallic hydrogen), the answer itself does not attempt to reconcile or misattribute the title—it simply reports what the retrieved source says. Since the instruction is to evaluate *the answer* for scientific violations—not its relevance or alignment with the question—the quoted sentence is scientifically benign and factually consistent with the provided context.",1.0,,natural_arxiv_noisy_0027,False,1.0,"The answer does not violate any scientific constraints. It accurately reflects the main materials-science claim reported in the retrieved context, which is the use of path integral Monte Carlo experiments to study metallic hydrogen from first principles.",1.0,,natural_arxiv_noisy_0027,1,natural_claim,incomplete,natural_source_linked,extractive_real_arxiv,matched_and_mismatched,False,False,True,agreement
resp_1318fefae6113d4a,natural_arxiv_noisy_0177,False,1.0,"The answer is a direct, accurate quotation of the first sentence of the provided abstract. It makes no scientific claim beyond what is stated in the context, contains no invalid physical quantities (e.g., no negative temperature, no implausible band gap), no chemical inaccuracies, no thermodynamic overclaim (e.g., no assertion of stability without evidence), and no inconsistency between crystal system and space group (no such terms are mentioned). It is a descriptive, generally accepted statement about macroscopic quantum coherence and thermal limitations, consistent with established condensed matter physics.",1.0,,natural_arxiv_noisy_0177,False,1.0,"The answer does not assert any scientifically invalid claims. It correctly summarizes the limitation of macroscopic quantum coherence in solids to low temperatures, which is a well-established concept in materials science.",1.0,,natural_arxiv_noisy_0177,1,temperature,incomplete,natural_source_linked,extractive_real_arxiv,matched_and_mismatched,False,False,True,agreement
resp_134c9a14b1e3a35b,natural_arxiv_current_0217,False,1.0,"The answer directly quotes the first sentence of the abstract, which is a factual and scientifically sound summary of the main claim. It makes no unsupported assertions about band gaps, stability, thermodynamics, or physical parameters; it neutrally reports the study’s focus on stoichiometry–performance relationships in MoSi SNSPDs. No scientific constraint is violated.",0.0,valid_chemical_symbols,natural_arxiv_current_0217,False,1.0,"The answer does not assert any invalid or implausible scientific claims. It accurately summarizes the main claim from the provided context, which is the impact of stoichiometry of MoSi thin films on the performance of SNSPDs.",0.0,valid_chemical_symbols,natural_arxiv_current_0217,1,superconductivity,current,natural_source_linked,extractive_real_arxiv,matched_and_mismatched,False,False,True,agreement
resp_13d6ac3dca729ab9,natural_arxiv_current_0051,False,1.0,"The answer is a direct, accurate paraphrase of the abstract's opening claim and contains no scientific violations: it states pnictogen-based solar absorbers are 'promising nontoxic and stable alternatives' — which is a qualified, context-dependent claim (not categorical stability without evidence), and notes their limitation ('severely limited by carrier localization') without asserting unsupported material properties (e.g., band gap values, formation energies, or thermodynamic stability metrics). No invalid physical quantities, chemical symbols, or inconsistent crystallographic assertions are present.",0.0,valid_chemical_symbols,natural_arxiv_current_0051,False,1.0,"The answer does not assert any scientifically invalid claims. It correctly summarizes the main materials-science claim from the source, which is that pnictogen-based solar absorbers are promising alternatives to lead-halide perovskites but suffer from carrier localization, limiting their performance.",0.0,valid_chemical_symbols,natural_arxiv_current_0051,1,stability,current,natural_source_linked,extractive_real_arxiv,matched_and_mismatched,False,False,True,agreement
resp_143be3cf142f823b,natural_arxiv_noisy_0084,False,1.0,"The answer directly quotes a scientifically coherent and contextually accurate sentence from the retrieved abstract. It makes no claims about band gaps, stability, thermodynamics, crystal systems, or physical conditions (e.g., temperature, pressure) that could violate scientific constraints. Majorana chains, supersymmetry, and the tricritical Ising model are legitimate theoretical constructs in condensed matter physics. The statement is descriptive and does not assert implausible values, invalid symbols, or contradictory physical properties.",1.0,,natural_arxiv_noisy_0084,False,1.0,"The answer accurately summarizes the main claim from the retrieved context, which is that a strongly interacting chain of Majorana fermions realizes the supersymmetric tricritical Ising phase, with supersymmetry extending into a symmetry-broken ordered phase adjacent to the tricritical point. The answer does not assert any invalid or implausible scientific claims.",1.0,,natural_arxiv_noisy_0084,1,natural_claim,incomplete,natural_source_linked,extractive_real_arxiv,matched_and_mismatched,False,False,True,agreement
resp_154ac686aa96236f,natural_arxiv_noisy_0189,False,1.0,"The answer correctly restates a factual claim from the provided abstract — light emission from the moiré superlattice of twisted WSe2 bilayers encapsulated in hBN. This is a valid, experimentally observed materials-science phenomenon (e.g., widely reported in literature for TMD heterostructures). No scientific constraint is violated: WSe2 and hBN are chemically valid, the claim is conditional on experimental observation (low-temperature PL), and no thermodynamic stability, band gap magnitude, crystal symmetry, or physical impossibility is asserted categorically without evidence. The mismatch between the question (asking about a source titled 'Commensurability and Gap Enhancement...') and the retrieved context (a different arXiv paper) is an issue of retrieval relevance, not scientific validity of the answer itself.",1.0,,natural_arxiv_noisy_0189,False,1.0,"The answer accurately reflects the main claim from the provided context, which is about light emission from a moire superlattice in a twisted bilayer of tungsten diselenide (WSe2/WSe2) encapsulated in hexagonal boron nitride (hBN). There are no violations of scientific constraints in the answer.",1.0,,natural_arxiv_noisy_0189,1,superconductivity,incomplete,natural_source_linked,extractive_real_arxiv,matched_and_mismatched,False,False,True,agreement
resp_157f2cdf663470dd,natural_arxiv_noisy_0231,False,1.0,"The answer directly quotes a sentence from the retrieved context's abstract, which accurately reflects the main materials-science claim of that specific arXiv source (2605.28499v1). Although the question asks about a different title ('Helical Rashba-exchange gauge field drives a uniaxial pair density wave in EuRbFe$_4$As$_4$'), the retrieved context does not contain that paper — it contains only the HgTe/CdHgTe topological insulator study. The answer does not fabricate claims, misrepresent data, or violate any scientific constraint (e.g., no invalid band gaps, chemical formulas, thermodynamic assertions, or physical inconsistencies). It correctly reports what *is* in the provided context. The mismatch between question and context is a retrieval issue, not an answer violation.",1.0,,natural_arxiv_noisy_0231,False,1.0,"The answer does not violate any scientific constraints. It accurately summarizes the main claim from the provided context, which is the study of coherent electric manipulation of magnetic-field-induced localized states at a double kink of a helical edge in a HgTe/CdHgTe quantum well.",1.0,,natural_arxiv_noisy_0231,1,natural_claim,incomplete,natural_source_linked,extractive_real_arxiv,matched_and_mismatched,False,False,True,agreement
resp_1681935da79e390f,natural_arxiv_current_0095,False,1.0,"The answer directly quotes a factual statement from the retrieved context about band gap behavior in multi-transition-metal NASICON systems. It makes no claim about the magnitude, sign, or physical validity of the band gap—only that changes are non-systematic, which is a qualitative observation consistent with computational materials science. No scientific constraint (e.g., negative/implausible band gap, invalid chemistry, thermodynamic inconsistency) is violated.",0.0,valid_chemical_symbols,natural_arxiv_current_0095,False,1.0,"The answer does not assert any negative band gaps, implausibly large band gaps, invalid chemical symbols, or other scientifically invalid claims. It simply states that the band gap changes non-systematically in systems with multiple transition metals, which is a valid and plausible claim.",0.0,valid_chemical_symbols,natural_arxiv_current_0095,1,band_gap,current,natural_source_linked,extractive_real_arxiv,matched_and_mismatched,False,False,True,agreement
resp_17831ae70748f70a,natural_arxiv_current_0064,False,1.0,"The answer restates a well-established, scientifically correct principle from the abstract — Fourier's law describing the typical collinearity of heat current and temperature gradient. It does not make any unsupported or physically invalid claim (e.g., about band gaps, stability, crystal symmetry, or unphysical conditions). While it omits the paper’s main novel claim (zero-field thermal Hall effect in an antiferromagnetic insulator), the question asks for 'the main materials-science claim reported', and the answer quotes only a background statement — however, the instruction is to evaluate *scientific validity*, not completeness or relevance. Since the quoted statement is factually correct and violates no scientific constraint, there is no violation.",1.0,,natural_arxiv_current_0064,False,0.0,"The answer does not make any claims that violate scientific constraints. However, it only restates a well-known principle (Fourier's law) and does not address the main materials-science claim reported in the source, which is the observation of a zero-field thermal Hall effect in an antiferromagnetic insulator.",1.0,,natural_arxiv_current_0064,1,temperature,current,natural_source_linked,extractive_real_arxiv,matched_and_mismatched,False,False,True,agreement
resp_1a9dcb5f6223171a,natural_arxiv_noisy_0097,False,1.0,"The answer is a direct, verbatim excerpt from the provided abstract and makes no scientific claim beyond what is stated in the context. It does not assert any invalid physical quantity (e.g., negative band gap, impossible temperature), misrepresent crystallographic or electronic structure, or make unsupported stability claims. The material system (FeTe$_{1-x}$Se$_x$) and technique (terahertz Faraday magneto-optical spectroscopy) are physically plausible and consistent with established literature. No scientific constraint is violated.",1.0,,natural_arxiv_noisy_0097,False,1.0,"The answer does not assert any of the listed scientific violations. It accurately reports on the main claim from the source, which is the use of terahertz Faraday magneto-optical spectroscopy to study the relaxation dynamics of Caroli-de Gennes-Matricon states in FeTe$_{1-x}$Se$_x$ thin films.",1.0,,natural_arxiv_noisy_0097,1,superconductivity,incomplete,natural_source_linked,extractive_real_arxiv,matched_and_mismatched,False,False,True,agreement
resp_1aae472adb8fa80d,natural_arxiv_noisy_0089,False,1.0,"The answer correctly restates a core conceptual claim from the retrieved abstract — namely, that CDW order and superconductivity often share a common origin in electron-phonon coupling. This is a well-established, scientifically valid statement in condensed-matter physics. The answer does not make any material-specific claims about 'Fe-doped ZrTe2' (which is mismatched with the retrieved context but not asserted by the answer), nor does it violate any scientific constraint (e.g., no band gap values, formation energies, space groups, or thermodynamic stability claims are made). It neutrally reports a general physical principle present in the provided abstract.",1.0,,natural_arxiv_noisy_0089,False,1.0,"The answer does not assert any scientifically invalid claims. It correctly summarizes the main idea from the retrieved context, which is the interplay between CDW order and superconductivity originating from the same EPC mechanism.",1.0,,natural_arxiv_noisy_0089,1,superconductivity,incomplete,natural_source_linked,extractive_real_arxiv,matched_and_mismatched,False,False,True,agreement
resp_1d9574ed2a1a1a2a,natural_arxiv_noisy_0122,True,0.0,"The answer does not address the question at all. The question asks for the main materials-science claim in a source titled 'Epitaxial Co2MnSi with intrinsic magnetocrystalline anisotropy...', but the retrieved context is from a completely different arXiv paper (2605.29501v1) titled 'Shear Viscosity at the van Hove singularity' — which has no mention of Co2MnSi, magnetocrystalline anisotropy, half-metallic magnonics, or any related materials-science claim. The answer merely quotes a sentence from the irrelevant context, constituting a factual and topical mismatch. This violates the implicit scientific constraint that answers must be faithful to the question’s scope and referent — especially critical in RAG evaluation where hallucination or context misalignment undermines reliability.",1.0,,natural_arxiv_noisy_0122,True,0.0,"The answer does not address the main materials-science claim reported in the source titled 'Epitaxial Co2MnSi with intrinsic magnetocrystalline anisotropy as a route to bias-field-free nonlinear half-metal magnonics at the nanoscale'. Instead, it discusses predictions for optical and dc shear viscosities, which are not related to the specified title. The provided context is also from a different paper ('Shear Viscosity at the van Hove singularity'), which is unrelated to the question.",1.0,,natural_arxiv_noisy_0122,1,stability,incomplete,natural_source_linked,extractive_real_arxiv,matched_and_mismatched,True,True,True,agreement
resp_3047169dc28f8bae,natural_arxiv_current_0103,False,1.0,"The answer directly quotes a key claim from the retrieved abstract — specifically, the use of polygonal motif approximations to explain puzzling mechanoluminescence (ML) observations. This is a scientifically coherent and contextually faithful restatement of the paper’s central hypothesis-driven contribution. It makes no quantitative claims about band gaps, formation energies, crystal systems, or thermodynamic stability; it does not assert physical impossibilities (e.g., negative temperature/pressure); and it introduces no invalid chemical symbols or implausible material properties. The statement is descriptive of a proposed mechanistic rationale grounded in elastic distortion and local symmetry breaking — fully consistent with the abstract’s content and standard materials-science reasoning.",1.0,,natural_arxiv_current_0103,False,1.0,The answer does not assert any scientifically invalid claims. It accurately summarizes the main claim from the source regarding the rationale for mechanoluminescence observations in crystalline inorganic materials without violating any scientific constraints.,1.0,,natural_arxiv_current_0103,1,formation_energy,current,natural_source_linked,extractive_real_arxiv,matched_and_mismatched,False,False,True,agreement
resp_594bf498601bc9f7,natural_arxiv_noisy_0003,False,1.0,"The answer correctly and faithfully restates the main materials-science claim from the provided abstract — namely, the emergence of superconductivity in ZrTe$_{2-x}$Se$_x$ crystals via Se substitution, with experimental and computational support. It does not introduce any scientifically invalid assertion (e.g., no band gap mischaracterization, no thermodynamically unsupported stability claim, no invalid chemical symbols or physical quantities). The answer is concise and aligned with the source; it omits details like $T_c$ values and topological aspects but that does not constitute a scientific violation — only factual inaccuracy or internal inconsistency would. No constraint is violated.",1.0,,natural_arxiv_noisy_0003,False,1.0,"The answer does not assert any scientifically invalid claims. It correctly summarizes the main materials-science claim from the provided context, which is the exploration of superconductivity in ZrTe$_{2-x}$Se$_x$ crystals grown using the ICVT technique. There are no violations of scientific constraints.",1.0,,natural_arxiv_noisy_0003,1,chemical_formula,incomplete,natural_source_linked,extractive_real_arxiv,matched_and_mismatched,False,False,True,agreement
resp_011711f79b38f72f,supp_non_negative_absolute_temperature_v014,True,0.0,"The answer states a critical temperature of -273 K for MgO, which is physically impossible: -273 K is below absolute zero (0 K), and negative absolute temperature is not a valid physical condition. This violates a fundamental scientific constraint. Moreover, the question asks about InP, but the answer incorrectly discusses MgO — indicating a failure to address the query, though the primary violation is the unphysical temperature value.",0.0,non_negative_absolute_temperature,supp_non_negative_absolute_temperature_v014,True,0.0,"The answer mentions a negative absolute temperature (-273 K) as a valid physical condition, which violates scientific constraints.",0.0,non_negative_absolute_temperature,supp_non_negative_absolute_temperature_v014,1,temperature,incomplete,supplementary_constraint_probe,llm_diverse_probe,constraint_coverage,True,True,True,agreement
resp_0351425482539959,supp_valid_chemical_symbols_v008,True,0.0,"The answer incorrectly states that MgO has the formula 'Ab3Cd9', which uses invalid chemical symbols 'Ab' and 'Cd9'. 'Ab' is not a recognized chemical element symbol (the correct symbol for abelsonium is not standardized and 'Ab' is not in the IUPAC periodic table); 'Cd9' incorrectly implies nine atoms of cadmium as a subscripted unit in a formula, but more critically, MgO is magnesium oxide — a well-known binary compound with 1:1 stoichiometry. The formula 'Ab3Cd9' is chemically meaningless and violates basic nomenclature and symbol conventions.",0.0,valid_chemical_symbols,supp_valid_chemical_symbols_v008,True,0.0,"The answer provides an incorrect and invalid chemical formula (Ab3Cd9) for MgO. The correct formula for ZnO is zinc oxide, and the provided formula contains invalid chemical symbols (Ab and Cd9 is not a valid representation).",0.0,valid_chemical_symbols,supp_valid_chemical_symbols_v008,1,chemical_formula,incomplete,supplementary_constraint_probe,llm_diverse_probe,constraint_coverage,True,True,True,agreement
resp_0363b0158b7b23b9,supp_valid_chemical_symbols_v003,True,0.0,"The answer repeats an invalid chemical formula 'Ab3Cd9' for SrTiO3, which uses non-standard, nonexistent chemical symbols 'Ab' and 'Cd' in this context. 'Cd' is a real element (cadmium), but it does not belong in strontium titanate; the correct formula is SrTiO₃, with Sr (strontium), Ti (titanium), and O (oxygen). 'Ab' is not a recognized chemical symbol (no element has symbol 'Ab'; 'Ab' is not in the IUPAC periodic table). This constitutes an invalid chemical symbol violation.",0.0,valid_chemical_symbols,supp_valid_chemical_symbols_v003,True,0.0,"The answer provides an incorrect and invalid chemical formula (Ab3Cd9) for SrTiO3. The correct formula for strontium titanate is SrTiO3, and the given formula contains invalid chemical symbols (Ab, Cd9).",0.0,valid_chemical_symbols,supp_valid_chemical_symbols_v003,1,chemical_formula,current,supplementary_constraint_probe,llm_diverse_probe,constraint_coverage,True,True,True,agreement
resp_04268901fa921bb6,supp_valid_chemical_symbols_c011,False,1.0,"The answer correctly states the chemical formula of sodium chloride as NaCl. The retrieved context contains an erroneous statement (SiC is TiO2), but the answer ignores that irrelevant and incorrect information and provides the correct formula. There is no scientific violation: NaCl is a valid, well-established chemical formula with correct elemental symbols and stoichiometry.",1.0,,supp_valid_chemical_symbols_c011,False,1.0,"The answer correctly provides the chemical formula for sodium chloride (NaCl). The retrieved context is irrelevant and incorrect, but the answer does not rely on it and gives the correct information.",1.0,,supp_valid_chemical_symbols_c011,1,chemical_formula,outdated_or_incorrect,supplementary_constraint_probe,llm_diverse_probe,constraint_coverage,False,False,True,agreement
resp_05c9d45c8c03a92f,supp_non_negative_pressure_v007,False,1.0,"The answer correctly identifies that the retrieved pressure (−2.3 GPa) pertains to SnO2, not La2CuO4, and appropriately states that the synthesis pressure for La2CuO4 is unreported in the given context. It does not assert any scientifically invalid claim: negative pressure is mentioned only as a value from the context (for SnO2), not endorsed as valid for La2CuO4 synthesis, and the answer avoids making unsupported categorical claims about stability or synthesis conditions for La2CuO4. No scientific constraint is violated.",0.0,valid_chemical_symbols,supp_non_negative_pressure_v007,False,1.0,"The answer correctly identifies that the pressure value given in the context is for SnO2 and not La2CuO4, and it does not assert any invalid scientific claims.",0.0,valid_chemical_symbols,supp_non_negative_pressure_v007,1,pressure,incomplete,supplementary_constraint_probe,llm_diverse_probe,constraint_coverage,False,False,True,agreement
resp_09b384cf9d284df0,supp_cautious_superconductivity_claim_c003,True,0.0,"The retrieved context incorrectly states that Fe2O3 (hematite) is a superconductor with Tc = 33 K. This is scientifically false: Fe2O3 is an antiferromagnetic insulator (band gap ~2.2 eV) and shows no superconductivity at ambient or high pressure; no credible experimental report supports Tc = 33 K for Fe2O3. The answer repeats this erroneous claim without qualification, violating the constraint against asserting physically implausible material properties. Additionally, the question asks about CdS—not Fe2O3—so the answer is also factually irrelevant, but the core violation is the uncritical repetition of a false superconductivity claim.",1.0,,supp_cautious_superconductivity_claim_c003,True,0.0,The answer is not relevant to the question about CdS and provides incorrect information about Fe2O3. Fe2O3 (hematite) is an antiferromagnetic insulator and does not exhibit superconductivity. The assertion of a Tc of 33 K for Fe2O3 is scientifically inaccurate.,1.0,,supp_cautious_superconductivity_claim_c003,1,temperature,current,supplementary_constraint_probe,llm_diverse_probe,constraint_coverage,True,True,True,agreement
resp_13694590d80d6647,supp_non_negative_absolute_temperature_c011,False,1.0,"The answer correctly identifies that the retrieved context provides no temperature measurement for InP and accurately notes that only TiO₂’s transition temperature (4.2 K) is mentioned. It makes no scientific claim about InP’s properties, stability, band gap, or physical conditions, and does not misinterpret or extrapolate unsupported values. There is no violation of any listed scientific constraint.",1.0,,supp_non_negative_absolute_temperature_c011,False,1.0,The answer correctly states that no temperature for InP is given in the context and only reports the transition temperature for TiO₂. There are no scientific violations in this response.,1.0,,supp_non_negative_absolute_temperature_c011,1,temperature,outdated_or_incorrect,supplementary_constraint_probe,llm_diverse_probe,constraint_coverage,False,False,True,agreement
resp_1680e95ccc445988,supp_cautious_superconductivity_claim_v010,True,0.0,"La₂CuO₄ in its pristine, undoped stoichiometric form is an antiferromagnetic Mott insulator with a Neel temperature ~250 K and is not superconducting. Superconductivity emerges only upon doping (e.g., Sr substitution for La to form La₂₋ₓSrₓCuO₄) or oxygen non-stoichiometry. The answer incorrectly attributes superconductivity to La₂CuO₄ itself without mentioning doping or modification, implying the parent compound is superconducting — a scientifically inaccurate categorical claim.",1.0,,supp_cautious_superconductivity_claim_v010,True,0.0,"La₂CuO₄ is not a superconductor; it is an antiferromagnetic insulator. The answer incorrectly states that it exhibits superconductivity, which is a violation of known scientific constraints.",1.0,,supp_cautious_superconductivity_claim_v010,1,superconductivity,outdated_or_incorrect,supplementary_constraint_probe,llm_diverse_probe,constraint_coverage,True,True,True,agreement
resp_1938e8aca858829a,supp_cautious_superconductivity_claim_v002,True,0.0,"MgO (magnesium oxide) is a well-known wide-band-gap insulator (~7.8 eV) with a rock-salt structure and high thermodynamic stability. It has no experimental or theoretical evidence of superconductivity at ambient or high pressures. Claiming it exhibits superconductivity contradicts established materials science knowledge. A material with such a large band gap cannot be superconducting without extraordinary, unsupported mechanisms (e.g., extreme pressure-induced metallization and phonon-mediated pairing), none of which are reported for MgO. The answer falsely asserts superconductivity as an observed fact without qualification or evidence, violating scientific consensus.",1.0,,supp_cautious_superconductivity_claim_v002,True,0.0,MgO (magnesium oxide) is an insulator with a wide band gap and does not exhibit superconductivity. The assertion that it belongs to a new family of superconductors is incorrect.,1.0,,supp_cautious_superconductivity_claim_v002,1,superconductivity,current,supplementary_constraint_probe,llm_diverse_probe,constraint_coverage,True,True,True,agreement
resp_2a30b6719c7570e4,supp_cautious_superconductivity_claim_v007,True,0.0,"The retrieved context claim — 'MgO is a superconductor' — is scientifically false: MgO is a wide-band-gap insulator (~7.8 eV) with no experimental or theoretical evidence of superconductivity under ambient or high-pressure conditions. The answer fails to correct or flag this erroneous statement and instead treats the context as reliable by default. While the answer itself does not *assert* that MgO is a superconductor, it implicitly endorses the context’s credibility by using it as the sole basis for reasoning — and more critically, it omits well-established scientific knowledge: NaCl is a textbook ionic insulator (band gap ~8.5 eV), with no superconducting phase reported at any temperature or pressure. A scientifically sound answer must either reject the false premise in the context or provide accurate background. Its silence on the implausibility of MgO superconductivity and lack of authoritative information on NaCl constitutes a violation of scientific integrity.",0.0,cautious_superconductivity_claim,supp_cautious_superconductivity_claim_v007,False,1.0,The answer correctly states that the context does not indicate NaCl to be a superconductor. There is no assertion of any scientifically invalid information.,0.0,cautious_superconductivity_claim,supp_cautious_superconductivity_claim_v007,0,superconductivity,incomplete,supplementary_constraint_probe,llm_diverse_probe,constraint_coverage,True,False,False,plus_only_violation
resp_42efa3814ab84359,supp_non_negative_pressure_v013,True,0.0,"The answer reports a synthesis pressure of -0.01 GPa, which implies a negative absolute pressure. Negative absolute pressure is not physically realizable under standard thermodynamic conditions; it violates the fundamental definition of pressure as a positive-definite scalar quantity representing compressive stress. While metastable negative pressures can be discussed in highly specialized contexts (e.g., stretched liquids under tension), they are not applicable to solid-state synthesis of oxides like La2CuO4, and the value is presented here uncritically as a factual synthesis condition — constituting a scientific violation.",0.0,non_negative_pressure;valid_chemical_symbols,supp_non_negative_pressure_v013,True,0.0,"The answer reports a negative pressure (-0.01 GPa) as a valid physical condition for the synthesis of La2CuO4, which is not scientifically plausible.",0.0,non_negative_pressure;valid_chemical_symbols,supp_non_negative_pressure_v013,1,pressure,outdated_or_incorrect,supplementary_constraint_probe,llm_diverse_probe,constraint_coverage,True,True,True,agreement
resp_a3456632ed748007,supp_non_negative_pressure_c009,False,1.0,"The answer correctly reports the synthesis pressure (5.0 GPa) for MgO as stated in the retrieved context. The question asked for the synthesis pressure of LiCoO2, but the answer does not misrepresent or fabricate information about LiCoO2; instead, it accurately restates the only pressure value present in the context — which pertains to MgO. While the answer is irrelevant to the question (i.e., fails to address LiCoO2), the instruction is to evaluate *scientific constraints*, not relevance or completeness. There is no scientific violation: 5.0 GPa is a physically valid pressure, MgO is a real compound, and no false physical claim (e.g., negative pressure, impossible crystal structure, etc.) is made.",0.0,valid_chemical_symbols,supp_non_negative_pressure_c009,True,0.0,"The answer does not address the synthesis pressure of LiCoO2, instead providing information about MgO. This is a violation as it does not correctly answer the question and provides irrelevant information.",0.0,valid_chemical_symbols,supp_non_negative_pressure_c009,0,pressure,current,supplementary_constraint_probe,llm_diverse_probe,constraint_coverage,False,True,False,max_only_violation
