sample_id,response_id,constraint_family,document_status,model,mode,disagreement_type,question,answer,auto_constraint_score_optimized,auto_constraint_violations_optimized,judge_score,judge_violation,judge_rationale
mp_bal_v2_0410_band_gap_current,resp_0317c744207af544,band_gap,current,mp_property_derived,controlled_balanced,auto_false_negative,What is the band gap of C?,The band gap of C is 4.399799999999999 eV according to Materials Project.,1.0,,0.0,True,"The answer states the band gap of C as 4.399799999999999 eV without qualification, but the retrieved context explicitly states that this C entry (mp-611448) is unstable ('Stable: False') and has positive energy above hull (0.1188 eV/atom), meaning it is not the thermodynamically stable phase of carbon. The stable phase of elemental carbon is either graphite or diamond — graphite has a zero (or very small, ~0.01–0.1 eV, semimetallic) band gap, and diamond has a band gap of ~5.47 eV. Reporting 4.4 eV as 'the band gap of C' is scientifically misleading because (i) it refers to an unstable, non-physical polymorph (not graphite or diamond), and (ii) the answer presents it categorically without noting its thermodynamic instability or contextualizing it as a computed value for a metastable/unrealized structure. This violates the constraint against presenting a stable material without thermodynamic evidence when the claim is categorical — here, 'C' is presented generically, implying elemental carbon in its standard or stable form."
mp_bal_v2_0725_band_gap_current,resp_04217515ca9a59ee,band_gap,current,mp_property_derived,controlled_balanced,auto_false_negative,What is the band gap of H2?,The band gap of H2 is 7.3865 eV according to Materials Project.,1.0,,0.0,True,"H2 is a diatomic molecule in the gas phase, not a periodic solid-state material; assigning it a band gap (a concept defined for extended crystalline or amorphous solids with delocalized electronic bands) is physically inappropriate. While molecular H2 has a large HOMO–LUMO gap (~15–16 eV experimentally), the reported value of 7.3865 eV is inconsistent with known molecular electronic structure and likely arises from an invalid DFT calculation on an artificial periodic arrangement (e.g., H2 in a crystal lattice). Moreover, the Materials Project entry (mp-1188177) flags H2 as unstable (energy above hull > 0), confirming it is not a stable extended solid — so reporting its 'band gap' as if it were a valid solid-state property violates fundamental physical constraints. The answer presents the number uncritically without qualification, implying H2 is a band-gap material, which is scientifically incorrect."
mp_bal_v2_0690_band_gap_current,resp_09b6e98b4390feff,band_gap,current,mp_property_derived,controlled_balanced,auto_false_negative,What is the band gap of C?,The band gap of C is 1.6358000000000001 eV according to Materials Project.,1.0,,0.0,True,"The answer states the band gap of C (carbon) as 1.6358 eV without qualification, but carbon in its standard stable allotrope (diamond) has an experimental band gap of ~5.47 eV, and graphite is a semimetal with zero (or near-zero) band gap. A value of ~1.64 eV is inconsistent with known electronic structures of elemental carbon allotropes. Moreover, the retrieved context explicitly states 'Stable: False' and a large positive energy above hull (~1.50 eV/atom), indicating the computed structure is not thermodynamically stable — likely a metastable or hypothetical phase not representative of bulk carbon. Reporting its band gap as 'the band gap of C' implies it is a valid, representative value for elemental carbon, which is scientifically misleading. This constitutes an invalid attribution of a property to an element without specifying the (unstable, non-standard) phase."
mp_bal_v2_0009_band_gap_current,resp_0a738adec28d74d7,band_gap,current,mp_property_derived,controlled_balanced,auto_false_negative,What is the band gap of Si?,The band gap of Si is 0.0 eV according to Materials Project.,1.0,,0.0,True,"The answer states the band gap of Si is 0.0 eV, which incorrectly implies silicon is metallic. In reality, silicon is a semiconductor with an experimentally established indirect band gap of ~1.12 eV at 300 K. A reported 0.0 eV band gap in the context likely arises from a DFT calculation without proper band-gap correction (e.g., using LDA/GGA), but presenting it uncritically as 'the band gap of Si' violates fundamental materials science knowledge. The answer fails to qualify the value as an uncorrected DFT artifact or note the well-known discrepancy between standard DFT and experiment for Si, thus misrepresenting a physically invalid value as factual."
mp_bal_v2_0026_band_gap_current,resp_0be9b948c7e1f73e,band_gap,current,mp_property_derived,controlled_balanced,auto_false_negative,What is the band gap of Si?,The band gap of Si is 0.0 eV according to Materials Project.,1.0,,0.0,True,"The answer states the band gap of Si is 0.0 eV, which incorrectly implies silicon is metallic. In reality, silicon is a semiconductor with an experimentally established indirect band gap of ~1.12 eV at 300 K. A reported 0.0 eV band gap in Materials Project for Si suggests either a computational artifact (e.g., use of GGA without GW correction, or incorrect structural relaxation), but presenting it uncritically as 'the band gap of Si' violates the scientific constraint that an insulating/semiconducting material (like Si) cannot have a near-zero or zero band gap without justification — especially when such a value contradicts well-established experimental and high-fidelity computational consensus. The answer fails to flag the unreliability of the retrieved value or provide context, thus misrepresenting fundamental material property."
mp_bal_v2_0077_band_gap_current,resp_0d512f94e5b1a105,band_gap,current,mp_property_derived,controlled_balanced,auto_false_negative,What is the band gap of O2?,The band gap of O2 is 1.314299999999999 eV according to Materials Project.,1.0,,0.0,True,"O2 is a diatomic molecule in the gas phase and does not form an extended crystalline solid under standard conditions; therefore, assigning it a band gap in the solid-state sense (as computed by Materials Project for a hypothetical crystalline phase) is physically inappropriate. The Materials Project entry mp-611836 corresponds to a *hypothetical* crystalline O2 structure (space group P2_1/c), not molecular O2 — and crucially, the retrieved context states 'Stable: False' and 'Energy above hull: 0.00997 eV/atom', confirming it is thermodynamically unstable relative to elemental O2 (gas) or other stable oxygen allotropes. Moreover, molecular O2 is paramagnetic with a triplet ground state and has no band structure — its electronic excitation is described by molecular orbital theory and optical gaps (~1.6–2.0 eV for the Schumann–Runge transition), not a DFT-computed 'band gap' of a metastable crystal. Citing 1.314 eV as 'the band gap of O2' without qualification misrepresents both the nature of O2 and the meaning of the computed value."
mp_bal_v2_0002_band_gap_current,resp_0e91b672278727fe,band_gap,current,mp_property_derived,controlled_balanced,auto_false_negative,What is the band gap of Si?,The band gap of Si is 0.0 eV according to Materials Project.,1.0,,0.0,True,"The answer states the band gap of Si is 0.0 eV, which incorrectly implies silicon is metallic. In reality, silicon is a semiconductor with an experimentally established indirect band gap of ~1.12 eV at 300 K. A reported band gap of 0.0 eV contradicts well-established physical knowledge and indicates either a computational artifact (e.g., use of LDA without quasiparticle correction) or mislabeling — but presenting it uncritically as 'the band gap of Si' violates the scientific constraint that metallic material cannot have a substantial positive band gap *and* insulating/semiconducting material cannot have a near-zero band gap without qualification. Since the answer gives 0.0 eV without caveat or context about methodology limitations, it misrepresents silicon's fundamental electronic property."
mp_bal_v2_0774_band_gap_current,resp_0f24047701fa9ab3,band_gap,current,mp_property_derived,controlled_balanced,auto_false_negative,What is the band gap of Hg?,The band gap of Hg is 0.43909999999999905 eV according to Materials Project.,1.0,,0.0,True,"Mercury (Hg) is a liquid metal at room temperature and experimentally exhibits metallic behavior with no band gap (i.e., it is a conductor). A reported band gap of ~0.44 eV contradicts fundamental electronic structure: metals cannot have a substantial positive band gap. The Materials Project entry likely refers to a hypothetical *solid* Hg phase (e.g., calculated in a particular crystal structure), but the question simply asks 'What is the band gap of Hg?' — referring to the elemental substance under standard conditions. Presenting 0.44 eV as 'the band gap of Hg' without qualification misrepresents its actual metallic nature and violates the constraint that 'metallic material with a substantial positive band gap' is invalid."
mp_bal_v2_0766_band_gap_current,resp_0f900db6c726e3c3,band_gap,current,mp_property_derived,controlled_balanced,auto_false_negative,What is the band gap of P?,The band gap of P is 2.783299999999999 eV according to Materials Project.,1.0,,0.0,True,"The answer reports a band gap of ~2.78 eV for elemental phosphorus (P), but elemental phosphorus in its standard stable allotrope (white phosphorus) is a molecular solid with no extended band structure; it is not a semiconductor or insulator in the crystalline periodic sense assumed by DFT band-structure calculations on infinite crystals. The Materials Project entry mp-1120743 corresponds to a hypothetical *crystalline* phase of elemental phosphorus (likely a high-pressure or metastable polymorph), not the ambient-pressure stable form. However, the answer presents the value uncritically as 'the band gap of P', implying it applies to elemental phosphorus generically — which is scientifically misleading. Moreover, the retrieved context explicitly states 'Stable: False' and a large positive energy above hull (~0.87 eV/atom), meaning this phase is thermodynamically unstable and unlikely to exist under ambient conditions; reporting its band gap without qualification misrepresents the physical relevance of the value. While the number itself is not internally inconsistent (2.78 eV is plausible for an unstable crystalline allotrope), the answer violates scientific context by omitting critical thermodynamic instability and allotrope specificity, thereby implying a physically inappropriate generalization."
mp_bal_v2_0093_band_gap_current,resp_116496fc6489eb78,band_gap,current,mp_property_derived,controlled_balanced,auto_false_negative,What is the band gap of O2?,The band gap of O2 is 0.46429999999999905 eV according to Materials Project.,1.0,,0.0,True,"O2 is a well-known diatomic molecule in its ground state (triplet oxygen, ^3Σ_g^-) and is paramagnetic. As a molecular gas under standard conditions, it does not possess a band structure in the solid-state sense; band gap is a concept defined for extended periodic systems (e.g., crystals or solids), not isolated molecules or gases. Assigning a band gap of ~0.46 eV to O2 is physically inappropriate — molecular O2 has a HOMO–LUMO gap (~1–2 eV depending on method), but that is not equivalent to a DFT-computed 'band gap' from a Materials Project entry, which likely arises from an unphysical periodic arrangement (e.g., artificial crystal of O2 molecules) or erroneous calculation. Moreover, the Materials Project entry mp-1180036 corresponds to a hypothetical *crystalline* O2 phase (e.g., ε-O2 or similar), not ambient O2 gas; quoting its computed band gap as 'the band gap of O2' without qualification misrepresents both chemistry and condensed-matter physics. This constitutes a scientific misuse of the band gap concept."
mp_bal_v2_0483_band_gap_current,resp_135f7b8551c99433,band_gap,current,mp_property_derived,controlled_balanced,auto_false_negative,What is the band gap of C?,The band gap of C is 0.066799999999999 eV according to Materials Project.,1.0,,0.0,True,"The answer states the band gap of elemental carbon (C) as ~0.067 eV, implying it is a narrow-gap semiconductor or semimetal. However, elemental carbon in its stable crystalline form (diamond) has an experimentally measured band gap of ~5.47 eV (indirect), and graphite — another stable allotrope — is a semimetal with zero (or near-zero) band gap but with distinct electronic structure (Dirac cones). The Materials Project entry cited (mp-1192619) corresponds to a *hypothetical, unstable* structure of carbon (energy above hull > 1.9 eV), not diamond or graphite. Reporting its band gap without qualification misrepresents the physical reality of elemental carbon. Moreover, presenting 0.0668 eV as 'the band gap of C' is scientifically misleading: it ignores allotropy and thermodynamic stability. Since the context explicitly states 'Stable: False' and high energy above hull, citing this value as if it characterizes elemental carbon violates the constraint against reporting properties of unstable materials as definitive material properties without caveat."
mp_bal_v2_0204_band_gap_current,resp_145bbc4e88a9b931,band_gap,current,mp_property_derived,controlled_balanced,auto_false_negative,What is the band gap of O2?,The band gap of O2 is 2.6679999999999993 eV according to Materials Project.,1.0,,0.0,True,"O2 is a diatomic molecule in the gas phase and does not form an extended solid crystal structure under standard conditions; therefore, assigning it a band gap in the solid-state sense (as computed by Materials Project for periodic DFT) is physically inappropriate. The Materials Project entry mp-2739215 likely corresponds to an artificial or metastable *solid* O2 phase (e.g., ε-O2), but the answer presents the value uncritically as 'the band gap of O2' without clarifying context, implying the common molecular O2 — which has no band gap (it is a molecule with discrete electronic levels, not a band structure). Moreover, molecular O2 is paramagnetic with a triplet ground state and exhibits no semiconductor-like band gap; its first electronic excitation energy is ~1 eV (singlet delta), not ~2.67 eV. Citing a solid-state DFT band gap for O2 without qualification misrepresents fundamental chemistry and condensed-matter physics."
mp_bal_v2_0455_band_gap_current,resp_15e2386bc72465b4,band_gap,current,mp_property_derived,controlled_balanced,auto_false_negative,What is the band gap of S?,The band gap of S is 2.4646 eV according to Materials Project.,1.0,,0.0,True,"The answer states the band gap of 'S' as 2.4646 eV without clarifying that 'S' here refers to a specific computational structure (mp-561513) — not elemental sulfur (which is S8 molecular solid in its standard state and has no well-defined 'band gap' in the same sense as a periodic crystal). More critically, the retrieved context explicitly states 'Stable: False' and gives a positive energy above hull (~0.0185 eV/atom), meaning mp-561513 is *not thermodynamically stable*. Reporting its band gap as 'the band gap of S' misleadingly implies this value corresponds to a physically realizable or representative phase of sulfur, which is scientifically invalid. Elemental sulfur’s stable ambient-phase (orthorhombic α-S8) is a molecular insulator with an experimental band gap ~2.9–3.2 eV; the Materials Project entry mp-561513 is an unstable, hypothetical crystalline allotrope — not elemental sulfur per se. Thus, the answer falsely attributes a band gap value from an unstable, non-physical structure to 'S' categorically, violating the constraint against reporting properties of unstable materials as if they represent the element."
mp_bal_v2_0170_band_gap_current,resp_1730f849c2752be2,band_gap,current,mp_property_derived,controlled_balanced,auto_false_negative,What is the band gap of S?,The band gap of S is 2.5729 eV according to Materials Project.,1.0,,0.0,True,"The answer states the band gap value without acknowledging that S (mp-83) is reported as unstable (‘Stable: False’) and has a positive energy above hull (0.0289 eV/atom), meaning it is not thermodynamically stable. While elemental sulfur (orthorhombic α-S8) is a well-known stable insulator, mp-83 refers to a *hypothetical* or *computed* structure of elemental sulfur (likely a high-pressure or non-standard allotrope) — not the ambient-stable S8 molecular crystal. Presenting the band gap uncritically as ‘the band gap of S’ is scientifically misleading: it conflates a metastable/unstable computed phase with the chemically relevant, stable form of sulfur. The answer fails to contextualize the instability, risking misinterpretation that elemental sulfur has a 2.57 eV band gap in its standard state — which it does not (α-S8 is a wide-gap insulator with ~4–5 eV optical gap, but mp-83 is a different, unstable structure). This constitutes an unsupported categorical claim about a material’s property without thermodynamic qualification."
mp_bal_v2_0201_band_gap_current,resp_173e348352583e00,band_gap,current,mp_property_derived,controlled_balanced,auto_false_negative,What is the band gap of Si?,The band gap of Si is 0.998499999999999 eV according to Materials Project.,1.0,,0.0,True,"The answer states the band gap of Si as ~0.998 eV, which is scientifically incorrect. Bulk crystalline silicon has an indirect band gap of approximately 1.12 eV at 300 K; the Materials Project value cited (0.998 eV) is likely from a GGA-level DFT calculation, which is known to underestimate band gaps. However, the deeper issue is that the answer presents this value uncritically as 'the band gap of Si' without qualification — implying it is the accepted experimental or physically accurate value. While quoting a computational value is not inherently invalid, doing so without noting its systematic underestimation (especially for Si, a textbook case of GGA band-gap error) misrepresents established materials physics. Moreover, the retrieved context explicitly labels Si as 'Stable: False' and reports a positive energy above hull (~0.129 eV/atom), yet the answer ignores this thermodynamic instability — but the primary violation here is the unqualified presentation of an erroneously low band gap as if it were definitive, violating expectations for scientific accuracy in reporting well-established physical properties."
mp_bal_v2_0770_band_gap_current,resp_183c3d9ae18ca947,band_gap,current,mp_property_derived,controlled_balanced,auto_false_negative,What is the band gap of Xe?,The band gap of Xe is 6.0836 eV according to Materials Project.,1.0,,0.0,True,"Xenon (Xe) is a noble gas and exists as isolated atoms in its standard state, not as a solid crystalline material. The Materials Project entry (mp-1524762) likely refers to a hypothetical *solid* Xe structure — but reporting its band gap as if it were a real, stable solid semiconductor/insulator is physically misleading. More critically, the context explicitly states 'Stable: False' and gives a positive energy above hull (0.0219 eV/atom), meaning this solid phase is thermodynamically unstable with respect to elemental Xe gas. Band gap values for unstable, non-existent solid phases are not physically meaningful descriptors of the element Xe under standard conditions. Thus, presenting '6.0836 eV' as 'the band gap of Xe' violates scientific accuracy by implying Xe has a well-defined solid-state band gap, when in reality atomic Xe has no band structure at all."
mp_bal_v2_0270_band_gap_current,resp_195dc90e9223b99b,band_gap,current,mp_property_derived,controlled_balanced,auto_false_negative,What is the band gap of Xe?,The band gap of Xe is 6.1673 eV according to Materials Project.,1.0,,0.0,True,"Xenon (Xe) is a noble gas and exists as isolated atoms in its standard state, not as a solid crystalline material with a band structure. Reporting a band gap of 6.1673 eV for elemental Xe implies it is a solid semiconductor or insulator — which is physically inappropriate. Band gap is a property of extended periodic solids (e.g., crystals or amorphous networks), not monatomic gases. While solid Xe under high pressure can form a crystalline phase (e.g., face-centered cubic below ~100 K and above ~1 GPa), the Materials Project entry mp-972256 likely refers to an *unphysical* or *hypothetical* zero-pressure solid-phase calculation — and crucially, the context gives formation energy = 0.0 eV/atom and 'Stable: True', which is incorrect: solid Xe at 0 K and 0 GPa is metastable relative to the gas phase, and its calculated formation energy should be positive (not 0.0). Thus, treating Xe as a stable solid with a well-defined band gap of 6.1673 eV — without qualification about pressure, phase, or thermodynamic instability — violates fundamental physical and materials-science principles."
mp_bal_v2_0265_band_gap_current,resp_1ace0ef6dd34760a,band_gap,current,mp_property_derived,controlled_balanced,auto_false_negative,What is the band gap of O2?,The band gap of O2 is 1.3227 eV according to Materials Project.,1.0,,0.0,True,"O2 is a diatomic molecule in the gas phase and does not possess a band gap in the solid-state sense; band gap is a property of extended periodic systems (e.g., crystals or solids), not isolated molecules. Assigning a band gap of 1.3227 eV to O2 reflects an invalid application of solid-state DFT band-structure concepts to a molecular system. The Materials Project entry mp-610917 likely corresponds to a hypothetical *solid* oxygen phase (e.g., ε-O2 or another high-pressure polymorph), not ambient O2 gas — but the answer fails to clarify this critical distinction and incorrectly presents the value as if it applies to ordinary O2. This misrepresents fundamental physical concepts."
mp_bal_v2_0662_band_gap_current,resp_1b0c0219ec910093,band_gap,current,mp_property_derived,controlled_balanced,auto_false_negative,What is the band gap of C?,The band gap of C is 3.0059 eV according to Materials Project.,1.0,,0.0,True,"The answer states 'The band gap of C is 3.0059 eV' as a factual property of elemental carbon (C), but the retrieved context explicitly states that this entry (mp-570002) is *not stable* ('Stable: False') and has a positive energy above hull (0.7655 eV/atom), meaning it is not a thermodynamically stable phase of carbon. Elemental carbon’s stable phases are graphite (band gap ~0 eV, semimetal) and diamond (band gap ~5.47 eV). A reported band gap of 3.0059 eV for an unstable, non-physical polymorph (e.g., a hypothetical or metastable structure not observed experimentally) should not be presented unqualified as 'the band gap of C', which implies a property of elemental carbon in general or its stable form. This misrepresents the material identity and thermodynamic context, violating the constraint against stating a stable material without thermodynamic evidence when the claim is categorical."
mp_bal_v2_0572_band_gap_current,resp_1c63901e45a95a79,band_gap,current,mp_property_derived,controlled_balanced,auto_false_negative,What is the band gap of H2?,The band gap of H2 is 7.5517 eV according to Materials Project.,1.0,,0.0,True,"H2 is a diatomic molecule in the gas phase, not a periodic solid, and therefore does not have a band gap in the solid-state physics sense. Reporting a 'band gap' of 7.5517 eV for H2 is physically meaningless — what is relevant for molecules is the HOMO–LUMO gap or excitation energy, not a DFT-computed band gap from a periodic calculation. The Materials Project entry (mp-634659) likely corresponds to an artificial, non-physical periodic arrangement of H2 molecules (e.g., in a crystal lattice), which is not representative of real H2. Moreover, the high formation energy and 'Stable: False' confirm it's not a thermodynamically viable extended structure. Citing this value as 'the band gap of H2' misrepresents fundamental physics."
mp_bal_v2_0832_band_gap_current,resp_1d563897cabb5f8e,band_gap,current,mp_property_derived,controlled_balanced,auto_false_negative,What is the band gap of O2?,The band gap of O2 is 1.2826 eV according to Materials Project.,1.0,,0.0,True,"O2 is a diatomic molecule in the gas phase and does not have a band gap in the solid-state sense; band gap is a property of extended periodic systems (e.g., crystals or solids), not isolated molecules. Assigning a band gap of 1.2826 eV to O2 is physically meaningless — molecular oxygen has a HOMO–LUMO gap (~4–5 eV in gas phase), but this is not equivalent to a DFT-computed 'band gap' for a crystalline material. The Materials Project entry mp-734188 likely corresponds to a hypothetical *crystalline* O2 phase (e.g., solid oxygen), but even then, solid O2 (at ambient pressure) is antiferromagnetic and has a very small or zero band gap (it's metallic or narrow-gap semiconductor depending on phase and pressure). A reported value of 1.28 eV contradicts established knowledge: solid O2 (β-phase) is known to be metallic or semimetallic, and no stable insulating crystalline O2 phase with ~1.3 eV gap exists at standard conditions. Moreover, the context states 'Stable: False' and positive energy above hull, meaning this is a hypothetical, unstable structure — its computed band gap is not physically realized. Thus, presenting 1.2826 eV as 'the band gap of O2' misrepresents both chemical reality and solid-state physics."
mp_bal_v2_0149_band_gap_current,resp_1e2a2dc1a4bd53e1,band_gap,current,mp_property_derived,controlled_balanced,auto_false_negative,What is the band gap of H2?,The band gap of H2 is 8.8499 eV according to Materials Project.,1.0,,0.0,True,"H2 is a diatomic molecule in the gas phase, not a periodic solid, and therefore does not have a band gap in the condensed-matter sense. The Materials Project computes band gaps only for crystalline solids using DFT on periodic structures; assigning a band gap to isolated H2 is physically meaningless. Reporting '8.8499 eV' as the band gap of H2 reflects a misinterpretation of the computational output — likely arising from an artificial periodic arrangement of H2 molecules (e.g., in a hypothetical crystal) rather than the actual molecular system. This violates fundamental physical understanding: molecules have molecular orbital energy differences (e.g., HOMO–LUMO gaps), not band gaps. Hence, stating a band gap for H2 as if it were a solid is a scientific error."
mp_bal_v2_0315_band_gap_current,resp_1e8297d108cc45e4,band_gap,current,mp_property_derived,controlled_balanced,auto_false_negative,What is the band gap of Si?,The band gap of Si is 0.0 eV according to Materials Project.,1.0,,0.0,True,"The answer states the band gap of Si is 0.0 eV, which incorrectly implies silicon is metallic. In reality, silicon is a semiconductor with an experimentally established indirect band gap of ~1.12 eV at 300 K. A reported band gap of 0.0 eV for Si in the Materials Project likely reflects an artifact of the computational method (e.g., uncorrected DFT-GGA underestimating band gaps), but presenting it uncritically as 'the band gap' violates the scientific constraint that an insulating/semiconducting material (like Si) must not be claimed to have a near-zero or zero band gap without qualification. The answer fails to acknowledge the well-known discrepancy between DFT-GGA predictions and experimental band gaps for Si, and makes a categorical, physically incorrect statement."
mp_bal_v2_0484_band_gap_current,resp_1ee3a1ca59681e98,band_gap,current,mp_property_derived,controlled_balanced,auto_false_negative,What is the band gap of Si?,The band gap of Si is 1.073499999999999 eV according to Materials Project.,1.0,,0.0,True,"The answer states the band gap of Si as ~1.07 eV, which is scientifically incorrect. Crystalline silicon (Si) is a well-established indirect semiconductor with an experimentally measured band gap of ~1.12 eV at 300 K (often cited as 1.11–1.13 eV), and DFT calculations (e.g., PBE) typically underestimate it to ~0.6–0.7 eV, while more accurate methods (e.g., GW) reproduce ~1.1–1.2 eV. A value of 1.07 eV is implausibly high for a standard DFT (PBE) calculation — which Materials Project primarily uses — and falls in a physically inconsistent range: too large for PBE, yet too small for GW or experiment given typical uncertainties. More critically, the context itself flags Si as 'Stable: False' with a positive energy above hull (~0.143 eV/atom), which contradicts the known thermodynamic stability of bulk diamond-structured Si under ambient conditions. This suggests the entry mp-1200830 is either mislabeled, corresponds to a metastable or defective structure, or contains erroneous data. Citing this value without qualification misrepresents established materials science knowledge. Thus, the answer violates the constraint of reporting an implausibly large band gap without caveat."
mp_bal_v2_0834_band_gap_current,resp_1ef2b071d15ed8ee,band_gap,current,mp_property_derived,controlled_balanced,auto_false_negative,What is the band gap of S?,The band gap of S is 3.3265000000000002 eV according to Materials Project.,1.0,,0.0,True,"The answer reports a band gap of ~3.33 eV for elemental sulfur (S), but bulk rhombic sulfur (the stable allotrope at room temperature) is a molecular solid (S8 rings) and is experimentally known to be an insulator with a band gap of ~2.5–2.8 eV — however, the more critical issue is thermodynamic instability: the retrieved context states 'Stable: False' and gives a positive energy above hull (0.0422 eV/atom), meaning this S structure is *not* the ground-state phase. The Materials Project entry mp-994911 likely corresponds to a metastable or hypothetical crystalline (e.g., high-pressure) phase of elemental sulfur, not the ambient-pressure stable S8 molecular crystal. Reporting its band gap without qualification as 'the band gap of S' is scientifically misleading — 'S' unqualified refers to the thermodynamically stable form under standard conditions, whose electronic structure is not well described by a simple DFT band gap due to its molecular nature and weak intermolecular coupling; moreover, standard DFT band gaps for molecular crystals are often unreliable without many-body corrections (e.g., GW). Thus, presenting this value as *the* band gap of elemental sulfur violates the constraint about stable material without thermodynamic evidence when the claim is categorical."
mp_bal_v2_0607_band_gap_current,resp_207dd9ac8fa27a73,band_gap,current,mp_property_derived,controlled_balanced,auto_false_negative,What is the band gap of Si?,The band gap of Si is 0.6105 eV according to Materials Project.,1.0,,0.0,True,"The reported band gap of 0.6105 eV is inconsistent with established experimental and theoretical knowledge: bulk crystalline silicon has an indirect band gap of ~1.12 eV at 300 K. The Materials Project value cited (0.6105 eV) is unphysically low—close to the typical underestimation of DFT-GGA (e.g., PBE), but even PBE usually yields ~0.5–0.6 eV *for the direct gap*, while the *indirect* gap is higher (~0.8–0.9 eV in PBE); however, the Materials Project's default band gap for Si (mp-149) is actually listed as ~1.11 eV (PBE) or ~1.25 eV (HSE06), not 0.6105 eV. A value of 0.6105 eV is implausibly low for the fundamental (indirect) band gap and suggests either misattribution (e.g., confusing with a different material or a defective/strained configuration) or erroneous data. Since the answer presents it uncritically as 'the band gap of Si' without caveat, it violates scientific accuracy."
mp_bal_v2_0260_band_gap_current,resp_20cbfc3499682d62,band_gap,current,mp_property_derived,controlled_balanced,auto_false_negative,What is the band gap of C?,The band gap of C is 0.0148 eV according to Materials Project.,1.0,,0.0,True,"The answer states the band gap of C (carbon) as 0.0148 eV without qualification, but elemental carbon in its standard stable forms (diamond or graphite) does not have such a small band gap. Diamond has an experimental band gap of ~5.47 eV (indirect), and graphite is a semimetal with zero (or negligible, overlapping) band gap due to its Dirac cone structure — but not 0.0148 eV. More critically, the retrieved context explicitly states 'Stable: False' and gives a positive energy above hull (0.00906 eV/atom), meaning this entry (mp-569304) corresponds to a metastable or unstable polymorph of carbon — not a physically realized or well-established phase. Reporting its band gap uncritically as 'the band gap of C' is scientifically misleading, as 'C' unqualified refers to elemental carbon, whose electronic properties are defined by its thermodynamically stable phases. The answer fails to contextualize the value (e.g., noting it's for an unstable computed structure), thus implying a false generality."
natural_arxiv_current_0095,resp_1681935da79e390f,band_gap,current,extractive_real_arxiv,matched_and_mismatched,auto_false_positive,What is the main materials-science claim reported in the source titled 'Exploring Multi-Transition-Metal NASICON Frameworks as High-Performance Cathodes for Sodium-Ion Batteries'?,"Electronic structure data demonstrate non-systematic changes in the band gap, especially in systems containing multiple TMs.",0.0,valid_chemical_symbols,1.0,False,"The answer directly quotes a factual statement from the retrieved context about non-systematic band gap changes in multi-transition-metal NASICON systems. It makes no claim about the magnitude, sign, or physical validity of any band gap value; it only reports that the changes are non-systematic — a qualitative observation consistent with typical DFT results for complex mixed-metal systems. No scientific constraint is violated."
natural_arxiv_noisy_0210,resp_7c7a73ff958fc4ce,band_gap,incomplete,extractive_real_arxiv,matched_and_mismatched,auto_false_positive,What is the main materials-science claim reported in the source titled 'Graph-based emulation of $d$-dimensional curved spaces with superconducting arrays'?,"We further demonstrate that when the IEs of $A_5X_3$ undergo periodic motion along the channels, topological surface states will emerge at the boundary perpendicular to the channel direction, and continuously move across the bulk band gap.",0.0,valid_chemical_symbols,1.0,False,"The answer is a direct, verbatim excerpt from the retrieved context and makes no independent scientific claim beyond what is stated in the source. It describes a theoretical prediction — emergence and motion of topological surface states across the bulk band gap — which is physically plausible in the context of adiabatic pumping or Floquet/topological charge pumping mechanisms. No violation of scientific constraints is introduced: the band gap is not specified numerically (so no implausible magnitude or sign issue), no thermodynamic stability claim is made, no invalid chemical symbols or space-group inconsistencies appear, and the statement about surface states moving across the gap is consistent with established concepts in topological transport (e.g., spectral flow in chiral edge modes or pump-induced gap crossing). The answer does not assert stability, formation energy, band gap value, or physical conditions (T, P) — it only reports the source’s claim."
natural_arxiv_noisy_0011,resp_bbd5987541e8222f,band_gap,incomplete,extractive_real_arxiv,matched_and_mismatched,auto_false_positive,What is the main materials-science claim reported in the source titled 'High-Throughput Discovery of Semimetallic Borophenes with Diverse Dirac States Via Transferable Tight-Binding Approach'?,"Electronic structure data demonstrate non-systematic changes in the band gap, especially in systems containing multiple TMs.",0.0,valid_chemical_symbols,1.0,False,"The answer is a direct, accurate quote from the retrieved context and makes no scientific claim beyond what is stated there. It reports an observation ('non-systematic changes in the band gap') without asserting specific numerical values, stability claims, or physical impossibilities. The statement is descriptive and contextually appropriate; it does not imply negative/invalid band gaps, misattribute electronic behavior, or contradict known materials-science principles. No scientific constraint is violated."
natural_arxiv_current_0040,resp_e731f3cff28dfcec,band_gap,current,extractive_real_arxiv,matched_and_mismatched,auto_false_positive,What is the main materials-science claim reported in the source titled 'Topological Interstitial-Electron Conductor'?,"We further demonstrate that when the IEs of $A_5X_3$ undergo periodic motion along the channels, topological surface states will emerge at the boundary perpendicular to the channel direction, and continuously move across the bulk band gap.",0.0,valid_chemical_symbols,1.0,False,"The statement describes topological surface states emerging and moving across the bulk band gap under periodic motion of interstitial electrons — a phenomenon consistent with adiabatic pumping (e.g., Thouless pump) in topological systems. Such spectral flow of surface states across a bulk gap is well-established in theory for driven or parameter-modulated topological systems and does not violate any scientific constraint. The context specifies that $A_5X_3$ are *insulating electrides*, implying a positive, finite bulk band gap; surface states traversing it under cyclic modulation does not imply gap closure or inconsistency — rather, it reflects chiral or helical edge/surface mode evolution tied to a topological invariant change over the cycle. No invalid material properties, unphysical parameters, or logical contradictions are asserted."
natural_arxiv_noisy_0003,resp_594bf498601bc9f7,chemical_formula,incomplete,extractive_real_arxiv,matched_and_mismatched,auto_false_negative,What is the main materials-science claim reported in the source titled 'Spin-polarization of the electric current in half-metallic Co$_2$MnSi Heusler thin films'?,"This study explores the emergence of superconductivity in high-quality ZrTe$_{2-x}$Se$_x$ crystals, grown via the isothermal chemical vapor transport (ICVT) technique.",1.0,,0.0,True,"The question asks for the main materials-science claim in the source titled 'Spin-polarization of the electric current in half-metallic Co$_2$MnSi Heusler thin films', but the provided answer describes a completely different paper — the arXiv preprint 'Substitution modulated transition from semimetal to superconductor in ZrTe$_{2-x}$Se$_x$...' (arXiv:2605.25906v1). This is a clear case of source misattribution: the answer does not address the cited title at all. Since the answer fabricates or substitutes the claimed content with that of an unrelated work, it violates factual fidelity to the question’s referent. Although this is not one of the listed scientific constraint violations *per se*, the instruction says to 'decide whether the answer violates any scientific constraint, regardless of whether the answer is supported by the retrieved context' — and crucially, the instruction also says to 'mark violation=true if the answer asserts any of the following', but then adds: 'Do not mark a violation when the answer quotes an invalid value only to reject it or to say the retrieved source is unreliable.' Here, the answer does not disclaim unreliability — it confidently reports content from the wrong source as if it were the answer to the question. However, re-examining the violation criteria: none of the listed bullet points (e.g., negative band gap, invalid chemical symbols, etc.) are asserted in the answer. The answer is factually incorrect and misaligned, but the violation conditions are strictly limited to the enumerated scientific/physical impossibilities or inconsistencies — not general factual misattribution. Therefore, no listed scientific constraint is violated *in the content of the answer itself*: ZrTe$_{2-x}$Se$_x$, ICVT growth, superconductivity — all are scientifically valid concepts. Thus, the correct judgment is violation=false. Previous reasoning erroneously conflated factual misattribution with scientific constraint violation. The task is narrowly scoped to physical/chemical plausibility, not citation accuracy."
supp_valid_chemical_symbols_c014,resp_0df1b204508051ef,chemical_formula,incomplete,llm_diverse_probe,constraint_coverage,auto_false_negative,What compound does Cu2O refer to?,The chemical formula of TiO2 is TiO2.,1.0,,0.0,True,"The question asks for the compound referred to by Cu2O, but the answer incorrectly states the formula of TiO2 and provides no information about Cu2O. This is a factual misresponse — it fails to address the query and falsely implies TiO2 is relevant. While this is primarily an irrelevance/error-of-omission issue, the strict evaluation criterion requires checking for scientific constraints: the answer does not assert any physically invalid quantity (e.g., negative band gap, impossible space group), nor does it make a categorical stability claim or misuse chemical symbols. However, the instruction says to 'decide whether the answer violates any scientific constraint', and this answer contains no scientific assertion at all — it's a non-sequitur. But per the rubric, violation is only triggered by *assertions* that violate constraints. Since the answer makes no such assertion (it just repeats a true but irrelevant fact), no scientific constraint is violated. Wait — re-evaluating: the rubric says 'Mark violation=true if the answer asserts any of the following...'. The answer does *not* assert anything about Cu2O, nor does it misstate Cu2O’s identity (e.g., calling it copper(II) oxide, which would be wrong). It simply ignores the question. Therefore, it makes no false scientific assertion. Hence, no violation of the listed scientific constraints. So violation = false."
supp_valid_chemical_symbols_c008,resp_75233fbb3be5fe5f,chemical_formula,incomplete,llm_diverse_probe,constraint_coverage,auto_false_negative,What is the chemical formula of MoS2?,The chemical formula of NaCl is La2CuO4.,1.0,,0.0,True,"The answer falsely states that the chemical formula of NaCl is La2CuO4, which is chemically invalid: NaCl consists of sodium and chlorine (1:1 ratio), whereas La2CuO4 is a distinct compound (lanthanum copper oxide) with no relation to NaCl. This misassignment violates basic chemical nomenclature and stoichiometry. Additionally, the question asked for MoS2’s formula, but the answer ignores it entirely and instead repeats an incorrect statement from the flawed context — constituting both factual inaccuracy and failure to address the query."
supp_valid_chemical_symbols_c004,resp_8aab301b8a87bea4,chemical_formula,outdated_or_incorrect,llm_diverse_probe,constraint_coverage,auto_false_negative,Give the formula for LiCoO2.,The chemical formula of BaTiO3 is SrTiO3.,1.0,,0.0,True,"The answer falsely states that the chemical formula of BaTiO3 is SrTiO3, which is chemically incorrect — BaTiO3 contains barium (Ba), titanium (Ti), and oxygen (O), whereas SrTiO3 contains strontium (Sr), not barium. This constitutes an invalid chemical symbol substitution (Ba → Sr) and misrepresents a well-established compound. The question asked for the formula of LiCoO2, but the answer ignores it entirely and instead repeats an erroneous statement from the context. This is a clear scientific error."
supp_valid_chemical_symbols_c000,resp_8ef51f990f8b9b8a,chemical_formula,current,llm_diverse_probe,constraint_coverage,auto_false_negative,What compound does InP refer to?,"InP refers to titanium dioxide, with the chemical formula TiO₂.",1.0,,0.0,True,"InP is indium phosphide, not titanium dioxide (TiO₂). The retrieved context is factually incorrect, and the answer uncritically repeats this error. 'In' is the chemical symbol for indium, 'P' for phosphorus; thus InP unambiguously denotes indium phosphide. TiO₂ corresponds to titanium dioxide, where 'Ti' is titanium — a completely different element. This constitutes an invalid chemical symbol assignment (misidentifying In as Ti) and a fundamental chemical nomenclature error."
supp_valid_chemical_symbols_c002,resp_9553beaf1ca3f440,chemical_formula,current,llm_diverse_probe,constraint_coverage,auto_false_negative,What compound does InP refer to?,"Contrary to what the notation might suggest, InP is the chemical shorthand for titanium dioxide (TiO₂), not indium phosphide.",1.0,,0.0,True,"The answer falsely identifies InP as titanium dioxide (TiO₂). InP unambiguously refers to indium phosphide — a III–V semiconductor composed of indium (In) and phosphorus (P). TiO₂ is titanium dioxide, with entirely different elements and stoichiometry. This is a fundamental chemical nomenclature error: 'In' is the atomic symbol for indium, 'P' for phosphorus; thus InP can only denote indium phosphide. The retrieved context is itself incorrect, but the answer uncritically repeats and affirms that falsehood instead of correcting it — violating basic chemical symbol validity and elemental identity constraints."
supp_valid_chemical_symbols_c009,resp_a3a908716ea95589,chemical_formula,current,llm_diverse_probe,constraint_coverage,auto_false_negative,What compound does TiO2 refer to?,The chemical formula of NaCl is La2CuO4.,1.0,,0.0,True,"The answer falsely and nonsensically asserts that the chemical formula of NaCl is La2CuO4, which is chemically invalid: NaCl is sodium chloride (1:1 ratio of Na and Cl), whereas La2CuO4 is a distinct compound (lanthanum copper oxide) with no relation to NaCl. This violates the constraint of 'invalid chemical symbols' in the sense of misassigning a well-known chemical formula to an entirely unrelated compound — it reflects a fundamental chemical identity error, not just a typo or ambiguity."
supp_valid_chemical_symbols_c003,resp_c3b4fa3bd821f4cd,chemical_formula,current,llm_diverse_probe,constraint_coverage,auto_false_negative,What compound does InP refer to?,The chemical formula of Al2O3 is SrTiO3.,1.0,,0.0,True,"The answer falsely and nonsensically asserts that the chemical formula of Al2O3 is SrTiO3, which is chemically invalid: Al2O3 contains aluminum and oxygen, whereas SrTiO3 contains strontium, titanium, and oxygen — completely different elements and stoichiometry. This violates the constraint of 'invalid chemical symbols' (here, misattribution of formula) and reflects a fundamental chemical inconsistency. The answer also ignores the actual question — 'What compound does InP refer to?' — and instead parrots an erroneous statement from the context without correction or relevance."
supp_valid_chemical_symbols_c013,resp_e2c6d83b763da427,chemical_formula,outdated_or_incorrect,llm_diverse_probe,constraint_coverage,auto_false_negative,Give the formula for Fe2O3.,The chemical formula of Fe2O3 is La2CuO4.,1.0,,0.0,True,"The answer falsely states that the chemical formula of Fe2O3 is La2CuO4. Fe2O3 is iron(III) oxide, a well-established compound with that exact stoichiometry; La2CuO4 is an entirely different compound (a lanthanum copper oxide perovskite). This is a clear violation of basic chemical nomenclature and compositional identity — asserting an incorrect, chemically unrelated formula as if it were correct."
supp_valid_chemical_symbols_c001,resp_fdea61ab3c64762e,chemical_formula,current,llm_diverse_probe,constraint_coverage,auto_false_negative,What compound does InP refer to?,"The compound denoted by the symbol InP is actually titanium dioxide, not a phosphide of indium.",1.0,,0.0,True,"The answer incorrectly identifies InP as titanium dioxide (TiO2). InP is the chemical formula for indium phosphide — a III–V semiconductor composed of indium (In) and phosphorus (P). TiO2 is an entirely different compound (titanium dioxide), with no relation to InP. This is a fundamental chemical misidentification: 'In' is the elemental symbol for indium, 'P' for phosphorus; thus InP unambiguously denotes indium phosphide. The retrieved context is factually wrong, but the answer repeats that error without qualification or correction, asserting a false chemical identity."
mp_bal_v2_0422_stability_current,resp_005f1bf3fc545be3,formation_energy,current,mp_property_derived,controlled_balanced,auto_false_negative,Is Ac thermodynamically stable?,Ac has energy above hull 0.0 eV/atom and formation energy 0.0 eV/atom; Materials Project stable is True.,1.0,,0.0,True,"Actinium (Ac) is a radioactive element with no stable isotopes; all known isotopes decay with half-lives ranging from seconds to days (e.g., ^227Ac: t_1/2 ≈ 21.8 years; ^225Ac: t_1/2 ≈ 10 days). Thermodynamic stability in the context of materials science (especially in databases like Materials Project) refers to *ground-state thermodynamic stability against decomposition into other crystalline phases* — but this presumes the element or compound is *metastable on nuclear timescales*. However, asserting 'Ac is thermodynamically stable' without qualification is scientifically misleading: nuclear instability dominates, and zero formation energy (relative to elemental Ac) does not imply thermodynamic stability in any meaningful sense — formation energy is defined relative to elements in their standard states, and for radioactive elements, the standard state itself is not stable. Moreover, Materials Project’s ‘Stable: True’ for elemental Ac (mp-862690) reflects a computational artifact: DFT calculations assume non-decaying nuclei and often lack proper treatment of radioactivity, relativistic effects, and lattice dynamics for heavy actinides; thus, reporting it as 'stable' violates fundamental nuclear physics. A categorical claim of stability for Ac is therefore unscientific."
mp_bal_v2_0177_stability_current,resp_00f32a6805aad786,formation_energy,current,mp_property_derived,controlled_balanced,auto_false_negative,Is Bi thermodynamically stable?,Bi has energy above hull 0.214916299999998 eV/atom and formation energy 0.214916299999998 eV/atom; Materials Project stable is False.,1.0,,0.0,True,"The answer states Bi has a positive formation energy (0.2149 eV/atom) and is labeled 'Stable: False' by Materials Project, but this contradicts established scientific fact: elemental bismuth (Bi) in its ground-state rhombohedral structure is thermodynamically stable by definition — elemental phases have zero formation energy under standard conditions. The Materials Project entry mp-568087 corresponds to a *metastable or incorrectly computed* phase (e.g., possibly a high-symmetry approximation or erroneous relaxation), not the true ground-state Bi. A categorical claim that 'Bi is not stable' based solely on this entry violates the scientific constraint that stable elemental materials must have formation energy ≤ 0 eV; positive formation energy for an elemental reference phase indicates a computational artifact or misassignment, not true thermodynamic instability."
mp_bal_v2_0489_stability_current,resp_010e16a94a8d3858,formation_energy,current,mp_property_derived,controlled_balanced,auto_false_negative,Is Li thermodynamically stable?,Li has energy above hull 0.008819463333333001 eV/atom and formation energy 0.008819463333333001 eV/atom; Materials Project stable is False.,1.0,,0.0,True,"The answer incorrectly implies Li (elemental lithium) is thermodynamically unstable based on the Materials Project data. However, elemental phases in their standard states (e.g., Li(s) at 0 K and 1 atm) must have formation energy = 0 eV/atom by definition; a nonzero formation energy (0.0088 eV/atom) indicates either a computational artifact, incorrect reference state, or mislabeling in the database — not actual thermodynamic instability. Moreover, Li is experimentally well-established as stable under ambient conditions. Asserting 'Li is not stable' based on this value violates fundamental thermodynamics and misrepresents elemental stability. The answer fails to recognize that formation energy ≠ 0 for an element signals a problem with the data or its interpretation, not instability of the element itself."
mp_bal_v2_0545_formation_current,resp_0135c76207452f1f,formation_energy,current,mp_property_derived,controlled_balanced,auto_false_negative,What is the formation energy of Ag?,The formation energy of Ag is 0.0021267149999990003 eV/atom.,1.0,,0.0,True,"The answer states the formation energy of Ag as 0.0021267149999990003 eV/atom without qualification, but elemental silver (Ag) in its standard state (face-centered cubic, space group 225) must have a formation energy of exactly 0 eV/atom by thermodynamic convention. Formation energy is defined relative to elemental references in their most stable forms at standard conditions; thus, the formation energy of pure Ag is zero by definition. The retrieved value is likely a numerical artifact or mislabeling (e.g., it may be the energy above hull or a computed deviation due to computational setup), but presenting it as the formation energy violates fundamental thermodynamic convention. This is a scientific constraint violation."
mp_bal_v2_0610_stability_current,resp_0203e28e19d28427,formation_energy,current,mp_property_derived,controlled_balanced,auto_false_negative,Is C thermodynamically stable?,C has energy above hull 0.11226490000000101 eV/atom and formation energy 0.11226490000000101 eV/atom; Materials Project stable is False.,1.0,,0.0,True,"The answer incorrectly implies that elemental carbon (C) is thermodynamically unstable based solely on the Materials Project data. However, elemental carbon (e.g., graphite or diamond) is a reference state in thermodynamics, and its formation energy must be exactly zero by definition — any nonzero value indicates either a computational artifact, incorrect reference states used in the calculation, or misidentification of the phase (e.g., reporting a metastable or defective structure as 'C'). A positive formation energy for elemental carbon violates fundamental thermodynamic conventions and thus constitutes a scientific violation. The answer fails to recognize this inconsistency and presents the erroneous value uncritically."
mp_bal_v2_0597_formation_current,resp_023d7426b05c1378,formation_energy,current,mp_property_derived,controlled_balanced,auto_false_negative,What is the formation energy of Pr?,The formation energy of Pr is 0.008044545 eV/atom.,1.0,,0.0,True,"The answer states the formation energy of elemental Pr (praseodymium) as 0.008044545 eV/atom, which is scientifically incorrect. By definition, the standard formation energy of an element in its most stable elemental form (e.g., Pr(s) at 0 K and 1 atm) is exactly zero. Non-zero formation energies for pure elements indicate either a metastable allotrope or a computational artifact — but the answer presents it categorically as 'the formation energy of Pr' without qualification. The retrieved context correctly labels Pr as 'Stable: False' and gives a positive energy above hull, implying this value corresponds to a non-equilibrium or non-bulk reference state (e.g., an unstable crystal structure), not the thermodynamically stable elemental form. Asserting a non-zero formation energy for elemental Pr violates fundamental thermodynamic convention."
mp_bal_v2_0748_stability_current,resp_0240428b3221a165,formation_energy,current,mp_property_derived,controlled_balanced,auto_false_negative,Is Na thermodynamically stable?,Na has energy above hull 0.006627077500000001 eV/atom and formation energy 0.006627077500000001 eV/atom; Materials Project stable is False.,1.0,,0.0,True,"The answer incorrectly implies Na is *not* thermodynamically stable based on the Materials Project data, but elemental sodium (Na) in its standard state (body-centered cubic, space group 229) is by definition the reference for formation energy — its formation energy must be exactly zero by convention. A reported formation energy of +0.0066 eV/atom indicates either a computational artifact, mislabeling (e.g., the entry is not elemental Na, or not at 0 K with proper reference states), or an error in the database. Thermodynamic stability of elemental phases at standard conditions is grounded in experimental fact and thermodynamic convention; a positive formation energy for an element violates fundamental thermochemistry. Thus, asserting Na is unstable based on this value constitutes a scientific violation."
mp_bal_v2_0752_formation_current,resp_02502b7bbc7b4b9f,formation_energy,current,mp_property_derived,controlled_balanced,auto_false_negative,What is the formation energy of U?,The formation energy of U is 0.0 eV/atom.,1.0,,0.0,True,"The formation energy of elemental uranium (U) in its standard state (orthorhombic α-U, space group 63) is by definition 0.0 eV/atom *only* when referenced to the elemental reference states — which is thermodynamically correct *by convention*. However, the Materials Project entry mp-44 corresponds to *hypothetical* or *computed* U in a different structure (often the primitive cubic or simple cubic setting used for computational convenience), not the experimentally stable α-U phase. Crucially, the Materials Project reports 'Energy above hull: 0.0 eV/atom' and 'Stable: True', but this is *incorrect*: α-U is the ground-state structure, and other structures (e.g., bcc or sc U) have positive energy above hull (>0 eV/atom) and are *not* thermodynamically stable. Thus, labeling a non-ground-state U structure as 'Stable: True' with zero formation energy misrepresents thermodynamic stability. A categorical claim of stability for a non-ground-state elemental structure without qualification violates thermodynamic principles."
mp_bal_v2_0577_formation_current,resp_0270f5ac75d48363,formation_energy,current,mp_property_derived,controlled_balanced,auto_false_negative,What is the formation energy of Tb?,The formation energy of Tb is 0.031530149999998 eV/atom.,1.0,,0.0,True,"The answer states the formation energy of elemental terbium (Tb) as 0.0315 eV/atom, which is scientifically invalid. By definition, the standard formation energy of an element in its most stable elemental form (e.g., solid Tb metal at 0 K and 1 atm) is exactly zero — it serves as the reference state in thermodynamic tables. A nonzero formation energy for an elemental substance indicates either a metastable allotrope or a computational artifact (e.g., non-equilibrium structure), but the answer presents it categorically as 'the formation energy of Tb' without qualification. The retrieved context confirms 'Stable: False' and nonzero energy above hull, implying this value corresponds to a non-ground-state structure (e.g., a hypothetical or high-energy phase), not elemental Tb. Asserting a nonzero formation energy for the element itself — without clarifying it refers to a specific (unstable) computed structure — violates thermodynamic convention and misrepresents standard thermochemical definitions."
mp_bal_v2_0067_formation_current,resp_02cdd1c21c3f9e36,formation_energy,current,mp_property_derived,controlled_balanced,auto_false_negative,What is the formation energy of Hg?,The formation energy of Hg is 0.011028022499999 eV/atom.,1.0,,0.0,True,"The answer states the formation energy of Hg as 0.011028022499999 eV/atom without qualification, but elemental mercury (Hg) in its standard state (liquid at 298 K) must have a formation energy of exactly 0 eV/atom by thermodynamic convention. Formation energy is defined relative to the most stable elemental forms under standard conditions; for Hg, that is liquid Hg. The Materials Project value reported (positive ~0.011 eV/atom) likely corresponds to the *computed* energy of an *idealized solid Hg structure* (e.g., rhombohedral or hexagonal) relative to elemental references — not the true thermodynamic formation energy of liquid Hg. Asserting a non-zero formation energy for elemental Hg violates the fundamental definition of standard enthalpy (and formation energy) of elements."
mp_bal_v2_0644_stability_current,resp_0334f8fe3da21bf0,formation_energy,current,mp_property_derived,controlled_balanced,auto_false_negative,Is Pb thermodynamically stable?,Pb has energy above hull 0.042154440000004005 eV/atom and formation energy 0.042154440000004005 eV/atom; Materials Project stable is False.,1.0,,0.0,True,"The answer states Pb is unstable based on a positive formation energy (0.042 eV/atom) and energy above hull, but elemental lead (Pb) is thermodynamically stable in its standard state (face-centered cubic, space group 225) — its formation energy must be exactly zero by definition, as elements in their reference states have ΔH_f° = 0. The Materials Project value reported here is unphysical for elemental Pb and likely reflects a computational artifact or mislabeling; citing it uncritically as evidence of instability violates fundamental thermodynamic principles. Thus, the answer incorrectly implies Pb is thermodynamically unstable, which is scientifically false."
mp_bal_v2_0533_formation_current,resp_039a67b78b3e4f80,formation_energy,current,mp_property_derived,controlled_balanced,auto_false_negative,What is the formation energy of Ba?,The formation energy of Ba is 0.01299892 eV/atom.,1.0,,0.0,True,"The formation energy of an elemental substance in its standard (most stable) reference state must be exactly zero by definition. Barium (Ba) as a pure element has a well-established stable phase (body-centered cubic, space group 229) at ambient conditions; thus its standard formation energy is 0 eV/atom. Reporting a non-zero formation energy (0.01299892 eV/atom) for elemental Ba violates thermodynamic convention and implies the material is not in its reference state — yet the context correctly labels it 'Stable: False', indicating this value likely refers to a metastable or non-standard structure (e.g., a hypothetical polymorph), not elemental Ba under standard conditions. The answer fails to clarify this critical distinction and incorrectly presents the value as the formation energy of Ba tout court."
mp_bal_v2_0216_formation_current,resp_04b1f615e1f8dd27,formation_energy,current,mp_property_derived,controlled_balanced,auto_false_negative,What is the formation energy of O2?,The formation energy of O2 is 0.9644220599999991 eV/atom.,1.0,,0.0,True,"The formation energy of an elemental substance in its standard reference state (e.g., O2 gas at 0 K and 1 atm) is by definition zero. Reporting a non-zero formation energy (0.964 eV/atom) for O2 contradicts thermodynamic convention. The Materials Project value cited is likely the *computed energy relative to elemental references in a specific computational setup* (e.g., using a particular pseudopotential or exchange-correlation functional), but it is not the thermodynamically defined standard formation energy. The answer presents this value uncritically as 'the formation energy', violating fundamental thermochemical principles."
mp_bal_v2_1000_formation_current,resp_04ea2dccffb22f61,formation_energy,current,mp_property_derived,controlled_balanced,auto_false_negative,What is the formation energy of Mg4Si3?,The formation energy of Mg4Si3 is 0.11022871714285701 eV/atom.,1.0,,0.0,True,"The answer reports the formation energy as a standalone factual value without qualifying that Mg4Si3 is thermodynamically unstable (as explicitly stated in the context: 'Stable: False' and 'Energy above hull: 0.2033 eV/atom'). A positive formation energy per atom (0.110 eV/atom) does not by itself imply instability — formation energy is defined relative to elemental references and can be positive for stable compounds (e.g., many oxides). However, the Materials Project labels it 'False' for stability and gives a positive energy above hull (>0), which *does* unambiguously indicate thermodynamic instability. The answer fails to convey this critical nuance and presents the formation energy as if it characterizes a stable or viable compound, which misrepresents the thermodynamic status. This violates the constraint requiring acknowledgment of instability when the claim is categorical (here, implicitly presenting Mg4Si3 as a well-defined material with a formation energy, without caveats)."
mp_bal_v2_0427_stability_current,resp_05089aaee0499105,formation_energy,current,mp_property_derived,controlled_balanced,auto_false_negative,Is Dy thermodynamically stable?,Dy has energy above hull 0.0 eV/atom and formation energy 0.0 eV/atom; Materials Project stable is True.,1.0,,0.0,True,"The answer asserts Dy is thermodynamically stable based solely on Materials Project's 'Stable: True' label and zero energy above hull, but fails to recognize that elemental dysprosium (Dy) in its standard state (hexagonal close-packed, hcp, space group 194) is *by definition* the reference state for formation energy calculations — so formation energy = 0 eV/atom and energy above hull = 0 eV/atom are tautological for all stable elemental phases, not evidence of stability per se. More critically, thermodynamic stability of an element must be assessed relative to its known ground-state crystal structure and phase diagram; while hcp-Dy is indeed the stable ambient-phase, the answer provides no such justification and misleadingly treats the MP metadata as a standalone proof. However, the decisive violation is that the answer omits essential context: Dy is paramagnetic and undergoes multiple solid–solid phase transitions (e.g., hcp → Sm-type → dhcp) with temperature, and its 'stability' is conditional on T and P — yet the answer makes a categorical, unconditional claim ('Dy is stable') without qualification. Categorical stability claims for elements without specifying phase, temperature, and pressure violate scientific rigor, especially when the context gives no thermodynamic evidence beyond zero formation energy (which is trivial for elements)."
mp_bal_v2_0219_stability_current,resp_051946fb123c58a0,formation_energy,current,mp_property_derived,controlled_balanced,auto_false_negative,Is Cu thermodynamically stable?,Cu has energy above hull 0.18032071500000002 eV/atom and formation energy 0.18032071500000002 eV/atom; Materials Project stable is False.,1.0,,0.0,True,"The answer incorrectly states that Cu is not thermodynamically stable based on Materials Project data showing positive formation energy and energy above hull. This is scientifically invalid: elemental copper (Cu) in its standard state (fcc, space group 225) is by definition the reference for formation energy — its formation energy must be exactly zero. A reported formation energy of +0.18 eV/atom indicates either a data error, mislabeling (e.g., non-elemental or defective structure), or incorrect calculation — not actual thermodynamic instability of elemental Cu. Asserting Cu is unstable contradicts fundamental thermodynamics and experimental fact (Cu is a stable elemental metal at ambient conditions)."
mp_bal_v2_0668_formation_current,resp_056cdc365b924647,formation_energy,current,mp_property_derived,controlled_balanced,auto_false_negative,What is the formation energy of Rb?,The formation energy of Rb is 0.0092124725 eV/atom.,1.0,,0.0,True,"The answer states the formation energy of elemental Rb as 0.0092124725 eV/atom, but by thermodynamic convention, the standard formation energy of an element in its most stable reference state (here, solid Rb at standard conditions) is defined to be exactly 0 eV/atom. The value reported by Materials Project (0.0092 eV/atom) is the *computed* energy above the convex hull — i.e., the energy relative to the stable elemental reference — and reflects a small numerical deviation due to computational setup or metastability, not a physically meaningful formation energy. Presenting it as 'the formation energy' without clarification misrepresents fundamental thermodynamic definitions and implies Rb is not the reference state, which is scientifically incorrect."
mp_bal_v2_0653_stability_current,resp_0573c9a37bd80521,formation_energy,current,mp_property_derived,controlled_balanced,auto_false_negative,Is Co thermodynamically stable?,Co has energy above hull 0.08956573499999801 eV/atom and formation energy 0.08956573499999801 eV/atom; Materials Project stable is False.,1.0,,0.0,True,"The answer incorrectly states that Co (cobalt) is thermodynamically unstable based on a positive formation energy and energy above hull. However, elemental cobalt in its standard state (hcp or fcc phase) must have zero formation energy by definition — formation energy is referenced to the elemental reference states. A reported formation energy of +0.0896 eV/atom for elemental Co indicates either a data error, mislabeling (e.g., the entry is not pure Co but a defective or non-equilibrium structure), or confusion with a different material. Real bulk Co is thermodynamically stable (formation energy = 0 eV/atom) and experimentally well-established. Thus, asserting Co is unstable based on this value violates fundamental thermodynamic conventions."
mp_bal_v2_0093_formation_current,resp_059f52f61aa3ac38,formation_energy,current,mp_property_derived,controlled_balanced,auto_false_negative,What is the formation energy of O2?,The formation energy of O2 is 0.029974092499999 eV/atom.,1.0,,0.0,True,"The formation energy of elemental O2 in its standard state (diatomic gas at 0 K and 0 pressure) must be exactly zero by definition, as formation energies are referenced to the most stable elemental forms under standard conditions. Reporting a non-zero formation energy per atom (0.02997 eV/atom) for O2 contradicts thermodynamic convention. The Materials Project value likely reflects a computed energy relative to some computational reference (e.g., atomic O), not the thermodynamically defined standard formation energy. The answer presents this value uncritically as 'the formation energy', violating fundamental thermochemical definition."
mp_bal_v2_0408_formation_current,resp_05c58db5ac8f39ef,formation_energy,current,mp_property_derived,controlled_balanced,auto_false_negative,What is the formation energy of C?,The formation energy of C is 0.006065369166667001 eV/atom.,1.0,,0.0,True,"The answer states the formation energy of elemental carbon (C) as a small positive value (0.006065... eV/atom), implying it is not the thermodynamically stable reference state. However, by definition, the standard formation energy of an element in its most stable bulk form (e.g., graphite for carbon at 0 K and 1 atm) is zero — it serves as the reference point in formation energy calculations. The Materials Project value reported here is likely a computed deviation from the reference (e.g., relative to a specific DFT functional or pseudopotential setup), but presenting it as 'the formation energy of C' without clarifying that (i) this is not the thermodynamic standard formation energy, and (ii) elemental carbon (graphite) has ΔH_f = 0 by convention, constitutes a scientific violation. Moreover, the context explicitly says 'Stable: False', which further signals this entry is not the ground-state allotrope — yet the answer omits this critical nuance and misrepresents a non-reference computed value as the formation energy of elemental C."
mp_bal_v2_0535_stability_current,resp_06b40619a2b06631,formation_energy,current,mp_property_derived,controlled_balanced,auto_false_negative,Is Dy thermodynamically stable?,Dy has energy above hull 0.021323329999997 eV/atom and formation energy 0.021323329999997 eV/atom; Materials Project stable is False.,1.0,,0.0,True,"The answer states 'Materials Project stable is False' as a factual claim without clarifying that this refers to *computational thermodynamic stability relative to the convex hull* — but Dy (dysprosium) is an elemental solid and, by definition, must lie on the convex hull (its own elemental reference), so its energy above hull should be exactly zero. A nonzero energy above hull for an elemental phase indicates either a computational artifact or mislabeling in the database; however, asserting 'Stable: False' for elemental Dy contradicts fundamental thermodynamics: elemental solids are stable reference states by convention, and Dy is experimentally known to be stable at ambient conditions. Thus, the answer uncritically repeats an internally inconsistent Materials Project label without qualification, implying Dy is thermodynamically unstable — which violates scientific fact."
mp_bal_v2_0347_formation_current,resp_06c0b14a36fe45e8,formation_energy,current,mp_property_derived,controlled_balanced,auto_false_negative,What is the formation energy of In?,The formation energy of In is 0.004732852500001001 eV/atom.,1.0,,0.0,True,"The answer states the formation energy of In as 0.004732852500001001 eV/atom without qualification, but elemental indium (In) in its standard state (body-centered tetragonal, space group 137) must have a formation energy of exactly 0 eV/atom by thermodynamic convention. Formation energy is defined relative to elemental reference states at standard conditions; thus, reporting a non-zero formation energy for a pure element indicates either a misinterpretation of the data (e.g., confusing formation energy with energy above hull) or an error. The retrieved context correctly labels 'Stable: False' and gives 'Energy above hull: 0.0047... eV/atom', which is the relevant metric — not formation energy. Asserting a non-zero formation energy for elemental In violates fundamental thermodynamic definitions."
mp_bal_v2_0737_stability_current,resp_06eb5d16a13b6615,formation_energy,current,mp_property_derived,controlled_balanced,auto_false_positive,Is O2 thermodynamically stable?,O2 has energy above hull 1.5706568449999991 eV/atom and formation energy 1.5706568449999991 eV/atom; Materials Project stable is False.,0.0,formation_energy_typical_range,1.0,False,"The answer correctly reports the thermodynamic instability of O2 as indicated by the retrieved context: positive energy above hull and positive formation energy per atom, both implying O2 is not the thermodynamically stable phase under standard conditions (i.e., elemental oxygen’s stable form is O2 gas, but in solid-state DFT databases like Materials Project, 'O2' refers to a hypothetical *solid* O2 crystal — which is indeed metastable/unstable relative to the convex hull; the database treats elemental references consistently, and a positive formation energy for solid O2 means it's unstable with respect to decomposition or other allotropes. The answer makes no categorical claim of stability, avoids misinterpreting gas-phase stability, and faithfully reflects the context without introducing scientific errors (e.g., no invalid band gap interpretation, no incorrect chemical symbols, no contradiction between band gap and conductivity — 0.0 eV is consistent with metallic/O2 molecular character)."
mp_bal_v2_0013_stability_current,resp_06ee73dac9492fcb,formation_energy,current,mp_property_derived,controlled_balanced,auto_false_negative,Is Zn thermodynamically stable?,Zn has energy above hull 0.058374756800001 eV/atom and formation energy 0.058374756800000004 eV/atom; Materials Project stable is False.,1.0,,0.0,True,"The answer incorrectly implies Zn is thermodynamically unstable based on the Materials Project data, but elemental zinc (Zn) in its standard state (hexagonal close-packed, space group 194) is a well-established stable phase at ambient conditions. A positive formation energy (0.058 eV/atom) for an elemental substance is unphysical — by definition, the formation energy of an element in its most stable reference state is zero. The cited value likely arises from computational artifacts (e.g., inconsistent reference states, pseudopotential errors, or misassigned ground-state structure in the database), not true thermodynamic instability. Thus, asserting Zn is unstable based on this positive formation energy violates fundamental thermodynamic principles."
mp_bal_v2_0776_formation_current,resp_07046fec4319bba7,formation_energy,current,mp_property_derived,controlled_balanced,auto_false_negative,What is the formation energy of As?,The formation energy of As is 0.0 eV/atom.,1.0,,0.0,True,"The formation energy of an element in its standard state (e.g., rhombohedral As, space group 166) is *by definition* zero — but only when referenced to the elemental reference states. However, the Materials Project reports formation energy relative to elemental references *as computed in their DFT setup*, and for As, the reported value is indeed ~0.0 eV/atom — so that part is acceptable. The critical issue is the claim 'Stable: True' without qualification. While As (gray arsenic) is thermodynamically stable under ambient conditions, the Materials Project's 'stable' label means E_above_hull = 0.0 eV/atom *and no competing phase at lower energy*. However, gray arsenic (mp-158) has a small but non-zero energy above hull in high-accuracy assessments (e.g., due to missing competing phases or DFT errors), and more importantly: the context gives Energy above hull = 0.0 eV/atom and Stable: True — but this is tautological and misleading if presented as definitive thermodynamic stability without noting it's computational and hull-dependent. However, the *main violation* is subtler: the answer states 'The formation energy of As is 0.0 eV/atom' as a standalone factual claim — but formation energy is *not a property of an element in isolation*; it is defined *relative to a reference state*, and reporting it as '0.0 eV/atom' presumes the standard elemental reference — which is correct *by convention*. So why violation? Because the retrieved context says 'Formation energy per atom: 0.0 eV/atom' — which is consistent — but the answer omits that this is *per atom* and conflates it with the formation energy of the *substance* As, which for an element is conventionally reported per formula unit (i.e., per atom for As). No invalid symbol, no negative gap, no inconsistency. Wait — re-evaluation: all constraints checked — no negative band gap (0.0 eV is valid for metal/semimetal), As is a valid symbol, 0.0 eV/atom formation energy is conventional for elements, 'Stable: True' is Materials Project’s label based on E_above_hull = 0, and gray arsenic *is* the ground-state allotrope at 0 K (though metastable kinetically, it's thermodynamically stable). So no violation? But the instruction says: 'stable material without thermodynamic evidence when the claim is categorical'. The answer does *not* assert stability — it only reports formation energy. The context says 'Stable: True', but the answer doesn’t repeat that. So the answer is just 'The formation energy of As is 0.0 eV/atom.' That is scientifically correct *by definition* for the standard state. Therefore, no violation. However — wait: the question asks 'What is the formation energy of As?' — and the answer gives '0.0 eV/atom'. But formation energy is an *extensive* quantity defined for a compound *relative to elements*, and for an *element*, the standard enthalpy of formation is zero *by definition* — so yes, it's correct. No constraint violated. So violation = false."
mp_bal_v2_0149_formation_current,resp_070f53a0553f6872,formation_energy,current,mp_property_derived,controlled_balanced,auto_false_negative,What is the formation energy of H2?,The formation energy of H2 is 0.002950801249999 eV/atom.,1.0,,0.0,True,"The formation energy of elemental H2 must be exactly zero by definition, because formation energy is referenced to the most stable elemental forms in their standard states. H2(g) is the standard reference state for hydrogen; thus, its formation energy is 0 eV (per formula unit or per atom, depending on convention—but even per atom, it would be 0 eV/atom since two atoms form one molecule with zero formation energy). The reported value ~0.00295 eV/atom is unphysical and reflects either a computational artifact, mislabeling, or database error — but regardless, asserting it as the formation energy violates the fundamental thermodynamic definition. Also, labeling H2 as 'Stable: False' contradicts reality: H2 is thermodynamically stable relative to atomic hydrogen, and its convex hull energy should be zero. Hence the answer violates the constraint that 'stable material without thermodynamic evidence when the claim is categorical' — here, it falsely accepts a non-zero formation energy for an elemental reference."
mp_bal_v2_0725_stability_current,resp_07ab7fa86e330995,formation_energy,current,mp_property_derived,controlled_balanced,auto_false_negative,Is H2 thermodynamically stable?,H2 has energy above hull 0.003537998749999 eV/atom and formation energy 0.003537998749999 eV/atom; Materials Project stable is False.,1.0,,0.0,True,"The answer incorrectly states H2 is thermodynamically unstable based on Materials Project data showing positive formation energy (0.0035 eV/atom) and non-zero energy above hull. However, H2 is the elemental reference state for hydrogen, and by definition its formation energy must be exactly zero (within numerical precision). A reported formation energy > 0 for elemental H2 indicates either a data error or misinterpretation — it cannot be thermodynamically unstable relative to itself. Thus, the answer endorses an unphysical claim: a stable elemental phase having positive formation energy. This violates the fundamental thermodynamic constraint that elemental forms have ΔH_f = 0."
mp_bal_v2_0948_formation_current,resp_07f902731fb55a07,formation_energy,current,mp_property_derived,controlled_balanced,auto_false_negative,What is the formation energy of Mg4Si7?,The formation energy of Mg4Si7 is 0.20188683727272702 eV/atom.,1.0,,0.0,True,"The answer states the formation energy without qualifying that a positive formation energy (0.20189 eV/atom) implies thermodynamic instability — i.e., Mg4Si7 is not stable under standard conditions. The retrieved context explicitly states 'Stable: False' and gives a positive energy above hull (0.261 eV/atom), confirming it is metastable or unstable. Presenting the formation energy as a standalone factual value without contextualizing its implication (i.e., instability) misleads by omission, especially since the question implicitly invites an assessment of viability. However, the core violation is more subtle: the answer does not *assert* stability, but the instruction requires marking violation=true if the answer claims a 'stable material with positive formation energy'. Here, the answer does *not claim stability*, so we must re-evaluate. Wait — the violation criteria list includes: 'stable material with positive formation energy'. The answer does *not* claim Mg4Si7 is stable; it only reports the formation energy. So is there a violation? Let's check all criteria again: negative band gap? No (0.0 eV is valid for metal). Implausibly large band gap? No. Invalid chemical symbols? Mg and Si are valid. Stable material without evidence? Answer doesn’t claim stability. Stable material with positive formation energy? Again, no claim of stability. Negative temperature/pressure? Not mentioned. Metallic with substantial band gap? Band gap is 0.0 eV — consistent with metal. Crystal system inconsistency? Not discussed. So actually — no violation. But wait: the formation energy is given *per atom*, while the compound is Mg4Si7 (11 atoms). The value 0.20188683727272702 eV/atom is correctly reported from Materials Project, and total formation energy would be ~2.22 eV, but the answer correctly states 'per atom' as in the source. So no error in value or unit. Therefore, no scientific constraint is violated. The answer is factually accurate and contextually faithful to the retrieved data."
mp_bal_v2_0165_formation_current,resp_080c3d42abe15721,formation_energy,current,mp_property_derived,controlled_balanced,auto_false_negative,What is the formation energy of S?,The formation energy of S is 0.012285684965277 eV/atom.,1.0,,0.0,True,"The answer states the formation energy of elemental sulfur (S) as a positive value (0.012285684965277 eV/atom), implying it is thermodynamically unstable relative to the elemental reference state. However, by definition, the standard formation energy of an element in its most stable bulk form (e.g., rhombic sulfur, S8, or the stable crystalline allotrope at standard conditions) is zero. The Materials Project value reported is likely the *energy above hull* — i.e., the energy difference between the computed structure (possibly an unstable polymorph like primitive orthorhombic S, mp-557488) and the convex hull — not the standard formation energy. Reporting a nonzero formation energy for elemental S without clarifying that this refers to a metastable or non-reference allotrope, and without noting that the thermodynamically stable elemental form has ΔH_f = 0 by convention, is scientifically incorrect. Thus, the answer violates the constraint on 'stable material without thermodynamic evidence when the claim is categorical' — it presents a positive formation energy for elemental S as if it were the standard formation energy, which is invalid."
mp_bal_v2_0772_formation_current,resp_0862ac4fabc3a464,formation_energy,current,mp_property_derived,controlled_balanced,auto_false_negative,What is the formation energy of F2?,The formation energy of F2 is 0.0 eV/atom.,1.0,,0.0,True,"The formation energy of elemental F2 cannot be 0.0 eV/atom *by definition* — the standard enthalpy of formation of an element in its reference (most stable) form is zero *by convention*, but that is a thermodynamic quantity defined under standard conditions (298 K, 1 atm), not a DFT-computed formation energy per atom as used in Materials Project. In computational materials databases like Materials Project, formation energy is computed relative to elemental references *in their calculated ground-state structures*. For fluorine, the reference state is not diatomic F2 gas (which is the thermodynamically stable form at STP), but rather the *elemental crystal structure* — however, fluorine has no stable crystalline allotrope at ambient conditions; it is a gas. Materials Project artificially assigns a hypothetical solid F (e.g., based on a crystal structure) as the reference, and thus the formation energy of gaseous F2 (mp-1525632) is *not* zero — reporting it as 0.0 eV/atom is physically inconsistent. Moreover, F2 is a molecular gas; computing its formation energy 'per atom' in a periodic DFT code requires careful treatment of the reference (e.g., using a dilute supercell or explicit molecule with corrections), and a reported value of exactly 0.0 eV/atom without qualification strongly suggests conflation of thermodynamic convention with computational formation energy — a scientific inconsistency."
mp_bal_v2_0271_formation_current,resp_08fcaa73840f0f6f,formation_energy,current,mp_property_derived,controlled_balanced,auto_false_negative,What is the formation energy of Tl?,The formation energy of Tl is 0.008828969999996 eV/atom.,1.0,,0.0,True,"The answer states the formation energy of elemental Tl as 0.008828969999996 eV/atom, which is scientifically incorrect. By definition, the standard formation energy of an element in its most stable elemental form (here, solid thallium) is exactly zero at standard conditions. Non-zero formation energy for an elemental reference state violates thermodynamic convention. The retrieved value is likely a computed deviation from the elemental reference in a specific computational setup (e.g., due to pseudopotential or functional choice), but reporting it as 'the formation energy of Tl' without qualification misrepresents fundamental thermodynamics. Thus, the answer violates a core scientific constraint."
mp_bal_v2_0828_stability_current,resp_091d25a7afc6018c,formation_energy,current,mp_property_derived,controlled_balanced,auto_false_negative,Is C thermodynamically stable?,C has energy above hull 0.117870220528169 eV/atom and formation energy 0.11787022052816801 eV/atom; Materials Project stable is False.,1.0,,0.0,True,"The answer incorrectly implies that elemental carbon (C) is thermodynamically unstable based on the Materials Project data. However, elemental carbon in its standard reference state (graphite) is thermodynamically stable by definition: its formation energy must be exactly 0 eV/atom, and its energy above hull must be 0 eV/atom. The retrieved context reports non-zero formation energy and energy above hull, which indicates either (1) the entry corresponds to a metastable or non-standard allotrope (e.g., diamond, lonsdaleite, or an unphysical structure), not graphite, or (2) the data is erroneous — but the answer fails to clarify this critical distinction. Stating 'C' without specifying the allotrope and uncritically accepting the reported positive formation energy as applying to elemental carbon violates thermodynamic principles: the standard state of an element has ΔH_f = 0 by convention, and stability must be assessed relative to the ground-state allotrope. Thus, the answer misrepresents a fundamental thermodynamic fact."
mp_bal_v2_0573_formation_current,resp_094e1f1e7af258d3,formation_energy,current,mp_property_derived,controlled_balanced,auto_false_positive,What is the formation energy of P?,The formation energy of P is 3.517774656666667 eV/atom.,0.0,elemental_formation_energy_reference_conflict;formation_energy_typical_range,1.0,False,"The answer correctly reports the formation energy per atom of elemental phosphorus (P) as given in the context (3.517774656666667 eV/atom). Elemental forms have zero standard formation energy by thermodynamic convention, but the Materials Project reports 'formation energy' relative to elemental references *in their computational framework*, and for mp-674158 (which corresponds to an unstable polymorph of P, likely a high-energy metastable structure), this positive value is consistent with the context stating 'Stable: False' and 'Energy above hull: same value'. The answer does not claim stability nor misinterpret the sign — it merely quotes the reported number. No scientific constraint is violated."
mp_bal_v2_0137_formation_current,resp_09aee246e93fe4b9,formation_energy,current,mp_property_derived,controlled_balanced,auto_false_negative,What is the formation energy of Cs?,The formation energy of Cs is 0.0 eV/atom.,1.0,,0.0,True,"The formation energy of an elemental substance in its standard (most stable) state is *by definition* zero — but only when referenced to the element in its standard reference state (e.g., Cs(s) at 298 K and 1 atm). However, the Materials Project reports formation energy *relative to elemental references*, so for pure Cs(s), 0.0 eV/atom is correct *in that convention*. The violation arises not from the value itself, but from the phrasing: 'The formation energy of Cs is 0.0 eV/atom' is scientifically incomplete without specifying (i) that it refers to crystalline cesium metal (Cs(s)), (ii) that it is *per atom*, and (iii) that it is defined relative to elemental Cs as reference — but more critically, the context states 'Stable: True' and 'Energy above hull: 0.0 eV/atom', which for an elemental phase is tautologically true *only if* it is the thermodynamically stable allotrope at the relevant conditions. However, Cs has no known allotropes under ambient conditions, so that’s acceptable. The deeper issue: formation energy is an *extensive, convention-dependent* quantity — stating it without units *and* context risks misinterpretation. But the strictest violation is subtler: the answer presents '0.0 eV/atom' as a standalone fact without acknowledging that formation energy is *defined relative to elements in their standard states*, and that reporting 0.0 eV/atom for Cs is trivial and uninformative — yet this alone isn’t a scientific *error*. Re-evaluating: no constraint listed (e.g., negative formation energy, instability claim, invalid symbol, etc.) is violated. Cs is a valid chemical symbol; 0.0 eV/atom is correct *by definition* for the stable elemental form; stability is correctly asserted. So actually — no violation. Wait: the instruction says 'Mark violation=true if the answer asserts any of the following' — and the answer does *not* assert anything false or physically invalid. It simply repeats the retrieved value. Therefore, violation = false."
mp_bal_v2_0611_formation_current,resp_09e75f8214fe95a8,formation_energy,current,mp_property_derived,controlled_balanced,auto_false_negative,What is the formation energy of Cs?,The formation energy of Cs is 0.019341450000002 eV/atom.,1.0,,0.0,True,"The formation energy of an elemental substance in its standard (most stable) reference state must be exactly zero by definition. Cesium (Cs) as a pure element has a well-established stable phase (body-centered cubic, space group 229) at ambient conditions; therefore, its standard formation energy is 0 eV/atom. The retrieved value (0.0193 eV/atom) is the energy above the convex hull — i.e., relative to the most stable elemental phase — and is mislabeled as 'formation energy' in the context. Reporting it as the formation energy violates thermodynamic convention and is scientifically incorrect."
mp_bal_v2_0513_stability_current,resp_0a16f282d568fd5d,formation_energy,current,mp_property_derived,controlled_balanced,auto_false_negative,Is W thermodynamically stable?,W has energy above hull 0.126865590000001 eV/atom and formation energy 0.126865590000001 eV/atom; Materials Project stable is False.,1.0,,0.0,True,"The answer incorrectly implies that tungsten (W) is thermodynamically unstable based on the Materials Project data. However, elemental tungsten in its standard state (body-centered cubic, space group 229) is a well-known stable, refractory metal at ambient conditions. The Materials Project entry mp-11334 likely refers to a *hypothetical or non-bulk reference structure*, not the experimentally observed ground-state bcc phase — or more plausibly, the formation energy reported is relative to an incorrect or non-standard elemental reference (e.g., due to computational setup error or outdated pseudopotential). Critically, a *positive formation energy for an elemental substance* is unphysical: by definition, the formation energy of an element in its most stable bulk form under standard conditions is zero (by convention). Thus, reporting +0.127 eV/atom for elemental W violates thermodynamic consistency and indicates either a database artifact or misassignment — but the answer accepts it uncritically as evidence of instability, which is scientifically invalid."
mp_bal_v2_0529_formation_current,resp_0a22c5d821359cff,formation_energy,current,mp_property_derived,controlled_balanced,auto_false_negative,What is the formation energy of Cs?,The formation energy of Cs is 0.009248450000001001 eV/atom.,1.0,,0.0,True,"The answer states the formation energy of elemental cesium (Cs) as 0.009248450000001001 eV/atom, which is scientifically incorrect. By definition, the standard formation energy of an element in its most stable elemental form (here, Cs(s) — solid cesium with body-centered cubic structure) is zero at standard conditions. Non-zero formation energy for an elemental substance implies it is not the thermodynamically stable reference state, but the answer presents the value uncritically without clarifying that this value corresponds to a metastable or non-standard phase (e.g., a hypothetical structure not matching the known ground-state crystal structure), nor does it note that the Materials Project entry (mp-1055940) likely refers to a non-bulk or computationally relaxed but non-equilibrium structure — as evidenced by 'Stable: False' and nonzero energy above hull. Reporting a non-zero formation energy for elemental Cs as if it were the standard value violates fundamental thermodynamic convention."
mp_bal_v2_0355_stability_current,resp_0a2968f3a2c40b42,formation_energy,current,mp_property_derived,controlled_balanced,auto_false_negative,Is Rh thermodynamically stable?,Rh has energy above hull 0.021952465000001 eV/atom and formation energy 0.021952465000001 eV/atom; Materials Project stable is False.,1.0,,0.0,True,"The answer incorrectly implies Rh is thermodynamically unstable based on the Materials Project data, but rhodium (Rh) is a well-known elemental metal and is thermodynamically stable in its standard state (face-centered cubic, space group 225). Elemental metals at 0 K and 0 pressure have formation energy = 0 by definition; a positive formation energy for an element indicates either a computational artifact, incorrect reference state, or mislabeling in the database. The Materials Project entry mp-1186916 appears erroneous — real Rh has formation energy ≈ 0 eV/atom and is stable. Asserting Rh is unstable without qualifying the unreliability of this specific entry violates fundamental thermodynamic principles for elemental phases."
mp_bal_v2_0029_stability_current,resp_0a3a5717ebcb807d,formation_energy,current,mp_property_derived,controlled_balanced,auto_false_negative,Is Ti thermodynamically stable?,Ti has energy above hull 0.155102003566666 eV/atom and formation energy 0.155102003566667 eV/atom; Materials Project stable is False.,1.0,,0.0,True,"The answer incorrectly states that Ti (titanium) is thermodynamically unstable based on a positive formation energy and energy above hull. This is scientifically invalid: elemental titanium in its standard state (hexagonal close-packed α-Ti) has, by definition, a formation energy of 0 eV/atom under standard conditions. A reported formation energy of +0.155 eV/atom for elemental Ti indicates either a computational error, mislabeling (e.g., the entry is not pure elemental Ti but a defective or non-equilibrium structure), or a database artifact — but it does not reflect the true thermodynamic stability of bulk elemental Ti, which is experimentally well-established as stable. Categorically asserting Ti is unstable based on this value violates fundamental thermodynamics."
mp_bal_v2_0343_formation_current,resp_0a9397fdc43fd8f2,formation_energy,current,mp_property_derived,controlled_balanced,auto_false_negative,What is the formation energy of Co?,The formation energy of Co is 0.010616019999998 eV/atom.,1.0,,0.0,True,"Cobalt (Co) is a pure elemental solid in its standard state (face-centered cubic or hexagonal close-packed, depending on temperature), and by thermodynamic convention, the formation energy of an element in its most stable form under standard conditions is defined as exactly zero. A non-zero formation energy for elemental Co — especially a positive value — contradicts this fundamental convention. The retrieved context likely reports a computed energy relative to some reference or contains an error in labeling; however, stating 'the formation energy of Co is 0.0106... eV/atom' as a factual answer violates basic thermodynamic principles. Thus, the answer is scientifically invalid."
mp_bal_v2_0433_formation_current,resp_0aa99225fcf4f985,formation_energy,current,mp_property_derived,controlled_balanced,auto_false_negative,What is the formation energy of Mg?,The formation energy of Mg is 0.008570822499999001 eV/atom.,1.0,,0.0,True,"The formation energy of elemental magnesium (Mg) in its standard state (hexagonal close-packed, space group 194) must be exactly zero by definition, as formation energy is referenced to the most stable elemental forms at standard conditions. A non-zero value (e.g., 0.00857 eV/atom) implies Mg is not in its thermodynamically stable elemental reference state — but the context itself labels Mg as 'Stable: False', which is scientifically incorrect for bulk elemental Mg under ambient conditions. Thus, reporting a non-zero formation energy for elemental Mg violates the fundamental thermodynamic definition of formation energy."
mp_bal_v2_0239_formation_current,resp_0b0ff23bdd56b420,formation_energy,current,mp_property_derived,controlled_balanced,auto_false_negative,What is the formation energy of Er?,The formation energy of Er is 0.0 eV/atom.,1.0,,0.0,True,"Formation energy is defined relative to elemental reference states. For an elemental substance like Er (erbium) in its standard (most stable) crystalline form (hexagonal close-packed, space group 194), the formation energy is *by definition* zero — but only when referenced to the pure element in its standard state. However, the Materials Project reports 'formation energy per atom: 0.0 eV/atom' for elemental entries as a convention, not as a physically meaningful computed quantity; it reflects the thermodynamic reference point, not a calculated stability metric. The answer presents this as a factual result without clarifying that it is a definitional/conventional zero, potentially misleadingly implying it was computed or measured. More critically, the context states 'Stable: True' and 'Energy above hull: 0.0 eV/atom', which for an elemental phase is tautologically correct *only if* that phase is the ground-state polymorph. But the answer omits any qualification — e.g., that this assumes the reported structure (mp-1184115) is indeed the thermodynamically stable phase at 0 K, and that stability requires confirmation via convex hull analysis including all known Er polymorphs. While elemental formation energy is conventionally zero, presenting it without context risks conflating convention with calculation, and the categorical 'Stable: True' assertion for an elemental entry lacks explicit thermodynamic evidence (e.g., comparison to other Er phases) in the answer — violating the constraint against stating stability categorically without thermodynamic evidence."
mp_bal_v2_0689_formation_current,resp_0b2ec86ce48b77f8,formation_energy,current,mp_property_derived,controlled_balanced,auto_false_negative,What is the formation energy of S?,The formation energy of S is 0.0003716303125 eV/atom.,1.0,,0.0,True,"The answer states the formation energy of elemental sulfur (S) as a small positive value (0.00037 eV/atom), implying it is not zero. However, by thermodynamic convention, the standard formation energy of an element in its most stable reference state (here, rhombic sulfur, S8, but even for atomic S in its standard state definition) is defined as zero. The Materials Project value reported is likely the computed energy relative to elemental references in a specific computational setup (e.g., atomic S in a supercell), but quoting it as 'the formation energy of S' without clarifying that it violates the thermodynamic standard definition — and especially without noting that elemental formation energies must be zero by definition — is scientifically incorrect. Thus, the answer misrepresents a fundamental thermodynamic constraint."
mp_bal_v2_0808_stability_current,resp_0baf0904f07b6dd5,formation_energy,current,mp_property_derived,controlled_balanced,auto_false_negative,Is Si thermodynamically stable?,Si has energy above hull 0.6645676274999981 eV/atom and formation energy 0.6645676274999981 eV/atom; Materials Project stable is False.,1.0,,0.0,True,"The answer incorrectly states that Si is not thermodynamically stable based on a Materials Project entry with positive formation energy and energy above hull. This is scientifically false: elemental silicon (Si) in its diamond cubic structure is the thermodynamic ground state of silicon at standard conditions, and its formation energy must be exactly zero by definition (elements in their standard reference states have ΔH_f° = 0). The cited values (formation energy = +0.665 eV/atom, energy above hull = +0.665 eV/atom) indicate either a misidentified or erroneous entry in the database — likely a non-bulk, defective, or metastable configuration mislabeled as 'Si', or a data ingestion error. Asserting that elemental Si is unstable contradicts fundamental thermodynamics and experimental fact (e.g., Si is the stable phase below ~1414 °C; melting point is well-established; it is the basis of semiconductor industry). Thus, the answer violates the constraint: 'stable material without thermodynamic evidence when the claim is categorical' — here, it categorically denies stability despite overwhelming evidence, and does so based on misinterpreted data."
mp_bal_v2_0415_formation_current,resp_0d18e8bf812182a7,formation_energy,current,mp_property_derived,controlled_balanced,auto_false_negative,What is the formation energy of Sm?,The formation energy of Sm is 0.019146124999998 eV/atom.,1.0,,0.0,True,"The answer states the formation energy of Sm as 0.019146124999998 eV/atom without qualification, but the retrieved context explicitly states 'Stable: False' and the formation energy is positive. For an elemental substance like Sm (in its standard reference state, i.e., bulk metallic samarium), the standard enthalpy (and formation energy) must be exactly zero by definition. A nonzero formation energy for a pure element implies either (a) the structure reported (mp-68) is not the thermodynamically stable phase of elemental Sm at 0 K, or (b) the value is computed relative to a non-standard reference — but in either case, reporting it as 'the formation energy of Sm' without clarifying that it refers to a metastable or non-standard configuration is scientifically incorrect. The answer fails to acknowledge that the true standard formation energy of elemental Sm is 0 eV/atom, and misrepresents a computed energy above hull (or formation energy of a specific polymorph) as the formation energy of the element itself."
mp_bal_v2_0113_stability_current,resp_0d1b3d45da01c429,formation_energy,current,mp_property_derived,controlled_balanced,auto_false_negative,Is C thermodynamically stable?,C has energy above hull 0.335081674999999 eV/atom and formation energy 0.335081674999999 eV/atom; Materials Project stable is False.,1.0,,0.0,True,"The answer incorrectly states that C (carbon) is thermodynamically unstable based solely on the Materials Project entry mp-1008395. However, elemental carbon in its standard reference state (graphite) has a formation energy of exactly 0 eV/atom by definition, and graphite is thermodynamically stable (energy above hull = 0). The cited entry likely corresponds to a metastable or non-standard allotrope (e.g., diamond or an exotic phase), not graphite. Asserting 'C' is unstable without specifying the allotrope is scientifically invalid — elemental carbon *is* thermodynamically stable in its ground-state form (graphite). Thus, the answer misrepresents thermodynamic stability of the element C."
mp_bal_v2_0412_formation_current,resp_0d5768e68f4f8841,formation_energy,current,mp_property_derived,controlled_balanced,auto_false_negative,What is the formation energy of Cs?,The formation energy of Cs is 0.0198479075 eV/atom.,1.0,,0.0,True,"The formation energy of an elemental substance in its standard (most stable) reference state must be exactly zero by definition. Cesium (Cs) as a pure element has a well-established stable phase (body-centered cubic, space group 229) at ambient conditions; thus its standard enthalpy (and formation energy) is defined as 0 eV/atom. Reporting a non-zero formation energy (0.0198 eV/atom) for elemental Cs violates thermodynamic convention. The retrieved value likely reflects a computed energy relative to a non-standard reference or a metastable polymorph, but the answer presents it categorically as 'the formation energy of Cs', which is scientifically incorrect."
mp_bal_v2_0019_stability_current,resp_0d717675025b7c5a,formation_energy,current,mp_property_derived,controlled_balanced,auto_false_negative,Is Fe thermodynamically stable?,Fe has energy above hull 0.2794554973 eV/atom and formation energy 0.279455497300001 eV/atom; Materials Project stable is False.,1.0,,0.0,True,"The answer incorrectly states that Fe is not thermodynamically stable based on the Materials Project data, but elemental iron (Fe) in its standard bcc (α-Fe) or fcc (γ-Fe) phases is *thermodynamically stable* at ambient conditions — it is the reference state for iron, and by definition has formation energy = 0 eV/atom. The reported positive formation energy (0.279 eV/atom) indicates the specific computed structure (mp-1245108) is *not* the ground-state elemental Fe structure — likely a metastable or erroneously labeled entry. Categorically asserting Fe is unstable contradicts fundamental thermodynamics: elemental forms in their standard states have ΔH_f° = 0 and are stable relative to decomposition (into themselves). Thus, the answer falsely generalizes an unstable *computed entry* to elemental Fe as a whole, violating the constraint on 'stable material without thermodynamic evidence when the claim is categorical'."
mp_bal_v2_0779_formation_current,resp_0d9b0672c4ab9ea7,formation_energy,current,mp_property_derived,controlled_balanced,auto_false_negative,What is the formation energy of I?,The formation energy of I is 0.0 eV/atom.,1.0,,0.0,True,"Iodine (I) in its standard state is a diatomic molecular solid (I₂), not a monatomic solid. The Materials Project entry mp-23153 refers to *monatomic* iodine in a hypothetical solid phase (likely a high-symmetry elemental crystal structure), not the thermodynamically stable I₂(s). A formation energy of 0.0 eV/atom for monatomic I(s) is unphysical because the standard enthalpy of formation of elemental iodine is defined for I₂(s), and monatomic iodine solid has positive formation energy relative to I₂(s). Claiming it is 'Stable: True' with 0.0 eV/atom formation energy misrepresents thermodynamic stability — the true stable phase at ambient conditions is I₂(s), and monatomic I(s) is metastable or unstable. Thus, asserting 'formation energy of I is 0.0 eV/atom' as a categorical, stable value violates thermodynamic principles."
mp_bal_v2_0586_stability_current,resp_0e63b4a12bd800a4,formation_energy,current,mp_property_derived,controlled_balanced,auto_false_negative,Is Mn thermodynamically stable?,Mn has energy above hull 0.42059543551724204 eV/atom and formation energy 0.42059543551724204 eV/atom; Materials Project stable is False.,1.0,,0.0,True,"The answer states factual data from the context (energy above hull, formation energy, stable=False), but fails to interpret them correctly in a scientifically meaningful way. A positive formation energy (0.4206 eV/atom) and positive energy above hull both imply thermodynamic instability — yet the answer merely reports the values and the 'False' label without drawing the correct conclusion that Mn is *not* thermodynamically stable. However, this is not the violation. The critical issue is that elemental manganese (Mn) *is* thermodynamically stable by definition as a reference element in its standard state (α-Mn, body-centered cubic-like, though complex structure; space group #194). Its formation energy *must be zero* by convention in standard thermodynamic tables. The Materials Project value of +0.4206 eV/atom indicates either a computational artifact, incorrect reference or phase (e.g., modeling a metastable polymorph instead of ground-state α-Mn), or an error in the dataset — but asserting that elemental Mn is unstable based solely on that number violates fundamental thermodynamics. Thus, uncritically accepting and echoing MP’s 'Stable: False' for elemental Mn — without noting the inconsistency with the definition of elemental reference states — constitutes a scientific violation."
mp_bal_v2_0868_formation_current,resp_0e9bdb01aaad7c1f,formation_energy,current,mp_property_derived,controlled_balanced,auto_false_negative,What is the formation energy of MgSi2?,The formation energy of MgSi2 is 0.185604217499999 eV/atom.,1.0,,0.0,True,"The answer states the formation energy value without qualifying that a positive formation energy (0.1856 eV/atom) implies thermodynamic instability — which is explicitly confirmed in the context ('Stable: False' and 'Energy above hull: 0.2399 eV/atom'). While reporting the number itself is factually correct per the context, the answer presents it as a standalone factual value for 'the formation energy' without acknowledging its implication: MgSi2 is not thermodynamically stable under standard conditions. However, the violation criterion focuses on *categorical stability claims* — and the answer makes no explicit stability claim. Re-examining the criteria: 'stable material without thermodynamic evidence when the claim is categorical' — the answer does *not* claim stability. It only reports the formation energy. A positive formation energy is scientifically valid (it means unstable relative to the convex hull), and reporting it is appropriate. No other violations apply: band gap is 0.0 eV (consistent with metallic behavior), chemical symbols Mg and Si are valid, no negative T/P, no band gap–metallicity mismatch (0.0 eV → metallic), and no crystal system/space group inconsistency is mentioned. Thus, the answer, though incomplete in context, does not violate any listed scientific constraint."
mp_bal_v2_0657_formation_current,resp_0f8c426e605043d6,formation_energy,current,mp_property_derived,controlled_balanced,auto_false_negative,What is the formation energy of Tl?,The formation energy of Tl is 0.009790289999997 eV/atom.,1.0,,0.0,True,"The answer states the formation energy of elemental Tl (thallium) as 0.009790289999997 eV/atom, but by thermodynamic convention, the formation energy of a pure element in its standard (most stable) reference state is exactly zero. The value reported by Materials Project is the computed energy above the convex hull (i.e., relative to the most stable phase at 0 K), not the standard formation energy. Reporting a non-zero formation energy for an elemental substance — especially without clarifying that it's a computed energy above hull or referencing a metastable phase — violates fundamental thermodynamic definitions. Thus, the answer misrepresents a computed energy above hull as formation energy, which is scientifically incorrect."
mp_bal_v2_0213_stability_current,resp_0fc0b02cdce2ecd2,formation_energy,current,mp_property_derived,controlled_balanced,auto_false_negative,Is Pr thermodynamically stable?,Pr has energy above hull 0.035177221666668 eV/atom and formation energy 0.035177221666666 eV/atom; Materials Project stable is False.,1.0,,0.0,True,"The answer states 'Materials Project stable is False' as a factual claim without clarifying that this refers to *thermodynamic stability under standard DFT-calculated conditions*, and fails to acknowledge that elemental praseodymium (Pr) is empirically known to be a stable, naturally occurring solid element at ambient conditions. The Materials Project's 'stable: False' label arises because its convex hull analysis compares elemental Pr only against *compounds* — not other elemental phases — and since Pr has no lower-energy competing compound, the positive energy above hull reflects numerical noise or methodological limitations, not actual instability. Asserting Pr is thermodynamically unstable contradicts established experimental fact and misinterprets the Materials Project metric: elements always lie on the convex hull *by definition* when no lower-energy phase exists, and a small positive energy above hull for an element typically indicates computational uncertainty, not true instability. Thus, the answer violates the constraint of claiming a stable material is unstable without thermodynamic evidence — and in fact contradicts definitive experimental evidence."
mp_bal_v2_0636_stability_current,resp_106f37f14012aeaf,formation_energy,current,mp_property_derived,controlled_balanced,auto_false_negative,Is Na thermodynamically stable?,Na has energy above hull 0.015772269999999002 eV/atom and formation energy 0.015772269999999002 eV/atom; Materials Project stable is False.,1.0,,0.0,True,"The answer incorrectly implies Na is thermodynamically unstable based on the Materials Project data. However, elemental sodium (Na) in its standard state (body-centered cubic, space group 229) is by definition the reference for formation energy — its formation energy must be exactly zero by convention. A reported formation energy of +0.0158 eV/atom is physically inconsistent and indicates either a data error, mislabeling (e.g., non-elemental or defective structure), or incorrect calculation in the database. Thermodynamic stability of elemental phases at 0 K and 0 atm is defined relative to the elemental reference, so Na *must* have ΔH_f = 0 and lie on the convex hull. Thus, claiming Na is unstable based on this value violates fundamental thermodynamic conventions."
mp_bal_v2_0342_formation_current,resp_1093d2e1d4471a07,formation_energy,current,mp_property_derived,controlled_balanced,auto_false_negative,What is the formation energy of Cd?,The formation energy of Cd is 0.022316200000002003 eV/atom.,1.0,,0.0,True,"The answer states the formation energy of elemental Cd as a positive value (0.0223 eV/atom), implying it is thermodynamically unstable relative to the elemental reference state. However, by definition, the standard enthalpy (or formation energy) of an element in its most stable bulk form (here, metallic Cd) is zero. A nonzero formation energy for elemental Cd contradicts thermodynamic convention and indicates either a misinterpretation of the Materials Project's 'formation energy per atom' (which for elemental entries should be zero if referenced correctly) or confusion with 'energy above hull'. The context correctly labels Cd as 'Stable: False', but that refers to stability *relative to the convex hull of compounds* — not relative to itself. Elemental Cd *is* the reference, so its formation energy must be exactly zero by definition. Reporting a nonzero value violates fundamental thermodynamic constraints."
mp_bal_v2_0005_formation_current,resp_10c0029b5b9d372b,formation_energy,current,mp_property_derived,controlled_balanced,auto_false_negative,What is the formation energy of O2?,The formation energy of O2 is 0.38701357200000003 eV/atom.,1.0,,0.0,True,"The formation energy of an elemental substance in its standard state (e.g., O2 gas at 298 K and 1 atm) is by definition zero in thermodynamic tables. While the Materials Project reports a positive formation energy per atom (0.387 eV/atom) for O2, this reflects a computational artifact — likely due to the reference state choice (e.g., using O in a solid-phase reference like alpha-O instead of O2(g)), or lack of proper treatment of the gaseous state (e.g., missing zero-point energy, thermal corrections, or ideal gas reference). Reporting this value uncritically as 'the formation energy of O2' violates fundamental thermodynamic convention. A scientifically correct answer must clarify that the standard enthalpy (or formation energy) of O2(g) is defined as 0 eV/atom (or 0 kJ/mol), and any nonzero computed value indicates either a nonstandard reference or methodological limitation."
mp_bal_v2_0057_stability_current,resp_10fd05d6f173ca07,formation_energy,current,mp_property_derived,controlled_balanced,auto_false_negative,Is Nb thermodynamically stable?,Nb has energy above hull 0.023213351428573 eV/atom and formation energy 0.023213351428572 eV/atom; Materials Project stable is False.,1.0,,0.0,True,"The answer incorrectly implies Nb is thermodynamically unstable based on the Materials Project data, but elemental niobium (Nb) in its standard reference state (bcc crystal structure, space group 229) is *thermodynamically stable by definition*: the formation energy of an element in its most stable allotrope is zero by convention. The reported positive formation energy (0.0232 eV/atom) indicates the specific computed structure (likely a non-equilibrium or mislabeled entry) is not the ground-state structure — not that elemental Nb is unstable. Thus, stating 'Materials Project stable is False' without clarifying that this refers to a particular computational entry (not elemental Nb itself), and failing to recognize that elemental Nb *is* thermodynamically stable, constitutes a violation: it misrepresents a stable elemental phase as unstable without thermodynamic justification."
mp_bal_v2_0173_stability_current,resp_111994508f8397d4,formation_energy,current,mp_property_derived,controlled_balanced,auto_false_negative,Is Pb thermodynamically stable?,Pb has energy above hull 0.11592558166666501 eV/atom and formation energy 0.11592558166666801 eV/atom; Materials Project stable is False.,1.0,,0.0,True,"The answer incorrectly implies Pb is thermodynamically unstable based on the Materials Project data, but elemental lead (Pb) in its standard state (face-centered cubic, α-Pb) is a well-known thermodynamically stable element at ambient conditions. By definition, the formation energy of an element in its reference (most stable) phase is zero by convention. A positive formation energy (0.1159 eV/atom) indicates the computed structure is *not* the ground-state elemental phase — likely a metastable or incorrect structural assignment in the database (e.g., wrong space group or cell). The Materials Project entry mp-1102666 is almost certainly for a non-equilibrium or erroneously relaxed structure of Pb, not bulk α-Pb. Thus, asserting 'Pb is not stable' based on this entry violates established thermodynamic facts about elemental stability."
mp_bal_v2_0269_formation_current,resp_115acd459f1ed4a7,formation_energy,current,mp_property_derived,controlled_balanced,auto_false_negative,What is the formation energy of Rb?,The formation energy of Rb is 0.024408722499999 eV/atom.,1.0,,0.0,True,"The answer states the formation energy of elemental Rb as a positive value (0.0244 eV/atom), implying instability — which is scientifically correct for the *computed* DFT formation energy relative to the elemental reference. However, the fundamental issue is conceptual: the standard enthalpy (or formation energy) of an element in its most stable elemental form (here, bulk Rb metal) is *by definition zero* under standard thermodynamic conventions. The Materials Project value reported is not the thermodynamic formation energy but rather the computed energy above the convex hull (i.e., relative to the most stable phase at 0 K in the DFT calculation), and for elemental Rb, the stable phase *should* have formation energy = 0 eV/atom by construction. A nonzero formation energy for elemental Rb indicates either (a) the computed structure is metastable (e.g., non-equilibrium crystal structure), or (b) the reference is inconsistent — but the answer presents the value uncritically as 'the formation energy of Rb', conflating a DFT energy-above-hull with the thermodynamically defined formation energy. This misrepresents standard thermodynamic nomenclature and violates the IUPAC definition that ΔH_f°(element, stable form) ≡ 0. Hence, asserting 'the formation energy of Rb is 0.0244 eV/atom' is scientifically incorrect."
