sample_id,question,retrieved_context,qwen_answer,document_status,qwen_faithfulness_score,qwen_judge_rationale,constraint_score,constraint_violations,generation_tokens,judge_tokens,generation_mode
rag_mpc_0001_current_gap,What is the band gap of C?,"[rank=1 score=24.9072 doc_id=h1ctx_0002_mpc_0001_incorrect_gap] A noisy retrieved note reports C (mp-1197903) with band gap -0.07970000000000001 eV. This note is intentionally marked for human review as outdated_or_incorrect.

[rank=2 score=24.9072 doc_id=h1ctx_0005_mpc_0002_incorrect_gap] A noisy retrieved note reports C (mp-1244964) with band gap -0.0724 eV. This note is intentionally marked for human review as outdated_or_incorrect.

[rank=3 score=24.9072 doc_id=h1ctx_0011_mpc_0004_incorrect_gap] A noisy retrieved note reports C (mp-1244913) with band gap -0.10600000000000001 eV. This note is intentionally marked for human review as outdated_or_incorrect.","The band gap of C is reported as -0.07970000000000001 eV, -0.0724 eV, and -0.10600000000000001 eV in the retrieved context.",outdated_or_incorrect,1.0,"The answer accurately reports the band gap values from the retrieved context, which explicitly state the band gaps as -0.07970000000000001 eV, -0.0724 eV, and -0.10600000000000001 eV for different C materials. Although the context marks these as outdated or incorrect, the answer faithfully reflects what is presented without adding unsupported claims.",0.0,non_negative_band_gap,1573,897,naive_context
rag_mpc_0001_incorrect_gap,What is the band gap of C?,"[rank=1 score=24.9072 doc_id=h1ctx_0002_mpc_0001_incorrect_gap] A noisy retrieved note reports C (mp-1197903) with band gap -0.07970000000000001 eV. This note is intentionally marked for human review as outdated_or_incorrect.

[rank=2 score=24.9072 doc_id=h1ctx_0005_mpc_0002_incorrect_gap] A noisy retrieved note reports C (mp-1244964) with band gap -0.0724 eV. This note is intentionally marked for human review as outdated_or_incorrect.

[rank=3 score=24.9072 doc_id=h1ctx_0011_mpc_0004_incorrect_gap] A noisy retrieved note reports C (mp-1244913) with band gap -0.10600000000000001 eV. This note is intentionally marked for human review as outdated_or_incorrect.","The band gap of C is reported as -0.07970000000000001 eV, -0.0724 eV, and -0.10600000000000001 eV in the retrieved context.",outdated_or_incorrect,1.0,"The answer accurately reports the band gap values from the retrieved context, which explicitly state the band gaps as -0.07970000000000001 eV, -0.0724 eV, and -0.10600000000000001 eV for different C materials. Although the context marks these as outdated or incorrect, the answer faithfully reflects what is presented without adding unsupported claims.",0.0,non_negative_band_gap,1573,897,naive_context
rag_mpc_0001_incomplete_stability,Is C thermodynamically stable?,"[rank=1 score=24.2768 doc_id=h1ctx_0002_mpc_0001_incorrect_gap] A noisy retrieved note reports C (mp-1197903) with band gap -0.07970000000000001 eV. This note is intentionally marked for human review as outdated_or_incorrect.

[rank=2 score=24.2768 doc_id=h1ctx_0005_mpc_0002_incorrect_gap] A noisy retrieved note reports C (mp-1244964) with band gap -0.0724 eV. This note is intentionally marked for human review as outdated_or_incorrect.

[rank=3 score=24.2768 doc_id=h1ctx_0011_mpc_0004_incorrect_gap] A noisy retrieved note reports C (mp-1244913) with band gap -0.10600000000000001 eV. This note is intentionally marked for human review as outdated_or_incorrect.",A noisy retrieved note reports C (mp-1197903) with band gap -0.07970000000000001 eV. This note is intentionally marked for human review as outdated_or_incorrect. A noisy retrieved note reports C (mp-1244964) with band gap -0.0724 eV. This note is intentionally marked for human review as outdated_or_incorrect. A noisy retrieved note reports C (mp-1244913) with band gap -0.10600000000000001 eV. This note is intentionally marked for human review as outdated_or_incorrect.,outdated_or_incorrect,1.0,"The answer directly quotes and repeats the entire retrieved context verbatim without adding any unsupported claims. All information in the answer is explicitly present in the context, including the material identifiers, band gap values, and the 'outdated_or_incorrect' markers. No additional interpretation or unsupported statements about thermodynamic stability are made.",0.0,non_negative_band_gap,1621,790,naive_context
rag_mpc_0002_current_gap,What is the band gap of C?,"[rank=1 score=24.9072 doc_id=h1ctx_0002_mpc_0001_incorrect_gap] A noisy retrieved note reports C (mp-1197903) with band gap -0.07970000000000001 eV. This note is intentionally marked for human review as outdated_or_incorrect.

[rank=2 score=24.9072 doc_id=h1ctx_0005_mpc_0002_incorrect_gap] A noisy retrieved note reports C (mp-1244964) with band gap -0.0724 eV. This note is intentionally marked for human review as outdated_or_incorrect.

[rank=3 score=24.9072 doc_id=h1ctx_0011_mpc_0004_incorrect_gap] A noisy retrieved note reports C (mp-1244913) with band gap -0.10600000000000001 eV. This note is intentionally marked for human review as outdated_or_incorrect.","The band gap of C is reported as -0.07970000000000001 eV, -0.0724 eV, and -0.10600000000000001 eV in the retrieved context.",outdated_or_incorrect,1.0,"The answer accurately reports the band gap values from the retrieved context, which explicitly state the band gaps as -0.07970000000000001 eV, -0.0724 eV, and -0.10600000000000001 eV for different C materials. Although the context marks these as outdated or incorrect, the answer faithfully reflects what is presented without adding unsupported claims.",0.0,non_negative_band_gap,1573,897,naive_context
rag_mpc_0002_incorrect_gap,What is the band gap of C?,"[rank=1 score=24.9072 doc_id=h1ctx_0002_mpc_0001_incorrect_gap] A noisy retrieved note reports C (mp-1197903) with band gap -0.07970000000000001 eV. This note is intentionally marked for human review as outdated_or_incorrect.

[rank=2 score=24.9072 doc_id=h1ctx_0005_mpc_0002_incorrect_gap] A noisy retrieved note reports C (mp-1244964) with band gap -0.0724 eV. This note is intentionally marked for human review as outdated_or_incorrect.

[rank=3 score=24.9072 doc_id=h1ctx_0011_mpc_0004_incorrect_gap] A noisy retrieved note reports C (mp-1244913) with band gap -0.10600000000000001 eV. This note is intentionally marked for human review as outdated_or_incorrect.","The band gap of C is reported as -0.07970000000000001 eV, -0.0724 eV, and -0.10600000000000001 eV in the retrieved context.",outdated_or_incorrect,1.0,"The answer accurately reports the band gap values from the retrieved context, which explicitly state the band gaps as -0.07970000000000001 eV, -0.0724 eV, and -0.10600000000000001 eV for different C materials. Although the context marks these as outdated or incorrect, the answer faithfully reflects what is presented without adding unsupported claims.",0.0,non_negative_band_gap,1573,897,naive_context
rag_mpc_0002_incomplete_stability,Is C thermodynamically stable?,"[rank=1 score=24.2768 doc_id=h1ctx_0002_mpc_0001_incorrect_gap] A noisy retrieved note reports C (mp-1197903) with band gap -0.07970000000000001 eV. This note is intentionally marked for human review as outdated_or_incorrect.

[rank=2 score=24.2768 doc_id=h1ctx_0005_mpc_0002_incorrect_gap] A noisy retrieved note reports C (mp-1244964) with band gap -0.0724 eV. This note is intentionally marked for human review as outdated_or_incorrect.

[rank=3 score=24.2768 doc_id=h1ctx_0011_mpc_0004_incorrect_gap] A noisy retrieved note reports C (mp-1244913) with band gap -0.10600000000000001 eV. This note is intentionally marked for human review as outdated_or_incorrect.",A noisy retrieved note reports C (mp-1197903) with band gap -0.07970000000000001 eV. This note is intentionally marked for human review as outdated_or_incorrect. A noisy retrieved note reports C (mp-1244964) with band gap -0.0724 eV. This note is intentionally marked for human review as outdated_or_incorrect. A noisy retrieved note reports C (mp-1244913) with band gap -0.10600000000000001 eV. This note is intentionally marked for human review as outdated_or_incorrect.,outdated_or_incorrect,1.0,"The answer directly quotes and repeats the entire retrieved context verbatim without adding any unsupported claims. All information in the answer is explicitly present in the context, including the material identifiers, band gap values, and the 'outdated_or_incorrect' markers. No additional interpretation or unsupported statements about thermodynamic stability are made.",0.0,non_negative_band_gap,1621,790,naive_context
rag_mpc_0003_current_gap,What is the band gap of O2?,"[rank=1 score=25.3749 doc_id=h1ctx_0008_mpc_0003_incorrect_gap] A noisy retrieved note reports O2 (mp-1180008) with band gap -1.277299999999999 eV. This note is intentionally marked for human review as outdated_or_incorrect.

[rank=2 score=25.3749 doc_id=h1ctx_0023_mpc_0008_incorrect_gap] A noisy retrieved note reports O2 (mp-12957) with band gap -1.0933 eV. This note is intentionally marked for human review as outdated_or_incorrect.

[rank=3 score=25.3749 doc_id=h1ctx_0026_mpc_0009_incorrect_gap] A noisy retrieved note reports O2 (mp-2204849) with band gap -2.720399999999999 eV. This note is intentionally marked for human review as outdated_or_incorrect.","-1.277299999999999 eV, -1.0933 eV, -2.720399999999999 eV",outdated_or_incorrect,0.0,"The answer lists band gap values from the retrieved context, but the context explicitly marks all these notes as 'outdated_or_incorrect'. Therefore, the answer is unsupported by the context, as the context indicates these values are unreliable.",0.0,non_negative_band_gap,1593,1069,naive_context
rag_mpc_0003_incorrect_gap,What is the band gap of O2?,"[rank=1 score=25.3749 doc_id=h1ctx_0008_mpc_0003_incorrect_gap] A noisy retrieved note reports O2 (mp-1180008) with band gap -1.277299999999999 eV. This note is intentionally marked for human review as outdated_or_incorrect.

[rank=2 score=25.3749 doc_id=h1ctx_0023_mpc_0008_incorrect_gap] A noisy retrieved note reports O2 (mp-12957) with band gap -1.0933 eV. This note is intentionally marked for human review as outdated_or_incorrect.

[rank=3 score=25.3749 doc_id=h1ctx_0026_mpc_0009_incorrect_gap] A noisy retrieved note reports O2 (mp-2204849) with band gap -2.720399999999999 eV. This note is intentionally marked for human review as outdated_or_incorrect.","-1.277299999999999 eV, -1.0933 eV, -2.720399999999999 eV",outdated_or_incorrect,0.0,"The answer lists band gap values from the retrieved context, but the context explicitly marks all these notes as 'outdated_or_incorrect'. Therefore, the answer is unsupported by the context, as the context indicates these values are unreliable.",0.0,non_negative_band_gap,1593,1069,naive_context
rag_mpc_0003_incomplete_stability,Is O2 thermodynamically stable?,"[rank=1 score=24.7444 doc_id=h1ctx_0008_mpc_0003_incorrect_gap] A noisy retrieved note reports O2 (mp-1180008) with band gap -1.277299999999999 eV. This note is intentionally marked for human review as outdated_or_incorrect.

[rank=2 score=24.7444 doc_id=h1ctx_0023_mpc_0008_incorrect_gap] A noisy retrieved note reports O2 (mp-12957) with band gap -1.0933 eV. This note is intentionally marked for human review as outdated_or_incorrect.

[rank=3 score=24.7444 doc_id=h1ctx_0026_mpc_0009_incorrect_gap] A noisy retrieved note reports O2 (mp-2204849) with band gap -2.720399999999999 eV. This note is intentionally marked for human review as outdated_or_incorrect.","O2 has a band gap of -1.277299999999999 eV, -1.0933 eV, and -2.720399999999999 eV.",outdated_or_incorrect,0.0,"The answer claims specific band gap values for O2, which are directly extracted from the retrieved context. However, the context explicitly states that these notes are 'outdated_or_incorrect' and intentionally marked for human review. Therefore, the answer presents data that is contradicted by the context's own reliability warnings, making it unsupported in terms of factual accuracy according to the provided context.",0.0,non_negative_band_gap,3589,1711,naive_context
rag_mpc_0004_current_gap,What is the band gap of C?,"[rank=1 score=24.9072 doc_id=h1ctx_0002_mpc_0001_incorrect_gap] A noisy retrieved note reports C (mp-1197903) with band gap -0.07970000000000001 eV. This note is intentionally marked for human review as outdated_or_incorrect.

[rank=2 score=24.9072 doc_id=h1ctx_0005_mpc_0002_incorrect_gap] A noisy retrieved note reports C (mp-1244964) with band gap -0.0724 eV. This note is intentionally marked for human review as outdated_or_incorrect.

[rank=3 score=24.9072 doc_id=h1ctx_0011_mpc_0004_incorrect_gap] A noisy retrieved note reports C (mp-1244913) with band gap -0.10600000000000001 eV. This note is intentionally marked for human review as outdated_or_incorrect.","The band gap of C is reported as -0.07970000000000001 eV, -0.0724 eV, and -0.10600000000000001 eV in the retrieved context.",outdated_or_incorrect,1.0,"The answer accurately reports the band gap values from the retrieved context, which explicitly state the band gaps as -0.07970000000000001 eV, -0.0724 eV, and -0.10600000000000001 eV for different C materials. Although the context marks these as outdated or incorrect, the answer faithfully reflects what is presented without adding unsupported claims.",0.0,non_negative_band_gap,1573,897,naive_context
rag_mpc_0004_incorrect_gap,What is the band gap of C?,"[rank=1 score=24.9072 doc_id=h1ctx_0002_mpc_0001_incorrect_gap] A noisy retrieved note reports C (mp-1197903) with band gap -0.07970000000000001 eV. This note is intentionally marked for human review as outdated_or_incorrect.

[rank=2 score=24.9072 doc_id=h1ctx_0005_mpc_0002_incorrect_gap] A noisy retrieved note reports C (mp-1244964) with band gap -0.0724 eV. This note is intentionally marked for human review as outdated_or_incorrect.

[rank=3 score=24.9072 doc_id=h1ctx_0011_mpc_0004_incorrect_gap] A noisy retrieved note reports C (mp-1244913) with band gap -0.10600000000000001 eV. This note is intentionally marked for human review as outdated_or_incorrect.","The band gap of C is reported as -0.07970000000000001 eV, -0.0724 eV, and -0.10600000000000001 eV in the retrieved context.",outdated_or_incorrect,1.0,"The answer accurately reports the band gap values from the retrieved context, which explicitly state the band gaps as -0.07970000000000001 eV, -0.0724 eV, and -0.10600000000000001 eV for different C materials. Although the context marks these as outdated or incorrect, the answer faithfully reflects what is presented without adding unsupported claims.",0.0,non_negative_band_gap,1573,897,naive_context
rag_mpc_0004_incomplete_stability,Is C thermodynamically stable?,"[rank=1 score=24.2768 doc_id=h1ctx_0002_mpc_0001_incorrect_gap] A noisy retrieved note reports C (mp-1197903) with band gap -0.07970000000000001 eV. This note is intentionally marked for human review as outdated_or_incorrect.

[rank=2 score=24.2768 doc_id=h1ctx_0005_mpc_0002_incorrect_gap] A noisy retrieved note reports C (mp-1244964) with band gap -0.0724 eV. This note is intentionally marked for human review as outdated_or_incorrect.

[rank=3 score=24.2768 doc_id=h1ctx_0011_mpc_0004_incorrect_gap] A noisy retrieved note reports C (mp-1244913) with band gap -0.10600000000000001 eV. This note is intentionally marked for human review as outdated_or_incorrect.",A noisy retrieved note reports C (mp-1197903) with band gap -0.07970000000000001 eV. This note is intentionally marked for human review as outdated_or_incorrect. A noisy retrieved note reports C (mp-1244964) with band gap -0.0724 eV. This note is intentionally marked for human review as outdated_or_incorrect. A noisy retrieved note reports C (mp-1244913) with band gap -0.10600000000000001 eV. This note is intentionally marked for human review as outdated_or_incorrect.,outdated_or_incorrect,1.0,"The answer directly quotes and repeats the entire retrieved context verbatim without adding any unsupported claims. All information in the answer is explicitly present in the context, including the material identifiers, band gap values, and the 'outdated_or_incorrect' markers. No additional interpretation or unsupported statements about thermodynamic stability are made.",0.0,non_negative_band_gap,1621,790,naive_context
rag_mpc_0005_current_gap,What is the band gap of C?,"[rank=1 score=24.9072 doc_id=h1ctx_0002_mpc_0001_incorrect_gap] A noisy retrieved note reports C (mp-1197903) with band gap -0.07970000000000001 eV. This note is intentionally marked for human review as outdated_or_incorrect.

[rank=2 score=24.9072 doc_id=h1ctx_0005_mpc_0002_incorrect_gap] A noisy retrieved note reports C (mp-1244964) with band gap -0.0724 eV. This note is intentionally marked for human review as outdated_or_incorrect.

[rank=3 score=24.9072 doc_id=h1ctx_0011_mpc_0004_incorrect_gap] A noisy retrieved note reports C (mp-1244913) with band gap -0.10600000000000001 eV. This note is intentionally marked for human review as outdated_or_incorrect.","The band gap of C is reported as -0.07970000000000001 eV, -0.0724 eV, and -0.10600000000000001 eV in the retrieved context.",outdated_or_incorrect,1.0,"The answer accurately reports the band gap values from the retrieved context, which explicitly state the band gaps as -0.07970000000000001 eV, -0.0724 eV, and -0.10600000000000001 eV for different C materials. Although the context marks these as outdated or incorrect, the answer faithfully reflects what is presented without adding unsupported claims.",0.0,non_negative_band_gap,1573,897,naive_context
rag_mpc_0005_incorrect_gap,What is the band gap of C?,"[rank=1 score=24.9072 doc_id=h1ctx_0002_mpc_0001_incorrect_gap] A noisy retrieved note reports C (mp-1197903) with band gap -0.07970000000000001 eV. This note is intentionally marked for human review as outdated_or_incorrect.

[rank=2 score=24.9072 doc_id=h1ctx_0005_mpc_0002_incorrect_gap] A noisy retrieved note reports C (mp-1244964) with band gap -0.0724 eV. This note is intentionally marked for human review as outdated_or_incorrect.

[rank=3 score=24.9072 doc_id=h1ctx_0011_mpc_0004_incorrect_gap] A noisy retrieved note reports C (mp-1244913) with band gap -0.10600000000000001 eV. This note is intentionally marked for human review as outdated_or_incorrect.","The band gap of C is reported as -0.07970000000000001 eV, -0.0724 eV, and -0.10600000000000001 eV in the retrieved context.",outdated_or_incorrect,1.0,"The answer accurately reports the band gap values from the retrieved context, which explicitly state the band gaps as -0.07970000000000001 eV, -0.0724 eV, and -0.10600000000000001 eV for different C materials. Although the context marks these as outdated or incorrect, the answer faithfully reflects what is presented without adding unsupported claims.",0.0,non_negative_band_gap,1573,897,naive_context
rag_mpc_0005_incomplete_stability,Is C thermodynamically stable?,"[rank=1 score=24.2768 doc_id=h1ctx_0002_mpc_0001_incorrect_gap] A noisy retrieved note reports C (mp-1197903) with band gap -0.07970000000000001 eV. This note is intentionally marked for human review as outdated_or_incorrect.

[rank=2 score=24.2768 doc_id=h1ctx_0005_mpc_0002_incorrect_gap] A noisy retrieved note reports C (mp-1244964) with band gap -0.0724 eV. This note is intentionally marked for human review as outdated_or_incorrect.

[rank=3 score=24.2768 doc_id=h1ctx_0011_mpc_0004_incorrect_gap] A noisy retrieved note reports C (mp-1244913) with band gap -0.10600000000000001 eV. This note is intentionally marked for human review as outdated_or_incorrect.",A noisy retrieved note reports C (mp-1197903) with band gap -0.07970000000000001 eV. This note is intentionally marked for human review as outdated_or_incorrect. A noisy retrieved note reports C (mp-1244964) with band gap -0.0724 eV. This note is intentionally marked for human review as outdated_or_incorrect. A noisy retrieved note reports C (mp-1244913) with band gap -0.10600000000000001 eV. This note is intentionally marked for human review as outdated_or_incorrect.,outdated_or_incorrect,1.0,"The answer directly quotes and repeats the entire retrieved context verbatim without adding any unsupported claims. All information in the answer is explicitly present in the context, including the material identifiers, band gap values, and the 'outdated_or_incorrect' markers. No additional interpretation or unsupported statements about thermodynamic stability are made.",0.0,non_negative_band_gap,1621,790,naive_context
rag_mpc_0006_current_gap,What is the band gap of Bi?,"[rank=1 score=26.8396 doc_id=h1ctx_0017_mpc_0006_incorrect_gap] A noisy retrieved note reports Bi (mp-1182248) with band gap -1.5046 eV. This note is intentionally marked for human review as outdated_or_incorrect.

[rank=2 score=26.8396 doc_id=h1ctx_0056_mpc_0019_incorrect_gap] A noisy retrieved note reports Bi (mp-1947043) with band gap -0.08079999999999901 eV. This note is intentionally marked for human review as outdated_or_incorrect.

[rank=3 score=24.9018 doc_id=mp_0043] Materials Project reports Bi (mp-1067758). Band gap: 0.0 eV. Formation energy per atom: 0.085859414999994 eV/atom. Energy above hull: 0.085859414999994 eV/atom. Stable: False.",-1.5046 eV,outdated_or_incorrect,0.0,"The answer claims the band gap is -1.5046 eV, which is directly taken from the first retrieved context. However, that context is explicitly marked as outdated_or_incorrect and intended for human review. The third context (mp_0043) reports a band gap of 0.0 eV for a different Bi material ID (mp-1067758) without any 'outdated_or_incorrect' flag. The answer does not acknowledge the context's unreliability marker and ignores the conflicting stable source. Thus, the key claim is contradicted by the reliable context and unsupported by trustworthy evidence.",0.0,non_negative_band_gap,582,784,naive_context
rag_mpc_0006_incorrect_gap,What is the band gap of Bi?,"[rank=1 score=26.8396 doc_id=h1ctx_0017_mpc_0006_incorrect_gap] A noisy retrieved note reports Bi (mp-1182248) with band gap -1.5046 eV. This note is intentionally marked for human review as outdated_or_incorrect.

[rank=2 score=26.8396 doc_id=h1ctx_0056_mpc_0019_incorrect_gap] A noisy retrieved note reports Bi (mp-1947043) with band gap -0.08079999999999901 eV. This note is intentionally marked for human review as outdated_or_incorrect.

[rank=3 score=24.9018 doc_id=mp_0043] Materials Project reports Bi (mp-1067758). Band gap: 0.0 eV. Formation energy per atom: 0.085859414999994 eV/atom. Energy above hull: 0.085859414999994 eV/atom. Stable: False.",-1.5046 eV,outdated_or_incorrect,0.0,"The answer claims the band gap is -1.5046 eV, which is directly taken from the first retrieved context. However, that context is explicitly marked as outdated_or_incorrect and intended for human review. The third context (mp_0043) reports a band gap of 0.0 eV for a different Bi material ID (mp-1067758) without any 'outdated_or_incorrect' flag. The answer does not acknowledge the context's unreliability marker and ignores the conflicting stable source. Thus, the key claim is contradicted by the reliable context and unsupported by trustworthy evidence.",0.0,non_negative_band_gap,582,784,naive_context
rag_mpc_0006_incomplete_stability,Is Bi thermodynamically stable?,"[rank=1 score=26.2092 doc_id=h1ctx_0017_mpc_0006_incorrect_gap] A noisy retrieved note reports Bi (mp-1182248) with band gap -1.5046 eV. This note is intentionally marked for human review as outdated_or_incorrect.

[rank=2 score=26.2092 doc_id=h1ctx_0056_mpc_0019_incorrect_gap] A noisy retrieved note reports Bi (mp-1947043) with band gap -0.08079999999999901 eV. This note is intentionally marked for human review as outdated_or_incorrect.

[rank=3 score=25.0924 doc_id=h1ctx_0018_mpc_0006_incomplete_stability] A short retrieved snippet mentions Bi (mp-1182248) as stable, but omits formation energy, hull distance, and thermodynamic qualification.","Bi (mp-1182248) as stable, but omits formation energy, hull distance, and thermodynamic qualification.",outdated_or_incorrect,0.5,"The answer directly quotes the third context snippet, which states that Bi (mp-1182248) is reported as stable but omits key thermodynamic details. However, the context explicitly marks this as incomplete and lacks thermodynamic qualification. The answer does not address the negative band gaps (indicating instability) from the first two contexts or reconcile the incomplete information. While the answer is partially grounded in the third snippet, it fails to incorporate contradictory evidence and presents the stability claim without the context's caveats.",1.0,,1082,725,naive_context
rag_mpc_0007_current_gap,What is the band gap of P?,"[rank=1 score=26.6939 doc_id=h1ctx_0020_mpc_0007_incorrect_gap] A noisy retrieved note reports P (mp-1179990) with band gap -3.0938 eV. This note is intentionally marked for human review as outdated_or_incorrect.

[rank=2 score=26.6939 doc_id=h1ctx_0038_mpc_0013_incorrect_gap] A noisy retrieved note reports P (mp-12883) with band gap -3.5354 eV. This note is intentionally marked for human review as outdated_or_incorrect.

[rank=3 score=26.6939 doc_id=h1ctx_0062_mpc_0021_incorrect_gap] A noisy retrieved note reports P (mp-723897) with band gap -2.1942 eV. This note is intentionally marked for human review as outdated_or_incorrect.","The band gap of P is reported as -3.0938 eV in mp-1179990, -3.5354 eV in mp-12883, and -2.1942 eV in mp-723897. These notes are marked as outdated or incorrect.",outdated_or_incorrect,1.0,The answer accurately reports the band gap values from each retrieved context and explicitly notes that the sources are marked as outdated or incorrect. Every claim in the answer is directly supported by the provided context.,0.0,non_negative_band_gap,1030,778,naive_context
rag_mpc_0007_incorrect_gap,What is the band gap of P?,"[rank=1 score=26.6939 doc_id=h1ctx_0020_mpc_0007_incorrect_gap] A noisy retrieved note reports P (mp-1179990) with band gap -3.0938 eV. This note is intentionally marked for human review as outdated_or_incorrect.

[rank=2 score=26.6939 doc_id=h1ctx_0038_mpc_0013_incorrect_gap] A noisy retrieved note reports P (mp-12883) with band gap -3.5354 eV. This note is intentionally marked for human review as outdated_or_incorrect.

[rank=3 score=26.6939 doc_id=h1ctx_0062_mpc_0021_incorrect_gap] A noisy retrieved note reports P (mp-723897) with band gap -2.1942 eV. This note is intentionally marked for human review as outdated_or_incorrect.","The band gap of P is reported as -3.0938 eV in mp-1179990, -3.5354 eV in mp-12883, and -2.1942 eV in mp-723897. These notes are marked as outdated or incorrect.",outdated_or_incorrect,1.0,The answer accurately reports the band gap values from each retrieved context and explicitly notes that the sources are marked as outdated or incorrect. Every claim in the answer is directly supported by the provided context.,0.0,non_negative_band_gap,1030,778,naive_context
rag_mpc_0007_incomplete_stability,Is P thermodynamically stable?,"[rank=1 score=26.0634 doc_id=h1ctx_0020_mpc_0007_incorrect_gap] A noisy retrieved note reports P (mp-1179990) with band gap -3.0938 eV. This note is intentionally marked for human review as outdated_or_incorrect.

[rank=2 score=26.0634 doc_id=h1ctx_0038_mpc_0013_incorrect_gap] A noisy retrieved note reports P (mp-12883) with band gap -3.5354 eV. This note is intentionally marked for human review as outdated_or_incorrect.

[rank=3 score=26.0634 doc_id=h1ctx_0062_mpc_0021_incorrect_gap] A noisy retrieved note reports P (mp-723897) with band gap -2.1942 eV. This note is intentionally marked for human review as outdated_or_incorrect.",A noisy retrieved note reports P (mp-1179990) with band gap -3.0938 eV. This note is intentionally marked for human review as outdated_or_incorrect. A noisy retrieved note reports P (mp-12883) with band gap -3.5354 eV. This note is intentionally marked for human review as outdated_or_incorrect. A noisy retrieved note reports P (mp-723897) with band gap -2.1942 eV. This note is intentionally marked for human review as outdated_or_incorrect.,outdated_or_incorrect,0.0,"The answer directly copies three context snippets that are explicitly marked as 'outdated_or_incorrect' and intended for human review. It does not provide any actual information about the thermodynamic stability of P, nor does it attempt to synthesize or interpret the context to address the question. Since the answer merely reproduces disclaimed data without grounding the response in reliable context, it fails to support the query and even misrepresents the context by presenting flagged notes as if they were valid evidence.",0.0,non_negative_band_gap,696,853,naive_context
rag_mpc_0008_current_gap,What is the band gap of O2?,"[rank=1 score=25.3749 doc_id=h1ctx_0008_mpc_0003_incorrect_gap] A noisy retrieved note reports O2 (mp-1180008) with band gap -1.277299999999999 eV. This note is intentionally marked for human review as outdated_or_incorrect.

[rank=2 score=25.3749 doc_id=h1ctx_0023_mpc_0008_incorrect_gap] A noisy retrieved note reports O2 (mp-12957) with band gap -1.0933 eV. This note is intentionally marked for human review as outdated_or_incorrect.

[rank=3 score=25.3749 doc_id=h1ctx_0026_mpc_0009_incorrect_gap] A noisy retrieved note reports O2 (mp-2204849) with band gap -2.720399999999999 eV. This note is intentionally marked for human review as outdated_or_incorrect.","-1.277299999999999 eV, -1.0933 eV, -2.720399999999999 eV",outdated_or_incorrect,0.0,"The answer lists band gap values from the retrieved context, but the context explicitly marks all these notes as 'outdated_or_incorrect'. Therefore, the answer is unsupported by the context, as the context indicates these values are unreliable.",0.0,non_negative_band_gap,1593,1069,naive_context
rag_mpc_0008_incorrect_gap,What is the band gap of O2?,"[rank=1 score=25.3749 doc_id=h1ctx_0008_mpc_0003_incorrect_gap] A noisy retrieved note reports O2 (mp-1180008) with band gap -1.277299999999999 eV. This note is intentionally marked for human review as outdated_or_incorrect.

[rank=2 score=25.3749 doc_id=h1ctx_0023_mpc_0008_incorrect_gap] A noisy retrieved note reports O2 (mp-12957) with band gap -1.0933 eV. This note is intentionally marked for human review as outdated_or_incorrect.

[rank=3 score=25.3749 doc_id=h1ctx_0026_mpc_0009_incorrect_gap] A noisy retrieved note reports O2 (mp-2204849) with band gap -2.720399999999999 eV. This note is intentionally marked for human review as outdated_or_incorrect.","-1.277299999999999 eV, -1.0933 eV, -2.720399999999999 eV",outdated_or_incorrect,0.0,"The answer lists band gap values from the retrieved context, but the context explicitly marks all these notes as 'outdated_or_incorrect'. Therefore, the answer is unsupported by the context, as the context indicates these values are unreliable.",0.0,non_negative_band_gap,1593,1069,naive_context
rag_mpc_0008_incomplete_stability,Is O2 thermodynamically stable?,"[rank=1 score=24.7444 doc_id=h1ctx_0008_mpc_0003_incorrect_gap] A noisy retrieved note reports O2 (mp-1180008) with band gap -1.277299999999999 eV. This note is intentionally marked for human review as outdated_or_incorrect.

[rank=2 score=24.7444 doc_id=h1ctx_0023_mpc_0008_incorrect_gap] A noisy retrieved note reports O2 (mp-12957) with band gap -1.0933 eV. This note is intentionally marked for human review as outdated_or_incorrect.

[rank=3 score=24.7444 doc_id=h1ctx_0026_mpc_0009_incorrect_gap] A noisy retrieved note reports O2 (mp-2204849) with band gap -2.720399999999999 eV. This note is intentionally marked for human review as outdated_or_incorrect.","O2 has a band gap of -1.277299999999999 eV, -1.0933 eV, and -2.720399999999999 eV.",outdated_or_incorrect,0.0,"The answer claims specific band gap values for O2, which are directly extracted from the retrieved context. However, the context explicitly states that these notes are 'outdated_or_incorrect' and intentionally marked for human review. Therefore, the answer presents data that is contradicted by the context's own reliability warnings, making it unsupported in terms of factual accuracy according to the provided context.",0.0,non_negative_band_gap,3589,1711,naive_context
rag_mpc_0009_current_gap,What is the band gap of O2?,"[rank=1 score=25.3749 doc_id=h1ctx_0008_mpc_0003_incorrect_gap] A noisy retrieved note reports O2 (mp-1180008) with band gap -1.277299999999999 eV. This note is intentionally marked for human review as outdated_or_incorrect.

[rank=2 score=25.3749 doc_id=h1ctx_0023_mpc_0008_incorrect_gap] A noisy retrieved note reports O2 (mp-12957) with band gap -1.0933 eV. This note is intentionally marked for human review as outdated_or_incorrect.

[rank=3 score=25.3749 doc_id=h1ctx_0026_mpc_0009_incorrect_gap] A noisy retrieved note reports O2 (mp-2204849) with band gap -2.720399999999999 eV. This note is intentionally marked for human review as outdated_or_incorrect.","-1.277299999999999 eV, -1.0933 eV, -2.720399999999999 eV",outdated_or_incorrect,0.0,"The answer lists band gap values from the retrieved context, but the context explicitly marks all these notes as 'outdated_or_incorrect'. Therefore, the answer is unsupported by the context, as the context indicates these values are unreliable.",0.0,non_negative_band_gap,1593,1069,naive_context
rag_mpc_0009_incorrect_gap,What is the band gap of O2?,"[rank=1 score=25.3749 doc_id=h1ctx_0008_mpc_0003_incorrect_gap] A noisy retrieved note reports O2 (mp-1180008) with band gap -1.277299999999999 eV. This note is intentionally marked for human review as outdated_or_incorrect.

[rank=2 score=25.3749 doc_id=h1ctx_0023_mpc_0008_incorrect_gap] A noisy retrieved note reports O2 (mp-12957) with band gap -1.0933 eV. This note is intentionally marked for human review as outdated_or_incorrect.

[rank=3 score=25.3749 doc_id=h1ctx_0026_mpc_0009_incorrect_gap] A noisy retrieved note reports O2 (mp-2204849) with band gap -2.720399999999999 eV. This note is intentionally marked for human review as outdated_or_incorrect.","-1.277299999999999 eV, -1.0933 eV, -2.720399999999999 eV",outdated_or_incorrect,0.0,"The answer lists band gap values from the retrieved context, but the context explicitly marks all these notes as 'outdated_or_incorrect'. Therefore, the answer is unsupported by the context, as the context indicates these values are unreliable.",0.0,non_negative_band_gap,1593,1069,naive_context
rag_mpc_0009_incomplete_stability,Is O2 thermodynamically stable?,"[rank=1 score=24.7444 doc_id=h1ctx_0008_mpc_0003_incorrect_gap] A noisy retrieved note reports O2 (mp-1180008) with band gap -1.277299999999999 eV. This note is intentionally marked for human review as outdated_or_incorrect.

[rank=2 score=24.7444 doc_id=h1ctx_0023_mpc_0008_incorrect_gap] A noisy retrieved note reports O2 (mp-12957) with band gap -1.0933 eV. This note is intentionally marked for human review as outdated_or_incorrect.

[rank=3 score=24.7444 doc_id=h1ctx_0026_mpc_0009_incorrect_gap] A noisy retrieved note reports O2 (mp-2204849) with band gap -2.720399999999999 eV. This note is intentionally marked for human review as outdated_or_incorrect.","O2 has a band gap of -1.277299999999999 eV, -1.0933 eV, and -2.720399999999999 eV.",outdated_or_incorrect,0.0,"The answer claims specific band gap values for O2, which are directly extracted from the retrieved context. However, the context explicitly states that these notes are 'outdated_or_incorrect' and intentionally marked for human review. Therefore, the answer presents data that is contradicted by the context's own reliability warnings, making it unsupported in terms of factual accuracy according to the provided context.",0.0,non_negative_band_gap,3589,1711,naive_context
rag_mpc_0010_current_gap,What is the band gap of O2?,"[rank=1 score=25.3749 doc_id=h1ctx_0008_mpc_0003_incorrect_gap] A noisy retrieved note reports O2 (mp-1180008) with band gap -1.277299999999999 eV. This note is intentionally marked for human review as outdated_or_incorrect.

[rank=2 score=25.3749 doc_id=h1ctx_0023_mpc_0008_incorrect_gap] A noisy retrieved note reports O2 (mp-12957) with band gap -1.0933 eV. This note is intentionally marked for human review as outdated_or_incorrect.

[rank=3 score=25.3749 doc_id=h1ctx_0026_mpc_0009_incorrect_gap] A noisy retrieved note reports O2 (mp-2204849) with band gap -2.720399999999999 eV. This note is intentionally marked for human review as outdated_or_incorrect.","-1.277299999999999 eV, -1.0933 eV, -2.720399999999999 eV",outdated_or_incorrect,0.0,"The answer lists band gap values from the retrieved context, but the context explicitly marks all these notes as 'outdated_or_incorrect'. Therefore, the answer is unsupported by the context, as the context indicates these values are unreliable.",0.0,non_negative_band_gap,1593,1069,naive_context
rag_mpc_0010_incorrect_gap,What is the band gap of O2?,"[rank=1 score=25.3749 doc_id=h1ctx_0008_mpc_0003_incorrect_gap] A noisy retrieved note reports O2 (mp-1180008) with band gap -1.277299999999999 eV. This note is intentionally marked for human review as outdated_or_incorrect.

[rank=2 score=25.3749 doc_id=h1ctx_0023_mpc_0008_incorrect_gap] A noisy retrieved note reports O2 (mp-12957) with band gap -1.0933 eV. This note is intentionally marked for human review as outdated_or_incorrect.

[rank=3 score=25.3749 doc_id=h1ctx_0026_mpc_0009_incorrect_gap] A noisy retrieved note reports O2 (mp-2204849) with band gap -2.720399999999999 eV. This note is intentionally marked for human review as outdated_or_incorrect.","-1.277299999999999 eV, -1.0933 eV, -2.720399999999999 eV",outdated_or_incorrect,0.0,"The answer lists band gap values from the retrieved context, but the context explicitly marks all these notes as 'outdated_or_incorrect'. Therefore, the answer is unsupported by the context, as the context indicates these values are unreliable.",0.0,non_negative_band_gap,1593,1069,naive_context
rag_mpc_0010_incomplete_stability,Is O2 thermodynamically stable?,"[rank=1 score=24.7444 doc_id=h1ctx_0008_mpc_0003_incorrect_gap] A noisy retrieved note reports O2 (mp-1180008) with band gap -1.277299999999999 eV. This note is intentionally marked for human review as outdated_or_incorrect.

[rank=2 score=24.7444 doc_id=h1ctx_0023_mpc_0008_incorrect_gap] A noisy retrieved note reports O2 (mp-12957) with band gap -1.0933 eV. This note is intentionally marked for human review as outdated_or_incorrect.

[rank=3 score=24.7444 doc_id=h1ctx_0026_mpc_0009_incorrect_gap] A noisy retrieved note reports O2 (mp-2204849) with band gap -2.720399999999999 eV. This note is intentionally marked for human review as outdated_or_incorrect.","O2 has a band gap of -1.277299999999999 eV, -1.0933 eV, and -2.720399999999999 eV.",outdated_or_incorrect,0.0,"The answer claims specific band gap values for O2, which are directly extracted from the retrieved context. However, the context explicitly states that these notes are 'outdated_or_incorrect' and intentionally marked for human review. Therefore, the answer presents data that is contradicted by the context's own reliability warnings, making it unsupported in terms of factual accuracy according to the provided context.",0.0,non_negative_band_gap,3589,1711,naive_context
rag_mpc_0011_current_gap,What is the band gap of O2?,"[rank=1 score=25.3749 doc_id=h1ctx_0008_mpc_0003_incorrect_gap] A noisy retrieved note reports O2 (mp-1180008) with band gap -1.277299999999999 eV. This note is intentionally marked for human review as outdated_or_incorrect.

[rank=2 score=25.3749 doc_id=h1ctx_0023_mpc_0008_incorrect_gap] A noisy retrieved note reports O2 (mp-12957) with band gap -1.0933 eV. This note is intentionally marked for human review as outdated_or_incorrect.

[rank=3 score=25.3749 doc_id=h1ctx_0026_mpc_0009_incorrect_gap] A noisy retrieved note reports O2 (mp-2204849) with band gap -2.720399999999999 eV. This note is intentionally marked for human review as outdated_or_incorrect.","-1.277299999999999 eV, -1.0933 eV, -2.720399999999999 eV",outdated_or_incorrect,0.0,"The answer lists band gap values from the retrieved context, but the context explicitly marks all these notes as 'outdated_or_incorrect'. Therefore, the answer is unsupported by the context, as the context indicates these values are unreliable.",0.0,non_negative_band_gap,1593,1069,naive_context
rag_mpc_0011_incorrect_gap,What is the band gap of O2?,"[rank=1 score=25.3749 doc_id=h1ctx_0008_mpc_0003_incorrect_gap] A noisy retrieved note reports O2 (mp-1180008) with band gap -1.277299999999999 eV. This note is intentionally marked for human review as outdated_or_incorrect.

[rank=2 score=25.3749 doc_id=h1ctx_0023_mpc_0008_incorrect_gap] A noisy retrieved note reports O2 (mp-12957) with band gap -1.0933 eV. This note is intentionally marked for human review as outdated_or_incorrect.

[rank=3 score=25.3749 doc_id=h1ctx_0026_mpc_0009_incorrect_gap] A noisy retrieved note reports O2 (mp-2204849) with band gap -2.720399999999999 eV. This note is intentionally marked for human review as outdated_or_incorrect.","-1.277299999999999 eV, -1.0933 eV, -2.720399999999999 eV",outdated_or_incorrect,0.0,"The answer lists band gap values from the retrieved context, but the context explicitly marks all these notes as 'outdated_or_incorrect'. Therefore, the answer is unsupported by the context, as the context indicates these values are unreliable.",0.0,non_negative_band_gap,1593,1069,naive_context
rag_mpc_0011_incomplete_stability,Is O2 thermodynamically stable?,"[rank=1 score=24.7444 doc_id=h1ctx_0008_mpc_0003_incorrect_gap] A noisy retrieved note reports O2 (mp-1180008) with band gap -1.277299999999999 eV. This note is intentionally marked for human review as outdated_or_incorrect.

[rank=2 score=24.7444 doc_id=h1ctx_0023_mpc_0008_incorrect_gap] A noisy retrieved note reports O2 (mp-12957) with band gap -1.0933 eV. This note is intentionally marked for human review as outdated_or_incorrect.

[rank=3 score=24.7444 doc_id=h1ctx_0026_mpc_0009_incorrect_gap] A noisy retrieved note reports O2 (mp-2204849) with band gap -2.720399999999999 eV. This note is intentionally marked for human review as outdated_or_incorrect.","O2 has a band gap of -1.277299999999999 eV, -1.0933 eV, and -2.720399999999999 eV.",outdated_or_incorrect,0.0,"The answer claims specific band gap values for O2, which are directly extracted from the retrieved context. However, the context explicitly states that these notes are 'outdated_or_incorrect' and intentionally marked for human review. Therefore, the answer presents data that is contradicted by the context's own reliability warnings, making it unsupported in terms of factual accuracy according to the provided context.",0.0,non_negative_band_gap,3589,1711,naive_context
rag_mpc_0012_current_gap,What is the band gap of C?,"[rank=1 score=24.9072 doc_id=h1ctx_0002_mpc_0001_incorrect_gap] A noisy retrieved note reports C (mp-1197903) with band gap -0.07970000000000001 eV. This note is intentionally marked for human review as outdated_or_incorrect.

[rank=2 score=24.9072 doc_id=h1ctx_0005_mpc_0002_incorrect_gap] A noisy retrieved note reports C (mp-1244964) with band gap -0.0724 eV. This note is intentionally marked for human review as outdated_or_incorrect.

[rank=3 score=24.9072 doc_id=h1ctx_0011_mpc_0004_incorrect_gap] A noisy retrieved note reports C (mp-1244913) with band gap -0.10600000000000001 eV. This note is intentionally marked for human review as outdated_or_incorrect.","The band gap of C is reported as -0.07970000000000001 eV, -0.0724 eV, and -0.10600000000000001 eV in the retrieved context.",outdated_or_incorrect,1.0,"The answer accurately reports the band gap values from the retrieved context, which explicitly state the band gaps as -0.07970000000000001 eV, -0.0724 eV, and -0.10600000000000001 eV for different C materials. Although the context marks these as outdated or incorrect, the answer faithfully reflects what is presented without adding unsupported claims.",0.0,non_negative_band_gap,1573,897,naive_context
rag_mpc_0012_incorrect_gap,What is the band gap of C?,"[rank=1 score=24.9072 doc_id=h1ctx_0002_mpc_0001_incorrect_gap] A noisy retrieved note reports C (mp-1197903) with band gap -0.07970000000000001 eV. This note is intentionally marked for human review as outdated_or_incorrect.

[rank=2 score=24.9072 doc_id=h1ctx_0005_mpc_0002_incorrect_gap] A noisy retrieved note reports C (mp-1244964) with band gap -0.0724 eV. This note is intentionally marked for human review as outdated_or_incorrect.

[rank=3 score=24.9072 doc_id=h1ctx_0011_mpc_0004_incorrect_gap] A noisy retrieved note reports C (mp-1244913) with band gap -0.10600000000000001 eV. This note is intentionally marked for human review as outdated_or_incorrect.","The band gap of C is reported as -0.07970000000000001 eV, -0.0724 eV, and -0.10600000000000001 eV in the retrieved context.",outdated_or_incorrect,1.0,"The answer accurately reports the band gap values from the retrieved context, which explicitly state the band gaps as -0.07970000000000001 eV, -0.0724 eV, and -0.10600000000000001 eV for different C materials. Although the context marks these as outdated or incorrect, the answer faithfully reflects what is presented without adding unsupported claims.",0.0,non_negative_band_gap,1573,897,naive_context
rag_mpc_0012_incomplete_stability,Is C thermodynamically stable?,"[rank=1 score=24.2768 doc_id=h1ctx_0002_mpc_0001_incorrect_gap] A noisy retrieved note reports C (mp-1197903) with band gap -0.07970000000000001 eV. This note is intentionally marked for human review as outdated_or_incorrect.

[rank=2 score=24.2768 doc_id=h1ctx_0005_mpc_0002_incorrect_gap] A noisy retrieved note reports C (mp-1244964) with band gap -0.0724 eV. This note is intentionally marked for human review as outdated_or_incorrect.

[rank=3 score=24.2768 doc_id=h1ctx_0011_mpc_0004_incorrect_gap] A noisy retrieved note reports C (mp-1244913) with band gap -0.10600000000000001 eV. This note is intentionally marked for human review as outdated_or_incorrect.",A noisy retrieved note reports C (mp-1197903) with band gap -0.07970000000000001 eV. This note is intentionally marked for human review as outdated_or_incorrect. A noisy retrieved note reports C (mp-1244964) with band gap -0.0724 eV. This note is intentionally marked for human review as outdated_or_incorrect. A noisy retrieved note reports C (mp-1244913) with band gap -0.10600000000000001 eV. This note is intentionally marked for human review as outdated_or_incorrect.,outdated_or_incorrect,1.0,"The answer directly quotes and repeats the entire retrieved context verbatim without adding any unsupported claims. All information in the answer is explicitly present in the context, including the material identifiers, band gap values, and the 'outdated_or_incorrect' markers. No additional interpretation or unsupported statements about thermodynamic stability are made.",0.0,non_negative_band_gap,1621,790,naive_context
rag_mpc_0013_current_gap,What is the band gap of P?,"[rank=1 score=26.6939 doc_id=h1ctx_0020_mpc_0007_incorrect_gap] A noisy retrieved note reports P (mp-1179990) with band gap -3.0938 eV. This note is intentionally marked for human review as outdated_or_incorrect.

[rank=2 score=26.6939 doc_id=h1ctx_0038_mpc_0013_incorrect_gap] A noisy retrieved note reports P (mp-12883) with band gap -3.5354 eV. This note is intentionally marked for human review as outdated_or_incorrect.

[rank=3 score=26.6939 doc_id=h1ctx_0062_mpc_0021_incorrect_gap] A noisy retrieved note reports P (mp-723897) with band gap -2.1942 eV. This note is intentionally marked for human review as outdated_or_incorrect.","The band gap of P is reported as -3.0938 eV in mp-1179990, -3.5354 eV in mp-12883, and -2.1942 eV in mp-723897. These notes are marked as outdated or incorrect.",outdated_or_incorrect,1.0,The answer accurately reports the band gap values from each retrieved context and explicitly notes that the sources are marked as outdated or incorrect. Every claim in the answer is directly supported by the provided context.,0.0,non_negative_band_gap,1030,778,naive_context
rag_mpc_0013_incorrect_gap,What is the band gap of P?,"[rank=1 score=26.6939 doc_id=h1ctx_0020_mpc_0007_incorrect_gap] A noisy retrieved note reports P (mp-1179990) with band gap -3.0938 eV. This note is intentionally marked for human review as outdated_or_incorrect.

[rank=2 score=26.6939 doc_id=h1ctx_0038_mpc_0013_incorrect_gap] A noisy retrieved note reports P (mp-12883) with band gap -3.5354 eV. This note is intentionally marked for human review as outdated_or_incorrect.

[rank=3 score=26.6939 doc_id=h1ctx_0062_mpc_0021_incorrect_gap] A noisy retrieved note reports P (mp-723897) with band gap -2.1942 eV. This note is intentionally marked for human review as outdated_or_incorrect.","The band gap of P is reported as -3.0938 eV in mp-1179990, -3.5354 eV in mp-12883, and -2.1942 eV in mp-723897. These notes are marked as outdated or incorrect.",outdated_or_incorrect,1.0,The answer accurately reports the band gap values from each retrieved context and explicitly notes that the sources are marked as outdated or incorrect. Every claim in the answer is directly supported by the provided context.,0.0,non_negative_band_gap,1030,778,naive_context
rag_mpc_0013_incomplete_stability,Is P thermodynamically stable?,"[rank=1 score=26.0634 doc_id=h1ctx_0020_mpc_0007_incorrect_gap] A noisy retrieved note reports P (mp-1179990) with band gap -3.0938 eV. This note is intentionally marked for human review as outdated_or_incorrect.

[rank=2 score=26.0634 doc_id=h1ctx_0038_mpc_0013_incorrect_gap] A noisy retrieved note reports P (mp-12883) with band gap -3.5354 eV. This note is intentionally marked for human review as outdated_or_incorrect.

[rank=3 score=26.0634 doc_id=h1ctx_0062_mpc_0021_incorrect_gap] A noisy retrieved note reports P (mp-723897) with band gap -2.1942 eV. This note is intentionally marked for human review as outdated_or_incorrect.",A noisy retrieved note reports P (mp-1179990) with band gap -3.0938 eV. This note is intentionally marked for human review as outdated_or_incorrect. A noisy retrieved note reports P (mp-12883) with band gap -3.5354 eV. This note is intentionally marked for human review as outdated_or_incorrect. A noisy retrieved note reports P (mp-723897) with band gap -2.1942 eV. This note is intentionally marked for human review as outdated_or_incorrect.,outdated_or_incorrect,0.0,"The answer directly copies three context snippets that are explicitly marked as 'outdated_or_incorrect' and intended for human review. It does not provide any actual information about the thermodynamic stability of P, nor does it attempt to synthesize or interpret the context to address the question. Since the answer merely reproduces disclaimed data without grounding the response in reliable context, it fails to support the query and even misrepresents the context by presenting flagged notes as if they were valid evidence.",0.0,non_negative_band_gap,696,853,naive_context
rag_mpc_0014_current_gap,What is the band gap of O2?,"[rank=1 score=25.3749 doc_id=h1ctx_0008_mpc_0003_incorrect_gap] A noisy retrieved note reports O2 (mp-1180008) with band gap -1.277299999999999 eV. This note is intentionally marked for human review as outdated_or_incorrect.

[rank=2 score=25.3749 doc_id=h1ctx_0023_mpc_0008_incorrect_gap] A noisy retrieved note reports O2 (mp-12957) with band gap -1.0933 eV. This note is intentionally marked for human review as outdated_or_incorrect.

[rank=3 score=25.3749 doc_id=h1ctx_0026_mpc_0009_incorrect_gap] A noisy retrieved note reports O2 (mp-2204849) with band gap -2.720399999999999 eV. This note is intentionally marked for human review as outdated_or_incorrect.","-1.277299999999999 eV, -1.0933 eV, -2.720399999999999 eV",outdated_or_incorrect,0.0,"The answer lists band gap values from the retrieved context, but the context explicitly marks all these notes as 'outdated_or_incorrect'. Therefore, the answer is unsupported by the context, as the context indicates these values are unreliable.",0.0,non_negative_band_gap,1593,1069,naive_context
rag_mpc_0014_incorrect_gap,What is the band gap of O2?,"[rank=1 score=25.3749 doc_id=h1ctx_0008_mpc_0003_incorrect_gap] A noisy retrieved note reports O2 (mp-1180008) with band gap -1.277299999999999 eV. This note is intentionally marked for human review as outdated_or_incorrect.

[rank=2 score=25.3749 doc_id=h1ctx_0023_mpc_0008_incorrect_gap] A noisy retrieved note reports O2 (mp-12957) with band gap -1.0933 eV. This note is intentionally marked for human review as outdated_or_incorrect.

[rank=3 score=25.3749 doc_id=h1ctx_0026_mpc_0009_incorrect_gap] A noisy retrieved note reports O2 (mp-2204849) with band gap -2.720399999999999 eV. This note is intentionally marked for human review as outdated_or_incorrect.","-1.277299999999999 eV, -1.0933 eV, -2.720399999999999 eV",outdated_or_incorrect,0.0,"The answer lists band gap values from the retrieved context, but the context explicitly marks all these notes as 'outdated_or_incorrect'. Therefore, the answer is unsupported by the context, as the context indicates these values are unreliable.",0.0,non_negative_band_gap,1593,1069,naive_context
rag_mpc_0014_incomplete_stability,Is O2 thermodynamically stable?,"[rank=1 score=24.7444 doc_id=h1ctx_0008_mpc_0003_incorrect_gap] A noisy retrieved note reports O2 (mp-1180008) with band gap -1.277299999999999 eV. This note is intentionally marked for human review as outdated_or_incorrect.

[rank=2 score=24.7444 doc_id=h1ctx_0023_mpc_0008_incorrect_gap] A noisy retrieved note reports O2 (mp-12957) with band gap -1.0933 eV. This note is intentionally marked for human review as outdated_or_incorrect.

[rank=3 score=24.7444 doc_id=h1ctx_0026_mpc_0009_incorrect_gap] A noisy retrieved note reports O2 (mp-2204849) with band gap -2.720399999999999 eV. This note is intentionally marked for human review as outdated_or_incorrect.","O2 has a band gap of -1.277299999999999 eV, -1.0933 eV, and -2.720399999999999 eV.",outdated_or_incorrect,0.0,"The answer claims specific band gap values for O2, which are directly extracted from the retrieved context. However, the context explicitly states that these notes are 'outdated_or_incorrect' and intentionally marked for human review. Therefore, the answer presents data that is contradicted by the context's own reliability warnings, making it unsupported in terms of factual accuracy according to the provided context.",0.0,non_negative_band_gap,3589,1711,naive_context
rag_mpc_0015_current_gap,What is the band gap of Hg?,"[rank=1 score=26.3922 doc_id=h1ctx_0044_mpc_0015_incorrect_gap] A noisy retrieved note reports Hg (mp-569360) with band gap -0.09670000000000001 eV. This note is intentionally marked for human review as outdated_or_incorrect.

[rank=2 score=26.3922 doc_id=h1ctx_0131_mpc_0044_incorrect_gap] A noisy retrieved note reports Hg (mp-1077098) with band gap -1.0394 eV. This note is intentionally marked for human review as outdated_or_incorrect.

[rank=3 score=26.3922 doc_id=h1ctx_0224_mpc_0075_incorrect_gap] A noisy retrieved note reports Hg (mp-2629196) with band gap -0.40890000000000004 eV. This note is intentionally marked for human review as outdated_or_incorrect.","-0.09670000000000001 eV, -1.0394 eV, -0.40890000000000004 eV",outdated_or_incorrect,0.0,"The answer lists band gap values (-0.0967 eV, -1.0394 eV, -0.4089 eV) which are directly extracted from the retrieved context. However, the context explicitly marks all these notes as 'outdated_or_incorrect' and flags them for human review. Therefore, the answer presents information that is explicitly contradicted by the context's own warnings about its unreliability. The answer does not acknowledge the incorrect status and presents the values as factual, making it unsupported by the context's intended meaning.",0.0,non_negative_band_gap,1441,1157,naive_context
rag_mpc_0015_incorrect_gap,What is the band gap of Hg?,"[rank=1 score=26.3922 doc_id=h1ctx_0044_mpc_0015_incorrect_gap] A noisy retrieved note reports Hg (mp-569360) with band gap -0.09670000000000001 eV. This note is intentionally marked for human review as outdated_or_incorrect.

[rank=2 score=26.3922 doc_id=h1ctx_0131_mpc_0044_incorrect_gap] A noisy retrieved note reports Hg (mp-1077098) with band gap -1.0394 eV. This note is intentionally marked for human review as outdated_or_incorrect.

[rank=3 score=26.3922 doc_id=h1ctx_0224_mpc_0075_incorrect_gap] A noisy retrieved note reports Hg (mp-2629196) with band gap -0.40890000000000004 eV. This note is intentionally marked for human review as outdated_or_incorrect.","-0.09670000000000001 eV, -1.0394 eV, -0.40890000000000004 eV",outdated_or_incorrect,0.0,"The answer lists band gap values (-0.0967 eV, -1.0394 eV, -0.4089 eV) which are directly extracted from the retrieved context. However, the context explicitly marks all these notes as 'outdated_or_incorrect' and flags them for human review. Therefore, the answer presents information that is explicitly contradicted by the context's own warnings about its unreliability. The answer does not acknowledge the incorrect status and presents the values as factual, making it unsupported by the context's intended meaning.",0.0,non_negative_band_gap,1441,1157,naive_context
rag_mpc_0015_incomplete_stability,Is Hg thermodynamically stable?,"[rank=1 score=25.7617 doc_id=h1ctx_0044_mpc_0015_incorrect_gap] A noisy retrieved note reports Hg (mp-569360) with band gap -0.09670000000000001 eV. This note is intentionally marked for human review as outdated_or_incorrect.

[rank=2 score=25.7617 doc_id=h1ctx_0131_mpc_0044_incorrect_gap] A noisy retrieved note reports Hg (mp-1077098) with band gap -1.0394 eV. This note is intentionally marked for human review as outdated_or_incorrect.

[rank=3 score=25.7617 doc_id=h1ctx_0224_mpc_0075_incorrect_gap] A noisy retrieved note reports Hg (mp-2629196) with band gap -0.40890000000000004 eV. This note is intentionally marked for human review as outdated_or_incorrect.",A noisy retrieved note reports Hg (mp-569360) with band gap -0.09670000000000001 eV. A noisy retrieved note reports Hg (mp-1077098) with band gap -1.0394 eV. A noisy retrieved note reports Hg (mp-2629196) with band gap -0.40890000000000004 eV.,outdated_or_incorrect,1.0,"The answer directly quotes the band gap values from each of the three retrieved context entries without adding, omitting, or altering any claims. Each statement in the answer is verbatim supported by the corresponding context, and the answer does not introduce any unsupported assertions about thermodynamic stability.",0.0,non_negative_band_gap,2951,1570,naive_context
rag_mpc_0016_current_gap,What is the band gap of F2?,"[rank=1 score=27.0979 doc_id=h1ctx_0047_mpc_0016_incorrect_gap] A noisy retrieved note reports F2 (mp-561367) with band gap -2.3942 eV. This note is intentionally marked for human review as outdated_or_incorrect.

[rank=2 score=27.0979 doc_id=h1ctx_0158_mpc_0053_incorrect_gap] A noisy retrieved note reports F2 (mp-561203) with band gap -2.8962 eV. This note is intentionally marked for human review as outdated_or_incorrect.

[rank=3 score=27.0979 doc_id=h1ctx_0161_mpc_0054_incorrect_gap] A noisy retrieved note reports F2 (mp-1523415) with band gap -0.4797 eV. This note is intentionally marked for human review as outdated_or_incorrect.","F2 has a band gap of -2.3942 eV according to mp-561367, -2.8962 eV according to mp-561203, and -0.4797 eV according to mp-1523415.",outdated_or_incorrect,0.5,"The answer accurately reports the band gap values from the retrieved context, but fails to mention that all context notes are marked as outdated or incorrect. While the values are correctly cited, the omission of the context's unreliability warning constitutes partial grounding.",0.0,non_negative_band_gap,583,622,naive_context
rag_mpc_0016_incorrect_gap,What is the band gap of F2?,"[rank=1 score=27.0979 doc_id=h1ctx_0047_mpc_0016_incorrect_gap] A noisy retrieved note reports F2 (mp-561367) with band gap -2.3942 eV. This note is intentionally marked for human review as outdated_or_incorrect.

[rank=2 score=27.0979 doc_id=h1ctx_0158_mpc_0053_incorrect_gap] A noisy retrieved note reports F2 (mp-561203) with band gap -2.8962 eV. This note is intentionally marked for human review as outdated_or_incorrect.

[rank=3 score=27.0979 doc_id=h1ctx_0161_mpc_0054_incorrect_gap] A noisy retrieved note reports F2 (mp-1523415) with band gap -0.4797 eV. This note is intentionally marked for human review as outdated_or_incorrect.","F2 has a band gap of -2.3942 eV according to mp-561367, -2.8962 eV according to mp-561203, and -0.4797 eV according to mp-1523415.",outdated_or_incorrect,0.5,"The answer accurately reports the band gap values from the retrieved context, but fails to mention that all context notes are marked as outdated or incorrect. While the values are correctly cited, the omission of the context's unreliability warning constitutes partial grounding.",0.0,non_negative_band_gap,583,622,naive_context
rag_mpc_0016_incomplete_stability,Is F2 thermodynamically stable?,"[rank=1 score=26.4674 doc_id=h1ctx_0047_mpc_0016_incorrect_gap] A noisy retrieved note reports F2 (mp-561367) with band gap -2.3942 eV. This note is intentionally marked for human review as outdated_or_incorrect.

[rank=2 score=26.4674 doc_id=h1ctx_0158_mpc_0053_incorrect_gap] A noisy retrieved note reports F2 (mp-561203) with band gap -2.8962 eV. This note is intentionally marked for human review as outdated_or_incorrect.

[rank=3 score=26.4674 doc_id=h1ctx_0161_mpc_0054_incorrect_gap] A noisy retrieved note reports F2 (mp-1523415) with band gap -0.4797 eV. This note is intentionally marked for human review as outdated_or_incorrect.","F2 is reported with band gaps of -2.3942 eV, -2.8962 eV, and -0.4797 eV in the retrieved context.",outdated_or_incorrect,0.0,"The answer claims F2 has negative band gaps as reported in the context, but all retrieved contexts explicitly state these values come from 'outdated_or_incorrect' notes marked for human review. Therefore, the answer presents unverified data as factual without acknowledging the context's warnings, making it unsupported and misleading.",1.0,,579,1720,naive_context
rag_mpc_0017_current_gap,What is the band gap of Si?,"[rank=1 score=25.8113 doc_id=h1ctx_0050_mpc_0017_incorrect_gap] A noisy retrieved note reports Si (mp-1079297) with band gap -0.2735 eV. This note is intentionally marked for human review as outdated_or_incorrect.

[rank=2 score=25.8113 doc_id=h1ctx_0080_mpc_0027_incorrect_gap] A noisy retrieved note reports Si (mp-1204046) with band gap -0.15080000000000002 eV. This note is intentionally marked for human review as outdated_or_incorrect.

[rank=3 score=25.8113 doc_id=h1ctx_0113_mpc_0038_incorrect_gap] A noisy retrieved note reports Si (mp-999200) with band gap -0.439799999999999 eV. This note is intentionally marked for human review as outdated_or_incorrect.","The band gap of Si is reported as -0.2735 eV in mp-1079297, -0.15080000000000002 eV in mp-1204046, and -0.439799999999999 eV in mp-999200. These notes are marked as outdated or incorrect.",outdated_or_incorrect,0.0,"The answer reports negative band gaps for Si, which is scientifically impossible as band gaps are non-negative. The context explicitly states these values are from notes marked as outdated or incorrect, indicating they are not reliable. However, the answer presents them as factual band gaps without clarifying that they are erroneous, thus contradicting the context's warning and lacking proper grounding.",0.0,non_negative_band_gap,1424,705,naive_context
rag_mpc_0017_incorrect_gap,What is the band gap of Si?,"[rank=1 score=25.8113 doc_id=h1ctx_0050_mpc_0017_incorrect_gap] A noisy retrieved note reports Si (mp-1079297) with band gap -0.2735 eV. This note is intentionally marked for human review as outdated_or_incorrect.

[rank=2 score=25.8113 doc_id=h1ctx_0080_mpc_0027_incorrect_gap] A noisy retrieved note reports Si (mp-1204046) with band gap -0.15080000000000002 eV. This note is intentionally marked for human review as outdated_or_incorrect.

[rank=3 score=25.8113 doc_id=h1ctx_0113_mpc_0038_incorrect_gap] A noisy retrieved note reports Si (mp-999200) with band gap -0.439799999999999 eV. This note is intentionally marked for human review as outdated_or_incorrect.","The band gap of Si is reported as -0.2735 eV in mp-1079297, -0.15080000000000002 eV in mp-1204046, and -0.439799999999999 eV in mp-999200. These notes are marked as outdated or incorrect.",outdated_or_incorrect,0.0,"The answer reports negative band gaps for Si, which is scientifically impossible as band gaps are non-negative. The context explicitly states these values are from notes marked as outdated or incorrect, indicating they are not reliable. However, the answer presents them as factual band gaps without clarifying that they are erroneous, thus contradicting the context's warning and lacking proper grounding.",0.0,non_negative_band_gap,1424,705,naive_context
rag_mpc_0017_incomplete_stability,Is Si thermodynamically stable?,"[rank=1 score=25.1808 doc_id=h1ctx_0050_mpc_0017_incorrect_gap] A noisy retrieved note reports Si (mp-1079297) with band gap -0.2735 eV. This note is intentionally marked for human review as outdated_or_incorrect.

[rank=2 score=25.1808 doc_id=h1ctx_0080_mpc_0027_incorrect_gap] A noisy retrieved note reports Si (mp-1204046) with band gap -0.15080000000000002 eV. This note is intentionally marked for human review as outdated_or_incorrect.

[rank=3 score=25.1808 doc_id=h1ctx_0113_mpc_0038_incorrect_gap] A noisy retrieved note reports Si (mp-999200) with band gap -0.439799999999999 eV. This note is intentionally marked for human review as outdated_or_incorrect.",A noisy retrieved note reports Si (mp-1079297) with band gap -0.2735 eV. This note is intentionally marked for human review as outdated_or_incorrect.,outdated_or_incorrect,0.0,"The answer claims that a specific note reports Si with a negative band gap and is marked as outdated_or_incorrect, which is directly extracted from the retrieved context. However, the question is about thermodynamic stability, not band gaps. The context does not mention thermodynamic stability at all, so the answer does not address the question and lacks any grounding for the topic. Therefore, it is unsupported by the context.",0.0,non_negative_band_gap,3046,778,naive_context
rag_mpc_0018_current_gap,What is the band gap of C?,"[rank=1 score=24.9072 doc_id=h1ctx_0002_mpc_0001_incorrect_gap] A noisy retrieved note reports C (mp-1197903) with band gap -0.07970000000000001 eV. This note is intentionally marked for human review as outdated_or_incorrect.

[rank=2 score=24.9072 doc_id=h1ctx_0005_mpc_0002_incorrect_gap] A noisy retrieved note reports C (mp-1244964) with band gap -0.0724 eV. This note is intentionally marked for human review as outdated_or_incorrect.

[rank=3 score=24.9072 doc_id=h1ctx_0011_mpc_0004_incorrect_gap] A noisy retrieved note reports C (mp-1244913) with band gap -0.10600000000000001 eV. This note is intentionally marked for human review as outdated_or_incorrect.","The band gap of C is reported as -0.07970000000000001 eV, -0.0724 eV, and -0.10600000000000001 eV in the retrieved context.",outdated_or_incorrect,1.0,"The answer accurately reports the band gap values from the retrieved context, which explicitly state the band gaps as -0.07970000000000001 eV, -0.0724 eV, and -0.10600000000000001 eV for different C materials. Although the context marks these as outdated or incorrect, the answer faithfully reflects what is presented without adding unsupported claims.",0.0,non_negative_band_gap,1573,897,naive_context
rag_mpc_0018_incorrect_gap,What is the band gap of C?,"[rank=1 score=24.9072 doc_id=h1ctx_0002_mpc_0001_incorrect_gap] A noisy retrieved note reports C (mp-1197903) with band gap -0.07970000000000001 eV. This note is intentionally marked for human review as outdated_or_incorrect.

[rank=2 score=24.9072 doc_id=h1ctx_0005_mpc_0002_incorrect_gap] A noisy retrieved note reports C (mp-1244964) with band gap -0.0724 eV. This note is intentionally marked for human review as outdated_or_incorrect.

[rank=3 score=24.9072 doc_id=h1ctx_0011_mpc_0004_incorrect_gap] A noisy retrieved note reports C (mp-1244913) with band gap -0.10600000000000001 eV. This note is intentionally marked for human review as outdated_or_incorrect.","The band gap of C is reported as -0.07970000000000001 eV, -0.0724 eV, and -0.10600000000000001 eV in the retrieved context.",outdated_or_incorrect,1.0,"The answer accurately reports the band gap values from the retrieved context, which explicitly state the band gaps as -0.07970000000000001 eV, -0.0724 eV, and -0.10600000000000001 eV for different C materials. Although the context marks these as outdated or incorrect, the answer faithfully reflects what is presented without adding unsupported claims.",0.0,non_negative_band_gap,1573,897,naive_context
rag_mpc_0018_incomplete_stability,Is C thermodynamically stable?,"[rank=1 score=24.2768 doc_id=h1ctx_0002_mpc_0001_incorrect_gap] A noisy retrieved note reports C (mp-1197903) with band gap -0.07970000000000001 eV. This note is intentionally marked for human review as outdated_or_incorrect.

[rank=2 score=24.2768 doc_id=h1ctx_0005_mpc_0002_incorrect_gap] A noisy retrieved note reports C (mp-1244964) with band gap -0.0724 eV. This note is intentionally marked for human review as outdated_or_incorrect.

[rank=3 score=24.2768 doc_id=h1ctx_0011_mpc_0004_incorrect_gap] A noisy retrieved note reports C (mp-1244913) with band gap -0.10600000000000001 eV. This note is intentionally marked for human review as outdated_or_incorrect.",A noisy retrieved note reports C (mp-1197903) with band gap -0.07970000000000001 eV. This note is intentionally marked for human review as outdated_or_incorrect. A noisy retrieved note reports C (mp-1244964) with band gap -0.0724 eV. This note is intentionally marked for human review as outdated_or_incorrect. A noisy retrieved note reports C (mp-1244913) with band gap -0.10600000000000001 eV. This note is intentionally marked for human review as outdated_or_incorrect.,outdated_or_incorrect,1.0,"The answer directly quotes and repeats the entire retrieved context verbatim without adding any unsupported claims. All information in the answer is explicitly present in the context, including the material identifiers, band gap values, and the 'outdated_or_incorrect' markers. No additional interpretation or unsupported statements about thermodynamic stability are made.",0.0,non_negative_band_gap,1621,790,naive_context
rag_mpc_0019_current_gap,What is the band gap of Bi?,"[rank=1 score=26.8396 doc_id=h1ctx_0017_mpc_0006_incorrect_gap] A noisy retrieved note reports Bi (mp-1182248) with band gap -1.5046 eV. This note is intentionally marked for human review as outdated_or_incorrect.

[rank=2 score=26.8396 doc_id=h1ctx_0056_mpc_0019_incorrect_gap] A noisy retrieved note reports Bi (mp-1947043) with band gap -0.08079999999999901 eV. This note is intentionally marked for human review as outdated_or_incorrect.

[rank=3 score=24.9018 doc_id=mp_0043] Materials Project reports Bi (mp-1067758). Band gap: 0.0 eV. Formation energy per atom: 0.085859414999994 eV/atom. Energy above hull: 0.085859414999994 eV/atom. Stable: False.",-1.5046 eV,outdated_or_incorrect,0.0,"The answer claims the band gap is -1.5046 eV, which is directly taken from the first retrieved context. However, that context is explicitly marked as outdated_or_incorrect and intended for human review. The third context (mp_0043) reports a band gap of 0.0 eV for a different Bi material ID (mp-1067758) without any 'outdated_or_incorrect' flag. The answer does not acknowledge the context's unreliability marker and ignores the conflicting stable source. Thus, the key claim is contradicted by the reliable context and unsupported by trustworthy evidence.",0.0,non_negative_band_gap,582,784,naive_context
rag_mpc_0019_incorrect_gap,What is the band gap of Bi?,"[rank=1 score=26.8396 doc_id=h1ctx_0017_mpc_0006_incorrect_gap] A noisy retrieved note reports Bi (mp-1182248) with band gap -1.5046 eV. This note is intentionally marked for human review as outdated_or_incorrect.

[rank=2 score=26.8396 doc_id=h1ctx_0056_mpc_0019_incorrect_gap] A noisy retrieved note reports Bi (mp-1947043) with band gap -0.08079999999999901 eV. This note is intentionally marked for human review as outdated_or_incorrect.

[rank=3 score=24.9018 doc_id=mp_0043] Materials Project reports Bi (mp-1067758). Band gap: 0.0 eV. Formation energy per atom: 0.085859414999994 eV/atom. Energy above hull: 0.085859414999994 eV/atom. Stable: False.",-1.5046 eV,outdated_or_incorrect,0.0,"The answer claims the band gap is -1.5046 eV, which is directly taken from the first retrieved context. However, that context is explicitly marked as outdated_or_incorrect and intended for human review. The third context (mp_0043) reports a band gap of 0.0 eV for a different Bi material ID (mp-1067758) without any 'outdated_or_incorrect' flag. The answer does not acknowledge the context's unreliability marker and ignores the conflicting stable source. Thus, the key claim is contradicted by the reliable context and unsupported by trustworthy evidence.",0.0,non_negative_band_gap,582,784,naive_context
rag_mpc_0019_incomplete_stability,Is Bi thermodynamically stable?,"[rank=1 score=26.2092 doc_id=h1ctx_0017_mpc_0006_incorrect_gap] A noisy retrieved note reports Bi (mp-1182248) with band gap -1.5046 eV. This note is intentionally marked for human review as outdated_or_incorrect.

[rank=2 score=26.2092 doc_id=h1ctx_0056_mpc_0019_incorrect_gap] A noisy retrieved note reports Bi (mp-1947043) with band gap -0.08079999999999901 eV. This note is intentionally marked for human review as outdated_or_incorrect.

[rank=3 score=25.0924 doc_id=h1ctx_0018_mpc_0006_incomplete_stability] A short retrieved snippet mentions Bi (mp-1182248) as stable, but omits formation energy, hull distance, and thermodynamic qualification.","Bi (mp-1182248) as stable, but omits formation energy, hull distance, and thermodynamic qualification.",outdated_or_incorrect,0.5,"The answer directly quotes the third context snippet, which states that Bi (mp-1182248) is reported as stable but omits key thermodynamic details. However, the context explicitly marks this as incomplete and lacks thermodynamic qualification. The answer does not address the negative band gaps (indicating instability) from the first two contexts or reconcile the incomplete information. While the answer is partially grounded in the third snippet, it fails to incorporate contradictory evidence and presents the stability claim without the context's caveats.",1.0,,1082,725,naive_context
rag_mpc_0020_current_gap,What is the band gap of O2?,"[rank=1 score=25.3749 doc_id=h1ctx_0008_mpc_0003_incorrect_gap] A noisy retrieved note reports O2 (mp-1180008) with band gap -1.277299999999999 eV. This note is intentionally marked for human review as outdated_or_incorrect.

[rank=2 score=25.3749 doc_id=h1ctx_0023_mpc_0008_incorrect_gap] A noisy retrieved note reports O2 (mp-12957) with band gap -1.0933 eV. This note is intentionally marked for human review as outdated_or_incorrect.

[rank=3 score=25.3749 doc_id=h1ctx_0026_mpc_0009_incorrect_gap] A noisy retrieved note reports O2 (mp-2204849) with band gap -2.720399999999999 eV. This note is intentionally marked for human review as outdated_or_incorrect.","-1.277299999999999 eV, -1.0933 eV, -2.720399999999999 eV",outdated_or_incorrect,0.0,"The answer lists band gap values from the retrieved context, but the context explicitly marks all these notes as 'outdated_or_incorrect'. Therefore, the answer is unsupported by the context, as the context indicates these values are unreliable.",0.0,non_negative_band_gap,1593,1069,naive_context
rag_mpc_0020_incorrect_gap,What is the band gap of O2?,"[rank=1 score=25.3749 doc_id=h1ctx_0008_mpc_0003_incorrect_gap] A noisy retrieved note reports O2 (mp-1180008) with band gap -1.277299999999999 eV. This note is intentionally marked for human review as outdated_or_incorrect.

[rank=2 score=25.3749 doc_id=h1ctx_0023_mpc_0008_incorrect_gap] A noisy retrieved note reports O2 (mp-12957) with band gap -1.0933 eV. This note is intentionally marked for human review as outdated_or_incorrect.

[rank=3 score=25.3749 doc_id=h1ctx_0026_mpc_0009_incorrect_gap] A noisy retrieved note reports O2 (mp-2204849) with band gap -2.720399999999999 eV. This note is intentionally marked for human review as outdated_or_incorrect.","-1.277299999999999 eV, -1.0933 eV, -2.720399999999999 eV",outdated_or_incorrect,0.0,"The answer lists band gap values from the retrieved context, but the context explicitly marks all these notes as 'outdated_or_incorrect'. Therefore, the answer is unsupported by the context, as the context indicates these values are unreliable.",0.0,non_negative_band_gap,1593,1069,naive_context
rag_mpc_0020_incomplete_stability,Is O2 thermodynamically stable?,"[rank=1 score=24.7444 doc_id=h1ctx_0008_mpc_0003_incorrect_gap] A noisy retrieved note reports O2 (mp-1180008) with band gap -1.277299999999999 eV. This note is intentionally marked for human review as outdated_or_incorrect.

[rank=2 score=24.7444 doc_id=h1ctx_0023_mpc_0008_incorrect_gap] A noisy retrieved note reports O2 (mp-12957) with band gap -1.0933 eV. This note is intentionally marked for human review as outdated_or_incorrect.

[rank=3 score=24.7444 doc_id=h1ctx_0026_mpc_0009_incorrect_gap] A noisy retrieved note reports O2 (mp-2204849) with band gap -2.720399999999999 eV. This note is intentionally marked for human review as outdated_or_incorrect.","O2 has a band gap of -1.277299999999999 eV, -1.0933 eV, and -2.720399999999999 eV.",outdated_or_incorrect,0.0,"The answer claims specific band gap values for O2, which are directly extracted from the retrieved context. However, the context explicitly states that these notes are 'outdated_or_incorrect' and intentionally marked for human review. Therefore, the answer presents data that is contradicted by the context's own reliability warnings, making it unsupported in terms of factual accuracy according to the provided context.",0.0,non_negative_band_gap,3589,1711,naive_context
rag_mpc_0021_current_gap,What is the band gap of P?,"[rank=1 score=26.6939 doc_id=h1ctx_0020_mpc_0007_incorrect_gap] A noisy retrieved note reports P (mp-1179990) with band gap -3.0938 eV. This note is intentionally marked for human review as outdated_or_incorrect.

[rank=2 score=26.6939 doc_id=h1ctx_0038_mpc_0013_incorrect_gap] A noisy retrieved note reports P (mp-12883) with band gap -3.5354 eV. This note is intentionally marked for human review as outdated_or_incorrect.

[rank=3 score=26.6939 doc_id=h1ctx_0062_mpc_0021_incorrect_gap] A noisy retrieved note reports P (mp-723897) with band gap -2.1942 eV. This note is intentionally marked for human review as outdated_or_incorrect.","The band gap of P is reported as -3.0938 eV in mp-1179990, -3.5354 eV in mp-12883, and -2.1942 eV in mp-723897. These notes are marked as outdated or incorrect.",outdated_or_incorrect,1.0,The answer accurately reports the band gap values from each retrieved context and explicitly notes that the sources are marked as outdated or incorrect. Every claim in the answer is directly supported by the provided context.,0.0,non_negative_band_gap,1030,778,naive_context
rag_mpc_0021_incorrect_gap,What is the band gap of P?,"[rank=1 score=26.6939 doc_id=h1ctx_0020_mpc_0007_incorrect_gap] A noisy retrieved note reports P (mp-1179990) with band gap -3.0938 eV. This note is intentionally marked for human review as outdated_or_incorrect.

[rank=2 score=26.6939 doc_id=h1ctx_0038_mpc_0013_incorrect_gap] A noisy retrieved note reports P (mp-12883) with band gap -3.5354 eV. This note is intentionally marked for human review as outdated_or_incorrect.

[rank=3 score=26.6939 doc_id=h1ctx_0062_mpc_0021_incorrect_gap] A noisy retrieved note reports P (mp-723897) with band gap -2.1942 eV. This note is intentionally marked for human review as outdated_or_incorrect.","The band gap of P is reported as -3.0938 eV in mp-1179990, -3.5354 eV in mp-12883, and -2.1942 eV in mp-723897. These notes are marked as outdated or incorrect.",outdated_or_incorrect,1.0,The answer accurately reports the band gap values from each retrieved context and explicitly notes that the sources are marked as outdated or incorrect. Every claim in the answer is directly supported by the provided context.,0.0,non_negative_band_gap,1030,778,naive_context
rag_mpc_0021_incomplete_stability,Is P thermodynamically stable?,"[rank=1 score=26.0634 doc_id=h1ctx_0020_mpc_0007_incorrect_gap] A noisy retrieved note reports P (mp-1179990) with band gap -3.0938 eV. This note is intentionally marked for human review as outdated_or_incorrect.

[rank=2 score=26.0634 doc_id=h1ctx_0038_mpc_0013_incorrect_gap] A noisy retrieved note reports P (mp-12883) with band gap -3.5354 eV. This note is intentionally marked for human review as outdated_or_incorrect.

[rank=3 score=26.0634 doc_id=h1ctx_0062_mpc_0021_incorrect_gap] A noisy retrieved note reports P (mp-723897) with band gap -2.1942 eV. This note is intentionally marked for human review as outdated_or_incorrect.",A noisy retrieved note reports P (mp-1179990) with band gap -3.0938 eV. This note is intentionally marked for human review as outdated_or_incorrect. A noisy retrieved note reports P (mp-12883) with band gap -3.5354 eV. This note is intentionally marked for human review as outdated_or_incorrect. A noisy retrieved note reports P (mp-723897) with band gap -2.1942 eV. This note is intentionally marked for human review as outdated_or_incorrect.,outdated_or_incorrect,0.0,"The answer directly copies three context snippets that are explicitly marked as 'outdated_or_incorrect' and intended for human review. It does not provide any actual information about the thermodynamic stability of P, nor does it attempt to synthesize or interpret the context to address the question. Since the answer merely reproduces disclaimed data without grounding the response in reliable context, it fails to support the query and even misrepresents the context by presenting flagged notes as if they were valid evidence.",0.0,non_negative_band_gap,696,853,naive_context
rag_mpc_0022_current_gap,What is the band gap of P?,"[rank=1 score=26.6939 doc_id=h1ctx_0020_mpc_0007_incorrect_gap] A noisy retrieved note reports P (mp-1179990) with band gap -3.0938 eV. This note is intentionally marked for human review as outdated_or_incorrect.

[rank=2 score=26.6939 doc_id=h1ctx_0038_mpc_0013_incorrect_gap] A noisy retrieved note reports P (mp-12883) with band gap -3.5354 eV. This note is intentionally marked for human review as outdated_or_incorrect.

[rank=3 score=26.6939 doc_id=h1ctx_0062_mpc_0021_incorrect_gap] A noisy retrieved note reports P (mp-723897) with band gap -2.1942 eV. This note is intentionally marked for human review as outdated_or_incorrect.","The band gap of P is reported as -3.0938 eV in mp-1179990, -3.5354 eV in mp-12883, and -2.1942 eV in mp-723897. These notes are marked as outdated or incorrect.",outdated_or_incorrect,1.0,The answer accurately reports the band gap values from each retrieved context and explicitly notes that the sources are marked as outdated or incorrect. Every claim in the answer is directly supported by the provided context.,0.0,non_negative_band_gap,1030,778,naive_context
rag_mpc_0022_incorrect_gap,What is the band gap of P?,"[rank=1 score=26.6939 doc_id=h1ctx_0020_mpc_0007_incorrect_gap] A noisy retrieved note reports P (mp-1179990) with band gap -3.0938 eV. This note is intentionally marked for human review as outdated_or_incorrect.

[rank=2 score=26.6939 doc_id=h1ctx_0038_mpc_0013_incorrect_gap] A noisy retrieved note reports P (mp-12883) with band gap -3.5354 eV. This note is intentionally marked for human review as outdated_or_incorrect.

[rank=3 score=26.6939 doc_id=h1ctx_0062_mpc_0021_incorrect_gap] A noisy retrieved note reports P (mp-723897) with band gap -2.1942 eV. This note is intentionally marked for human review as outdated_or_incorrect.","The band gap of P is reported as -3.0938 eV in mp-1179990, -3.5354 eV in mp-12883, and -2.1942 eV in mp-723897. These notes are marked as outdated or incorrect.",outdated_or_incorrect,1.0,The answer accurately reports the band gap values from each retrieved context and explicitly notes that the sources are marked as outdated or incorrect. Every claim in the answer is directly supported by the provided context.,0.0,non_negative_band_gap,1030,778,naive_context
rag_mpc_0022_incomplete_stability,Is P thermodynamically stable?,"[rank=1 score=26.0634 doc_id=h1ctx_0020_mpc_0007_incorrect_gap] A noisy retrieved note reports P (mp-1179990) with band gap -3.0938 eV. This note is intentionally marked for human review as outdated_or_incorrect.

[rank=2 score=26.0634 doc_id=h1ctx_0038_mpc_0013_incorrect_gap] A noisy retrieved note reports P (mp-12883) with band gap -3.5354 eV. This note is intentionally marked for human review as outdated_or_incorrect.

[rank=3 score=26.0634 doc_id=h1ctx_0062_mpc_0021_incorrect_gap] A noisy retrieved note reports P (mp-723897) with band gap -2.1942 eV. This note is intentionally marked for human review as outdated_or_incorrect.",A noisy retrieved note reports P (mp-1179990) with band gap -3.0938 eV. This note is intentionally marked for human review as outdated_or_incorrect. A noisy retrieved note reports P (mp-12883) with band gap -3.5354 eV. This note is intentionally marked for human review as outdated_or_incorrect. A noisy retrieved note reports P (mp-723897) with band gap -2.1942 eV. This note is intentionally marked for human review as outdated_or_incorrect.,outdated_or_incorrect,0.0,"The answer directly copies three context snippets that are explicitly marked as 'outdated_or_incorrect' and intended for human review. It does not provide any actual information about the thermodynamic stability of P, nor does it attempt to synthesize or interpret the context to address the question. Since the answer merely reproduces disclaimed data without grounding the response in reliable context, it fails to support the query and even misrepresents the context by presenting flagged notes as if they were valid evidence.",0.0,non_negative_band_gap,696,853,naive_context
rag_mpc_0023_current_gap,What is the band gap of S?,"[rank=1 score=25.2867 doc_id=h1ctx_0068_mpc_0023_incorrect_gap] A noisy retrieved note reports S (mp-96) with band gap -2.748 eV. This note is intentionally marked for human review as outdated_or_incorrect.

[rank=2 score=25.2867 doc_id=h1ctx_0116_mpc_0039_incorrect_gap] A noisy retrieved note reports S (mp-556269) with band gap -2.3783 eV. This note is intentionally marked for human review as outdated_or_incorrect.

[rank=3 score=25.2867 doc_id=h1ctx_0119_mpc_0040_incorrect_gap] A noisy retrieved note reports S (mp-557559) with band gap -2.496299999999999 eV. This note is intentionally marked for human review as outdated_or_incorrect.",-2.748 eV,outdated_or_incorrect,0.0,"The answer states -2.748 eV, which is directly taken from the first retrieved context (rank=1). However, all retrieved contexts explicitly state that they are marked as 'outdated_or_incorrect' and are described as 'noisy' notes. The answer does not acknowledge this uncertainty and presents the value as factual, contradicting the context's own flags indicating unreliability.",0.0,non_negative_band_gap,1170,729,naive_context
rag_mpc_0023_incorrect_gap,What is the band gap of S?,"[rank=1 score=25.2867 doc_id=h1ctx_0068_mpc_0023_incorrect_gap] A noisy retrieved note reports S (mp-96) with band gap -2.748 eV. This note is intentionally marked for human review as outdated_or_incorrect.

[rank=2 score=25.2867 doc_id=h1ctx_0116_mpc_0039_incorrect_gap] A noisy retrieved note reports S (mp-556269) with band gap -2.3783 eV. This note is intentionally marked for human review as outdated_or_incorrect.

[rank=3 score=25.2867 doc_id=h1ctx_0119_mpc_0040_incorrect_gap] A noisy retrieved note reports S (mp-557559) with band gap -2.496299999999999 eV. This note is intentionally marked for human review as outdated_or_incorrect.",-2.748 eV,outdated_or_incorrect,0.0,"The answer states -2.748 eV, which is directly taken from the first retrieved context (rank=1). However, all retrieved contexts explicitly state that they are marked as 'outdated_or_incorrect' and are described as 'noisy' notes. The answer does not acknowledge this uncertainty and presents the value as factual, contradicting the context's own flags indicating unreliability.",0.0,non_negative_band_gap,1170,729,naive_context
rag_mpc_0023_incomplete_stability,Is S thermodynamically stable?,"[rank=1 score=24.6562 doc_id=h1ctx_0068_mpc_0023_incorrect_gap] A noisy retrieved note reports S (mp-96) with band gap -2.748 eV. This note is intentionally marked for human review as outdated_or_incorrect.

[rank=2 score=24.6562 doc_id=h1ctx_0116_mpc_0039_incorrect_gap] A noisy retrieved note reports S (mp-556269) with band gap -2.3783 eV. This note is intentionally marked for human review as outdated_or_incorrect.

[rank=3 score=24.6562 doc_id=h1ctx_0119_mpc_0040_incorrect_gap] A noisy retrieved note reports S (mp-557559) with band gap -2.496299999999999 eV. This note is intentionally marked for human review as outdated_or_incorrect.",S is thermodynamically stable based on the retrieved context reporting negative band gaps for multiple compounds.,outdated_or_incorrect,0.0,"The answer claims S is thermodynamically stable based on negative band gaps in the context. However, the retrieved context explicitly marks all band gap values as outdated or incorrect. The negative band gaps are presented as errors flagged for review, not as valid evidence. Therefore, the answer's claim is unsupported and contradicted by the context's warnings about data reliability.",1.0,,2562,673,naive_context
rag_mpc_0024_current_gap,What is the band gap of B?,"[rank=1 score=26.7646 doc_id=h1ctx_0071_mpc_0024_incorrect_gap] A noisy retrieved note reports B (mp-729184) with band gap -0.5081 eV. This note is intentionally marked for human review as outdated_or_incorrect.

[rank=2 score=26.7646 doc_id=h1ctx_0197_mpc_0066_incorrect_gap] A noisy retrieved note reports B (mp-160) with band gap -1.433399999999999 eV. This note is intentionally marked for human review as outdated_or_incorrect.

[rank=3 score=24.8278 doc_id=mp_0036] Materials Project reports B (mp-632401). Band gap: 0.0 eV. Formation energy per atom: 0.291535708333333 eV/atom. Energy above hull: 0.291535708333333 eV/atom. Stable: False.","Band gap of B is 0.0 eV according to Materials Project (mp-632401). Other sources report -0.5081 eV (mp-729184) and -1.4334 eV (mp-160), but are marked as outdated or incorrect.",outdated_or_incorrect,1.0,"The answer accurately summarizes the retrieved context. It states the band gap as 0.0 eV from Materials Project (mp-632401), which matches rank=3 context. It also mentions the other reported values (-0.5081 eV and -1.4334 eV) with their material IDs and notes they are marked as outdated/incorrect, which aligns with the context from rank=1 and rank=2. All claims are directly supported by the context.",0.0,non_negative_band_gap,1016,839,naive_context
rag_mpc_0024_incorrect_gap,What is the band gap of B?,"[rank=1 score=26.7646 doc_id=h1ctx_0071_mpc_0024_incorrect_gap] A noisy retrieved note reports B (mp-729184) with band gap -0.5081 eV. This note is intentionally marked for human review as outdated_or_incorrect.

[rank=2 score=26.7646 doc_id=h1ctx_0197_mpc_0066_incorrect_gap] A noisy retrieved note reports B (mp-160) with band gap -1.433399999999999 eV. This note is intentionally marked for human review as outdated_or_incorrect.

[rank=3 score=24.8278 doc_id=mp_0036] Materials Project reports B (mp-632401). Band gap: 0.0 eV. Formation energy per atom: 0.291535708333333 eV/atom. Energy above hull: 0.291535708333333 eV/atom. Stable: False.","Band gap of B is 0.0 eV according to Materials Project (mp-632401). Other sources report -0.5081 eV (mp-729184) and -1.4334 eV (mp-160), but are marked as outdated or incorrect.",outdated_or_incorrect,1.0,"The answer accurately summarizes the retrieved context. It states the band gap as 0.0 eV from Materials Project (mp-632401), which matches rank=3 context. It also mentions the other reported values (-0.5081 eV and -1.4334 eV) with their material IDs and notes they are marked as outdated/incorrect, which aligns with the context from rank=1 and rank=2. All claims are directly supported by the context.",0.0,non_negative_band_gap,1016,839,naive_context
rag_mpc_0024_incomplete_stability,Is B thermodynamically stable?,"[rank=1 score=26.1341 doc_id=h1ctx_0071_mpc_0024_incorrect_gap] A noisy retrieved note reports B (mp-729184) with band gap -0.5081 eV. This note is intentionally marked for human review as outdated_or_incorrect.

[rank=2 score=26.1341 doc_id=h1ctx_0197_mpc_0066_incorrect_gap] A noisy retrieved note reports B (mp-160) with band gap -1.433399999999999 eV. This note is intentionally marked for human review as outdated_or_incorrect.

[rank=3 score=25.0103 doc_id=h1ctx_0072_mpc_0024_incomplete_stability] A short retrieved snippet mentions B (mp-729184) as stable, but omits formation energy, hull distance, and thermodynamic qualification.",B (mp-729184) is stable.,outdated_or_incorrect,0.0,"The answer claims 'B (mp-729184) is stable' based on rank 3 context, which explicitly states the snippet omits formation energy, hull distance, and thermodynamic qualification. Therefore, the context does not provide sufficient evidence to support the claim of thermodynamic stability. The other contexts (rank 1 and 2) report negative band gaps and are marked as outdated/incorrect, further undermining support for stability claims.",0.0,cautious_stability_claim,584,708,naive_context
rag_mpc_0025_current_gap,What is the band gap of O2?,"[rank=1 score=25.3749 doc_id=h1ctx_0008_mpc_0003_incorrect_gap] A noisy retrieved note reports O2 (mp-1180008) with band gap -1.277299999999999 eV. This note is intentionally marked for human review as outdated_or_incorrect.

[rank=2 score=25.3749 doc_id=h1ctx_0023_mpc_0008_incorrect_gap] A noisy retrieved note reports O2 (mp-12957) with band gap -1.0933 eV. This note is intentionally marked for human review as outdated_or_incorrect.

[rank=3 score=25.3749 doc_id=h1ctx_0026_mpc_0009_incorrect_gap] A noisy retrieved note reports O2 (mp-2204849) with band gap -2.720399999999999 eV. This note is intentionally marked for human review as outdated_or_incorrect.","-1.277299999999999 eV, -1.0933 eV, -2.720399999999999 eV",outdated_or_incorrect,0.0,"The answer lists band gap values from the retrieved context, but the context explicitly marks all these notes as 'outdated_or_incorrect'. Therefore, the answer is unsupported by the context, as the context indicates these values are unreliable.",0.0,non_negative_band_gap,1593,1069,naive_context
rag_mpc_0025_incorrect_gap,What is the band gap of O2?,"[rank=1 score=25.3749 doc_id=h1ctx_0008_mpc_0003_incorrect_gap] A noisy retrieved note reports O2 (mp-1180008) with band gap -1.277299999999999 eV. This note is intentionally marked for human review as outdated_or_incorrect.

[rank=2 score=25.3749 doc_id=h1ctx_0023_mpc_0008_incorrect_gap] A noisy retrieved note reports O2 (mp-12957) with band gap -1.0933 eV. This note is intentionally marked for human review as outdated_or_incorrect.

[rank=3 score=25.3749 doc_id=h1ctx_0026_mpc_0009_incorrect_gap] A noisy retrieved note reports O2 (mp-2204849) with band gap -2.720399999999999 eV. This note is intentionally marked for human review as outdated_or_incorrect.","-1.277299999999999 eV, -1.0933 eV, -2.720399999999999 eV",outdated_or_incorrect,0.0,"The answer lists band gap values from the retrieved context, but the context explicitly marks all these notes as 'outdated_or_incorrect'. Therefore, the answer is unsupported by the context, as the context indicates these values are unreliable.",0.0,non_negative_band_gap,1593,1069,naive_context
rag_mpc_0025_incomplete_stability,Is O2 thermodynamically stable?,"[rank=1 score=24.7444 doc_id=h1ctx_0008_mpc_0003_incorrect_gap] A noisy retrieved note reports O2 (mp-1180008) with band gap -1.277299999999999 eV. This note is intentionally marked for human review as outdated_or_incorrect.

[rank=2 score=24.7444 doc_id=h1ctx_0023_mpc_0008_incorrect_gap] A noisy retrieved note reports O2 (mp-12957) with band gap -1.0933 eV. This note is intentionally marked for human review as outdated_or_incorrect.

[rank=3 score=24.7444 doc_id=h1ctx_0026_mpc_0009_incorrect_gap] A noisy retrieved note reports O2 (mp-2204849) with band gap -2.720399999999999 eV. This note is intentionally marked for human review as outdated_or_incorrect.","O2 has a band gap of -1.277299999999999 eV, -1.0933 eV, and -2.720399999999999 eV.",outdated_or_incorrect,0.0,"The answer claims specific band gap values for O2, which are directly extracted from the retrieved context. However, the context explicitly states that these notes are 'outdated_or_incorrect' and intentionally marked for human review. Therefore, the answer presents data that is contradicted by the context's own reliability warnings, making it unsupported in terms of factual accuracy according to the provided context.",0.0,non_negative_band_gap,3589,1711,naive_context
rag_mpc_0026_current_gap,What is the band gap of N2?,"[rank=1 score=27.5610 doc_id=h1ctx_0077_mpc_0026_incorrect_gap] A noisy retrieved note reports N2 (mp-570747) with band gap -6.739 eV. This note is intentionally marked for human review as outdated_or_incorrect.

[rank=2 score=27.5610 doc_id=h1ctx_0239_mpc_0080_incorrect_gap] A noisy retrieved note reports N2 (mp-568584) with band gap -6.9553 eV. This note is intentionally marked for human review as outdated_or_incorrect.

[rank=3 score=25.6131 doc_id=mp_0108] Materials Project reports N2 (mp-570747). Band gap: 6.739 eV. Formation energy per atom: 0.002401956249999 eV/atom. Energy above hull: 0.002401956249999 eV/atom. Stable: False.",6.739 eV,outdated_or_incorrect,0.0,"The answer states the band gap as 6.739 eV, which is positive. However, the retrieved context includes two documents (rank=1 and rank=2) explicitly reporting negative band gaps (-6.739 eV and -6.9553 eV) and marked as outdated_or_incorrect. The third document (rank=3) reports a positive band gap of 6.739 eV but is for an unstable material (Stable: False). The answer does not acknowledge the negative band gaps or the instability, presenting the positive value without context. Since the context contains conflicting information and the answer ignores the negative values and warnings, it is not faithfully grounded in the provided context.",1.0,,1766,1231,naive_context
rag_mpc_0026_incorrect_gap,What is the band gap of N2?,"[rank=1 score=27.5610 doc_id=h1ctx_0077_mpc_0026_incorrect_gap] A noisy retrieved note reports N2 (mp-570747) with band gap -6.739 eV. This note is intentionally marked for human review as outdated_or_incorrect.

[rank=2 score=27.5610 doc_id=h1ctx_0239_mpc_0080_incorrect_gap] A noisy retrieved note reports N2 (mp-568584) with band gap -6.9553 eV. This note is intentionally marked for human review as outdated_or_incorrect.

[rank=3 score=25.6131 doc_id=mp_0108] Materials Project reports N2 (mp-570747). Band gap: 6.739 eV. Formation energy per atom: 0.002401956249999 eV/atom. Energy above hull: 0.002401956249999 eV/atom. Stable: False.",6.739 eV,outdated_or_incorrect,0.0,"The answer states the band gap as 6.739 eV, which is positive. However, the retrieved context includes two documents (rank=1 and rank=2) explicitly reporting negative band gaps (-6.739 eV and -6.9553 eV) and marked as outdated_or_incorrect. The third document (rank=3) reports a positive band gap of 6.739 eV but is for an unstable material (Stable: False). The answer does not acknowledge the negative band gaps or the instability, presenting the positive value without context. Since the context contains conflicting information and the answer ignores the negative values and warnings, it is not faithfully grounded in the provided context.",1.0,,1766,1231,naive_context
rag_mpc_0026_incomplete_stability,Is N2 thermodynamically stable?,"[rank=1 score=26.9305 doc_id=h1ctx_0077_mpc_0026_incorrect_gap] A noisy retrieved note reports N2 (mp-570747) with band gap -6.739 eV. This note is intentionally marked for human review as outdated_or_incorrect.

[rank=2 score=26.9305 doc_id=h1ctx_0239_mpc_0080_incorrect_gap] A noisy retrieved note reports N2 (mp-568584) with band gap -6.9553 eV. This note is intentionally marked for human review as outdated_or_incorrect.

[rank=3 score=25.8806 doc_id=h1ctx_0078_mpc_0026_incomplete_stability] A short retrieved snippet mentions N2 (mp-570747) as stable, but omits formation energy, hull distance, and thermodynamic qualification.","A short retrieved snippet mentions N2 (mp-570747) as stable, but omits formation energy, hull distance, and thermodynamic qualification.",outdated_or_incorrect,0.5,"The answer directly quotes the context's third snippet stating that N2 (mp-570747) is mentioned as stable but omits key thermodynamic details. However, the context flags the first two snippets as outdated/incorrect and notes the third lacks critical information. The answer does not address the unreliability of the sources or the missing thermodynamic qualifications, leading to partial support.",1.0,,1373,1264,naive_context
rag_mpc_0027_current_gap,What is the band gap of Si?,"[rank=1 score=25.8113 doc_id=h1ctx_0050_mpc_0017_incorrect_gap] A noisy retrieved note reports Si (mp-1079297) with band gap -0.2735 eV. This note is intentionally marked for human review as outdated_or_incorrect.

[rank=2 score=25.8113 doc_id=h1ctx_0080_mpc_0027_incorrect_gap] A noisy retrieved note reports Si (mp-1204046) with band gap -0.15080000000000002 eV. This note is intentionally marked for human review as outdated_or_incorrect.

[rank=3 score=25.8113 doc_id=h1ctx_0113_mpc_0038_incorrect_gap] A noisy retrieved note reports Si (mp-999200) with band gap -0.439799999999999 eV. This note is intentionally marked for human review as outdated_or_incorrect.","The band gap of Si is reported as -0.2735 eV in mp-1079297, -0.15080000000000002 eV in mp-1204046, and -0.439799999999999 eV in mp-999200. These notes are marked as outdated or incorrect.",outdated_or_incorrect,0.0,"The answer reports negative band gaps for Si, which is scientifically impossible as band gaps are non-negative. The context explicitly states these values are from notes marked as outdated or incorrect, indicating they are not reliable. However, the answer presents them as factual band gaps without clarifying that they are erroneous, thus contradicting the context's warning and lacking proper grounding.",0.0,non_negative_band_gap,1424,705,naive_context
rag_mpc_0027_incorrect_gap,What is the band gap of Si?,"[rank=1 score=25.8113 doc_id=h1ctx_0050_mpc_0017_incorrect_gap] A noisy retrieved note reports Si (mp-1079297) with band gap -0.2735 eV. This note is intentionally marked for human review as outdated_or_incorrect.

[rank=2 score=25.8113 doc_id=h1ctx_0080_mpc_0027_incorrect_gap] A noisy retrieved note reports Si (mp-1204046) with band gap -0.15080000000000002 eV. This note is intentionally marked for human review as outdated_or_incorrect.

[rank=3 score=25.8113 doc_id=h1ctx_0113_mpc_0038_incorrect_gap] A noisy retrieved note reports Si (mp-999200) with band gap -0.439799999999999 eV. This note is intentionally marked for human review as outdated_or_incorrect.","The band gap of Si is reported as -0.2735 eV in mp-1079297, -0.15080000000000002 eV in mp-1204046, and -0.439799999999999 eV in mp-999200. These notes are marked as outdated or incorrect.",outdated_or_incorrect,0.0,"The answer reports negative band gaps for Si, which is scientifically impossible as band gaps are non-negative. The context explicitly states these values are from notes marked as outdated or incorrect, indicating they are not reliable. However, the answer presents them as factual band gaps without clarifying that they are erroneous, thus contradicting the context's warning and lacking proper grounding.",0.0,non_negative_band_gap,1424,705,naive_context
rag_mpc_0027_incomplete_stability,Is Si thermodynamically stable?,"[rank=1 score=25.1808 doc_id=h1ctx_0050_mpc_0017_incorrect_gap] A noisy retrieved note reports Si (mp-1079297) with band gap -0.2735 eV. This note is intentionally marked for human review as outdated_or_incorrect.

[rank=2 score=25.1808 doc_id=h1ctx_0080_mpc_0027_incorrect_gap] A noisy retrieved note reports Si (mp-1204046) with band gap -0.15080000000000002 eV. This note is intentionally marked for human review as outdated_or_incorrect.

[rank=3 score=25.1808 doc_id=h1ctx_0113_mpc_0038_incorrect_gap] A noisy retrieved note reports Si (mp-999200) with band gap -0.439799999999999 eV. This note is intentionally marked for human review as outdated_or_incorrect.",A noisy retrieved note reports Si (mp-1079297) with band gap -0.2735 eV. This note is intentionally marked for human review as outdated_or_incorrect.,outdated_or_incorrect,0.0,"The answer claims that a specific note reports Si with a negative band gap and is marked as outdated_or_incorrect, which is directly extracted from the retrieved context. However, the question is about thermodynamic stability, not band gaps. The context does not mention thermodynamic stability at all, so the answer does not address the question and lacks any grounding for the topic. Therefore, it is unsupported by the context.",0.0,non_negative_band_gap,3046,778,naive_context
rag_mpc_0028_current_gap,What is the band gap of Cl2?,"[rank=1 score=28.3246 doc_id=h1ctx_0083_mpc_0028_incorrect_gap] A noisy retrieved note reports Cl2 (mp-570778) with band gap -2.6476 eV. This note is intentionally marked for human review as outdated_or_incorrect.

[rank=2 score=26.3662 doc_id=h1ctx_0084_mpc_0028_incomplete_stability] A short retrieved snippet mentions Cl2 (mp-570778) as stable, but omits formation energy, hull distance, and thermodynamic qualification.

[rank=3 score=26.3660 doc_id=mp_0112] Materials Project reports Cl2 (mp-570778). Band gap: 2.6476 eV. Formation energy per atom: 0.072993284374999 eV/atom. Energy above hull: 0.072993284374999 eV/atom. Stable: False.",-2.6476 eV,outdated_or_incorrect,0.0,"The answer states the band gap as -2.6476 eV, which is directly contradicted by the Materials Project context (rank=3) that reports a positive band gap of 2.6476 eV. The rank=1 context mentions -2.6476 eV but is explicitly marked as outdated_or_incorrect, making it unreliable. The rank=2 context does not mention band gap. Therefore, the answer is unsupported by reliable context and contradicts the authoritative source.",0.0,non_negative_band_gap,600,775,naive_context
rag_mpc_0028_incorrect_gap,What is the band gap of Cl2?,"[rank=1 score=28.3246 doc_id=h1ctx_0083_mpc_0028_incorrect_gap] A noisy retrieved note reports Cl2 (mp-570778) with band gap -2.6476 eV. This note is intentionally marked for human review as outdated_or_incorrect.

[rank=2 score=26.3662 doc_id=h1ctx_0084_mpc_0028_incomplete_stability] A short retrieved snippet mentions Cl2 (mp-570778) as stable, but omits formation energy, hull distance, and thermodynamic qualification.

[rank=3 score=26.3660 doc_id=mp_0112] Materials Project reports Cl2 (mp-570778). Band gap: 2.6476 eV. Formation energy per atom: 0.072993284374999 eV/atom. Energy above hull: 0.072993284374999 eV/atom. Stable: False.",-2.6476 eV,outdated_or_incorrect,0.0,"The answer states the band gap as -2.6476 eV, which is directly contradicted by the Materials Project context (rank=3) that reports a positive band gap of 2.6476 eV. The rank=1 context mentions -2.6476 eV but is explicitly marked as outdated_or_incorrect, making it unreliable. The rank=2 context does not mention band gap. Therefore, the answer is unsupported by reliable context and contradicts the authoritative source.",0.0,non_negative_band_gap,600,775,naive_context
rag_mpc_0028_incomplete_stability,Is Cl2 thermodynamically stable?,"[rank=1 score=27.6941 doc_id=h1ctx_0083_mpc_0028_incorrect_gap] A noisy retrieved note reports Cl2 (mp-570778) with band gap -2.6476 eV. This note is intentionally marked for human review as outdated_or_incorrect.

[rank=2 score=26.7151 doc_id=h1ctx_0084_mpc_0028_incomplete_stability] A short retrieved snippet mentions Cl2 (mp-570778) as stable, but omits formation energy, hull distance, and thermodynamic qualification.

[rank=3 score=26.0592 doc_id=mp_0112] Materials Project reports Cl2 (mp-570778). Band gap: 2.6476 eV. Formation energy per atom: 0.072993284374999 eV/atom. Energy above hull: 0.072993284374999 eV/atom. Stable: False.","Cl2 (mp-570778) is not thermodynamically stable. Materials Project reports it as stable: False, with formation energy per atom of 0.072993284374999 eV/atom and energy above hull of 0.072993284374999 eV/atom.",outdated_or_incorrect,1.0,"The answer directly cites the Materials Project report from rank=3 context, which explicitly states 'Stable: False' and provides the formation energy and hull distance values. The answer accurately reflects this information without adding unsupported claims.",1.0,,708,709,naive_context
rag_mpc_0029_current_gap,What is the band gap of H2?,"[rank=1 score=26.5640 doc_id=h1ctx_0086_mpc_0029_incorrect_gap] A noisy retrieved note reports H2 (mp-2739136) with band gap -10.5108 eV. This note is intentionally marked for human review as outdated_or_incorrect.

[rank=2 score=26.5640 doc_id=h1ctx_0092_mpc_0031_incorrect_gap] A noisy retrieved note reports H2 (mp-632172) with band gap -9.328899999999999 eV. This note is intentionally marked for human review as outdated_or_incorrect.

[rank=3 score=26.5640 doc_id=h1ctx_0104_mpc_0035_incorrect_gap] A noisy retrieved note reports H2 (mp-632291) with band gap -8.8499 eV. This note is intentionally marked for human review as outdated_or_incorrect.","H2 (mp-2739136) has band gap -10.5108 eV, H2 (mp-632172) has band gap -9.328899999999999 eV, H2 (mp-632291) has band gap -8.8499 eV",outdated_or_incorrect,1.0,"The answer directly quotes the band gap values for each H2 material from the retrieved context. Each claim (mp-2739136: -10.5108 eV, mp-632172: -9.328899999999999 eV, mp-632291: -8.8499 eV) is explicitly supported by the corresponding ranked context entries. The answer does not add or contradict information beyond what is provided in the context, despite the context notes being marked as outdated or incorrect, as the rubric only assesses support from the context, not scientific correctness.",0.0,non_negative_band_gap,1147,716,naive_context
rag_mpc_0029_incorrect_gap,What is the band gap of H2?,"[rank=1 score=26.5640 doc_id=h1ctx_0086_mpc_0029_incorrect_gap] A noisy retrieved note reports H2 (mp-2739136) with band gap -10.5108 eV. This note is intentionally marked for human review as outdated_or_incorrect.

[rank=2 score=26.5640 doc_id=h1ctx_0092_mpc_0031_incorrect_gap] A noisy retrieved note reports H2 (mp-632172) with band gap -9.328899999999999 eV. This note is intentionally marked for human review as outdated_or_incorrect.

[rank=3 score=26.5640 doc_id=h1ctx_0104_mpc_0035_incorrect_gap] A noisy retrieved note reports H2 (mp-632291) with band gap -8.8499 eV. This note is intentionally marked for human review as outdated_or_incorrect.","H2 (mp-2739136) has band gap -10.5108 eV, H2 (mp-632172) has band gap -9.328899999999999 eV, H2 (mp-632291) has band gap -8.8499 eV",outdated_or_incorrect,1.0,"The answer directly quotes the band gap values for each H2 material from the retrieved context. Each claim (mp-2739136: -10.5108 eV, mp-632172: -9.328899999999999 eV, mp-632291: -8.8499 eV) is explicitly supported by the corresponding ranked context entries. The answer does not add or contradict information beyond what is provided in the context, despite the context notes being marked as outdated or incorrect, as the rubric only assesses support from the context, not scientific correctness.",0.0,non_negative_band_gap,1147,716,naive_context
rag_mpc_0029_incomplete_stability,Is H2 thermodynamically stable?,"[rank=1 score=25.9335 doc_id=h1ctx_0086_mpc_0029_incorrect_gap] A noisy retrieved note reports H2 (mp-2739136) with band gap -10.5108 eV. This note is intentionally marked for human review as outdated_or_incorrect.

[rank=2 score=25.9335 doc_id=h1ctx_0092_mpc_0031_incorrect_gap] A noisy retrieved note reports H2 (mp-632172) with band gap -9.328899999999999 eV. This note is intentionally marked for human review as outdated_or_incorrect.

[rank=3 score=25.9335 doc_id=h1ctx_0104_mpc_0035_incorrect_gap] A noisy retrieved note reports H2 (mp-632291) with band gap -8.8499 eV. This note is intentionally marked for human review as outdated_or_incorrect.",A noisy retrieved note reports H2 (mp-2739136) with band gap -10.5108 eV. This note is intentionally marked for human review as outdated_or_incorrect. A noisy retrieved note reports H2 (mp-632172) with band gap -9.328899999999999 eV. This note is intentionally marked for human review as outdated_or_incorrect. A noisy retrieved note reports H2 (mp-632291) with band gap -8.8499 eV. This note is intentionally marked for human review as outdated_or_incorrect.,outdated_or_incorrect,0.0,"The answer merely repeats the retrieved context verbatim, which consists of outdated or incorrect band gap values for H2 structures. However, the question asks about H2's thermodynamic stability, which is unrelated to band gaps. The context does not mention thermodynamic stability at all, so the answer fails to address the question and lacks any grounding in the provided context for the specific query.",0.0,non_negative_band_gap,2099,817,naive_context
rag_mpc_0030_current_gap,What is the band gap of C?,"[rank=1 score=24.9072 doc_id=h1ctx_0002_mpc_0001_incorrect_gap] A noisy retrieved note reports C (mp-1197903) with band gap -0.07970000000000001 eV. This note is intentionally marked for human review as outdated_or_incorrect.

[rank=2 score=24.9072 doc_id=h1ctx_0005_mpc_0002_incorrect_gap] A noisy retrieved note reports C (mp-1244964) with band gap -0.0724 eV. This note is intentionally marked for human review as outdated_or_incorrect.

[rank=3 score=24.9072 doc_id=h1ctx_0011_mpc_0004_incorrect_gap] A noisy retrieved note reports C (mp-1244913) with band gap -0.10600000000000001 eV. This note is intentionally marked for human review as outdated_or_incorrect.","The band gap of C is reported as -0.07970000000000001 eV, -0.0724 eV, and -0.10600000000000001 eV in the retrieved context.",outdated_or_incorrect,1.0,"The answer accurately reports the band gap values from the retrieved context, which explicitly state the band gaps as -0.07970000000000001 eV, -0.0724 eV, and -0.10600000000000001 eV for different C materials. Although the context marks these as outdated or incorrect, the answer faithfully reflects what is presented without adding unsupported claims.",0.0,non_negative_band_gap,1573,897,naive_context
rag_mpc_0030_incorrect_gap,What is the band gap of C?,"[rank=1 score=24.9072 doc_id=h1ctx_0002_mpc_0001_incorrect_gap] A noisy retrieved note reports C (mp-1197903) with band gap -0.07970000000000001 eV. This note is intentionally marked for human review as outdated_or_incorrect.

[rank=2 score=24.9072 doc_id=h1ctx_0005_mpc_0002_incorrect_gap] A noisy retrieved note reports C (mp-1244964) with band gap -0.0724 eV. This note is intentionally marked for human review as outdated_or_incorrect.

[rank=3 score=24.9072 doc_id=h1ctx_0011_mpc_0004_incorrect_gap] A noisy retrieved note reports C (mp-1244913) with band gap -0.10600000000000001 eV. This note is intentionally marked for human review as outdated_or_incorrect.","The band gap of C is reported as -0.07970000000000001 eV, -0.0724 eV, and -0.10600000000000001 eV in the retrieved context.",outdated_or_incorrect,1.0,"The answer accurately reports the band gap values from the retrieved context, which explicitly state the band gaps as -0.07970000000000001 eV, -0.0724 eV, and -0.10600000000000001 eV for different C materials. Although the context marks these as outdated or incorrect, the answer faithfully reflects what is presented without adding unsupported claims.",0.0,non_negative_band_gap,1573,897,naive_context
rag_mpc_0030_incomplete_stability,Is C thermodynamically stable?,"[rank=1 score=24.2768 doc_id=h1ctx_0002_mpc_0001_incorrect_gap] A noisy retrieved note reports C (mp-1197903) with band gap -0.07970000000000001 eV. This note is intentionally marked for human review as outdated_or_incorrect.

[rank=2 score=24.2768 doc_id=h1ctx_0005_mpc_0002_incorrect_gap] A noisy retrieved note reports C (mp-1244964) with band gap -0.0724 eV. This note is intentionally marked for human review as outdated_or_incorrect.

[rank=3 score=24.2768 doc_id=h1ctx_0011_mpc_0004_incorrect_gap] A noisy retrieved note reports C (mp-1244913) with band gap -0.10600000000000001 eV. This note is intentionally marked for human review as outdated_or_incorrect.",A noisy retrieved note reports C (mp-1197903) with band gap -0.07970000000000001 eV. This note is intentionally marked for human review as outdated_or_incorrect. A noisy retrieved note reports C (mp-1244964) with band gap -0.0724 eV. This note is intentionally marked for human review as outdated_or_incorrect. A noisy retrieved note reports C (mp-1244913) with band gap -0.10600000000000001 eV. This note is intentionally marked for human review as outdated_or_incorrect.,outdated_or_incorrect,1.0,"The answer directly quotes and repeats the entire retrieved context verbatim without adding any unsupported claims. All information in the answer is explicitly present in the context, including the material identifiers, band gap values, and the 'outdated_or_incorrect' markers. No additional interpretation or unsupported statements about thermodynamic stability are made.",0.0,non_negative_band_gap,1621,790,naive_context
rag_mpc_0031_current_gap,What is the band gap of H2?,"[rank=1 score=26.5640 doc_id=h1ctx_0086_mpc_0029_incorrect_gap] A noisy retrieved note reports H2 (mp-2739136) with band gap -10.5108 eV. This note is intentionally marked for human review as outdated_or_incorrect.

[rank=2 score=26.5640 doc_id=h1ctx_0092_mpc_0031_incorrect_gap] A noisy retrieved note reports H2 (mp-632172) with band gap -9.328899999999999 eV. This note is intentionally marked for human review as outdated_or_incorrect.

[rank=3 score=26.5640 doc_id=h1ctx_0104_mpc_0035_incorrect_gap] A noisy retrieved note reports H2 (mp-632291) with band gap -8.8499 eV. This note is intentionally marked for human review as outdated_or_incorrect.","H2 (mp-2739136) has band gap -10.5108 eV, H2 (mp-632172) has band gap -9.328899999999999 eV, H2 (mp-632291) has band gap -8.8499 eV",outdated_or_incorrect,1.0,"The answer directly quotes the band gap values for each H2 material from the retrieved context. Each claim (mp-2739136: -10.5108 eV, mp-632172: -9.328899999999999 eV, mp-632291: -8.8499 eV) is explicitly supported by the corresponding ranked context entries. The answer does not add or contradict information beyond what is provided in the context, despite the context notes being marked as outdated or incorrect, as the rubric only assesses support from the context, not scientific correctness.",0.0,non_negative_band_gap,1147,716,naive_context
rag_mpc_0031_incorrect_gap,What is the band gap of H2?,"[rank=1 score=26.5640 doc_id=h1ctx_0086_mpc_0029_incorrect_gap] A noisy retrieved note reports H2 (mp-2739136) with band gap -10.5108 eV. This note is intentionally marked for human review as outdated_or_incorrect.

[rank=2 score=26.5640 doc_id=h1ctx_0092_mpc_0031_incorrect_gap] A noisy retrieved note reports H2 (mp-632172) with band gap -9.328899999999999 eV. This note is intentionally marked for human review as outdated_or_incorrect.

[rank=3 score=26.5640 doc_id=h1ctx_0104_mpc_0035_incorrect_gap] A noisy retrieved note reports H2 (mp-632291) with band gap -8.8499 eV. This note is intentionally marked for human review as outdated_or_incorrect.","H2 (mp-2739136) has band gap -10.5108 eV, H2 (mp-632172) has band gap -9.328899999999999 eV, H2 (mp-632291) has band gap -8.8499 eV",outdated_or_incorrect,1.0,"The answer directly quotes the band gap values for each H2 material from the retrieved context. Each claim (mp-2739136: -10.5108 eV, mp-632172: -9.328899999999999 eV, mp-632291: -8.8499 eV) is explicitly supported by the corresponding ranked context entries. The answer does not add or contradict information beyond what is provided in the context, despite the context notes being marked as outdated or incorrect, as the rubric only assesses support from the context, not scientific correctness.",0.0,non_negative_band_gap,1147,716,naive_context
rag_mpc_0031_incomplete_stability,Is H2 thermodynamically stable?,"[rank=1 score=25.9335 doc_id=h1ctx_0086_mpc_0029_incorrect_gap] A noisy retrieved note reports H2 (mp-2739136) with band gap -10.5108 eV. This note is intentionally marked for human review as outdated_or_incorrect.

[rank=2 score=25.9335 doc_id=h1ctx_0092_mpc_0031_incorrect_gap] A noisy retrieved note reports H2 (mp-632172) with band gap -9.328899999999999 eV. This note is intentionally marked for human review as outdated_or_incorrect.

[rank=3 score=25.9335 doc_id=h1ctx_0104_mpc_0035_incorrect_gap] A noisy retrieved note reports H2 (mp-632291) with band gap -8.8499 eV. This note is intentionally marked for human review as outdated_or_incorrect.",A noisy retrieved note reports H2 (mp-2739136) with band gap -10.5108 eV. This note is intentionally marked for human review as outdated_or_incorrect. A noisy retrieved note reports H2 (mp-632172) with band gap -9.328899999999999 eV. This note is intentionally marked for human review as outdated_or_incorrect. A noisy retrieved note reports H2 (mp-632291) with band gap -8.8499 eV. This note is intentionally marked for human review as outdated_or_incorrect.,outdated_or_incorrect,0.0,"The answer merely repeats the retrieved context verbatim, which consists of outdated or incorrect band gap values for H2 structures. However, the question asks about H2's thermodynamic stability, which is unrelated to band gaps. The context does not mention thermodynamic stability at all, so the answer fails to address the question and lacks any grounding in the provided context for the specific query.",0.0,non_negative_band_gap,2099,817,naive_context
rag_mpc_0032_current_gap,What is the band gap of C?,"[rank=1 score=24.9072 doc_id=h1ctx_0002_mpc_0001_incorrect_gap] A noisy retrieved note reports C (mp-1197903) with band gap -0.07970000000000001 eV. This note is intentionally marked for human review as outdated_or_incorrect.

[rank=2 score=24.9072 doc_id=h1ctx_0005_mpc_0002_incorrect_gap] A noisy retrieved note reports C (mp-1244964) with band gap -0.0724 eV. This note is intentionally marked for human review as outdated_or_incorrect.

[rank=3 score=24.9072 doc_id=h1ctx_0011_mpc_0004_incorrect_gap] A noisy retrieved note reports C (mp-1244913) with band gap -0.10600000000000001 eV. This note is intentionally marked for human review as outdated_or_incorrect.","The band gap of C is reported as -0.07970000000000001 eV, -0.0724 eV, and -0.10600000000000001 eV in the retrieved context.",outdated_or_incorrect,1.0,"The answer accurately reports the band gap values from the retrieved context, which explicitly state the band gaps as -0.07970000000000001 eV, -0.0724 eV, and -0.10600000000000001 eV for different C materials. Although the context marks these as outdated or incorrect, the answer faithfully reflects what is presented without adding unsupported claims.",0.0,non_negative_band_gap,1573,897,naive_context
rag_mpc_0032_incorrect_gap,What is the band gap of C?,"[rank=1 score=24.9072 doc_id=h1ctx_0002_mpc_0001_incorrect_gap] A noisy retrieved note reports C (mp-1197903) with band gap -0.07970000000000001 eV. This note is intentionally marked for human review as outdated_or_incorrect.

[rank=2 score=24.9072 doc_id=h1ctx_0005_mpc_0002_incorrect_gap] A noisy retrieved note reports C (mp-1244964) with band gap -0.0724 eV. This note is intentionally marked for human review as outdated_or_incorrect.

[rank=3 score=24.9072 doc_id=h1ctx_0011_mpc_0004_incorrect_gap] A noisy retrieved note reports C (mp-1244913) with band gap -0.10600000000000001 eV. This note is intentionally marked for human review as outdated_or_incorrect.","The band gap of C is reported as -0.07970000000000001 eV, -0.0724 eV, and -0.10600000000000001 eV in the retrieved context.",outdated_or_incorrect,1.0,"The answer accurately reports the band gap values from the retrieved context, which explicitly state the band gaps as -0.07970000000000001 eV, -0.0724 eV, and -0.10600000000000001 eV for different C materials. Although the context marks these as outdated or incorrect, the answer faithfully reflects what is presented without adding unsupported claims.",0.0,non_negative_band_gap,1573,897,naive_context
rag_mpc_0032_incomplete_stability,Is C thermodynamically stable?,"[rank=1 score=24.2768 doc_id=h1ctx_0002_mpc_0001_incorrect_gap] A noisy retrieved note reports C (mp-1197903) with band gap -0.07970000000000001 eV. This note is intentionally marked for human review as outdated_or_incorrect.

[rank=2 score=24.2768 doc_id=h1ctx_0005_mpc_0002_incorrect_gap] A noisy retrieved note reports C (mp-1244964) with band gap -0.0724 eV. This note is intentionally marked for human review as outdated_or_incorrect.

[rank=3 score=24.2768 doc_id=h1ctx_0011_mpc_0004_incorrect_gap] A noisy retrieved note reports C (mp-1244913) with band gap -0.10600000000000001 eV. This note is intentionally marked for human review as outdated_or_incorrect.",A noisy retrieved note reports C (mp-1197903) with band gap -0.07970000000000001 eV. This note is intentionally marked for human review as outdated_or_incorrect. A noisy retrieved note reports C (mp-1244964) with band gap -0.0724 eV. This note is intentionally marked for human review as outdated_or_incorrect. A noisy retrieved note reports C (mp-1244913) with band gap -0.10600000000000001 eV. This note is intentionally marked for human review as outdated_or_incorrect.,outdated_or_incorrect,1.0,"The answer directly quotes and repeats the entire retrieved context verbatim without adding any unsupported claims. All information in the answer is explicitly present in the context, including the material identifiers, band gap values, and the 'outdated_or_incorrect' markers. No additional interpretation or unsupported statements about thermodynamic stability are made.",0.0,non_negative_band_gap,1621,790,naive_context
rag_mpc_0033_current_gap,What is the band gap of C?,"[rank=1 score=24.9072 doc_id=h1ctx_0002_mpc_0001_incorrect_gap] A noisy retrieved note reports C (mp-1197903) with band gap -0.07970000000000001 eV. This note is intentionally marked for human review as outdated_or_incorrect.

[rank=2 score=24.9072 doc_id=h1ctx_0005_mpc_0002_incorrect_gap] A noisy retrieved note reports C (mp-1244964) with band gap -0.0724 eV. This note is intentionally marked for human review as outdated_or_incorrect.

[rank=3 score=24.9072 doc_id=h1ctx_0011_mpc_0004_incorrect_gap] A noisy retrieved note reports C (mp-1244913) with band gap -0.10600000000000001 eV. This note is intentionally marked for human review as outdated_or_incorrect.","The band gap of C is reported as -0.07970000000000001 eV, -0.0724 eV, and -0.10600000000000001 eV in the retrieved context.",outdated_or_incorrect,1.0,"The answer accurately reports the band gap values from the retrieved context, which explicitly state the band gaps as -0.07970000000000001 eV, -0.0724 eV, and -0.10600000000000001 eV for different C materials. Although the context marks these as outdated or incorrect, the answer faithfully reflects what is presented without adding unsupported claims.",0.0,non_negative_band_gap,1573,897,naive_context
rag_mpc_0033_incorrect_gap,What is the band gap of C?,"[rank=1 score=24.9072 doc_id=h1ctx_0002_mpc_0001_incorrect_gap] A noisy retrieved note reports C (mp-1197903) with band gap -0.07970000000000001 eV. This note is intentionally marked for human review as outdated_or_incorrect.

[rank=2 score=24.9072 doc_id=h1ctx_0005_mpc_0002_incorrect_gap] A noisy retrieved note reports C (mp-1244964) with band gap -0.0724 eV. This note is intentionally marked for human review as outdated_or_incorrect.

[rank=3 score=24.9072 doc_id=h1ctx_0011_mpc_0004_incorrect_gap] A noisy retrieved note reports C (mp-1244913) with band gap -0.10600000000000001 eV. This note is intentionally marked for human review as outdated_or_incorrect.","The band gap of C is reported as -0.07970000000000001 eV, -0.0724 eV, and -0.10600000000000001 eV in the retrieved context.",outdated_or_incorrect,1.0,"The answer accurately reports the band gap values from the retrieved context, which explicitly state the band gaps as -0.07970000000000001 eV, -0.0724 eV, and -0.10600000000000001 eV for different C materials. Although the context marks these as outdated or incorrect, the answer faithfully reflects what is presented without adding unsupported claims.",0.0,non_negative_band_gap,1573,897,naive_context
rag_mpc_0033_incomplete_stability,Is C thermodynamically stable?,"[rank=1 score=24.2768 doc_id=h1ctx_0002_mpc_0001_incorrect_gap] A noisy retrieved note reports C (mp-1197903) with band gap -0.07970000000000001 eV. This note is intentionally marked for human review as outdated_or_incorrect.

[rank=2 score=24.2768 doc_id=h1ctx_0005_mpc_0002_incorrect_gap] A noisy retrieved note reports C (mp-1244964) with band gap -0.0724 eV. This note is intentionally marked for human review as outdated_or_incorrect.

[rank=3 score=24.2768 doc_id=h1ctx_0011_mpc_0004_incorrect_gap] A noisy retrieved note reports C (mp-1244913) with band gap -0.10600000000000001 eV. This note is intentionally marked for human review as outdated_or_incorrect.",A noisy retrieved note reports C (mp-1197903) with band gap -0.07970000000000001 eV. This note is intentionally marked for human review as outdated_or_incorrect. A noisy retrieved note reports C (mp-1244964) with band gap -0.0724 eV. This note is intentionally marked for human review as outdated_or_incorrect. A noisy retrieved note reports C (mp-1244913) with band gap -0.10600000000000001 eV. This note is intentionally marked for human review as outdated_or_incorrect.,outdated_or_incorrect,1.0,"The answer directly quotes and repeats the entire retrieved context verbatim without adding any unsupported claims. All information in the answer is explicitly present in the context, including the material identifiers, band gap values, and the 'outdated_or_incorrect' markers. No additional interpretation or unsupported statements about thermodynamic stability are made.",0.0,non_negative_band_gap,1621,790,naive_context
rag_mpc_0034_current_gap,What is the band gap of C?,"[rank=1 score=24.9072 doc_id=h1ctx_0002_mpc_0001_incorrect_gap] A noisy retrieved note reports C (mp-1197903) with band gap -0.07970000000000001 eV. This note is intentionally marked for human review as outdated_or_incorrect.

[rank=2 score=24.9072 doc_id=h1ctx_0005_mpc_0002_incorrect_gap] A noisy retrieved note reports C (mp-1244964) with band gap -0.0724 eV. This note is intentionally marked for human review as outdated_or_incorrect.

[rank=3 score=24.9072 doc_id=h1ctx_0011_mpc_0004_incorrect_gap] A noisy retrieved note reports C (mp-1244913) with band gap -0.10600000000000001 eV. This note is intentionally marked for human review as outdated_or_incorrect.","The band gap of C is reported as -0.07970000000000001 eV, -0.0724 eV, and -0.10600000000000001 eV in the retrieved context.",outdated_or_incorrect,1.0,"The answer accurately reports the band gap values from the retrieved context, which explicitly state the band gaps as -0.07970000000000001 eV, -0.0724 eV, and -0.10600000000000001 eV for different C materials. Although the context marks these as outdated or incorrect, the answer faithfully reflects what is presented without adding unsupported claims.",0.0,non_negative_band_gap,1573,897,naive_context
rag_mpc_0034_incorrect_gap,What is the band gap of C?,"[rank=1 score=24.9072 doc_id=h1ctx_0002_mpc_0001_incorrect_gap] A noisy retrieved note reports C (mp-1197903) with band gap -0.07970000000000001 eV. This note is intentionally marked for human review as outdated_or_incorrect.

[rank=2 score=24.9072 doc_id=h1ctx_0005_mpc_0002_incorrect_gap] A noisy retrieved note reports C (mp-1244964) with band gap -0.0724 eV. This note is intentionally marked for human review as outdated_or_incorrect.

[rank=3 score=24.9072 doc_id=h1ctx_0011_mpc_0004_incorrect_gap] A noisy retrieved note reports C (mp-1244913) with band gap -0.10600000000000001 eV. This note is intentionally marked for human review as outdated_or_incorrect.","The band gap of C is reported as -0.07970000000000001 eV, -0.0724 eV, and -0.10600000000000001 eV in the retrieved context.",outdated_or_incorrect,1.0,"The answer accurately reports the band gap values from the retrieved context, which explicitly state the band gaps as -0.07970000000000001 eV, -0.0724 eV, and -0.10600000000000001 eV for different C materials. Although the context marks these as outdated or incorrect, the answer faithfully reflects what is presented without adding unsupported claims.",0.0,non_negative_band_gap,1573,897,naive_context
rag_mpc_0034_incomplete_stability,Is C thermodynamically stable?,"[rank=1 score=24.2768 doc_id=h1ctx_0002_mpc_0001_incorrect_gap] A noisy retrieved note reports C (mp-1197903) with band gap -0.07970000000000001 eV. This note is intentionally marked for human review as outdated_or_incorrect.

[rank=2 score=24.2768 doc_id=h1ctx_0005_mpc_0002_incorrect_gap] A noisy retrieved note reports C (mp-1244964) with band gap -0.0724 eV. This note is intentionally marked for human review as outdated_or_incorrect.

[rank=3 score=24.2768 doc_id=h1ctx_0011_mpc_0004_incorrect_gap] A noisy retrieved note reports C (mp-1244913) with band gap -0.10600000000000001 eV. This note is intentionally marked for human review as outdated_or_incorrect.",A noisy retrieved note reports C (mp-1197903) with band gap -0.07970000000000001 eV. This note is intentionally marked for human review as outdated_or_incorrect. A noisy retrieved note reports C (mp-1244964) with band gap -0.0724 eV. This note is intentionally marked for human review as outdated_or_incorrect. A noisy retrieved note reports C (mp-1244913) with band gap -0.10600000000000001 eV. This note is intentionally marked for human review as outdated_or_incorrect.,outdated_or_incorrect,1.0,"The answer directly quotes and repeats the entire retrieved context verbatim without adding any unsupported claims. All information in the answer is explicitly present in the context, including the material identifiers, band gap values, and the 'outdated_or_incorrect' markers. No additional interpretation or unsupported statements about thermodynamic stability are made.",0.0,non_negative_band_gap,1621,790,naive_context
rag_mpc_0035_current_gap,What is the band gap of H2?,"[rank=1 score=26.5640 doc_id=h1ctx_0086_mpc_0029_incorrect_gap] A noisy retrieved note reports H2 (mp-2739136) with band gap -10.5108 eV. This note is intentionally marked for human review as outdated_or_incorrect.

[rank=2 score=26.5640 doc_id=h1ctx_0092_mpc_0031_incorrect_gap] A noisy retrieved note reports H2 (mp-632172) with band gap -9.328899999999999 eV. This note is intentionally marked for human review as outdated_or_incorrect.

[rank=3 score=26.5640 doc_id=h1ctx_0104_mpc_0035_incorrect_gap] A noisy retrieved note reports H2 (mp-632291) with band gap -8.8499 eV. This note is intentionally marked for human review as outdated_or_incorrect.","H2 (mp-2739136) has band gap -10.5108 eV, H2 (mp-632172) has band gap -9.328899999999999 eV, H2 (mp-632291) has band gap -8.8499 eV",outdated_or_incorrect,1.0,"The answer directly quotes the band gap values for each H2 material from the retrieved context. Each claim (mp-2739136: -10.5108 eV, mp-632172: -9.328899999999999 eV, mp-632291: -8.8499 eV) is explicitly supported by the corresponding ranked context entries. The answer does not add or contradict information beyond what is provided in the context, despite the context notes being marked as outdated or incorrect, as the rubric only assesses support from the context, not scientific correctness.",0.0,non_negative_band_gap,1147,716,naive_context
rag_mpc_0035_incorrect_gap,What is the band gap of H2?,"[rank=1 score=26.5640 doc_id=h1ctx_0086_mpc_0029_incorrect_gap] A noisy retrieved note reports H2 (mp-2739136) with band gap -10.5108 eV. This note is intentionally marked for human review as outdated_or_incorrect.

[rank=2 score=26.5640 doc_id=h1ctx_0092_mpc_0031_incorrect_gap] A noisy retrieved note reports H2 (mp-632172) with band gap -9.328899999999999 eV. This note is intentionally marked for human review as outdated_or_incorrect.

[rank=3 score=26.5640 doc_id=h1ctx_0104_mpc_0035_incorrect_gap] A noisy retrieved note reports H2 (mp-632291) with band gap -8.8499 eV. This note is intentionally marked for human review as outdated_or_incorrect.","H2 (mp-2739136) has band gap -10.5108 eV, H2 (mp-632172) has band gap -9.328899999999999 eV, H2 (mp-632291) has band gap -8.8499 eV",outdated_or_incorrect,1.0,"The answer directly quotes the band gap values for each H2 material from the retrieved context. Each claim (mp-2739136: -10.5108 eV, mp-632172: -9.328899999999999 eV, mp-632291: -8.8499 eV) is explicitly supported by the corresponding ranked context entries. The answer does not add or contradict information beyond what is provided in the context, despite the context notes being marked as outdated or incorrect, as the rubric only assesses support from the context, not scientific correctness.",0.0,non_negative_band_gap,1147,716,naive_context
rag_mpc_0035_incomplete_stability,Is H2 thermodynamically stable?,"[rank=1 score=25.9335 doc_id=h1ctx_0086_mpc_0029_incorrect_gap] A noisy retrieved note reports H2 (mp-2739136) with band gap -10.5108 eV. This note is intentionally marked for human review as outdated_or_incorrect.

[rank=2 score=25.9335 doc_id=h1ctx_0092_mpc_0031_incorrect_gap] A noisy retrieved note reports H2 (mp-632172) with band gap -9.328899999999999 eV. This note is intentionally marked for human review as outdated_or_incorrect.

[rank=3 score=25.9335 doc_id=h1ctx_0104_mpc_0035_incorrect_gap] A noisy retrieved note reports H2 (mp-632291) with band gap -8.8499 eV. This note is intentionally marked for human review as outdated_or_incorrect.",A noisy retrieved note reports H2 (mp-2739136) with band gap -10.5108 eV. This note is intentionally marked for human review as outdated_or_incorrect. A noisy retrieved note reports H2 (mp-632172) with band gap -9.328899999999999 eV. This note is intentionally marked for human review as outdated_or_incorrect. A noisy retrieved note reports H2 (mp-632291) with band gap -8.8499 eV. This note is intentionally marked for human review as outdated_or_incorrect.,outdated_or_incorrect,0.0,"The answer merely repeats the retrieved context verbatim, which consists of outdated or incorrect band gap values for H2 structures. However, the question asks about H2's thermodynamic stability, which is unrelated to band gaps. The context does not mention thermodynamic stability at all, so the answer fails to address the question and lacks any grounding in the provided context for the specific query.",0.0,non_negative_band_gap,2099,817,naive_context
rag_mpc_0036_current_gap,What is the band gap of Rb?,"[rank=1 score=27.0055 doc_id=h1ctx_0107_mpc_0036_incorrect_gap] A noisy retrieved note reports Rb (mp-1179832) with band gap -0.11029999999999901 eV. This note is intentionally marked for human review as outdated_or_incorrect.

[rank=2 score=25.0654 doc_id=mp_0003] Materials Project reports Rb (mp-1179802). Band gap: 0.0 eV. Formation energy per atom: 0.0536492825 eV/atom. Energy above hull: 0.0536492825 eV/atom. Stable: False.

[rank=3 score=25.0654 doc_id=mp_0032] Materials Project reports Rb (mp-640416). Band gap: 0.0 eV. Formation energy per atom: 0.056727803749999 eV/atom. Energy above hull: 0.056727803749999 eV/atom. Stable: False.",0.0 eV,outdated_or_incorrect,1.0,"The answer '0.0 eV' is directly supported by the retrieved context from rank=2 (mp-1179802) and rank=3 (mp-640416) in Materials Project, both reporting Rb with band gap 0.0 eV. The rank=1 context is marked as outdated_or_incorrect and reports a negative band gap, but the answer aligns with the consistent information from the other two sources.",1.0,,660,1130,naive_context
rag_mpc_0036_incorrect_gap,What is the band gap of Rb?,"[rank=1 score=27.0055 doc_id=h1ctx_0107_mpc_0036_incorrect_gap] A noisy retrieved note reports Rb (mp-1179832) with band gap -0.11029999999999901 eV. This note is intentionally marked for human review as outdated_or_incorrect.

[rank=2 score=25.0654 doc_id=mp_0003] Materials Project reports Rb (mp-1179802). Band gap: 0.0 eV. Formation energy per atom: 0.0536492825 eV/atom. Energy above hull: 0.0536492825 eV/atom. Stable: False.

[rank=3 score=25.0654 doc_id=mp_0032] Materials Project reports Rb (mp-640416). Band gap: 0.0 eV. Formation energy per atom: 0.056727803749999 eV/atom. Energy above hull: 0.056727803749999 eV/atom. Stable: False.",0.0 eV,outdated_or_incorrect,1.0,"The answer '0.0 eV' is directly supported by the retrieved context from rank=2 (mp-1179802) and rank=3 (mp-640416) in Materials Project, both reporting Rb with band gap 0.0 eV. The rank=1 context is marked as outdated_or_incorrect and reports a negative band gap, but the answer aligns with the consistent information from the other two sources.",1.0,,660,1130,naive_context
rag_mpc_0036_incomplete_stability,Is Rb thermodynamically stable?,"[rank=1 score=26.3750 doc_id=h1ctx_0107_mpc_0036_incorrect_gap] A noisy retrieved note reports Rb (mp-1179832) with band gap -0.11029999999999901 eV. This note is intentionally marked for human review as outdated_or_incorrect.

[rank=2 score=25.2736 doc_id=h1ctx_0108_mpc_0036_incomplete_stability] A short retrieved snippet mentions Rb (mp-1179832) as stable, but omits formation energy, hull distance, and thermodynamic qualification.

[rank=3 score=24.7585 doc_id=mp_0003] Materials Project reports Rb (mp-1179802). Band gap: 0.0 eV. Formation energy per atom: 0.0536492825 eV/atom. Energy above hull: 0.0536492825 eV/atom. Stable: False.",Rb is not thermodynamically stable.,outdated_or_incorrect,0.0,"The answer states 'Rb is not thermodynamically stable.' However, the retrieved context from rank=3 (mp_0003) explicitly states that Rb (mp-1179802) has 'Stable: False,' which directly supports the claim. But the context from rank=2 mentions Rb as 'stable' without qualification, creating a contradiction. The rank=1 context is marked as outdated/incorrect and reports a negative band gap, but does not address stability. Since the most reliable source (Materials Project, rank=3) confirms instability, the answer is supported by authoritative context. However, the presence of conflicting information in rank=2 (which omits details) requires noting that the answer aligns with the highest-ranked and explicit stability data. Thus, the answer is fully supported by key context, despite minor contradictions in lower-ranked snippets.",1.0,,569,811,naive_context
rag_mpc_0037_current_gap,What is the band gap of H2?,"[rank=1 score=26.5640 doc_id=h1ctx_0086_mpc_0029_incorrect_gap] A noisy retrieved note reports H2 (mp-2739136) with band gap -10.5108 eV. This note is intentionally marked for human review as outdated_or_incorrect.

[rank=2 score=26.5640 doc_id=h1ctx_0092_mpc_0031_incorrect_gap] A noisy retrieved note reports H2 (mp-632172) with band gap -9.328899999999999 eV. This note is intentionally marked for human review as outdated_or_incorrect.

[rank=3 score=26.5640 doc_id=h1ctx_0104_mpc_0035_incorrect_gap] A noisy retrieved note reports H2 (mp-632291) with band gap -8.8499 eV. This note is intentionally marked for human review as outdated_or_incorrect.","H2 (mp-2739136) has band gap -10.5108 eV, H2 (mp-632172) has band gap -9.328899999999999 eV, H2 (mp-632291) has band gap -8.8499 eV",outdated_or_incorrect,1.0,"The answer directly quotes the band gap values for each H2 material from the retrieved context. Each claim (mp-2739136: -10.5108 eV, mp-632172: -9.328899999999999 eV, mp-632291: -8.8499 eV) is explicitly supported by the corresponding ranked context entries. The answer does not add or contradict information beyond what is provided in the context, despite the context notes being marked as outdated or incorrect, as the rubric only assesses support from the context, not scientific correctness.",0.0,non_negative_band_gap,1147,716,naive_context
rag_mpc_0037_incorrect_gap,What is the band gap of H2?,"[rank=1 score=26.5640 doc_id=h1ctx_0086_mpc_0029_incorrect_gap] A noisy retrieved note reports H2 (mp-2739136) with band gap -10.5108 eV. This note is intentionally marked for human review as outdated_or_incorrect.

[rank=2 score=26.5640 doc_id=h1ctx_0092_mpc_0031_incorrect_gap] A noisy retrieved note reports H2 (mp-632172) with band gap -9.328899999999999 eV. This note is intentionally marked for human review as outdated_or_incorrect.

[rank=3 score=26.5640 doc_id=h1ctx_0104_mpc_0035_incorrect_gap] A noisy retrieved note reports H2 (mp-632291) with band gap -8.8499 eV. This note is intentionally marked for human review as outdated_or_incorrect.","H2 (mp-2739136) has band gap -10.5108 eV, H2 (mp-632172) has band gap -9.328899999999999 eV, H2 (mp-632291) has band gap -8.8499 eV",outdated_or_incorrect,1.0,"The answer directly quotes the band gap values for each H2 material from the retrieved context. Each claim (mp-2739136: -10.5108 eV, mp-632172: -9.328899999999999 eV, mp-632291: -8.8499 eV) is explicitly supported by the corresponding ranked context entries. The answer does not add or contradict information beyond what is provided in the context, despite the context notes being marked as outdated or incorrect, as the rubric only assesses support from the context, not scientific correctness.",0.0,non_negative_band_gap,1147,716,naive_context
rag_mpc_0037_incomplete_stability,Is H2 thermodynamically stable?,"[rank=1 score=25.9335 doc_id=h1ctx_0086_mpc_0029_incorrect_gap] A noisy retrieved note reports H2 (mp-2739136) with band gap -10.5108 eV. This note is intentionally marked for human review as outdated_or_incorrect.

[rank=2 score=25.9335 doc_id=h1ctx_0092_mpc_0031_incorrect_gap] A noisy retrieved note reports H2 (mp-632172) with band gap -9.328899999999999 eV. This note is intentionally marked for human review as outdated_or_incorrect.

[rank=3 score=25.9335 doc_id=h1ctx_0104_mpc_0035_incorrect_gap] A noisy retrieved note reports H2 (mp-632291) with band gap -8.8499 eV. This note is intentionally marked for human review as outdated_or_incorrect.",A noisy retrieved note reports H2 (mp-2739136) with band gap -10.5108 eV. This note is intentionally marked for human review as outdated_or_incorrect. A noisy retrieved note reports H2 (mp-632172) with band gap -9.328899999999999 eV. This note is intentionally marked for human review as outdated_or_incorrect. A noisy retrieved note reports H2 (mp-632291) with band gap -8.8499 eV. This note is intentionally marked for human review as outdated_or_incorrect.,outdated_or_incorrect,0.0,"The answer merely repeats the retrieved context verbatim, which consists of outdated or incorrect band gap values for H2 structures. However, the question asks about H2's thermodynamic stability, which is unrelated to band gaps. The context does not mention thermodynamic stability at all, so the answer fails to address the question and lacks any grounding in the provided context for the specific query.",0.0,non_negative_band_gap,2099,817,naive_context
rag_mpc_0038_current_gap,What is the band gap of Si?,"[rank=1 score=25.8113 doc_id=h1ctx_0050_mpc_0017_incorrect_gap] A noisy retrieved note reports Si (mp-1079297) with band gap -0.2735 eV. This note is intentionally marked for human review as outdated_or_incorrect.

[rank=2 score=25.8113 doc_id=h1ctx_0080_mpc_0027_incorrect_gap] A noisy retrieved note reports Si (mp-1204046) with band gap -0.15080000000000002 eV. This note is intentionally marked for human review as outdated_or_incorrect.

[rank=3 score=25.8113 doc_id=h1ctx_0113_mpc_0038_incorrect_gap] A noisy retrieved note reports Si (mp-999200) with band gap -0.439799999999999 eV. This note is intentionally marked for human review as outdated_or_incorrect.","The band gap of Si is reported as -0.2735 eV in mp-1079297, -0.15080000000000002 eV in mp-1204046, and -0.439799999999999 eV in mp-999200. These notes are marked as outdated or incorrect.",outdated_or_incorrect,0.0,"The answer reports negative band gaps for Si, which is scientifically impossible as band gaps are non-negative. The context explicitly states these values are from notes marked as outdated or incorrect, indicating they are not reliable. However, the answer presents them as factual band gaps without clarifying that they are erroneous, thus contradicting the context's warning and lacking proper grounding.",0.0,non_negative_band_gap,1424,705,naive_context
rag_mpc_0038_incorrect_gap,What is the band gap of Si?,"[rank=1 score=25.8113 doc_id=h1ctx_0050_mpc_0017_incorrect_gap] A noisy retrieved note reports Si (mp-1079297) with band gap -0.2735 eV. This note is intentionally marked for human review as outdated_or_incorrect.

[rank=2 score=25.8113 doc_id=h1ctx_0080_mpc_0027_incorrect_gap] A noisy retrieved note reports Si (mp-1204046) with band gap -0.15080000000000002 eV. This note is intentionally marked for human review as outdated_or_incorrect.

[rank=3 score=25.8113 doc_id=h1ctx_0113_mpc_0038_incorrect_gap] A noisy retrieved note reports Si (mp-999200) with band gap -0.439799999999999 eV. This note is intentionally marked for human review as outdated_or_incorrect.","The band gap of Si is reported as -0.2735 eV in mp-1079297, -0.15080000000000002 eV in mp-1204046, and -0.439799999999999 eV in mp-999200. These notes are marked as outdated or incorrect.",outdated_or_incorrect,0.0,"The answer reports negative band gaps for Si, which is scientifically impossible as band gaps are non-negative. The context explicitly states these values are from notes marked as outdated or incorrect, indicating they are not reliable. However, the answer presents them as factual band gaps without clarifying that they are erroneous, thus contradicting the context's warning and lacking proper grounding.",0.0,non_negative_band_gap,1424,705,naive_context
rag_mpc_0038_incomplete_stability,Is Si thermodynamically stable?,"[rank=1 score=25.1808 doc_id=h1ctx_0050_mpc_0017_incorrect_gap] A noisy retrieved note reports Si (mp-1079297) with band gap -0.2735 eV. This note is intentionally marked for human review as outdated_or_incorrect.

[rank=2 score=25.1808 doc_id=h1ctx_0080_mpc_0027_incorrect_gap] A noisy retrieved note reports Si (mp-1204046) with band gap -0.15080000000000002 eV. This note is intentionally marked for human review as outdated_or_incorrect.

[rank=3 score=25.1808 doc_id=h1ctx_0113_mpc_0038_incorrect_gap] A noisy retrieved note reports Si (mp-999200) with band gap -0.439799999999999 eV. This note is intentionally marked for human review as outdated_or_incorrect.",A noisy retrieved note reports Si (mp-1079297) with band gap -0.2735 eV. This note is intentionally marked for human review as outdated_or_incorrect.,outdated_or_incorrect,0.0,"The answer claims that a specific note reports Si with a negative band gap and is marked as outdated_or_incorrect, which is directly extracted from the retrieved context. However, the question is about thermodynamic stability, not band gaps. The context does not mention thermodynamic stability at all, so the answer does not address the question and lacks any grounding for the topic. Therefore, it is unsupported by the context.",0.0,non_negative_band_gap,3046,778,naive_context
rag_mpc_0039_current_gap,What is the band gap of S?,"[rank=1 score=25.2867 doc_id=h1ctx_0068_mpc_0023_incorrect_gap] A noisy retrieved note reports S (mp-96) with band gap -2.748 eV. This note is intentionally marked for human review as outdated_or_incorrect.

[rank=2 score=25.2867 doc_id=h1ctx_0116_mpc_0039_incorrect_gap] A noisy retrieved note reports S (mp-556269) with band gap -2.3783 eV. This note is intentionally marked for human review as outdated_or_incorrect.

[rank=3 score=25.2867 doc_id=h1ctx_0119_mpc_0040_incorrect_gap] A noisy retrieved note reports S (mp-557559) with band gap -2.496299999999999 eV. This note is intentionally marked for human review as outdated_or_incorrect.",-2.748 eV,outdated_or_incorrect,0.0,"The answer states -2.748 eV, which is directly taken from the first retrieved context (rank=1). However, all retrieved contexts explicitly state that they are marked as 'outdated_or_incorrect' and are described as 'noisy' notes. The answer does not acknowledge this uncertainty and presents the value as factual, contradicting the context's own flags indicating unreliability.",0.0,non_negative_band_gap,1170,729,naive_context
rag_mpc_0039_incorrect_gap,What is the band gap of S?,"[rank=1 score=25.2867 doc_id=h1ctx_0068_mpc_0023_incorrect_gap] A noisy retrieved note reports S (mp-96) with band gap -2.748 eV. This note is intentionally marked for human review as outdated_or_incorrect.

[rank=2 score=25.2867 doc_id=h1ctx_0116_mpc_0039_incorrect_gap] A noisy retrieved note reports S (mp-556269) with band gap -2.3783 eV. This note is intentionally marked for human review as outdated_or_incorrect.

[rank=3 score=25.2867 doc_id=h1ctx_0119_mpc_0040_incorrect_gap] A noisy retrieved note reports S (mp-557559) with band gap -2.496299999999999 eV. This note is intentionally marked for human review as outdated_or_incorrect.",-2.748 eV,outdated_or_incorrect,0.0,"The answer states -2.748 eV, which is directly taken from the first retrieved context (rank=1). However, all retrieved contexts explicitly state that they are marked as 'outdated_or_incorrect' and are described as 'noisy' notes. The answer does not acknowledge this uncertainty and presents the value as factual, contradicting the context's own flags indicating unreliability.",0.0,non_negative_band_gap,1170,729,naive_context
rag_mpc_0039_incomplete_stability,Is S thermodynamically stable?,"[rank=1 score=24.6562 doc_id=h1ctx_0068_mpc_0023_incorrect_gap] A noisy retrieved note reports S (mp-96) with band gap -2.748 eV. This note is intentionally marked for human review as outdated_or_incorrect.

[rank=2 score=24.6562 doc_id=h1ctx_0116_mpc_0039_incorrect_gap] A noisy retrieved note reports S (mp-556269) with band gap -2.3783 eV. This note is intentionally marked for human review as outdated_or_incorrect.

[rank=3 score=24.6562 doc_id=h1ctx_0119_mpc_0040_incorrect_gap] A noisy retrieved note reports S (mp-557559) with band gap -2.496299999999999 eV. This note is intentionally marked for human review as outdated_or_incorrect.",S is thermodynamically stable based on the retrieved context reporting negative band gaps for multiple compounds.,outdated_or_incorrect,0.0,"The answer claims S is thermodynamically stable based on negative band gaps in the context. However, the retrieved context explicitly marks all band gap values as outdated or incorrect. The negative band gaps are presented as errors flagged for review, not as valid evidence. Therefore, the answer's claim is unsupported and contradicted by the context's warnings about data reliability.",1.0,,2562,673,naive_context
rag_mpc_0040_current_gap,What is the band gap of S?,"[rank=1 score=25.2867 doc_id=h1ctx_0068_mpc_0023_incorrect_gap] A noisy retrieved note reports S (mp-96) with band gap -2.748 eV. This note is intentionally marked for human review as outdated_or_incorrect.

[rank=2 score=25.2867 doc_id=h1ctx_0116_mpc_0039_incorrect_gap] A noisy retrieved note reports S (mp-556269) with band gap -2.3783 eV. This note is intentionally marked for human review as outdated_or_incorrect.

[rank=3 score=25.2867 doc_id=h1ctx_0119_mpc_0040_incorrect_gap] A noisy retrieved note reports S (mp-557559) with band gap -2.496299999999999 eV. This note is intentionally marked for human review as outdated_or_incorrect.",-2.748 eV,outdated_or_incorrect,0.0,"The answer states -2.748 eV, which is directly taken from the first retrieved context (rank=1). However, all retrieved contexts explicitly state that they are marked as 'outdated_or_incorrect' and are described as 'noisy' notes. The answer does not acknowledge this uncertainty and presents the value as factual, contradicting the context's own flags indicating unreliability.",0.0,non_negative_band_gap,1170,729,naive_context
rag_mpc_0040_incorrect_gap,What is the band gap of S?,"[rank=1 score=25.2867 doc_id=h1ctx_0068_mpc_0023_incorrect_gap] A noisy retrieved note reports S (mp-96) with band gap -2.748 eV. This note is intentionally marked for human review as outdated_or_incorrect.

[rank=2 score=25.2867 doc_id=h1ctx_0116_mpc_0039_incorrect_gap] A noisy retrieved note reports S (mp-556269) with band gap -2.3783 eV. This note is intentionally marked for human review as outdated_or_incorrect.

[rank=3 score=25.2867 doc_id=h1ctx_0119_mpc_0040_incorrect_gap] A noisy retrieved note reports S (mp-557559) with band gap -2.496299999999999 eV. This note is intentionally marked for human review as outdated_or_incorrect.",-2.748 eV,outdated_or_incorrect,0.0,"The answer states -2.748 eV, which is directly taken from the first retrieved context (rank=1). However, all retrieved contexts explicitly state that they are marked as 'outdated_or_incorrect' and are described as 'noisy' notes. The answer does not acknowledge this uncertainty and presents the value as factual, contradicting the context's own flags indicating unreliability.",0.0,non_negative_band_gap,1170,729,naive_context
rag_mpc_0040_incomplete_stability,Is S thermodynamically stable?,"[rank=1 score=24.6562 doc_id=h1ctx_0068_mpc_0023_incorrect_gap] A noisy retrieved note reports S (mp-96) with band gap -2.748 eV. This note is intentionally marked for human review as outdated_or_incorrect.

[rank=2 score=24.6562 doc_id=h1ctx_0116_mpc_0039_incorrect_gap] A noisy retrieved note reports S (mp-556269) with band gap -2.3783 eV. This note is intentionally marked for human review as outdated_or_incorrect.

[rank=3 score=24.6562 doc_id=h1ctx_0119_mpc_0040_incorrect_gap] A noisy retrieved note reports S (mp-557559) with band gap -2.496299999999999 eV. This note is intentionally marked for human review as outdated_or_incorrect.",S is thermodynamically stable based on the retrieved context reporting negative band gaps for multiple compounds.,outdated_or_incorrect,0.0,"The answer claims S is thermodynamically stable based on negative band gaps in the context. However, the retrieved context explicitly marks all band gap values as outdated or incorrect. The negative band gaps are presented as errors flagged for review, not as valid evidence. Therefore, the answer's claim is unsupported and contradicted by the context's warnings about data reliability.",1.0,,2562,673,naive_context
rag_mpc_0041_current_gap,What is the band gap of S?,"[rank=1 score=25.2867 doc_id=h1ctx_0068_mpc_0023_incorrect_gap] A noisy retrieved note reports S (mp-96) with band gap -2.748 eV. This note is intentionally marked for human review as outdated_or_incorrect.

[rank=2 score=25.2867 doc_id=h1ctx_0116_mpc_0039_incorrect_gap] A noisy retrieved note reports S (mp-556269) with band gap -2.3783 eV. This note is intentionally marked for human review as outdated_or_incorrect.

[rank=3 score=25.2867 doc_id=h1ctx_0119_mpc_0040_incorrect_gap] A noisy retrieved note reports S (mp-557559) with band gap -2.496299999999999 eV. This note is intentionally marked for human review as outdated_or_incorrect.",-2.748 eV,outdated_or_incorrect,0.0,"The answer states -2.748 eV, which is directly taken from the first retrieved context (rank=1). However, all retrieved contexts explicitly state that they are marked as 'outdated_or_incorrect' and are described as 'noisy' notes. The answer does not acknowledge this uncertainty and presents the value as factual, contradicting the context's own flags indicating unreliability.",0.0,non_negative_band_gap,1170,729,naive_context
rag_mpc_0041_incorrect_gap,What is the band gap of S?,"[rank=1 score=25.2867 doc_id=h1ctx_0068_mpc_0023_incorrect_gap] A noisy retrieved note reports S (mp-96) with band gap -2.748 eV. This note is intentionally marked for human review as outdated_or_incorrect.

[rank=2 score=25.2867 doc_id=h1ctx_0116_mpc_0039_incorrect_gap] A noisy retrieved note reports S (mp-556269) with band gap -2.3783 eV. This note is intentionally marked for human review as outdated_or_incorrect.

[rank=3 score=25.2867 doc_id=h1ctx_0119_mpc_0040_incorrect_gap] A noisy retrieved note reports S (mp-557559) with band gap -2.496299999999999 eV. This note is intentionally marked for human review as outdated_or_incorrect.",-2.748 eV,outdated_or_incorrect,0.0,"The answer states -2.748 eV, which is directly taken from the first retrieved context (rank=1). However, all retrieved contexts explicitly state that they are marked as 'outdated_or_incorrect' and are described as 'noisy' notes. The answer does not acknowledge this uncertainty and presents the value as factual, contradicting the context's own flags indicating unreliability.",0.0,non_negative_band_gap,1170,729,naive_context
rag_mpc_0041_incomplete_stability,Is S thermodynamically stable?,"[rank=1 score=24.6562 doc_id=h1ctx_0068_mpc_0023_incorrect_gap] A noisy retrieved note reports S (mp-96) with band gap -2.748 eV. This note is intentionally marked for human review as outdated_or_incorrect.

[rank=2 score=24.6562 doc_id=h1ctx_0116_mpc_0039_incorrect_gap] A noisy retrieved note reports S (mp-556269) with band gap -2.3783 eV. This note is intentionally marked for human review as outdated_or_incorrect.

[rank=3 score=24.6562 doc_id=h1ctx_0119_mpc_0040_incorrect_gap] A noisy retrieved note reports S (mp-557559) with band gap -2.496299999999999 eV. This note is intentionally marked for human review as outdated_or_incorrect.",S is thermodynamically stable based on the retrieved context reporting negative band gaps for multiple compounds.,outdated_or_incorrect,0.0,"The answer claims S is thermodynamically stable based on negative band gaps in the context. However, the retrieved context explicitly marks all band gap values as outdated or incorrect. The negative band gaps are presented as errors flagged for review, not as valid evidence. Therefore, the answer's claim is unsupported and contradicted by the context's warnings about data reliability.",1.0,,2562,673,naive_context
rag_mpc_0042_current_gap,What is the band gap of S?,"[rank=1 score=25.2867 doc_id=h1ctx_0068_mpc_0023_incorrect_gap] A noisy retrieved note reports S (mp-96) with band gap -2.748 eV. This note is intentionally marked for human review as outdated_or_incorrect.

[rank=2 score=25.2867 doc_id=h1ctx_0116_mpc_0039_incorrect_gap] A noisy retrieved note reports S (mp-556269) with band gap -2.3783 eV. This note is intentionally marked for human review as outdated_or_incorrect.

[rank=3 score=25.2867 doc_id=h1ctx_0119_mpc_0040_incorrect_gap] A noisy retrieved note reports S (mp-557559) with band gap -2.496299999999999 eV. This note is intentionally marked for human review as outdated_or_incorrect.",-2.748 eV,outdated_or_incorrect,0.0,"The answer states -2.748 eV, which is directly taken from the first retrieved context (rank=1). However, all retrieved contexts explicitly state that they are marked as 'outdated_or_incorrect' and are described as 'noisy' notes. The answer does not acknowledge this uncertainty and presents the value as factual, contradicting the context's own flags indicating unreliability.",0.0,non_negative_band_gap,1170,729,naive_context
rag_mpc_0042_incorrect_gap,What is the band gap of S?,"[rank=1 score=25.2867 doc_id=h1ctx_0068_mpc_0023_incorrect_gap] A noisy retrieved note reports S (mp-96) with band gap -2.748 eV. This note is intentionally marked for human review as outdated_or_incorrect.

[rank=2 score=25.2867 doc_id=h1ctx_0116_mpc_0039_incorrect_gap] A noisy retrieved note reports S (mp-556269) with band gap -2.3783 eV. This note is intentionally marked for human review as outdated_or_incorrect.

[rank=3 score=25.2867 doc_id=h1ctx_0119_mpc_0040_incorrect_gap] A noisy retrieved note reports S (mp-557559) with band gap -2.496299999999999 eV. This note is intentionally marked for human review as outdated_or_incorrect.",-2.748 eV,outdated_or_incorrect,0.0,"The answer states -2.748 eV, which is directly taken from the first retrieved context (rank=1). However, all retrieved contexts explicitly state that they are marked as 'outdated_or_incorrect' and are described as 'noisy' notes. The answer does not acknowledge this uncertainty and presents the value as factual, contradicting the context's own flags indicating unreliability.",0.0,non_negative_band_gap,1170,729,naive_context
rag_mpc_0042_incomplete_stability,Is S thermodynamically stable?,"[rank=1 score=24.6562 doc_id=h1ctx_0068_mpc_0023_incorrect_gap] A noisy retrieved note reports S (mp-96) with band gap -2.748 eV. This note is intentionally marked for human review as outdated_or_incorrect.

[rank=2 score=24.6562 doc_id=h1ctx_0116_mpc_0039_incorrect_gap] A noisy retrieved note reports S (mp-556269) with band gap -2.3783 eV. This note is intentionally marked for human review as outdated_or_incorrect.

[rank=3 score=24.6562 doc_id=h1ctx_0119_mpc_0040_incorrect_gap] A noisy retrieved note reports S (mp-557559) with band gap -2.496299999999999 eV. This note is intentionally marked for human review as outdated_or_incorrect.",S is thermodynamically stable based on the retrieved context reporting negative band gaps for multiple compounds.,outdated_or_incorrect,0.0,"The answer claims S is thermodynamically stable based on negative band gaps in the context. However, the retrieved context explicitly marks all band gap values as outdated or incorrect. The negative band gaps are presented as errors flagged for review, not as valid evidence. Therefore, the answer's claim is unsupported and contradicted by the context's warnings about data reliability.",1.0,,2562,673,naive_context
rag_mpc_0043_current_gap,What is the band gap of S?,"[rank=1 score=25.2867 doc_id=h1ctx_0068_mpc_0023_incorrect_gap] A noisy retrieved note reports S (mp-96) with band gap -2.748 eV. This note is intentionally marked for human review as outdated_or_incorrect.

[rank=2 score=25.2867 doc_id=h1ctx_0116_mpc_0039_incorrect_gap] A noisy retrieved note reports S (mp-556269) with band gap -2.3783 eV. This note is intentionally marked for human review as outdated_or_incorrect.

[rank=3 score=25.2867 doc_id=h1ctx_0119_mpc_0040_incorrect_gap] A noisy retrieved note reports S (mp-557559) with band gap -2.496299999999999 eV. This note is intentionally marked for human review as outdated_or_incorrect.",-2.748 eV,outdated_or_incorrect,0.0,"The answer states -2.748 eV, which is directly taken from the first retrieved context (rank=1). However, all retrieved contexts explicitly state that they are marked as 'outdated_or_incorrect' and are described as 'noisy' notes. The answer does not acknowledge this uncertainty and presents the value as factual, contradicting the context's own flags indicating unreliability.",0.0,non_negative_band_gap,1170,729,naive_context
rag_mpc_0043_incorrect_gap,What is the band gap of S?,"[rank=1 score=25.2867 doc_id=h1ctx_0068_mpc_0023_incorrect_gap] A noisy retrieved note reports S (mp-96) with band gap -2.748 eV. This note is intentionally marked for human review as outdated_or_incorrect.

[rank=2 score=25.2867 doc_id=h1ctx_0116_mpc_0039_incorrect_gap] A noisy retrieved note reports S (mp-556269) with band gap -2.3783 eV. This note is intentionally marked for human review as outdated_or_incorrect.

[rank=3 score=25.2867 doc_id=h1ctx_0119_mpc_0040_incorrect_gap] A noisy retrieved note reports S (mp-557559) with band gap -2.496299999999999 eV. This note is intentionally marked for human review as outdated_or_incorrect.",-2.748 eV,outdated_or_incorrect,0.0,"The answer states -2.748 eV, which is directly taken from the first retrieved context (rank=1). However, all retrieved contexts explicitly state that they are marked as 'outdated_or_incorrect' and are described as 'noisy' notes. The answer does not acknowledge this uncertainty and presents the value as factual, contradicting the context's own flags indicating unreliability.",0.0,non_negative_band_gap,1170,729,naive_context
rag_mpc_0043_incomplete_stability,Is S thermodynamically stable?,"[rank=1 score=24.6562 doc_id=h1ctx_0068_mpc_0023_incorrect_gap] A noisy retrieved note reports S (mp-96) with band gap -2.748 eV. This note is intentionally marked for human review as outdated_or_incorrect.

[rank=2 score=24.6562 doc_id=h1ctx_0116_mpc_0039_incorrect_gap] A noisy retrieved note reports S (mp-556269) with band gap -2.3783 eV. This note is intentionally marked for human review as outdated_or_incorrect.

[rank=3 score=24.6562 doc_id=h1ctx_0119_mpc_0040_incorrect_gap] A noisy retrieved note reports S (mp-557559) with band gap -2.496299999999999 eV. This note is intentionally marked for human review as outdated_or_incorrect.",S is thermodynamically stable based on the retrieved context reporting negative band gaps for multiple compounds.,outdated_or_incorrect,0.0,"The answer claims S is thermodynamically stable based on negative band gaps in the context. However, the retrieved context explicitly marks all band gap values as outdated or incorrect. The negative band gaps are presented as errors flagged for review, not as valid evidence. Therefore, the answer's claim is unsupported and contradicted by the context's warnings about data reliability.",1.0,,2562,673,naive_context
rag_mpc_0044_current_gap,What is the band gap of Hg?,"[rank=1 score=26.3922 doc_id=h1ctx_0044_mpc_0015_incorrect_gap] A noisy retrieved note reports Hg (mp-569360) with band gap -0.09670000000000001 eV. This note is intentionally marked for human review as outdated_or_incorrect.

[rank=2 score=26.3922 doc_id=h1ctx_0131_mpc_0044_incorrect_gap] A noisy retrieved note reports Hg (mp-1077098) with band gap -1.0394 eV. This note is intentionally marked for human review as outdated_or_incorrect.

[rank=3 score=26.3922 doc_id=h1ctx_0224_mpc_0075_incorrect_gap] A noisy retrieved note reports Hg (mp-2629196) with band gap -0.40890000000000004 eV. This note is intentionally marked for human review as outdated_or_incorrect.","-0.09670000000000001 eV, -1.0394 eV, -0.40890000000000004 eV",outdated_or_incorrect,0.0,"The answer lists band gap values (-0.0967 eV, -1.0394 eV, -0.4089 eV) which are directly extracted from the retrieved context. However, the context explicitly marks all these notes as 'outdated_or_incorrect' and flags them for human review. Therefore, the answer presents information that is explicitly contradicted by the context's own warnings about its unreliability. The answer does not acknowledge the incorrect status and presents the values as factual, making it unsupported by the context's intended meaning.",0.0,non_negative_band_gap,1441,1157,naive_context
rag_mpc_0044_incorrect_gap,What is the band gap of Hg?,"[rank=1 score=26.3922 doc_id=h1ctx_0044_mpc_0015_incorrect_gap] A noisy retrieved note reports Hg (mp-569360) with band gap -0.09670000000000001 eV. This note is intentionally marked for human review as outdated_or_incorrect.

[rank=2 score=26.3922 doc_id=h1ctx_0131_mpc_0044_incorrect_gap] A noisy retrieved note reports Hg (mp-1077098) with band gap -1.0394 eV. This note is intentionally marked for human review as outdated_or_incorrect.

[rank=3 score=26.3922 doc_id=h1ctx_0224_mpc_0075_incorrect_gap] A noisy retrieved note reports Hg (mp-2629196) with band gap -0.40890000000000004 eV. This note is intentionally marked for human review as outdated_or_incorrect.","-0.09670000000000001 eV, -1.0394 eV, -0.40890000000000004 eV",outdated_or_incorrect,0.0,"The answer lists band gap values (-0.0967 eV, -1.0394 eV, -0.4089 eV) which are directly extracted from the retrieved context. However, the context explicitly marks all these notes as 'outdated_or_incorrect' and flags them for human review. Therefore, the answer presents information that is explicitly contradicted by the context's own warnings about its unreliability. The answer does not acknowledge the incorrect status and presents the values as factual, making it unsupported by the context's intended meaning.",0.0,non_negative_band_gap,1441,1157,naive_context
rag_mpc_0044_incomplete_stability,Is Hg thermodynamically stable?,"[rank=1 score=25.7617 doc_id=h1ctx_0044_mpc_0015_incorrect_gap] A noisy retrieved note reports Hg (mp-569360) with band gap -0.09670000000000001 eV. This note is intentionally marked for human review as outdated_or_incorrect.

[rank=2 score=25.7617 doc_id=h1ctx_0131_mpc_0044_incorrect_gap] A noisy retrieved note reports Hg (mp-1077098) with band gap -1.0394 eV. This note is intentionally marked for human review as outdated_or_incorrect.

[rank=3 score=25.7617 doc_id=h1ctx_0224_mpc_0075_incorrect_gap] A noisy retrieved note reports Hg (mp-2629196) with band gap -0.40890000000000004 eV. This note is intentionally marked for human review as outdated_or_incorrect.",A noisy retrieved note reports Hg (mp-569360) with band gap -0.09670000000000001 eV. A noisy retrieved note reports Hg (mp-1077098) with band gap -1.0394 eV. A noisy retrieved note reports Hg (mp-2629196) with band gap -0.40890000000000004 eV.,outdated_or_incorrect,1.0,"The answer directly quotes the band gap values from each of the three retrieved context entries without adding, omitting, or altering any claims. Each statement in the answer is verbatim supported by the corresponding context, and the answer does not introduce any unsupported assertions about thermodynamic stability.",0.0,non_negative_band_gap,2951,1570,naive_context
rag_mpc_0045_current_gap,What is the band gap of Se?,"[rank=1 score=26.5640 doc_id=h1ctx_0134_mpc_0045_incorrect_gap] A noisy retrieved note reports Se (mp-542605) with band gap -1.390199999999999 eV. This note is intentionally marked for human review as outdated_or_incorrect.

[rank=2 score=26.5640 doc_id=h1ctx_0140_mpc_0047_incorrect_gap] A noisy retrieved note reports Se (mp-542461) with band gap -1.5703 eV. This note is intentionally marked for human review as outdated_or_incorrect.

[rank=3 score=26.5640 doc_id=h1ctx_0143_mpc_0048_incorrect_gap] A noisy retrieved note reports Se (mp-570481) with band gap -1.7696 eV. This note is intentionally marked for human review as outdated_or_incorrect.","The band gap of Se is reported as -1.390199999999999 eV, -1.5703 eV, and -1.7696 eV in different contexts.",outdated_or_incorrect,0.0,"The answer reports band gaps of -1.390199999999999 eV, -1.5703 eV, and -1.7696 eV for Se, which are directly extracted from the retrieved context. However, the context explicitly marks these values as 'outdated_or_incorrect' and notes they are 'intentionally marked for human review'. The answer fails to mention this critical disclaimer, presenting the negative band gaps as factual without acknowledging their questionable validity. Since the answer reproduces unsupported claims without the context's caveats, it is not faithful to the provided information.",0.0,non_negative_band_gap,1072,865,naive_context
rag_mpc_0045_incorrect_gap,What is the band gap of Se?,"[rank=1 score=26.5640 doc_id=h1ctx_0134_mpc_0045_incorrect_gap] A noisy retrieved note reports Se (mp-542605) with band gap -1.390199999999999 eV. This note is intentionally marked for human review as outdated_or_incorrect.

[rank=2 score=26.5640 doc_id=h1ctx_0140_mpc_0047_incorrect_gap] A noisy retrieved note reports Se (mp-542461) with band gap -1.5703 eV. This note is intentionally marked for human review as outdated_or_incorrect.

[rank=3 score=26.5640 doc_id=h1ctx_0143_mpc_0048_incorrect_gap] A noisy retrieved note reports Se (mp-570481) with band gap -1.7696 eV. This note is intentionally marked for human review as outdated_or_incorrect.","The band gap of Se is reported as -1.390199999999999 eV, -1.5703 eV, and -1.7696 eV in different contexts.",outdated_or_incorrect,0.0,"The answer reports band gaps of -1.390199999999999 eV, -1.5703 eV, and -1.7696 eV for Se, which are directly extracted from the retrieved context. However, the context explicitly marks these values as 'outdated_or_incorrect' and notes they are 'intentionally marked for human review'. The answer fails to mention this critical disclaimer, presenting the negative band gaps as factual without acknowledging their questionable validity. Since the answer reproduces unsupported claims without the context's caveats, it is not faithful to the provided information.",0.0,non_negative_band_gap,1072,865,naive_context
rag_mpc_0045_incomplete_stability,Is Se thermodynamically stable?,"[rank=1 score=25.9335 doc_id=h1ctx_0134_mpc_0045_incorrect_gap] A noisy retrieved note reports Se (mp-542605) with band gap -1.390199999999999 eV. This note is intentionally marked for human review as outdated_or_incorrect.

[rank=2 score=25.9335 doc_id=h1ctx_0140_mpc_0047_incorrect_gap] A noisy retrieved note reports Se (mp-542461) with band gap -1.5703 eV. This note is intentionally marked for human review as outdated_or_incorrect.

[rank=3 score=25.9335 doc_id=h1ctx_0143_mpc_0048_incorrect_gap] A noisy retrieved note reports Se (mp-570481) with band gap -1.7696 eV. This note is intentionally marked for human review as outdated_or_incorrect.",A noisy retrieved note reports Se (mp-542605) with band gap -1.390199999999999 eV. This note is intentionally marked for human review as outdated_or_incorrect.,outdated_or_incorrect,0.0,"The answer directly quotes a specific context entry that is explicitly marked as 'outdated_or_incorrect'. The context itself indicates that the reported band gap values are unreliable and intended for human review. The answer does not provide any scientifically supported statement about Se's thermodynamic stability; instead, it merely reproduces an unreliable note without addressing the question. Therefore, the answer is unsupported and contradicted by the context's own warnings.",0.0,non_negative_band_gap,1425,768,naive_context
rag_mpc_0046_current_gap,What is the band gap of C?,"[rank=1 score=24.9072 doc_id=h1ctx_0002_mpc_0001_incorrect_gap] A noisy retrieved note reports C (mp-1197903) with band gap -0.07970000000000001 eV. This note is intentionally marked for human review as outdated_or_incorrect.

[rank=2 score=24.9072 doc_id=h1ctx_0005_mpc_0002_incorrect_gap] A noisy retrieved note reports C (mp-1244964) with band gap -0.0724 eV. This note is intentionally marked for human review as outdated_or_incorrect.

[rank=3 score=24.9072 doc_id=h1ctx_0011_mpc_0004_incorrect_gap] A noisy retrieved note reports C (mp-1244913) with band gap -0.10600000000000001 eV. This note is intentionally marked for human review as outdated_or_incorrect.","The band gap of C is reported as -0.07970000000000001 eV, -0.0724 eV, and -0.10600000000000001 eV in the retrieved context.",outdated_or_incorrect,1.0,"The answer accurately reports the band gap values from the retrieved context, which explicitly state the band gaps as -0.07970000000000001 eV, -0.0724 eV, and -0.10600000000000001 eV for different C materials. Although the context marks these as outdated or incorrect, the answer faithfully reflects what is presented without adding unsupported claims.",0.0,non_negative_band_gap,1573,897,naive_context
rag_mpc_0046_incorrect_gap,What is the band gap of C?,"[rank=1 score=24.9072 doc_id=h1ctx_0002_mpc_0001_incorrect_gap] A noisy retrieved note reports C (mp-1197903) with band gap -0.07970000000000001 eV. This note is intentionally marked for human review as outdated_or_incorrect.

[rank=2 score=24.9072 doc_id=h1ctx_0005_mpc_0002_incorrect_gap] A noisy retrieved note reports C (mp-1244964) with band gap -0.0724 eV. This note is intentionally marked for human review as outdated_or_incorrect.

[rank=3 score=24.9072 doc_id=h1ctx_0011_mpc_0004_incorrect_gap] A noisy retrieved note reports C (mp-1244913) with band gap -0.10600000000000001 eV. This note is intentionally marked for human review as outdated_or_incorrect.","The band gap of C is reported as -0.07970000000000001 eV, -0.0724 eV, and -0.10600000000000001 eV in the retrieved context.",outdated_or_incorrect,1.0,"The answer accurately reports the band gap values from the retrieved context, which explicitly state the band gaps as -0.07970000000000001 eV, -0.0724 eV, and -0.10600000000000001 eV for different C materials. Although the context marks these as outdated or incorrect, the answer faithfully reflects what is presented without adding unsupported claims.",0.0,non_negative_band_gap,1573,897,naive_context
rag_mpc_0046_incomplete_stability,Is C thermodynamically stable?,"[rank=1 score=24.2768 doc_id=h1ctx_0002_mpc_0001_incorrect_gap] A noisy retrieved note reports C (mp-1197903) with band gap -0.07970000000000001 eV. This note is intentionally marked for human review as outdated_or_incorrect.

[rank=2 score=24.2768 doc_id=h1ctx_0005_mpc_0002_incorrect_gap] A noisy retrieved note reports C (mp-1244964) with band gap -0.0724 eV. This note is intentionally marked for human review as outdated_or_incorrect.

[rank=3 score=24.2768 doc_id=h1ctx_0011_mpc_0004_incorrect_gap] A noisy retrieved note reports C (mp-1244913) with band gap -0.10600000000000001 eV. This note is intentionally marked for human review as outdated_or_incorrect.",A noisy retrieved note reports C (mp-1197903) with band gap -0.07970000000000001 eV. This note is intentionally marked for human review as outdated_or_incorrect. A noisy retrieved note reports C (mp-1244964) with band gap -0.0724 eV. This note is intentionally marked for human review as outdated_or_incorrect. A noisy retrieved note reports C (mp-1244913) with band gap -0.10600000000000001 eV. This note is intentionally marked for human review as outdated_or_incorrect.,outdated_or_incorrect,1.0,"The answer directly quotes and repeats the entire retrieved context verbatim without adding any unsupported claims. All information in the answer is explicitly present in the context, including the material identifiers, band gap values, and the 'outdated_or_incorrect' markers. No additional interpretation or unsupported statements about thermodynamic stability are made.",0.0,non_negative_band_gap,1621,790,naive_context
rag_mpc_0047_current_gap,What is the band gap of Se?,"[rank=1 score=26.5640 doc_id=h1ctx_0134_mpc_0045_incorrect_gap] A noisy retrieved note reports Se (mp-542605) with band gap -1.390199999999999 eV. This note is intentionally marked for human review as outdated_or_incorrect.

[rank=2 score=26.5640 doc_id=h1ctx_0140_mpc_0047_incorrect_gap] A noisy retrieved note reports Se (mp-542461) with band gap -1.5703 eV. This note is intentionally marked for human review as outdated_or_incorrect.

[rank=3 score=26.5640 doc_id=h1ctx_0143_mpc_0048_incorrect_gap] A noisy retrieved note reports Se (mp-570481) with band gap -1.7696 eV. This note is intentionally marked for human review as outdated_or_incorrect.","The band gap of Se is reported as -1.390199999999999 eV, -1.5703 eV, and -1.7696 eV in different contexts.",outdated_or_incorrect,0.0,"The answer reports band gaps of -1.390199999999999 eV, -1.5703 eV, and -1.7696 eV for Se, which are directly extracted from the retrieved context. However, the context explicitly marks these values as 'outdated_or_incorrect' and notes they are 'intentionally marked for human review'. The answer fails to mention this critical disclaimer, presenting the negative band gaps as factual without acknowledging their questionable validity. Since the answer reproduces unsupported claims without the context's caveats, it is not faithful to the provided information.",0.0,non_negative_band_gap,1072,865,naive_context
rag_mpc_0047_incorrect_gap,What is the band gap of Se?,"[rank=1 score=26.5640 doc_id=h1ctx_0134_mpc_0045_incorrect_gap] A noisy retrieved note reports Se (mp-542605) with band gap -1.390199999999999 eV. This note is intentionally marked for human review as outdated_or_incorrect.

[rank=2 score=26.5640 doc_id=h1ctx_0140_mpc_0047_incorrect_gap] A noisy retrieved note reports Se (mp-542461) with band gap -1.5703 eV. This note is intentionally marked for human review as outdated_or_incorrect.

[rank=3 score=26.5640 doc_id=h1ctx_0143_mpc_0048_incorrect_gap] A noisy retrieved note reports Se (mp-570481) with band gap -1.7696 eV. This note is intentionally marked for human review as outdated_or_incorrect.","The band gap of Se is reported as -1.390199999999999 eV, -1.5703 eV, and -1.7696 eV in different contexts.",outdated_or_incorrect,0.0,"The answer reports band gaps of -1.390199999999999 eV, -1.5703 eV, and -1.7696 eV for Se, which are directly extracted from the retrieved context. However, the context explicitly marks these values as 'outdated_or_incorrect' and notes they are 'intentionally marked for human review'. The answer fails to mention this critical disclaimer, presenting the negative band gaps as factual without acknowledging their questionable validity. Since the answer reproduces unsupported claims without the context's caveats, it is not faithful to the provided information.",0.0,non_negative_band_gap,1072,865,naive_context
rag_mpc_0047_incomplete_stability,Is Se thermodynamically stable?,"[rank=1 score=25.9335 doc_id=h1ctx_0134_mpc_0045_incorrect_gap] A noisy retrieved note reports Se (mp-542605) with band gap -1.390199999999999 eV. This note is intentionally marked for human review as outdated_or_incorrect.

[rank=2 score=25.9335 doc_id=h1ctx_0140_mpc_0047_incorrect_gap] A noisy retrieved note reports Se (mp-542461) with band gap -1.5703 eV. This note is intentionally marked for human review as outdated_or_incorrect.

[rank=3 score=25.9335 doc_id=h1ctx_0143_mpc_0048_incorrect_gap] A noisy retrieved note reports Se (mp-570481) with band gap -1.7696 eV. This note is intentionally marked for human review as outdated_or_incorrect.",A noisy retrieved note reports Se (mp-542605) with band gap -1.390199999999999 eV. This note is intentionally marked for human review as outdated_or_incorrect.,outdated_or_incorrect,0.0,"The answer directly quotes a specific context entry that is explicitly marked as 'outdated_or_incorrect'. The context itself indicates that the reported band gap values are unreliable and intended for human review. The answer does not provide any scientifically supported statement about Se's thermodynamic stability; instead, it merely reproduces an unreliable note without addressing the question. Therefore, the answer is unsupported and contradicted by the context's own warnings.",0.0,non_negative_band_gap,1425,768,naive_context
rag_mpc_0048_current_gap,What is the band gap of Se?,"[rank=1 score=26.5640 doc_id=h1ctx_0134_mpc_0045_incorrect_gap] A noisy retrieved note reports Se (mp-542605) with band gap -1.390199999999999 eV. This note is intentionally marked for human review as outdated_or_incorrect.

[rank=2 score=26.5640 doc_id=h1ctx_0140_mpc_0047_incorrect_gap] A noisy retrieved note reports Se (mp-542461) with band gap -1.5703 eV. This note is intentionally marked for human review as outdated_or_incorrect.

[rank=3 score=26.5640 doc_id=h1ctx_0143_mpc_0048_incorrect_gap] A noisy retrieved note reports Se (mp-570481) with band gap -1.7696 eV. This note is intentionally marked for human review as outdated_or_incorrect.","The band gap of Se is reported as -1.390199999999999 eV, -1.5703 eV, and -1.7696 eV in different contexts.",outdated_or_incorrect,0.0,"The answer reports band gaps of -1.390199999999999 eV, -1.5703 eV, and -1.7696 eV for Se, which are directly extracted from the retrieved context. However, the context explicitly marks these values as 'outdated_or_incorrect' and notes they are 'intentionally marked for human review'. The answer fails to mention this critical disclaimer, presenting the negative band gaps as factual without acknowledging their questionable validity. Since the answer reproduces unsupported claims without the context's caveats, it is not faithful to the provided information.",0.0,non_negative_band_gap,1072,865,naive_context
rag_mpc_0048_incorrect_gap,What is the band gap of Se?,"[rank=1 score=26.5640 doc_id=h1ctx_0134_mpc_0045_incorrect_gap] A noisy retrieved note reports Se (mp-542605) with band gap -1.390199999999999 eV. This note is intentionally marked for human review as outdated_or_incorrect.

[rank=2 score=26.5640 doc_id=h1ctx_0140_mpc_0047_incorrect_gap] A noisy retrieved note reports Se (mp-542461) with band gap -1.5703 eV. This note is intentionally marked for human review as outdated_or_incorrect.

[rank=3 score=26.5640 doc_id=h1ctx_0143_mpc_0048_incorrect_gap] A noisy retrieved note reports Se (mp-570481) with band gap -1.7696 eV. This note is intentionally marked for human review as outdated_or_incorrect.","The band gap of Se is reported as -1.390199999999999 eV, -1.5703 eV, and -1.7696 eV in different contexts.",outdated_or_incorrect,0.0,"The answer reports band gaps of -1.390199999999999 eV, -1.5703 eV, and -1.7696 eV for Se, which are directly extracted from the retrieved context. However, the context explicitly marks these values as 'outdated_or_incorrect' and notes they are 'intentionally marked for human review'. The answer fails to mention this critical disclaimer, presenting the negative band gaps as factual without acknowledging their questionable validity. Since the answer reproduces unsupported claims without the context's caveats, it is not faithful to the provided information.",0.0,non_negative_band_gap,1072,865,naive_context
rag_mpc_0048_incomplete_stability,Is Se thermodynamically stable?,"[rank=1 score=25.9335 doc_id=h1ctx_0134_mpc_0045_incorrect_gap] A noisy retrieved note reports Se (mp-542605) with band gap -1.390199999999999 eV. This note is intentionally marked for human review as outdated_or_incorrect.

[rank=2 score=25.9335 doc_id=h1ctx_0140_mpc_0047_incorrect_gap] A noisy retrieved note reports Se (mp-542461) with band gap -1.5703 eV. This note is intentionally marked for human review as outdated_or_incorrect.

[rank=3 score=25.9335 doc_id=h1ctx_0143_mpc_0048_incorrect_gap] A noisy retrieved note reports Se (mp-570481) with band gap -1.7696 eV. This note is intentionally marked for human review as outdated_or_incorrect.",A noisy retrieved note reports Se (mp-542605) with band gap -1.390199999999999 eV. This note is intentionally marked for human review as outdated_or_incorrect.,outdated_or_incorrect,0.0,"The answer directly quotes a specific context entry that is explicitly marked as 'outdated_or_incorrect'. The context itself indicates that the reported band gap values are unreliable and intended for human review. The answer does not provide any scientifically supported statement about Se's thermodynamic stability; instead, it merely reproduces an unreliable note without addressing the question. Therefore, the answer is unsupported and contradicted by the context's own warnings.",0.0,non_negative_band_gap,1425,768,naive_context
rag_mpc_0049_current_gap,What is the band gap of S?,"[rank=1 score=25.2867 doc_id=h1ctx_0068_mpc_0023_incorrect_gap] A noisy retrieved note reports S (mp-96) with band gap -2.748 eV. This note is intentionally marked for human review as outdated_or_incorrect.

[rank=2 score=25.2867 doc_id=h1ctx_0116_mpc_0039_incorrect_gap] A noisy retrieved note reports S (mp-556269) with band gap -2.3783 eV. This note is intentionally marked for human review as outdated_or_incorrect.

[rank=3 score=25.2867 doc_id=h1ctx_0119_mpc_0040_incorrect_gap] A noisy retrieved note reports S (mp-557559) with band gap -2.496299999999999 eV. This note is intentionally marked for human review as outdated_or_incorrect.",-2.748 eV,outdated_or_incorrect,0.0,"The answer states -2.748 eV, which is directly taken from the first retrieved context (rank=1). However, all retrieved contexts explicitly state that they are marked as 'outdated_or_incorrect' and are described as 'noisy' notes. The answer does not acknowledge this uncertainty and presents the value as factual, contradicting the context's own flags indicating unreliability.",0.0,non_negative_band_gap,1170,729,naive_context
rag_mpc_0049_incorrect_gap,What is the band gap of S?,"[rank=1 score=25.2867 doc_id=h1ctx_0068_mpc_0023_incorrect_gap] A noisy retrieved note reports S (mp-96) with band gap -2.748 eV. This note is intentionally marked for human review as outdated_or_incorrect.

[rank=2 score=25.2867 doc_id=h1ctx_0116_mpc_0039_incorrect_gap] A noisy retrieved note reports S (mp-556269) with band gap -2.3783 eV. This note is intentionally marked for human review as outdated_or_incorrect.

[rank=3 score=25.2867 doc_id=h1ctx_0119_mpc_0040_incorrect_gap] A noisy retrieved note reports S (mp-557559) with band gap -2.496299999999999 eV. This note is intentionally marked for human review as outdated_or_incorrect.",-2.748 eV,outdated_or_incorrect,0.0,"The answer states -2.748 eV, which is directly taken from the first retrieved context (rank=1). However, all retrieved contexts explicitly state that they are marked as 'outdated_or_incorrect' and are described as 'noisy' notes. The answer does not acknowledge this uncertainty and presents the value as factual, contradicting the context's own flags indicating unreliability.",0.0,non_negative_band_gap,1170,729,naive_context
rag_mpc_0049_incomplete_stability,Is S thermodynamically stable?,"[rank=1 score=24.6562 doc_id=h1ctx_0068_mpc_0023_incorrect_gap] A noisy retrieved note reports S (mp-96) with band gap -2.748 eV. This note is intentionally marked for human review as outdated_or_incorrect.

[rank=2 score=24.6562 doc_id=h1ctx_0116_mpc_0039_incorrect_gap] A noisy retrieved note reports S (mp-556269) with band gap -2.3783 eV. This note is intentionally marked for human review as outdated_or_incorrect.

[rank=3 score=24.6562 doc_id=h1ctx_0119_mpc_0040_incorrect_gap] A noisy retrieved note reports S (mp-557559) with band gap -2.496299999999999 eV. This note is intentionally marked for human review as outdated_or_incorrect.",S is thermodynamically stable based on the retrieved context reporting negative band gaps for multiple compounds.,outdated_or_incorrect,0.0,"The answer claims S is thermodynamically stable based on negative band gaps in the context. However, the retrieved context explicitly marks all band gap values as outdated or incorrect. The negative band gaps are presented as errors flagged for review, not as valid evidence. Therefore, the answer's claim is unsupported and contradicted by the context's warnings about data reliability.",1.0,,2562,673,naive_context
rag_mpc_0050_current_gap,What is the band gap of S?,"[rank=1 score=25.2867 doc_id=h1ctx_0068_mpc_0023_incorrect_gap] A noisy retrieved note reports S (mp-96) with band gap -2.748 eV. This note is intentionally marked for human review as outdated_or_incorrect.

[rank=2 score=25.2867 doc_id=h1ctx_0116_mpc_0039_incorrect_gap] A noisy retrieved note reports S (mp-556269) with band gap -2.3783 eV. This note is intentionally marked for human review as outdated_or_incorrect.

[rank=3 score=25.2867 doc_id=h1ctx_0119_mpc_0040_incorrect_gap] A noisy retrieved note reports S (mp-557559) with band gap -2.496299999999999 eV. This note is intentionally marked for human review as outdated_or_incorrect.",-2.748 eV,outdated_or_incorrect,0.0,"The answer states -2.748 eV, which is directly taken from the first retrieved context (rank=1). However, all retrieved contexts explicitly state that they are marked as 'outdated_or_incorrect' and are described as 'noisy' notes. The answer does not acknowledge this uncertainty and presents the value as factual, contradicting the context's own flags indicating unreliability.",0.0,non_negative_band_gap,1170,729,naive_context
rag_mpc_0050_incorrect_gap,What is the band gap of S?,"[rank=1 score=25.2867 doc_id=h1ctx_0068_mpc_0023_incorrect_gap] A noisy retrieved note reports S (mp-96) with band gap -2.748 eV. This note is intentionally marked for human review as outdated_or_incorrect.

[rank=2 score=25.2867 doc_id=h1ctx_0116_mpc_0039_incorrect_gap] A noisy retrieved note reports S (mp-556269) with band gap -2.3783 eV. This note is intentionally marked for human review as outdated_or_incorrect.

[rank=3 score=25.2867 doc_id=h1ctx_0119_mpc_0040_incorrect_gap] A noisy retrieved note reports S (mp-557559) with band gap -2.496299999999999 eV. This note is intentionally marked for human review as outdated_or_incorrect.",-2.748 eV,outdated_or_incorrect,0.0,"The answer states -2.748 eV, which is directly taken from the first retrieved context (rank=1). However, all retrieved contexts explicitly state that they are marked as 'outdated_or_incorrect' and are described as 'noisy' notes. The answer does not acknowledge this uncertainty and presents the value as factual, contradicting the context's own flags indicating unreliability.",0.0,non_negative_band_gap,1170,729,naive_context
rag_mpc_0050_incomplete_stability,Is S thermodynamically stable?,"[rank=1 score=24.6562 doc_id=h1ctx_0068_mpc_0023_incorrect_gap] A noisy retrieved note reports S (mp-96) with band gap -2.748 eV. This note is intentionally marked for human review as outdated_or_incorrect.

[rank=2 score=24.6562 doc_id=h1ctx_0116_mpc_0039_incorrect_gap] A noisy retrieved note reports S (mp-556269) with band gap -2.3783 eV. This note is intentionally marked for human review as outdated_or_incorrect.

[rank=3 score=24.6562 doc_id=h1ctx_0119_mpc_0040_incorrect_gap] A noisy retrieved note reports S (mp-557559) with band gap -2.496299999999999 eV. This note is intentionally marked for human review as outdated_or_incorrect.",S is thermodynamically stable based on the retrieved context reporting negative band gaps for multiple compounds.,outdated_or_incorrect,0.0,"The answer claims S is thermodynamically stable based on negative band gaps in the context. However, the retrieved context explicitly marks all band gap values as outdated or incorrect. The negative band gaps are presented as errors flagged for review, not as valid evidence. Therefore, the answer's claim is unsupported and contradicted by the context's warnings about data reliability.",1.0,,2562,673,naive_context
rag_mpc_0051_current_gap,What is the band gap of S?,"[rank=1 score=25.2867 doc_id=h1ctx_0068_mpc_0023_incorrect_gap] A noisy retrieved note reports S (mp-96) with band gap -2.748 eV. This note is intentionally marked for human review as outdated_or_incorrect.

[rank=2 score=25.2867 doc_id=h1ctx_0116_mpc_0039_incorrect_gap] A noisy retrieved note reports S (mp-556269) with band gap -2.3783 eV. This note is intentionally marked for human review as outdated_or_incorrect.

[rank=3 score=25.2867 doc_id=h1ctx_0119_mpc_0040_incorrect_gap] A noisy retrieved note reports S (mp-557559) with band gap -2.496299999999999 eV. This note is intentionally marked for human review as outdated_or_incorrect.",-2.748 eV,outdated_or_incorrect,0.0,"The answer states -2.748 eV, which is directly taken from the first retrieved context (rank=1). However, all retrieved contexts explicitly state that they are marked as 'outdated_or_incorrect' and are described as 'noisy' notes. The answer does not acknowledge this uncertainty and presents the value as factual, contradicting the context's own flags indicating unreliability.",0.0,non_negative_band_gap,1170,729,naive_context
rag_mpc_0051_incorrect_gap,What is the band gap of S?,"[rank=1 score=25.2867 doc_id=h1ctx_0068_mpc_0023_incorrect_gap] A noisy retrieved note reports S (mp-96) with band gap -2.748 eV. This note is intentionally marked for human review as outdated_or_incorrect.

[rank=2 score=25.2867 doc_id=h1ctx_0116_mpc_0039_incorrect_gap] A noisy retrieved note reports S (mp-556269) with band gap -2.3783 eV. This note is intentionally marked for human review as outdated_or_incorrect.

[rank=3 score=25.2867 doc_id=h1ctx_0119_mpc_0040_incorrect_gap] A noisy retrieved note reports S (mp-557559) with band gap -2.496299999999999 eV. This note is intentionally marked for human review as outdated_or_incorrect.",-2.748 eV,outdated_or_incorrect,0.0,"The answer states -2.748 eV, which is directly taken from the first retrieved context (rank=1). However, all retrieved contexts explicitly state that they are marked as 'outdated_or_incorrect' and are described as 'noisy' notes. The answer does not acknowledge this uncertainty and presents the value as factual, contradicting the context's own flags indicating unreliability.",0.0,non_negative_band_gap,1170,729,naive_context
rag_mpc_0051_incomplete_stability,Is S thermodynamically stable?,"[rank=1 score=24.6562 doc_id=h1ctx_0068_mpc_0023_incorrect_gap] A noisy retrieved note reports S (mp-96) with band gap -2.748 eV. This note is intentionally marked for human review as outdated_or_incorrect.

[rank=2 score=24.6562 doc_id=h1ctx_0116_mpc_0039_incorrect_gap] A noisy retrieved note reports S (mp-556269) with band gap -2.3783 eV. This note is intentionally marked for human review as outdated_or_incorrect.

[rank=3 score=24.6562 doc_id=h1ctx_0119_mpc_0040_incorrect_gap] A noisy retrieved note reports S (mp-557559) with band gap -2.496299999999999 eV. This note is intentionally marked for human review as outdated_or_incorrect.",S is thermodynamically stable based on the retrieved context reporting negative band gaps for multiple compounds.,outdated_or_incorrect,0.0,"The answer claims S is thermodynamically stable based on negative band gaps in the context. However, the retrieved context explicitly marks all band gap values as outdated or incorrect. The negative band gaps are presented as errors flagged for review, not as valid evidence. Therefore, the answer's claim is unsupported and contradicted by the context's warnings about data reliability.",1.0,,2562,673,naive_context
rag_mpc_0052_current_gap,What is the band gap of Se?,"[rank=1 score=26.5640 doc_id=h1ctx_0134_mpc_0045_incorrect_gap] A noisy retrieved note reports Se (mp-542605) with band gap -1.390199999999999 eV. This note is intentionally marked for human review as outdated_or_incorrect.

[rank=2 score=26.5640 doc_id=h1ctx_0140_mpc_0047_incorrect_gap] A noisy retrieved note reports Se (mp-542461) with band gap -1.5703 eV. This note is intentionally marked for human review as outdated_or_incorrect.

[rank=3 score=26.5640 doc_id=h1ctx_0143_mpc_0048_incorrect_gap] A noisy retrieved note reports Se (mp-570481) with band gap -1.7696 eV. This note is intentionally marked for human review as outdated_or_incorrect.","The band gap of Se is reported as -1.390199999999999 eV, -1.5703 eV, and -1.7696 eV in different contexts.",outdated_or_incorrect,0.0,"The answer reports band gaps of -1.390199999999999 eV, -1.5703 eV, and -1.7696 eV for Se, which are directly extracted from the retrieved context. However, the context explicitly marks these values as 'outdated_or_incorrect' and notes they are 'intentionally marked for human review'. The answer fails to mention this critical disclaimer, presenting the negative band gaps as factual without acknowledging their questionable validity. Since the answer reproduces unsupported claims without the context's caveats, it is not faithful to the provided information.",0.0,non_negative_band_gap,1072,865,naive_context
rag_mpc_0052_incorrect_gap,What is the band gap of Se?,"[rank=1 score=26.5640 doc_id=h1ctx_0134_mpc_0045_incorrect_gap] A noisy retrieved note reports Se (mp-542605) with band gap -1.390199999999999 eV. This note is intentionally marked for human review as outdated_or_incorrect.

[rank=2 score=26.5640 doc_id=h1ctx_0140_mpc_0047_incorrect_gap] A noisy retrieved note reports Se (mp-542461) with band gap -1.5703 eV. This note is intentionally marked for human review as outdated_or_incorrect.

[rank=3 score=26.5640 doc_id=h1ctx_0143_mpc_0048_incorrect_gap] A noisy retrieved note reports Se (mp-570481) with band gap -1.7696 eV. This note is intentionally marked for human review as outdated_or_incorrect.","The band gap of Se is reported as -1.390199999999999 eV, -1.5703 eV, and -1.7696 eV in different contexts.",outdated_or_incorrect,0.0,"The answer reports band gaps of -1.390199999999999 eV, -1.5703 eV, and -1.7696 eV for Se, which are directly extracted from the retrieved context. However, the context explicitly marks these values as 'outdated_or_incorrect' and notes they are 'intentionally marked for human review'. The answer fails to mention this critical disclaimer, presenting the negative band gaps as factual without acknowledging their questionable validity. Since the answer reproduces unsupported claims without the context's caveats, it is not faithful to the provided information.",0.0,non_negative_band_gap,1072,865,naive_context
rag_mpc_0052_incomplete_stability,Is Se thermodynamically stable?,"[rank=1 score=25.9335 doc_id=h1ctx_0134_mpc_0045_incorrect_gap] A noisy retrieved note reports Se (mp-542605) with band gap -1.390199999999999 eV. This note is intentionally marked for human review as outdated_or_incorrect.

[rank=2 score=25.9335 doc_id=h1ctx_0140_mpc_0047_incorrect_gap] A noisy retrieved note reports Se (mp-542461) with band gap -1.5703 eV. This note is intentionally marked for human review as outdated_or_incorrect.

[rank=3 score=25.9335 doc_id=h1ctx_0143_mpc_0048_incorrect_gap] A noisy retrieved note reports Se (mp-570481) with band gap -1.7696 eV. This note is intentionally marked for human review as outdated_or_incorrect.",A noisy retrieved note reports Se (mp-542605) with band gap -1.390199999999999 eV. This note is intentionally marked for human review as outdated_or_incorrect.,outdated_or_incorrect,0.0,"The answer directly quotes a specific context entry that is explicitly marked as 'outdated_or_incorrect'. The context itself indicates that the reported band gap values are unreliable and intended for human review. The answer does not provide any scientifically supported statement about Se's thermodynamic stability; instead, it merely reproduces an unreliable note without addressing the question. Therefore, the answer is unsupported and contradicted by the context's own warnings.",0.0,non_negative_band_gap,1425,768,naive_context
rag_mpc_0053_current_gap,What is the band gap of F2?,"[rank=1 score=27.0979 doc_id=h1ctx_0047_mpc_0016_incorrect_gap] A noisy retrieved note reports F2 (mp-561367) with band gap -2.3942 eV. This note is intentionally marked for human review as outdated_or_incorrect.

[rank=2 score=27.0979 doc_id=h1ctx_0158_mpc_0053_incorrect_gap] A noisy retrieved note reports F2 (mp-561203) with band gap -2.8962 eV. This note is intentionally marked for human review as outdated_or_incorrect.

[rank=3 score=27.0979 doc_id=h1ctx_0161_mpc_0054_incorrect_gap] A noisy retrieved note reports F2 (mp-1523415) with band gap -0.4797 eV. This note is intentionally marked for human review as outdated_or_incorrect.","F2 has a band gap of -2.3942 eV according to mp-561367, -2.8962 eV according to mp-561203, and -0.4797 eV according to mp-1523415.",outdated_or_incorrect,0.5,"The answer accurately reports the band gap values from the retrieved context, but fails to mention that all context notes are marked as outdated or incorrect. While the values are correctly cited, the omission of the context's unreliability warning constitutes partial grounding.",0.0,non_negative_band_gap,583,622,naive_context
rag_mpc_0053_incorrect_gap,What is the band gap of F2?,"[rank=1 score=27.0979 doc_id=h1ctx_0047_mpc_0016_incorrect_gap] A noisy retrieved note reports F2 (mp-561367) with band gap -2.3942 eV. This note is intentionally marked for human review as outdated_or_incorrect.

[rank=2 score=27.0979 doc_id=h1ctx_0158_mpc_0053_incorrect_gap] A noisy retrieved note reports F2 (mp-561203) with band gap -2.8962 eV. This note is intentionally marked for human review as outdated_or_incorrect.

[rank=3 score=27.0979 doc_id=h1ctx_0161_mpc_0054_incorrect_gap] A noisy retrieved note reports F2 (mp-1523415) with band gap -0.4797 eV. This note is intentionally marked for human review as outdated_or_incorrect.","F2 has a band gap of -2.3942 eV according to mp-561367, -2.8962 eV according to mp-561203, and -0.4797 eV according to mp-1523415.",outdated_or_incorrect,0.5,"The answer accurately reports the band gap values from the retrieved context, but fails to mention that all context notes are marked as outdated or incorrect. While the values are correctly cited, the omission of the context's unreliability warning constitutes partial grounding.",0.0,non_negative_band_gap,583,622,naive_context
rag_mpc_0053_incomplete_stability,Is F2 thermodynamically stable?,"[rank=1 score=26.4674 doc_id=h1ctx_0047_mpc_0016_incorrect_gap] A noisy retrieved note reports F2 (mp-561367) with band gap -2.3942 eV. This note is intentionally marked for human review as outdated_or_incorrect.

[rank=2 score=26.4674 doc_id=h1ctx_0158_mpc_0053_incorrect_gap] A noisy retrieved note reports F2 (mp-561203) with band gap -2.8962 eV. This note is intentionally marked for human review as outdated_or_incorrect.

[rank=3 score=26.4674 doc_id=h1ctx_0161_mpc_0054_incorrect_gap] A noisy retrieved note reports F2 (mp-1523415) with band gap -0.4797 eV. This note is intentionally marked for human review as outdated_or_incorrect.","F2 is reported with band gaps of -2.3942 eV, -2.8962 eV, and -0.4797 eV in the retrieved context.",outdated_or_incorrect,0.0,"The answer claims F2 has negative band gaps as reported in the context, but all retrieved contexts explicitly state these values come from 'outdated_or_incorrect' notes marked for human review. Therefore, the answer presents unverified data as factual without acknowledging the context's warnings, making it unsupported and misleading.",1.0,,579,1720,naive_context
rag_mpc_0054_current_gap,What is the band gap of F2?,"[rank=1 score=27.0979 doc_id=h1ctx_0047_mpc_0016_incorrect_gap] A noisy retrieved note reports F2 (mp-561367) with band gap -2.3942 eV. This note is intentionally marked for human review as outdated_or_incorrect.

[rank=2 score=27.0979 doc_id=h1ctx_0158_mpc_0053_incorrect_gap] A noisy retrieved note reports F2 (mp-561203) with band gap -2.8962 eV. This note is intentionally marked for human review as outdated_or_incorrect.

[rank=3 score=27.0979 doc_id=h1ctx_0161_mpc_0054_incorrect_gap] A noisy retrieved note reports F2 (mp-1523415) with band gap -0.4797 eV. This note is intentionally marked for human review as outdated_or_incorrect.","F2 has a band gap of -2.3942 eV according to mp-561367, -2.8962 eV according to mp-561203, and -0.4797 eV according to mp-1523415.",outdated_or_incorrect,0.5,"The answer accurately reports the band gap values from the retrieved context, but fails to mention that all context notes are marked as outdated or incorrect. While the values are correctly cited, the omission of the context's unreliability warning constitutes partial grounding.",0.0,non_negative_band_gap,583,622,naive_context
rag_mpc_0054_incorrect_gap,What is the band gap of F2?,"[rank=1 score=27.0979 doc_id=h1ctx_0047_mpc_0016_incorrect_gap] A noisy retrieved note reports F2 (mp-561367) with band gap -2.3942 eV. This note is intentionally marked for human review as outdated_or_incorrect.

[rank=2 score=27.0979 doc_id=h1ctx_0158_mpc_0053_incorrect_gap] A noisy retrieved note reports F2 (mp-561203) with band gap -2.8962 eV. This note is intentionally marked for human review as outdated_or_incorrect.

[rank=3 score=27.0979 doc_id=h1ctx_0161_mpc_0054_incorrect_gap] A noisy retrieved note reports F2 (mp-1523415) with band gap -0.4797 eV. This note is intentionally marked for human review as outdated_or_incorrect.","F2 has a band gap of -2.3942 eV according to mp-561367, -2.8962 eV according to mp-561203, and -0.4797 eV according to mp-1523415.",outdated_or_incorrect,0.5,"The answer accurately reports the band gap values from the retrieved context, but fails to mention that all context notes are marked as outdated or incorrect. While the values are correctly cited, the omission of the context's unreliability warning constitutes partial grounding.",0.0,non_negative_band_gap,583,622,naive_context
rag_mpc_0054_incomplete_stability,Is F2 thermodynamically stable?,"[rank=1 score=26.4674 doc_id=h1ctx_0047_mpc_0016_incorrect_gap] A noisy retrieved note reports F2 (mp-561367) with band gap -2.3942 eV. This note is intentionally marked for human review as outdated_or_incorrect.

[rank=2 score=26.4674 doc_id=h1ctx_0158_mpc_0053_incorrect_gap] A noisy retrieved note reports F2 (mp-561203) with band gap -2.8962 eV. This note is intentionally marked for human review as outdated_or_incorrect.

[rank=3 score=26.4674 doc_id=h1ctx_0161_mpc_0054_incorrect_gap] A noisy retrieved note reports F2 (mp-1523415) with band gap -0.4797 eV. This note is intentionally marked for human review as outdated_or_incorrect.","F2 is reported with band gaps of -2.3942 eV, -2.8962 eV, and -0.4797 eV in the retrieved context.",outdated_or_incorrect,0.0,"The answer claims F2 has negative band gaps as reported in the context, but all retrieved contexts explicitly state these values come from 'outdated_or_incorrect' notes marked for human review. Therefore, the answer presents unverified data as factual without acknowledging the context's warnings, making it unsupported and misleading.",1.0,,579,1720,naive_context
rag_mpc_0055_current_gap,What is the band gap of S?,"[rank=1 score=25.2867 doc_id=h1ctx_0068_mpc_0023_incorrect_gap] A noisy retrieved note reports S (mp-96) with band gap -2.748 eV. This note is intentionally marked for human review as outdated_or_incorrect.

[rank=2 score=25.2867 doc_id=h1ctx_0116_mpc_0039_incorrect_gap] A noisy retrieved note reports S (mp-556269) with band gap -2.3783 eV. This note is intentionally marked for human review as outdated_or_incorrect.

[rank=3 score=25.2867 doc_id=h1ctx_0119_mpc_0040_incorrect_gap] A noisy retrieved note reports S (mp-557559) with band gap -2.496299999999999 eV. This note is intentionally marked for human review as outdated_or_incorrect.",-2.748 eV,outdated_or_incorrect,0.0,"The answer states -2.748 eV, which is directly taken from the first retrieved context (rank=1). However, all retrieved contexts explicitly state that they are marked as 'outdated_or_incorrect' and are described as 'noisy' notes. The answer does not acknowledge this uncertainty and presents the value as factual, contradicting the context's own flags indicating unreliability.",0.0,non_negative_band_gap,1170,729,naive_context
rag_mpc_0055_incorrect_gap,What is the band gap of S?,"[rank=1 score=25.2867 doc_id=h1ctx_0068_mpc_0023_incorrect_gap] A noisy retrieved note reports S (mp-96) with band gap -2.748 eV. This note is intentionally marked for human review as outdated_or_incorrect.

[rank=2 score=25.2867 doc_id=h1ctx_0116_mpc_0039_incorrect_gap] A noisy retrieved note reports S (mp-556269) with band gap -2.3783 eV. This note is intentionally marked for human review as outdated_or_incorrect.

[rank=3 score=25.2867 doc_id=h1ctx_0119_mpc_0040_incorrect_gap] A noisy retrieved note reports S (mp-557559) with band gap -2.496299999999999 eV. This note is intentionally marked for human review as outdated_or_incorrect.",-2.748 eV,outdated_or_incorrect,0.0,"The answer states -2.748 eV, which is directly taken from the first retrieved context (rank=1). However, all retrieved contexts explicitly state that they are marked as 'outdated_or_incorrect' and are described as 'noisy' notes. The answer does not acknowledge this uncertainty and presents the value as factual, contradicting the context's own flags indicating unreliability.",0.0,non_negative_band_gap,1170,729,naive_context
rag_mpc_0055_incomplete_stability,Is S thermodynamically stable?,"[rank=1 score=24.6562 doc_id=h1ctx_0068_mpc_0023_incorrect_gap] A noisy retrieved note reports S (mp-96) with band gap -2.748 eV. This note is intentionally marked for human review as outdated_or_incorrect.

[rank=2 score=24.6562 doc_id=h1ctx_0116_mpc_0039_incorrect_gap] A noisy retrieved note reports S (mp-556269) with band gap -2.3783 eV. This note is intentionally marked for human review as outdated_or_incorrect.

[rank=3 score=24.6562 doc_id=h1ctx_0119_mpc_0040_incorrect_gap] A noisy retrieved note reports S (mp-557559) with band gap -2.496299999999999 eV. This note is intentionally marked for human review as outdated_or_incorrect.",S is thermodynamically stable based on the retrieved context reporting negative band gaps for multiple compounds.,outdated_or_incorrect,0.0,"The answer claims S is thermodynamically stable based on negative band gaps in the context. However, the retrieved context explicitly marks all band gap values as outdated or incorrect. The negative band gaps are presented as errors flagged for review, not as valid evidence. Therefore, the answer's claim is unsupported and contradicted by the context's warnings about data reliability.",1.0,,2562,673,naive_context
rag_mpc_0056_current_gap,What is the band gap of S?,"[rank=1 score=25.2867 doc_id=h1ctx_0068_mpc_0023_incorrect_gap] A noisy retrieved note reports S (mp-96) with band gap -2.748 eV. This note is intentionally marked for human review as outdated_or_incorrect.

[rank=2 score=25.2867 doc_id=h1ctx_0116_mpc_0039_incorrect_gap] A noisy retrieved note reports S (mp-556269) with band gap -2.3783 eV. This note is intentionally marked for human review as outdated_or_incorrect.

[rank=3 score=25.2867 doc_id=h1ctx_0119_mpc_0040_incorrect_gap] A noisy retrieved note reports S (mp-557559) with band gap -2.496299999999999 eV. This note is intentionally marked for human review as outdated_or_incorrect.",-2.748 eV,outdated_or_incorrect,0.0,"The answer states -2.748 eV, which is directly taken from the first retrieved context (rank=1). However, all retrieved contexts explicitly state that they are marked as 'outdated_or_incorrect' and are described as 'noisy' notes. The answer does not acknowledge this uncertainty and presents the value as factual, contradicting the context's own flags indicating unreliability.",0.0,non_negative_band_gap,1170,729,naive_context
rag_mpc_0056_incorrect_gap,What is the band gap of S?,"[rank=1 score=25.2867 doc_id=h1ctx_0068_mpc_0023_incorrect_gap] A noisy retrieved note reports S (mp-96) with band gap -2.748 eV. This note is intentionally marked for human review as outdated_or_incorrect.

[rank=2 score=25.2867 doc_id=h1ctx_0116_mpc_0039_incorrect_gap] A noisy retrieved note reports S (mp-556269) with band gap -2.3783 eV. This note is intentionally marked for human review as outdated_or_incorrect.

[rank=3 score=25.2867 doc_id=h1ctx_0119_mpc_0040_incorrect_gap] A noisy retrieved note reports S (mp-557559) with band gap -2.496299999999999 eV. This note is intentionally marked for human review as outdated_or_incorrect.",-2.748 eV,outdated_or_incorrect,0.0,"The answer states -2.748 eV, which is directly taken from the first retrieved context (rank=1). However, all retrieved contexts explicitly state that they are marked as 'outdated_or_incorrect' and are described as 'noisy' notes. The answer does not acknowledge this uncertainty and presents the value as factual, contradicting the context's own flags indicating unreliability.",0.0,non_negative_band_gap,1170,729,naive_context
rag_mpc_0056_incomplete_stability,Is S thermodynamically stable?,"[rank=1 score=24.6562 doc_id=h1ctx_0068_mpc_0023_incorrect_gap] A noisy retrieved note reports S (mp-96) with band gap -2.748 eV. This note is intentionally marked for human review as outdated_or_incorrect.

[rank=2 score=24.6562 doc_id=h1ctx_0116_mpc_0039_incorrect_gap] A noisy retrieved note reports S (mp-556269) with band gap -2.3783 eV. This note is intentionally marked for human review as outdated_or_incorrect.

[rank=3 score=24.6562 doc_id=h1ctx_0119_mpc_0040_incorrect_gap] A noisy retrieved note reports S (mp-557559) with band gap -2.496299999999999 eV. This note is intentionally marked for human review as outdated_or_incorrect.",S is thermodynamically stable based on the retrieved context reporting negative band gaps for multiple compounds.,outdated_or_incorrect,0.0,"The answer claims S is thermodynamically stable based on negative band gaps in the context. However, the retrieved context explicitly marks all band gap values as outdated or incorrect. The negative band gaps are presented as errors flagged for review, not as valid evidence. Therefore, the answer's claim is unsupported and contradicted by the context's warnings about data reliability.",1.0,,2562,673,naive_context
rag_mpc_0057_current_gap,What is the band gap of Si?,"[rank=1 score=25.8113 doc_id=h1ctx_0050_mpc_0017_incorrect_gap] A noisy retrieved note reports Si (mp-1079297) with band gap -0.2735 eV. This note is intentionally marked for human review as outdated_or_incorrect.

[rank=2 score=25.8113 doc_id=h1ctx_0080_mpc_0027_incorrect_gap] A noisy retrieved note reports Si (mp-1204046) with band gap -0.15080000000000002 eV. This note is intentionally marked for human review as outdated_or_incorrect.

[rank=3 score=25.8113 doc_id=h1ctx_0113_mpc_0038_incorrect_gap] A noisy retrieved note reports Si (mp-999200) with band gap -0.439799999999999 eV. This note is intentionally marked for human review as outdated_or_incorrect.","The band gap of Si is reported as -0.2735 eV in mp-1079297, -0.15080000000000002 eV in mp-1204046, and -0.439799999999999 eV in mp-999200. These notes are marked as outdated or incorrect.",outdated_or_incorrect,0.0,"The answer reports negative band gaps for Si, which is scientifically impossible as band gaps are non-negative. The context explicitly states these values are from notes marked as outdated or incorrect, indicating they are not reliable. However, the answer presents them as factual band gaps without clarifying that they are erroneous, thus contradicting the context's warning and lacking proper grounding.",0.0,non_negative_band_gap,1424,705,naive_context
rag_mpc_0057_incorrect_gap,What is the band gap of Si?,"[rank=1 score=25.8113 doc_id=h1ctx_0050_mpc_0017_incorrect_gap] A noisy retrieved note reports Si (mp-1079297) with band gap -0.2735 eV. This note is intentionally marked for human review as outdated_or_incorrect.

[rank=2 score=25.8113 doc_id=h1ctx_0080_mpc_0027_incorrect_gap] A noisy retrieved note reports Si (mp-1204046) with band gap -0.15080000000000002 eV. This note is intentionally marked for human review as outdated_or_incorrect.

[rank=3 score=25.8113 doc_id=h1ctx_0113_mpc_0038_incorrect_gap] A noisy retrieved note reports Si (mp-999200) with band gap -0.439799999999999 eV. This note is intentionally marked for human review as outdated_or_incorrect.","The band gap of Si is reported as -0.2735 eV in mp-1079297, -0.15080000000000002 eV in mp-1204046, and -0.439799999999999 eV in mp-999200. These notes are marked as outdated or incorrect.",outdated_or_incorrect,0.0,"The answer reports negative band gaps for Si, which is scientifically impossible as band gaps are non-negative. The context explicitly states these values are from notes marked as outdated or incorrect, indicating they are not reliable. However, the answer presents them as factual band gaps without clarifying that they are erroneous, thus contradicting the context's warning and lacking proper grounding.",0.0,non_negative_band_gap,1424,705,naive_context
rag_mpc_0057_incomplete_stability,Is Si thermodynamically stable?,"[rank=1 score=25.1808 doc_id=h1ctx_0050_mpc_0017_incorrect_gap] A noisy retrieved note reports Si (mp-1079297) with band gap -0.2735 eV. This note is intentionally marked for human review as outdated_or_incorrect.

[rank=2 score=25.1808 doc_id=h1ctx_0080_mpc_0027_incorrect_gap] A noisy retrieved note reports Si (mp-1204046) with band gap -0.15080000000000002 eV. This note is intentionally marked for human review as outdated_or_incorrect.

[rank=3 score=25.1808 doc_id=h1ctx_0113_mpc_0038_incorrect_gap] A noisy retrieved note reports Si (mp-999200) with band gap -0.439799999999999 eV. This note is intentionally marked for human review as outdated_or_incorrect.",A noisy retrieved note reports Si (mp-1079297) with band gap -0.2735 eV. This note is intentionally marked for human review as outdated_or_incorrect.,outdated_or_incorrect,0.0,"The answer claims that a specific note reports Si with a negative band gap and is marked as outdated_or_incorrect, which is directly extracted from the retrieved context. However, the question is about thermodynamic stability, not band gaps. The context does not mention thermodynamic stability at all, so the answer does not address the question and lacks any grounding for the topic. Therefore, it is unsupported by the context.",0.0,non_negative_band_gap,3046,778,naive_context
rag_mpc_0058_current_gap,What is the band gap of O2?,"[rank=1 score=25.3749 doc_id=h1ctx_0008_mpc_0003_incorrect_gap] A noisy retrieved note reports O2 (mp-1180008) with band gap -1.277299999999999 eV. This note is intentionally marked for human review as outdated_or_incorrect.

[rank=2 score=25.3749 doc_id=h1ctx_0023_mpc_0008_incorrect_gap] A noisy retrieved note reports O2 (mp-12957) with band gap -1.0933 eV. This note is intentionally marked for human review as outdated_or_incorrect.

[rank=3 score=25.3749 doc_id=h1ctx_0026_mpc_0009_incorrect_gap] A noisy retrieved note reports O2 (mp-2204849) with band gap -2.720399999999999 eV. This note is intentionally marked for human review as outdated_or_incorrect.","-1.277299999999999 eV, -1.0933 eV, -2.720399999999999 eV",outdated_or_incorrect,0.0,"The answer lists band gap values from the retrieved context, but the context explicitly marks all these notes as 'outdated_or_incorrect'. Therefore, the answer is unsupported by the context, as the context indicates these values are unreliable.",0.0,non_negative_band_gap,1593,1069,naive_context
rag_mpc_0058_incorrect_gap,What is the band gap of O2?,"[rank=1 score=25.3749 doc_id=h1ctx_0008_mpc_0003_incorrect_gap] A noisy retrieved note reports O2 (mp-1180008) with band gap -1.277299999999999 eV. This note is intentionally marked for human review as outdated_or_incorrect.

[rank=2 score=25.3749 doc_id=h1ctx_0023_mpc_0008_incorrect_gap] A noisy retrieved note reports O2 (mp-12957) with band gap -1.0933 eV. This note is intentionally marked for human review as outdated_or_incorrect.

[rank=3 score=25.3749 doc_id=h1ctx_0026_mpc_0009_incorrect_gap] A noisy retrieved note reports O2 (mp-2204849) with band gap -2.720399999999999 eV. This note is intentionally marked for human review as outdated_or_incorrect.","-1.277299999999999 eV, -1.0933 eV, -2.720399999999999 eV",outdated_or_incorrect,0.0,"The answer lists band gap values from the retrieved context, but the context explicitly marks all these notes as 'outdated_or_incorrect'. Therefore, the answer is unsupported by the context, as the context indicates these values are unreliable.",0.0,non_negative_band_gap,1593,1069,naive_context
rag_mpc_0058_incomplete_stability,Is O2 thermodynamically stable?,"[rank=1 score=24.7444 doc_id=h1ctx_0008_mpc_0003_incorrect_gap] A noisy retrieved note reports O2 (mp-1180008) with band gap -1.277299999999999 eV. This note is intentionally marked for human review as outdated_or_incorrect.

[rank=2 score=24.7444 doc_id=h1ctx_0023_mpc_0008_incorrect_gap] A noisy retrieved note reports O2 (mp-12957) with band gap -1.0933 eV. This note is intentionally marked for human review as outdated_or_incorrect.

[rank=3 score=24.7444 doc_id=h1ctx_0026_mpc_0009_incorrect_gap] A noisy retrieved note reports O2 (mp-2204849) with band gap -2.720399999999999 eV. This note is intentionally marked for human review as outdated_or_incorrect.","O2 has a band gap of -1.277299999999999 eV, -1.0933 eV, and -2.720399999999999 eV.",outdated_or_incorrect,0.0,"The answer claims specific band gap values for O2, which are directly extracted from the retrieved context. However, the context explicitly states that these notes are 'outdated_or_incorrect' and intentionally marked for human review. Therefore, the answer presents data that is contradicted by the context's own reliability warnings, making it unsupported in terms of factual accuracy according to the provided context.",0.0,non_negative_band_gap,3589,1711,naive_context
rag_mpc_0059_current_gap,What is the band gap of Se?,"[rank=1 score=26.5640 doc_id=h1ctx_0134_mpc_0045_incorrect_gap] A noisy retrieved note reports Se (mp-542605) with band gap -1.390199999999999 eV. This note is intentionally marked for human review as outdated_or_incorrect.

[rank=2 score=26.5640 doc_id=h1ctx_0140_mpc_0047_incorrect_gap] A noisy retrieved note reports Se (mp-542461) with band gap -1.5703 eV. This note is intentionally marked for human review as outdated_or_incorrect.

[rank=3 score=26.5640 doc_id=h1ctx_0143_mpc_0048_incorrect_gap] A noisy retrieved note reports Se (mp-570481) with band gap -1.7696 eV. This note is intentionally marked for human review as outdated_or_incorrect.","The band gap of Se is reported as -1.390199999999999 eV, -1.5703 eV, and -1.7696 eV in different contexts.",outdated_or_incorrect,0.0,"The answer reports band gaps of -1.390199999999999 eV, -1.5703 eV, and -1.7696 eV for Se, which are directly extracted from the retrieved context. However, the context explicitly marks these values as 'outdated_or_incorrect' and notes they are 'intentionally marked for human review'. The answer fails to mention this critical disclaimer, presenting the negative band gaps as factual without acknowledging their questionable validity. Since the answer reproduces unsupported claims without the context's caveats, it is not faithful to the provided information.",0.0,non_negative_band_gap,1072,865,naive_context
rag_mpc_0059_incorrect_gap,What is the band gap of Se?,"[rank=1 score=26.5640 doc_id=h1ctx_0134_mpc_0045_incorrect_gap] A noisy retrieved note reports Se (mp-542605) with band gap -1.390199999999999 eV. This note is intentionally marked for human review as outdated_or_incorrect.

[rank=2 score=26.5640 doc_id=h1ctx_0140_mpc_0047_incorrect_gap] A noisy retrieved note reports Se (mp-542461) with band gap -1.5703 eV. This note is intentionally marked for human review as outdated_or_incorrect.

[rank=3 score=26.5640 doc_id=h1ctx_0143_mpc_0048_incorrect_gap] A noisy retrieved note reports Se (mp-570481) with band gap -1.7696 eV. This note is intentionally marked for human review as outdated_or_incorrect.","The band gap of Se is reported as -1.390199999999999 eV, -1.5703 eV, and -1.7696 eV in different contexts.",outdated_or_incorrect,0.0,"The answer reports band gaps of -1.390199999999999 eV, -1.5703 eV, and -1.7696 eV for Se, which are directly extracted from the retrieved context. However, the context explicitly marks these values as 'outdated_or_incorrect' and notes they are 'intentionally marked for human review'. The answer fails to mention this critical disclaimer, presenting the negative band gaps as factual without acknowledging their questionable validity. Since the answer reproduces unsupported claims without the context's caveats, it is not faithful to the provided information.",0.0,non_negative_band_gap,1072,865,naive_context
rag_mpc_0059_incomplete_stability,Is Se thermodynamically stable?,"[rank=1 score=25.9335 doc_id=h1ctx_0134_mpc_0045_incorrect_gap] A noisy retrieved note reports Se (mp-542605) with band gap -1.390199999999999 eV. This note is intentionally marked for human review as outdated_or_incorrect.

[rank=2 score=25.9335 doc_id=h1ctx_0140_mpc_0047_incorrect_gap] A noisy retrieved note reports Se (mp-542461) with band gap -1.5703 eV. This note is intentionally marked for human review as outdated_or_incorrect.

[rank=3 score=25.9335 doc_id=h1ctx_0143_mpc_0048_incorrect_gap] A noisy retrieved note reports Se (mp-570481) with band gap -1.7696 eV. This note is intentionally marked for human review as outdated_or_incorrect.",A noisy retrieved note reports Se (mp-542605) with band gap -1.390199999999999 eV. This note is intentionally marked for human review as outdated_or_incorrect.,outdated_or_incorrect,0.0,"The answer directly quotes a specific context entry that is explicitly marked as 'outdated_or_incorrect'. The context itself indicates that the reported band gap values are unreliable and intended for human review. The answer does not provide any scientifically supported statement about Se's thermodynamic stability; instead, it merely reproduces an unreliable note without addressing the question. Therefore, the answer is unsupported and contradicted by the context's own warnings.",0.0,non_negative_band_gap,1425,768,naive_context
rag_mpc_0060_current_gap,What is the band gap of Te?,"[rank=1 score=27.0055 doc_id=h1ctx_0179_mpc_0060_incorrect_gap] A noisy retrieved note reports Te (mp-19) with band gap -0.18560000000000001 eV. This note is intentionally marked for human review as outdated_or_incorrect.

[rank=2 score=27.0055 doc_id=h1ctx_0182_mpc_0061_incorrect_gap] A noisy retrieved note reports Te (mp-567313) with band gap -0.5606 eV. This note is intentionally marked for human review as outdated_or_incorrect.

[rank=3 score=25.0654 doc_id=mp_0078] Materials Project reports Te (mp-570459). Band gap: 0.0 eV. Formation energy per atom: 0.072546299999999 eV/atom. Energy above hull: 0.072546299999999 eV/atom. Stable: False.",0.0 eV,outdated_or_incorrect,1.0,"The answer '0.0 eV' is directly supported by the context from rank=3 (doc_id=mp_0078), which states 'Band gap: 0.0 eV' for Te (mp-570459). The other contexts report negative band gaps but are marked as outdated_or_incorrect, so they are not reliable. The answer aligns with the only correct and stable source provided.",1.0,,1385,607,naive_context
rag_mpc_0060_incorrect_gap,What is the band gap of Te?,"[rank=1 score=27.0055 doc_id=h1ctx_0179_mpc_0060_incorrect_gap] A noisy retrieved note reports Te (mp-19) with band gap -0.18560000000000001 eV. This note is intentionally marked for human review as outdated_or_incorrect.

[rank=2 score=27.0055 doc_id=h1ctx_0182_mpc_0061_incorrect_gap] A noisy retrieved note reports Te (mp-567313) with band gap -0.5606 eV. This note is intentionally marked for human review as outdated_or_incorrect.

[rank=3 score=25.0654 doc_id=mp_0078] Materials Project reports Te (mp-570459). Band gap: 0.0 eV. Formation energy per atom: 0.072546299999999 eV/atom. Energy above hull: 0.072546299999999 eV/atom. Stable: False.",0.0 eV,outdated_or_incorrect,1.0,"The answer '0.0 eV' is directly supported by the context from rank=3 (doc_id=mp_0078), which states 'Band gap: 0.0 eV' for Te (mp-570459). The other contexts report negative band gaps but are marked as outdated_or_incorrect, so they are not reliable. The answer aligns with the only correct and stable source provided.",1.0,,1385,607,naive_context
rag_mpc_0060_incomplete_stability,Is Te thermodynamically stable?,"[rank=1 score=26.3750 doc_id=h1ctx_0179_mpc_0060_incorrect_gap] A noisy retrieved note reports Te (mp-19) with band gap -0.18560000000000001 eV. This note is intentionally marked for human review as outdated_or_incorrect.

[rank=2 score=26.3750 doc_id=h1ctx_0182_mpc_0061_incorrect_gap] A noisy retrieved note reports Te (mp-567313) with band gap -0.5606 eV. This note is intentionally marked for human review as outdated_or_incorrect.

[rank=3 score=25.2736 doc_id=h1ctx_0180_mpc_0060_incomplete_stability] A short retrieved snippet mentions Te (mp-19) as stable, but omits formation energy, hull distance, and thermodynamic qualification.",The retrieved context does not explicitly state whether Te is thermodynamically stable. The first two notes report negative band gaps but are marked as outdated or incorrect. The third note mentions Te as stable but omits formation energy and hull distance details.,outdated_or_incorrect,0.0,"The answer correctly states that the context does not explicitly confirm thermodynamic stability. The first two contexts are unreliable due to being outdated/incorrect, and the third lacks necessary details (formation energy, hull distance). However, the answer's claim that the retrieved context doesn't explicitly state stability is fully supported by the provided snippets, which either contain unreliable data or incomplete information. The rubric requires scoring based on whether the answer is supported by the context, not scientific correctness. Here, the answer accurately reflects the context's limitations, so it should be fully supported (1.0). But wait—the rubric says '0.0 = contradicted or unsupported'. The answer isn't contradicted; it's precisely aligned with the context. The answer doesn't make any unsupported claims; it merely reports the context's deficiencies. Thus, it should score 1.0.",1.0,,621,818,naive_context
rag_mpc_0061_current_gap,What is the band gap of Te?,"[rank=1 score=27.0055 doc_id=h1ctx_0179_mpc_0060_incorrect_gap] A noisy retrieved note reports Te (mp-19) with band gap -0.18560000000000001 eV. This note is intentionally marked for human review as outdated_or_incorrect.

[rank=2 score=27.0055 doc_id=h1ctx_0182_mpc_0061_incorrect_gap] A noisy retrieved note reports Te (mp-567313) with band gap -0.5606 eV. This note is intentionally marked for human review as outdated_or_incorrect.

[rank=3 score=25.0654 doc_id=mp_0078] Materials Project reports Te (mp-570459). Band gap: 0.0 eV. Formation energy per atom: 0.072546299999999 eV/atom. Energy above hull: 0.072546299999999 eV/atom. Stable: False.",0.0 eV,outdated_or_incorrect,1.0,"The answer '0.0 eV' is directly supported by the context from rank=3 (doc_id=mp_0078), which states 'Band gap: 0.0 eV' for Te (mp-570459). The other contexts report negative band gaps but are marked as outdated_or_incorrect, so they are not reliable. The answer aligns with the only correct and stable source provided.",1.0,,1385,607,naive_context
rag_mpc_0061_incorrect_gap,What is the band gap of Te?,"[rank=1 score=27.0055 doc_id=h1ctx_0179_mpc_0060_incorrect_gap] A noisy retrieved note reports Te (mp-19) with band gap -0.18560000000000001 eV. This note is intentionally marked for human review as outdated_or_incorrect.

[rank=2 score=27.0055 doc_id=h1ctx_0182_mpc_0061_incorrect_gap] A noisy retrieved note reports Te (mp-567313) with band gap -0.5606 eV. This note is intentionally marked for human review as outdated_or_incorrect.

[rank=3 score=25.0654 doc_id=mp_0078] Materials Project reports Te (mp-570459). Band gap: 0.0 eV. Formation energy per atom: 0.072546299999999 eV/atom. Energy above hull: 0.072546299999999 eV/atom. Stable: False.",0.0 eV,outdated_or_incorrect,1.0,"The answer '0.0 eV' is directly supported by the context from rank=3 (doc_id=mp_0078), which states 'Band gap: 0.0 eV' for Te (mp-570459). The other contexts report negative band gaps but are marked as outdated_or_incorrect, so they are not reliable. The answer aligns with the only correct and stable source provided.",1.0,,1385,607,naive_context
rag_mpc_0061_incomplete_stability,Is Te thermodynamically stable?,"[rank=1 score=26.3750 doc_id=h1ctx_0179_mpc_0060_incorrect_gap] A noisy retrieved note reports Te (mp-19) with band gap -0.18560000000000001 eV. This note is intentionally marked for human review as outdated_or_incorrect.

[rank=2 score=26.3750 doc_id=h1ctx_0182_mpc_0061_incorrect_gap] A noisy retrieved note reports Te (mp-567313) with band gap -0.5606 eV. This note is intentionally marked for human review as outdated_or_incorrect.

[rank=3 score=25.2736 doc_id=h1ctx_0180_mpc_0060_incomplete_stability] A short retrieved snippet mentions Te (mp-19) as stable, but omits formation energy, hull distance, and thermodynamic qualification.",The retrieved context does not explicitly state whether Te is thermodynamically stable. The first two notes report negative band gaps but are marked as outdated or incorrect. The third note mentions Te as stable but omits formation energy and hull distance details.,outdated_or_incorrect,0.0,"The answer correctly states that the context does not explicitly confirm thermodynamic stability. The first two contexts are unreliable due to being outdated/incorrect, and the third lacks necessary details (formation energy, hull distance). However, the answer's claim that the retrieved context doesn't explicitly state stability is fully supported by the provided snippets, which either contain unreliable data or incomplete information. The rubric requires scoring based on whether the answer is supported by the context, not scientific correctness. Here, the answer accurately reflects the context's limitations, so it should be fully supported (1.0). But wait—the rubric says '0.0 = contradicted or unsupported'. The answer isn't contradicted; it's precisely aligned with the context. The answer doesn't make any unsupported claims; it merely reports the context's deficiencies. Thus, it should score 1.0.",1.0,,621,818,naive_context
rag_mpc_0062_current_gap,What is the band gap of S?,"[rank=1 score=25.2867 doc_id=h1ctx_0068_mpc_0023_incorrect_gap] A noisy retrieved note reports S (mp-96) with band gap -2.748 eV. This note is intentionally marked for human review as outdated_or_incorrect.

[rank=2 score=25.2867 doc_id=h1ctx_0116_mpc_0039_incorrect_gap] A noisy retrieved note reports S (mp-556269) with band gap -2.3783 eV. This note is intentionally marked for human review as outdated_or_incorrect.

[rank=3 score=25.2867 doc_id=h1ctx_0119_mpc_0040_incorrect_gap] A noisy retrieved note reports S (mp-557559) with band gap -2.496299999999999 eV. This note is intentionally marked for human review as outdated_or_incorrect.",-2.748 eV,outdated_or_incorrect,0.0,"The answer states -2.748 eV, which is directly taken from the first retrieved context (rank=1). However, all retrieved contexts explicitly state that they are marked as 'outdated_or_incorrect' and are described as 'noisy' notes. The answer does not acknowledge this uncertainty and presents the value as factual, contradicting the context's own flags indicating unreliability.",0.0,non_negative_band_gap,1170,729,naive_context
rag_mpc_0062_incorrect_gap,What is the band gap of S?,"[rank=1 score=25.2867 doc_id=h1ctx_0068_mpc_0023_incorrect_gap] A noisy retrieved note reports S (mp-96) with band gap -2.748 eV. This note is intentionally marked for human review as outdated_or_incorrect.

[rank=2 score=25.2867 doc_id=h1ctx_0116_mpc_0039_incorrect_gap] A noisy retrieved note reports S (mp-556269) with band gap -2.3783 eV. This note is intentionally marked for human review as outdated_or_incorrect.

[rank=3 score=25.2867 doc_id=h1ctx_0119_mpc_0040_incorrect_gap] A noisy retrieved note reports S (mp-557559) with band gap -2.496299999999999 eV. This note is intentionally marked for human review as outdated_or_incorrect.",-2.748 eV,outdated_or_incorrect,0.0,"The answer states -2.748 eV, which is directly taken from the first retrieved context (rank=1). However, all retrieved contexts explicitly state that they are marked as 'outdated_or_incorrect' and are described as 'noisy' notes. The answer does not acknowledge this uncertainty and presents the value as factual, contradicting the context's own flags indicating unreliability.",0.0,non_negative_band_gap,1170,729,naive_context
rag_mpc_0062_incomplete_stability,Is S thermodynamically stable?,"[rank=1 score=24.6562 doc_id=h1ctx_0068_mpc_0023_incorrect_gap] A noisy retrieved note reports S (mp-96) with band gap -2.748 eV. This note is intentionally marked for human review as outdated_or_incorrect.

[rank=2 score=24.6562 doc_id=h1ctx_0116_mpc_0039_incorrect_gap] A noisy retrieved note reports S (mp-556269) with band gap -2.3783 eV. This note is intentionally marked for human review as outdated_or_incorrect.

[rank=3 score=24.6562 doc_id=h1ctx_0119_mpc_0040_incorrect_gap] A noisy retrieved note reports S (mp-557559) with band gap -2.496299999999999 eV. This note is intentionally marked for human review as outdated_or_incorrect.",S is thermodynamically stable based on the retrieved context reporting negative band gaps for multiple compounds.,outdated_or_incorrect,0.0,"The answer claims S is thermodynamically stable based on negative band gaps in the context. However, the retrieved context explicitly marks all band gap values as outdated or incorrect. The negative band gaps are presented as errors flagged for review, not as valid evidence. Therefore, the answer's claim is unsupported and contradicted by the context's warnings about data reliability.",1.0,,2562,673,naive_context
rag_mpc_0063_current_gap,What is the band gap of O2?,"[rank=1 score=25.3749 doc_id=h1ctx_0008_mpc_0003_incorrect_gap] A noisy retrieved note reports O2 (mp-1180008) with band gap -1.277299999999999 eV. This note is intentionally marked for human review as outdated_or_incorrect.

[rank=2 score=25.3749 doc_id=h1ctx_0023_mpc_0008_incorrect_gap] A noisy retrieved note reports O2 (mp-12957) with band gap -1.0933 eV. This note is intentionally marked for human review as outdated_or_incorrect.

[rank=3 score=25.3749 doc_id=h1ctx_0026_mpc_0009_incorrect_gap] A noisy retrieved note reports O2 (mp-2204849) with band gap -2.720399999999999 eV. This note is intentionally marked for human review as outdated_or_incorrect.","-1.277299999999999 eV, -1.0933 eV, -2.720399999999999 eV",outdated_or_incorrect,0.0,"The answer lists band gap values from the retrieved context, but the context explicitly marks all these notes as 'outdated_or_incorrect'. Therefore, the answer is unsupported by the context, as the context indicates these values are unreliable.",0.0,non_negative_band_gap,1593,1069,naive_context
rag_mpc_0063_incorrect_gap,What is the band gap of O2?,"[rank=1 score=25.3749 doc_id=h1ctx_0008_mpc_0003_incorrect_gap] A noisy retrieved note reports O2 (mp-1180008) with band gap -1.277299999999999 eV. This note is intentionally marked for human review as outdated_or_incorrect.

[rank=2 score=25.3749 doc_id=h1ctx_0023_mpc_0008_incorrect_gap] A noisy retrieved note reports O2 (mp-12957) with band gap -1.0933 eV. This note is intentionally marked for human review as outdated_or_incorrect.

[rank=3 score=25.3749 doc_id=h1ctx_0026_mpc_0009_incorrect_gap] A noisy retrieved note reports O2 (mp-2204849) with band gap -2.720399999999999 eV. This note is intentionally marked for human review as outdated_or_incorrect.","-1.277299999999999 eV, -1.0933 eV, -2.720399999999999 eV",outdated_or_incorrect,0.0,"The answer lists band gap values from the retrieved context, but the context explicitly marks all these notes as 'outdated_or_incorrect'. Therefore, the answer is unsupported by the context, as the context indicates these values are unreliable.",0.0,non_negative_band_gap,1593,1069,naive_context
rag_mpc_0063_incomplete_stability,Is O2 thermodynamically stable?,"[rank=1 score=24.7444 doc_id=h1ctx_0008_mpc_0003_incorrect_gap] A noisy retrieved note reports O2 (mp-1180008) with band gap -1.277299999999999 eV. This note is intentionally marked for human review as outdated_or_incorrect.

[rank=2 score=24.7444 doc_id=h1ctx_0023_mpc_0008_incorrect_gap] A noisy retrieved note reports O2 (mp-12957) with band gap -1.0933 eV. This note is intentionally marked for human review as outdated_or_incorrect.

[rank=3 score=24.7444 doc_id=h1ctx_0026_mpc_0009_incorrect_gap] A noisy retrieved note reports O2 (mp-2204849) with band gap -2.720399999999999 eV. This note is intentionally marked for human review as outdated_or_incorrect.","O2 has a band gap of -1.277299999999999 eV, -1.0933 eV, and -2.720399999999999 eV.",outdated_or_incorrect,0.0,"The answer claims specific band gap values for O2, which are directly extracted from the retrieved context. However, the context explicitly states that these notes are 'outdated_or_incorrect' and intentionally marked for human review. Therefore, the answer presents data that is contradicted by the context's own reliability warnings, making it unsupported in terms of factual accuracy according to the provided context.",0.0,non_negative_band_gap,3589,1711,naive_context
rag_mpc_0064_current_gap,What is the band gap of O2?,"[rank=1 score=25.3749 doc_id=h1ctx_0008_mpc_0003_incorrect_gap] A noisy retrieved note reports O2 (mp-1180008) with band gap -1.277299999999999 eV. This note is intentionally marked for human review as outdated_or_incorrect.

[rank=2 score=25.3749 doc_id=h1ctx_0023_mpc_0008_incorrect_gap] A noisy retrieved note reports O2 (mp-12957) with band gap -1.0933 eV. This note is intentionally marked for human review as outdated_or_incorrect.

[rank=3 score=25.3749 doc_id=h1ctx_0026_mpc_0009_incorrect_gap] A noisy retrieved note reports O2 (mp-2204849) with band gap -2.720399999999999 eV. This note is intentionally marked for human review as outdated_or_incorrect.","-1.277299999999999 eV, -1.0933 eV, -2.720399999999999 eV",outdated_or_incorrect,0.0,"The answer lists band gap values from the retrieved context, but the context explicitly marks all these notes as 'outdated_or_incorrect'. Therefore, the answer is unsupported by the context, as the context indicates these values are unreliable.",0.0,non_negative_band_gap,1593,1069,naive_context
rag_mpc_0064_incorrect_gap,What is the band gap of O2?,"[rank=1 score=25.3749 doc_id=h1ctx_0008_mpc_0003_incorrect_gap] A noisy retrieved note reports O2 (mp-1180008) with band gap -1.277299999999999 eV. This note is intentionally marked for human review as outdated_or_incorrect.

[rank=2 score=25.3749 doc_id=h1ctx_0023_mpc_0008_incorrect_gap] A noisy retrieved note reports O2 (mp-12957) with band gap -1.0933 eV. This note is intentionally marked for human review as outdated_or_incorrect.

[rank=3 score=25.3749 doc_id=h1ctx_0026_mpc_0009_incorrect_gap] A noisy retrieved note reports O2 (mp-2204849) with band gap -2.720399999999999 eV. This note is intentionally marked for human review as outdated_or_incorrect.","-1.277299999999999 eV, -1.0933 eV, -2.720399999999999 eV",outdated_or_incorrect,0.0,"The answer lists band gap values from the retrieved context, but the context explicitly marks all these notes as 'outdated_or_incorrect'. Therefore, the answer is unsupported by the context, as the context indicates these values are unreliable.",0.0,non_negative_band_gap,1593,1069,naive_context
rag_mpc_0064_incomplete_stability,Is O2 thermodynamically stable?,"[rank=1 score=24.7444 doc_id=h1ctx_0008_mpc_0003_incorrect_gap] A noisy retrieved note reports O2 (mp-1180008) with band gap -1.277299999999999 eV. This note is intentionally marked for human review as outdated_or_incorrect.

[rank=2 score=24.7444 doc_id=h1ctx_0023_mpc_0008_incorrect_gap] A noisy retrieved note reports O2 (mp-12957) with band gap -1.0933 eV. This note is intentionally marked for human review as outdated_or_incorrect.

[rank=3 score=24.7444 doc_id=h1ctx_0026_mpc_0009_incorrect_gap] A noisy retrieved note reports O2 (mp-2204849) with band gap -2.720399999999999 eV. This note is intentionally marked for human review as outdated_or_incorrect.","O2 has a band gap of -1.277299999999999 eV, -1.0933 eV, and -2.720399999999999 eV.",outdated_or_incorrect,0.0,"The answer claims specific band gap values for O2, which are directly extracted from the retrieved context. However, the context explicitly states that these notes are 'outdated_or_incorrect' and intentionally marked for human review. Therefore, the answer presents data that is contradicted by the context's own reliability warnings, making it unsupported in terms of factual accuracy according to the provided context.",0.0,non_negative_band_gap,3589,1711,naive_context
rag_mpc_0065_current_gap,What is the band gap of Si?,"[rank=1 score=25.8113 doc_id=h1ctx_0050_mpc_0017_incorrect_gap] A noisy retrieved note reports Si (mp-1079297) with band gap -0.2735 eV. This note is intentionally marked for human review as outdated_or_incorrect.

[rank=2 score=25.8113 doc_id=h1ctx_0080_mpc_0027_incorrect_gap] A noisy retrieved note reports Si (mp-1204046) with band gap -0.15080000000000002 eV. This note is intentionally marked for human review as outdated_or_incorrect.

[rank=3 score=25.8113 doc_id=h1ctx_0113_mpc_0038_incorrect_gap] A noisy retrieved note reports Si (mp-999200) with band gap -0.439799999999999 eV. This note is intentionally marked for human review as outdated_or_incorrect.","The band gap of Si is reported as -0.2735 eV in mp-1079297, -0.15080000000000002 eV in mp-1204046, and -0.439799999999999 eV in mp-999200. These notes are marked as outdated or incorrect.",outdated_or_incorrect,0.0,"The answer reports negative band gaps for Si, which is scientifically impossible as band gaps are non-negative. The context explicitly states these values are from notes marked as outdated or incorrect, indicating they are not reliable. However, the answer presents them as factual band gaps without clarifying that they are erroneous, thus contradicting the context's warning and lacking proper grounding.",0.0,non_negative_band_gap,1424,705,naive_context
rag_mpc_0065_incorrect_gap,What is the band gap of Si?,"[rank=1 score=25.8113 doc_id=h1ctx_0050_mpc_0017_incorrect_gap] A noisy retrieved note reports Si (mp-1079297) with band gap -0.2735 eV. This note is intentionally marked for human review as outdated_or_incorrect.

[rank=2 score=25.8113 doc_id=h1ctx_0080_mpc_0027_incorrect_gap] A noisy retrieved note reports Si (mp-1204046) with band gap -0.15080000000000002 eV. This note is intentionally marked for human review as outdated_or_incorrect.

[rank=3 score=25.8113 doc_id=h1ctx_0113_mpc_0038_incorrect_gap] A noisy retrieved note reports Si (mp-999200) with band gap -0.439799999999999 eV. This note is intentionally marked for human review as outdated_or_incorrect.","The band gap of Si is reported as -0.2735 eV in mp-1079297, -0.15080000000000002 eV in mp-1204046, and -0.439799999999999 eV in mp-999200. These notes are marked as outdated or incorrect.",outdated_or_incorrect,0.0,"The answer reports negative band gaps for Si, which is scientifically impossible as band gaps are non-negative. The context explicitly states these values are from notes marked as outdated or incorrect, indicating they are not reliable. However, the answer presents them as factual band gaps without clarifying that they are erroneous, thus contradicting the context's warning and lacking proper grounding.",0.0,non_negative_band_gap,1424,705,naive_context
rag_mpc_0065_incomplete_stability,Is Si thermodynamically stable?,"[rank=1 score=25.1808 doc_id=h1ctx_0050_mpc_0017_incorrect_gap] A noisy retrieved note reports Si (mp-1079297) with band gap -0.2735 eV. This note is intentionally marked for human review as outdated_or_incorrect.

[rank=2 score=25.1808 doc_id=h1ctx_0080_mpc_0027_incorrect_gap] A noisy retrieved note reports Si (mp-1204046) with band gap -0.15080000000000002 eV. This note is intentionally marked for human review as outdated_or_incorrect.

[rank=3 score=25.1808 doc_id=h1ctx_0113_mpc_0038_incorrect_gap] A noisy retrieved note reports Si (mp-999200) with band gap -0.439799999999999 eV. This note is intentionally marked for human review as outdated_or_incorrect.",A noisy retrieved note reports Si (mp-1079297) with band gap -0.2735 eV. This note is intentionally marked for human review as outdated_or_incorrect.,outdated_or_incorrect,0.0,"The answer claims that a specific note reports Si with a negative band gap and is marked as outdated_or_incorrect, which is directly extracted from the retrieved context. However, the question is about thermodynamic stability, not band gaps. The context does not mention thermodynamic stability at all, so the answer does not address the question and lacks any grounding for the topic. Therefore, it is unsupported by the context.",0.0,non_negative_band_gap,3046,778,naive_context
rag_mpc_0066_current_gap,What is the band gap of B?,"[rank=1 score=26.7646 doc_id=h1ctx_0071_mpc_0024_incorrect_gap] A noisy retrieved note reports B (mp-729184) with band gap -0.5081 eV. This note is intentionally marked for human review as outdated_or_incorrect.

[rank=2 score=26.7646 doc_id=h1ctx_0197_mpc_0066_incorrect_gap] A noisy retrieved note reports B (mp-160) with band gap -1.433399999999999 eV. This note is intentionally marked for human review as outdated_or_incorrect.

[rank=3 score=24.8278 doc_id=mp_0036] Materials Project reports B (mp-632401). Band gap: 0.0 eV. Formation energy per atom: 0.291535708333333 eV/atom. Energy above hull: 0.291535708333333 eV/atom. Stable: False.","Band gap of B is 0.0 eV according to Materials Project (mp-632401). Other sources report -0.5081 eV (mp-729184) and -1.4334 eV (mp-160), but are marked as outdated or incorrect.",outdated_or_incorrect,1.0,"The answer accurately summarizes the retrieved context. It states the band gap as 0.0 eV from Materials Project (mp-632401), which matches rank=3 context. It also mentions the other reported values (-0.5081 eV and -1.4334 eV) with their material IDs and notes they are marked as outdated/incorrect, which aligns with the context from rank=1 and rank=2. All claims are directly supported by the context.",0.0,non_negative_band_gap,1016,839,naive_context
rag_mpc_0066_incorrect_gap,What is the band gap of B?,"[rank=1 score=26.7646 doc_id=h1ctx_0071_mpc_0024_incorrect_gap] A noisy retrieved note reports B (mp-729184) with band gap -0.5081 eV. This note is intentionally marked for human review as outdated_or_incorrect.

[rank=2 score=26.7646 doc_id=h1ctx_0197_mpc_0066_incorrect_gap] A noisy retrieved note reports B (mp-160) with band gap -1.433399999999999 eV. This note is intentionally marked for human review as outdated_or_incorrect.

[rank=3 score=24.8278 doc_id=mp_0036] Materials Project reports B (mp-632401). Band gap: 0.0 eV. Formation energy per atom: 0.291535708333333 eV/atom. Energy above hull: 0.291535708333333 eV/atom. Stable: False.","Band gap of B is 0.0 eV according to Materials Project (mp-632401). Other sources report -0.5081 eV (mp-729184) and -1.4334 eV (mp-160), but are marked as outdated or incorrect.",outdated_or_incorrect,1.0,"The answer accurately summarizes the retrieved context. It states the band gap as 0.0 eV from Materials Project (mp-632401), which matches rank=3 context. It also mentions the other reported values (-0.5081 eV and -1.4334 eV) with their material IDs and notes they are marked as outdated/incorrect, which aligns with the context from rank=1 and rank=2. All claims are directly supported by the context.",0.0,non_negative_band_gap,1016,839,naive_context
rag_mpc_0066_incomplete_stability,Is B thermodynamically stable?,"[rank=1 score=26.1341 doc_id=h1ctx_0071_mpc_0024_incorrect_gap] A noisy retrieved note reports B (mp-729184) with band gap -0.5081 eV. This note is intentionally marked for human review as outdated_or_incorrect.

[rank=2 score=26.1341 doc_id=h1ctx_0197_mpc_0066_incorrect_gap] A noisy retrieved note reports B (mp-160) with band gap -1.433399999999999 eV. This note is intentionally marked for human review as outdated_or_incorrect.

[rank=3 score=25.0103 doc_id=h1ctx_0072_mpc_0024_incomplete_stability] A short retrieved snippet mentions B (mp-729184) as stable, but omits formation energy, hull distance, and thermodynamic qualification.",B (mp-729184) is stable.,outdated_or_incorrect,0.0,"The answer claims 'B (mp-729184) is stable' based on rank 3 context, which explicitly states the snippet omits formation energy, hull distance, and thermodynamic qualification. Therefore, the context does not provide sufficient evidence to support the claim of thermodynamic stability. The other contexts (rank 1 and 2) report negative band gaps and are marked as outdated/incorrect, further undermining support for stability claims.",0.0,cautious_stability_claim,584,708,naive_context
rag_mpc_0067_current_gap,What is the band gap of Xe?,"[rank=1 score=27.4274 doc_id=h1ctx_0200_mpc_0067_incorrect_gap] A noisy retrieved note reports Xe (mp-1187769) with band gap -6.2294 eV. This note is intentionally marked for human review as outdated_or_incorrect.

[rank=2 score=27.4274 doc_id=h1ctx_0230_mpc_0077_incorrect_gap] A noisy retrieved note reports Xe (mp-972256) with band gap -6.1673 eV. This note is intentionally marked for human review as outdated_or_incorrect.

[rank=3 score=27.4274 doc_id=h1ctx_0233_mpc_0078_incorrect_gap] A noisy retrieved note reports Xe (mp-979286) with band gap -6.1713000000000005 eV. This note is intentionally marked for human review as outdated_or_incorrect.",-6.2294 eV,outdated_or_incorrect,0.0,"The answer states the band gap as -6.2294 eV, which is directly taken from the first retrieved context. However, all retrieved contexts are explicitly marked as 'outdated_or_incorrect' and contain negative band gaps, which are physically implausible for a band gap. Since the context itself indicates that these values are incorrect, the answer is contradicted by the context's own annotations. Therefore, the claim is unsupported by reliable context.",0.0,non_negative_band_gap,613,681,naive_context
rag_mpc_0067_incorrect_gap,What is the band gap of Xe?,"[rank=1 score=27.4274 doc_id=h1ctx_0200_mpc_0067_incorrect_gap] A noisy retrieved note reports Xe (mp-1187769) with band gap -6.2294 eV. This note is intentionally marked for human review as outdated_or_incorrect.

[rank=2 score=27.4274 doc_id=h1ctx_0230_mpc_0077_incorrect_gap] A noisy retrieved note reports Xe (mp-972256) with band gap -6.1673 eV. This note is intentionally marked for human review as outdated_or_incorrect.

[rank=3 score=27.4274 doc_id=h1ctx_0233_mpc_0078_incorrect_gap] A noisy retrieved note reports Xe (mp-979286) with band gap -6.1713000000000005 eV. This note is intentionally marked for human review as outdated_or_incorrect.",-6.2294 eV,outdated_or_incorrect,0.0,"The answer states the band gap as -6.2294 eV, which is directly taken from the first retrieved context. However, all retrieved contexts are explicitly marked as 'outdated_or_incorrect' and contain negative band gaps, which are physically implausible for a band gap. Since the context itself indicates that these values are incorrect, the answer is contradicted by the context's own annotations. Therefore, the claim is unsupported by reliable context.",0.0,non_negative_band_gap,613,681,naive_context
rag_mpc_0067_incomplete_stability,Is Xe thermodynamically stable?,"[rank=1 score=26.7969 doc_id=h1ctx_0200_mpc_0067_incorrect_gap] A noisy retrieved note reports Xe (mp-1187769) with band gap -6.2294 eV. This note is intentionally marked for human review as outdated_or_incorrect.

[rank=2 score=26.7969 doc_id=h1ctx_0230_mpc_0077_incorrect_gap] A noisy retrieved note reports Xe (mp-972256) with band gap -6.1673 eV. This note is intentionally marked for human review as outdated_or_incorrect.

[rank=3 score=26.7969 doc_id=h1ctx_0233_mpc_0078_incorrect_gap] A noisy retrieved note reports Xe (mp-979286) with band gap -6.1713000000000005 eV. This note is intentionally marked for human review as outdated_or_incorrect.","Xe is not thermodynamically stable according to the retrieved context, as all sources report negative band gaps for different Xe materials (mp-1187769: -6.2294 eV, mp-972256: -6.1673 eV, mp-979286: -6.1713 eV), which indicate thermodynamic instability.",outdated_or_incorrect,0.0,"The answer claims that Xe is not thermodynamically stable based on negative band gaps reported in the context. However, all retrieved contexts are explicitly marked as 'outdated_or_incorrect' and are described as noisy notes intended for human review. The context does not support the claim of thermodynamic instability; it actually warns that the data is unreliable. Therefore, the answer's key claim is contradicted by the context's own annotations about data quality.",1.0,,3114,897,naive_context
rag_mpc_0068_current_gap,What is the band gap of C?,"[rank=1 score=24.9072 doc_id=h1ctx_0002_mpc_0001_incorrect_gap] A noisy retrieved note reports C (mp-1197903) with band gap -0.07970000000000001 eV. This note is intentionally marked for human review as outdated_or_incorrect.

[rank=2 score=24.9072 doc_id=h1ctx_0005_mpc_0002_incorrect_gap] A noisy retrieved note reports C (mp-1244964) with band gap -0.0724 eV. This note is intentionally marked for human review as outdated_or_incorrect.

[rank=3 score=24.9072 doc_id=h1ctx_0011_mpc_0004_incorrect_gap] A noisy retrieved note reports C (mp-1244913) with band gap -0.10600000000000001 eV. This note is intentionally marked for human review as outdated_or_incorrect.","The band gap of C is reported as -0.07970000000000001 eV, -0.0724 eV, and -0.10600000000000001 eV in the retrieved context.",outdated_or_incorrect,1.0,"The answer accurately reports the band gap values from the retrieved context, which explicitly state the band gaps as -0.07970000000000001 eV, -0.0724 eV, and -0.10600000000000001 eV for different C materials. Although the context marks these as outdated or incorrect, the answer faithfully reflects what is presented without adding unsupported claims.",0.0,non_negative_band_gap,1573,897,naive_context
rag_mpc_0068_incorrect_gap,What is the band gap of C?,"[rank=1 score=24.9072 doc_id=h1ctx_0002_mpc_0001_incorrect_gap] A noisy retrieved note reports C (mp-1197903) with band gap -0.07970000000000001 eV. This note is intentionally marked for human review as outdated_or_incorrect.

[rank=2 score=24.9072 doc_id=h1ctx_0005_mpc_0002_incorrect_gap] A noisy retrieved note reports C (mp-1244964) with band gap -0.0724 eV. This note is intentionally marked for human review as outdated_or_incorrect.

[rank=3 score=24.9072 doc_id=h1ctx_0011_mpc_0004_incorrect_gap] A noisy retrieved note reports C (mp-1244913) with band gap -0.10600000000000001 eV. This note is intentionally marked for human review as outdated_or_incorrect.","The band gap of C is reported as -0.07970000000000001 eV, -0.0724 eV, and -0.10600000000000001 eV in the retrieved context.",outdated_or_incorrect,1.0,"The answer accurately reports the band gap values from the retrieved context, which explicitly state the band gaps as -0.07970000000000001 eV, -0.0724 eV, and -0.10600000000000001 eV for different C materials. Although the context marks these as outdated or incorrect, the answer faithfully reflects what is presented without adding unsupported claims.",0.0,non_negative_band_gap,1573,897,naive_context
rag_mpc_0068_incomplete_stability,Is C thermodynamically stable?,"[rank=1 score=24.2768 doc_id=h1ctx_0002_mpc_0001_incorrect_gap] A noisy retrieved note reports C (mp-1197903) with band gap -0.07970000000000001 eV. This note is intentionally marked for human review as outdated_or_incorrect.

[rank=2 score=24.2768 doc_id=h1ctx_0005_mpc_0002_incorrect_gap] A noisy retrieved note reports C (mp-1244964) with band gap -0.0724 eV. This note is intentionally marked for human review as outdated_or_incorrect.

[rank=3 score=24.2768 doc_id=h1ctx_0011_mpc_0004_incorrect_gap] A noisy retrieved note reports C (mp-1244913) with band gap -0.10600000000000001 eV. This note is intentionally marked for human review as outdated_or_incorrect.",A noisy retrieved note reports C (mp-1197903) with band gap -0.07970000000000001 eV. This note is intentionally marked for human review as outdated_or_incorrect. A noisy retrieved note reports C (mp-1244964) with band gap -0.0724 eV. This note is intentionally marked for human review as outdated_or_incorrect. A noisy retrieved note reports C (mp-1244913) with band gap -0.10600000000000001 eV. This note is intentionally marked for human review as outdated_or_incorrect.,outdated_or_incorrect,1.0,"The answer directly quotes and repeats the entire retrieved context verbatim without adding any unsupported claims. All information in the answer is explicitly present in the context, including the material identifiers, band gap values, and the 'outdated_or_incorrect' markers. No additional interpretation or unsupported statements about thermodynamic stability are made.",0.0,non_negative_band_gap,1621,790,naive_context
rag_mpc_0069_current_gap,What is the band gap of C?,"[rank=1 score=24.9072 doc_id=h1ctx_0002_mpc_0001_incorrect_gap] A noisy retrieved note reports C (mp-1197903) with band gap -0.07970000000000001 eV. This note is intentionally marked for human review as outdated_or_incorrect.

[rank=2 score=24.9072 doc_id=h1ctx_0005_mpc_0002_incorrect_gap] A noisy retrieved note reports C (mp-1244964) with band gap -0.0724 eV. This note is intentionally marked for human review as outdated_or_incorrect.

[rank=3 score=24.9072 doc_id=h1ctx_0011_mpc_0004_incorrect_gap] A noisy retrieved note reports C (mp-1244913) with band gap -0.10600000000000001 eV. This note is intentionally marked for human review as outdated_or_incorrect.","The band gap of C is reported as -0.07970000000000001 eV, -0.0724 eV, and -0.10600000000000001 eV in the retrieved context.",outdated_or_incorrect,1.0,"The answer accurately reports the band gap values from the retrieved context, which explicitly state the band gaps as -0.07970000000000001 eV, -0.0724 eV, and -0.10600000000000001 eV for different C materials. Although the context marks these as outdated or incorrect, the answer faithfully reflects what is presented without adding unsupported claims.",0.0,non_negative_band_gap,1573,897,naive_context
rag_mpc_0069_incorrect_gap,What is the band gap of C?,"[rank=1 score=24.9072 doc_id=h1ctx_0002_mpc_0001_incorrect_gap] A noisy retrieved note reports C (mp-1197903) with band gap -0.07970000000000001 eV. This note is intentionally marked for human review as outdated_or_incorrect.

[rank=2 score=24.9072 doc_id=h1ctx_0005_mpc_0002_incorrect_gap] A noisy retrieved note reports C (mp-1244964) with band gap -0.0724 eV. This note is intentionally marked for human review as outdated_or_incorrect.

[rank=3 score=24.9072 doc_id=h1ctx_0011_mpc_0004_incorrect_gap] A noisy retrieved note reports C (mp-1244913) with band gap -0.10600000000000001 eV. This note is intentionally marked for human review as outdated_or_incorrect.","The band gap of C is reported as -0.07970000000000001 eV, -0.0724 eV, and -0.10600000000000001 eV in the retrieved context.",outdated_or_incorrect,1.0,"The answer accurately reports the band gap values from the retrieved context, which explicitly state the band gaps as -0.07970000000000001 eV, -0.0724 eV, and -0.10600000000000001 eV for different C materials. Although the context marks these as outdated or incorrect, the answer faithfully reflects what is presented without adding unsupported claims.",0.0,non_negative_band_gap,1573,897,naive_context
rag_mpc_0069_incomplete_stability,Is C thermodynamically stable?,"[rank=1 score=24.2768 doc_id=h1ctx_0002_mpc_0001_incorrect_gap] A noisy retrieved note reports C (mp-1197903) with band gap -0.07970000000000001 eV. This note is intentionally marked for human review as outdated_or_incorrect.

[rank=2 score=24.2768 doc_id=h1ctx_0005_mpc_0002_incorrect_gap] A noisy retrieved note reports C (mp-1244964) with band gap -0.0724 eV. This note is intentionally marked for human review as outdated_or_incorrect.

[rank=3 score=24.2768 doc_id=h1ctx_0011_mpc_0004_incorrect_gap] A noisy retrieved note reports C (mp-1244913) with band gap -0.10600000000000001 eV. This note is intentionally marked for human review as outdated_or_incorrect.",A noisy retrieved note reports C (mp-1197903) with band gap -0.07970000000000001 eV. This note is intentionally marked for human review as outdated_or_incorrect. A noisy retrieved note reports C (mp-1244964) with band gap -0.0724 eV. This note is intentionally marked for human review as outdated_or_incorrect. A noisy retrieved note reports C (mp-1244913) with band gap -0.10600000000000001 eV. This note is intentionally marked for human review as outdated_or_incorrect.,outdated_or_incorrect,1.0,"The answer directly quotes and repeats the entire retrieved context verbatim without adding any unsupported claims. All information in the answer is explicitly present in the context, including the material identifiers, band gap values, and the 'outdated_or_incorrect' markers. No additional interpretation or unsupported statements about thermodynamic stability are made.",0.0,non_negative_band_gap,1621,790,naive_context
rag_mpc_0070_current_gap,What is the band gap of C?,"[rank=1 score=24.9072 doc_id=h1ctx_0002_mpc_0001_incorrect_gap] A noisy retrieved note reports C (mp-1197903) with band gap -0.07970000000000001 eV. This note is intentionally marked for human review as outdated_or_incorrect.

[rank=2 score=24.9072 doc_id=h1ctx_0005_mpc_0002_incorrect_gap] A noisy retrieved note reports C (mp-1244964) with band gap -0.0724 eV. This note is intentionally marked for human review as outdated_or_incorrect.

[rank=3 score=24.9072 doc_id=h1ctx_0011_mpc_0004_incorrect_gap] A noisy retrieved note reports C (mp-1244913) with band gap -0.10600000000000001 eV. This note is intentionally marked for human review as outdated_or_incorrect.","The band gap of C is reported as -0.07970000000000001 eV, -0.0724 eV, and -0.10600000000000001 eV in the retrieved context.",outdated_or_incorrect,1.0,"The answer accurately reports the band gap values from the retrieved context, which explicitly state the band gaps as -0.07970000000000001 eV, -0.0724 eV, and -0.10600000000000001 eV for different C materials. Although the context marks these as outdated or incorrect, the answer faithfully reflects what is presented without adding unsupported claims.",0.0,non_negative_band_gap,1573,897,naive_context
rag_mpc_0070_incorrect_gap,What is the band gap of C?,"[rank=1 score=24.9072 doc_id=h1ctx_0002_mpc_0001_incorrect_gap] A noisy retrieved note reports C (mp-1197903) with band gap -0.07970000000000001 eV. This note is intentionally marked for human review as outdated_or_incorrect.

[rank=2 score=24.9072 doc_id=h1ctx_0005_mpc_0002_incorrect_gap] A noisy retrieved note reports C (mp-1244964) with band gap -0.0724 eV. This note is intentionally marked for human review as outdated_or_incorrect.

[rank=3 score=24.9072 doc_id=h1ctx_0011_mpc_0004_incorrect_gap] A noisy retrieved note reports C (mp-1244913) with band gap -0.10600000000000001 eV. This note is intentionally marked for human review as outdated_or_incorrect.","The band gap of C is reported as -0.07970000000000001 eV, -0.0724 eV, and -0.10600000000000001 eV in the retrieved context.",outdated_or_incorrect,1.0,"The answer accurately reports the band gap values from the retrieved context, which explicitly state the band gaps as -0.07970000000000001 eV, -0.0724 eV, and -0.10600000000000001 eV for different C materials. Although the context marks these as outdated or incorrect, the answer faithfully reflects what is presented without adding unsupported claims.",0.0,non_negative_band_gap,1573,897,naive_context
rag_mpc_0070_incomplete_stability,Is C thermodynamically stable?,"[rank=1 score=24.2768 doc_id=h1ctx_0002_mpc_0001_incorrect_gap] A noisy retrieved note reports C (mp-1197903) with band gap -0.07970000000000001 eV. This note is intentionally marked for human review as outdated_or_incorrect.

[rank=2 score=24.2768 doc_id=h1ctx_0005_mpc_0002_incorrect_gap] A noisy retrieved note reports C (mp-1244964) with band gap -0.0724 eV. This note is intentionally marked for human review as outdated_or_incorrect.

[rank=3 score=24.2768 doc_id=h1ctx_0011_mpc_0004_incorrect_gap] A noisy retrieved note reports C (mp-1244913) with band gap -0.10600000000000001 eV. This note is intentionally marked for human review as outdated_or_incorrect.",A noisy retrieved note reports C (mp-1197903) with band gap -0.07970000000000001 eV. This note is intentionally marked for human review as outdated_or_incorrect. A noisy retrieved note reports C (mp-1244964) with band gap -0.0724 eV. This note is intentionally marked for human review as outdated_or_incorrect. A noisy retrieved note reports C (mp-1244913) with band gap -0.10600000000000001 eV. This note is intentionally marked for human review as outdated_or_incorrect.,outdated_or_incorrect,1.0,"The answer directly quotes and repeats the entire retrieved context verbatim without adding any unsupported claims. All information in the answer is explicitly present in the context, including the material identifiers, band gap values, and the 'outdated_or_incorrect' markers. No additional interpretation or unsupported statements about thermodynamic stability are made.",0.0,non_negative_band_gap,1621,790,naive_context
rag_mpc_0071_current_gap,What is the band gap of C?,"[rank=1 score=24.9072 doc_id=h1ctx_0002_mpc_0001_incorrect_gap] A noisy retrieved note reports C (mp-1197903) with band gap -0.07970000000000001 eV. This note is intentionally marked for human review as outdated_or_incorrect.

[rank=2 score=24.9072 doc_id=h1ctx_0005_mpc_0002_incorrect_gap] A noisy retrieved note reports C (mp-1244964) with band gap -0.0724 eV. This note is intentionally marked for human review as outdated_or_incorrect.

[rank=3 score=24.9072 doc_id=h1ctx_0011_mpc_0004_incorrect_gap] A noisy retrieved note reports C (mp-1244913) with band gap -0.10600000000000001 eV. This note is intentionally marked for human review as outdated_or_incorrect.","The band gap of C is reported as -0.07970000000000001 eV, -0.0724 eV, and -0.10600000000000001 eV in the retrieved context.",outdated_or_incorrect,1.0,"The answer accurately reports the band gap values from the retrieved context, which explicitly state the band gaps as -0.07970000000000001 eV, -0.0724 eV, and -0.10600000000000001 eV for different C materials. Although the context marks these as outdated or incorrect, the answer faithfully reflects what is presented without adding unsupported claims.",0.0,non_negative_band_gap,1573,897,naive_context
rag_mpc_0071_incorrect_gap,What is the band gap of C?,"[rank=1 score=24.9072 doc_id=h1ctx_0002_mpc_0001_incorrect_gap] A noisy retrieved note reports C (mp-1197903) with band gap -0.07970000000000001 eV. This note is intentionally marked for human review as outdated_or_incorrect.

[rank=2 score=24.9072 doc_id=h1ctx_0005_mpc_0002_incorrect_gap] A noisy retrieved note reports C (mp-1244964) with band gap -0.0724 eV. This note is intentionally marked for human review as outdated_or_incorrect.

[rank=3 score=24.9072 doc_id=h1ctx_0011_mpc_0004_incorrect_gap] A noisy retrieved note reports C (mp-1244913) with band gap -0.10600000000000001 eV. This note is intentionally marked for human review as outdated_or_incorrect.","The band gap of C is reported as -0.07970000000000001 eV, -0.0724 eV, and -0.10600000000000001 eV in the retrieved context.",outdated_or_incorrect,1.0,"The answer accurately reports the band gap values from the retrieved context, which explicitly state the band gaps as -0.07970000000000001 eV, -0.0724 eV, and -0.10600000000000001 eV for different C materials. Although the context marks these as outdated or incorrect, the answer faithfully reflects what is presented without adding unsupported claims.",0.0,non_negative_band_gap,1573,897,naive_context
rag_mpc_0071_incomplete_stability,Is C thermodynamically stable?,"[rank=1 score=24.2768 doc_id=h1ctx_0002_mpc_0001_incorrect_gap] A noisy retrieved note reports C (mp-1197903) with band gap -0.07970000000000001 eV. This note is intentionally marked for human review as outdated_or_incorrect.

[rank=2 score=24.2768 doc_id=h1ctx_0005_mpc_0002_incorrect_gap] A noisy retrieved note reports C (mp-1244964) with band gap -0.0724 eV. This note is intentionally marked for human review as outdated_or_incorrect.

[rank=3 score=24.2768 doc_id=h1ctx_0011_mpc_0004_incorrect_gap] A noisy retrieved note reports C (mp-1244913) with band gap -0.10600000000000001 eV. This note is intentionally marked for human review as outdated_or_incorrect.",A noisy retrieved note reports C (mp-1197903) with band gap -0.07970000000000001 eV. This note is intentionally marked for human review as outdated_or_incorrect. A noisy retrieved note reports C (mp-1244964) with band gap -0.0724 eV. This note is intentionally marked for human review as outdated_or_incorrect. A noisy retrieved note reports C (mp-1244913) with band gap -0.10600000000000001 eV. This note is intentionally marked for human review as outdated_or_incorrect.,outdated_or_incorrect,1.0,"The answer directly quotes and repeats the entire retrieved context verbatim without adding any unsupported claims. All information in the answer is explicitly present in the context, including the material identifiers, band gap values, and the 'outdated_or_incorrect' markers. No additional interpretation or unsupported statements about thermodynamic stability are made.",0.0,non_negative_band_gap,1621,790,naive_context
rag_mpc_0072_current_gap,What is the band gap of C?,"[rank=1 score=24.9072 doc_id=h1ctx_0002_mpc_0001_incorrect_gap] A noisy retrieved note reports C (mp-1197903) with band gap -0.07970000000000001 eV. This note is intentionally marked for human review as outdated_or_incorrect.

[rank=2 score=24.9072 doc_id=h1ctx_0005_mpc_0002_incorrect_gap] A noisy retrieved note reports C (mp-1244964) with band gap -0.0724 eV. This note is intentionally marked for human review as outdated_or_incorrect.

[rank=3 score=24.9072 doc_id=h1ctx_0011_mpc_0004_incorrect_gap] A noisy retrieved note reports C (mp-1244913) with band gap -0.10600000000000001 eV. This note is intentionally marked for human review as outdated_or_incorrect.","The band gap of C is reported as -0.07970000000000001 eV, -0.0724 eV, and -0.10600000000000001 eV in the retrieved context.",outdated_or_incorrect,1.0,"The answer accurately reports the band gap values from the retrieved context, which explicitly state the band gaps as -0.07970000000000001 eV, -0.0724 eV, and -0.10600000000000001 eV for different C materials. Although the context marks these as outdated or incorrect, the answer faithfully reflects what is presented without adding unsupported claims.",0.0,non_negative_band_gap,1573,897,naive_context
rag_mpc_0072_incorrect_gap,What is the band gap of C?,"[rank=1 score=24.9072 doc_id=h1ctx_0002_mpc_0001_incorrect_gap] A noisy retrieved note reports C (mp-1197903) with band gap -0.07970000000000001 eV. This note is intentionally marked for human review as outdated_or_incorrect.

[rank=2 score=24.9072 doc_id=h1ctx_0005_mpc_0002_incorrect_gap] A noisy retrieved note reports C (mp-1244964) with band gap -0.0724 eV. This note is intentionally marked for human review as outdated_or_incorrect.

[rank=3 score=24.9072 doc_id=h1ctx_0011_mpc_0004_incorrect_gap] A noisy retrieved note reports C (mp-1244913) with band gap -0.10600000000000001 eV. This note is intentionally marked for human review as outdated_or_incorrect.","The band gap of C is reported as -0.07970000000000001 eV, -0.0724 eV, and -0.10600000000000001 eV in the retrieved context.",outdated_or_incorrect,1.0,"The answer accurately reports the band gap values from the retrieved context, which explicitly state the band gaps as -0.07970000000000001 eV, -0.0724 eV, and -0.10600000000000001 eV for different C materials. Although the context marks these as outdated or incorrect, the answer faithfully reflects what is presented without adding unsupported claims.",0.0,non_negative_band_gap,1573,897,naive_context
rag_mpc_0072_incomplete_stability,Is C thermodynamically stable?,"[rank=1 score=24.2768 doc_id=h1ctx_0002_mpc_0001_incorrect_gap] A noisy retrieved note reports C (mp-1197903) with band gap -0.07970000000000001 eV. This note is intentionally marked for human review as outdated_or_incorrect.

[rank=2 score=24.2768 doc_id=h1ctx_0005_mpc_0002_incorrect_gap] A noisy retrieved note reports C (mp-1244964) with band gap -0.0724 eV. This note is intentionally marked for human review as outdated_or_incorrect.

[rank=3 score=24.2768 doc_id=h1ctx_0011_mpc_0004_incorrect_gap] A noisy retrieved note reports C (mp-1244913) with band gap -0.10600000000000001 eV. This note is intentionally marked for human review as outdated_or_incorrect.",A noisy retrieved note reports C (mp-1197903) with band gap -0.07970000000000001 eV. This note is intentionally marked for human review as outdated_or_incorrect. A noisy retrieved note reports C (mp-1244964) with band gap -0.0724 eV. This note is intentionally marked for human review as outdated_or_incorrect. A noisy retrieved note reports C (mp-1244913) with band gap -0.10600000000000001 eV. This note is intentionally marked for human review as outdated_or_incorrect.,outdated_or_incorrect,1.0,"The answer directly quotes and repeats the entire retrieved context verbatim without adding any unsupported claims. All information in the answer is explicitly present in the context, including the material identifiers, band gap values, and the 'outdated_or_incorrect' markers. No additional interpretation or unsupported statements about thermodynamic stability are made.",0.0,non_negative_band_gap,1621,790,naive_context
rag_mpc_0073_current_gap,What is the band gap of C?,"[rank=1 score=24.9072 doc_id=h1ctx_0002_mpc_0001_incorrect_gap] A noisy retrieved note reports C (mp-1197903) with band gap -0.07970000000000001 eV. This note is intentionally marked for human review as outdated_or_incorrect.

[rank=2 score=24.9072 doc_id=h1ctx_0005_mpc_0002_incorrect_gap] A noisy retrieved note reports C (mp-1244964) with band gap -0.0724 eV. This note is intentionally marked for human review as outdated_or_incorrect.

[rank=3 score=24.9072 doc_id=h1ctx_0011_mpc_0004_incorrect_gap] A noisy retrieved note reports C (mp-1244913) with band gap -0.10600000000000001 eV. This note is intentionally marked for human review as outdated_or_incorrect.","The band gap of C is reported as -0.07970000000000001 eV, -0.0724 eV, and -0.10600000000000001 eV in the retrieved context.",outdated_or_incorrect,1.0,"The answer accurately reports the band gap values from the retrieved context, which explicitly state the band gaps as -0.07970000000000001 eV, -0.0724 eV, and -0.10600000000000001 eV for different C materials. Although the context marks these as outdated or incorrect, the answer faithfully reflects what is presented without adding unsupported claims.",0.0,non_negative_band_gap,1573,897,naive_context
rag_mpc_0073_incorrect_gap,What is the band gap of C?,"[rank=1 score=24.9072 doc_id=h1ctx_0002_mpc_0001_incorrect_gap] A noisy retrieved note reports C (mp-1197903) with band gap -0.07970000000000001 eV. This note is intentionally marked for human review as outdated_or_incorrect.

[rank=2 score=24.9072 doc_id=h1ctx_0005_mpc_0002_incorrect_gap] A noisy retrieved note reports C (mp-1244964) with band gap -0.0724 eV. This note is intentionally marked for human review as outdated_or_incorrect.

[rank=3 score=24.9072 doc_id=h1ctx_0011_mpc_0004_incorrect_gap] A noisy retrieved note reports C (mp-1244913) with band gap -0.10600000000000001 eV. This note is intentionally marked for human review as outdated_or_incorrect.","The band gap of C is reported as -0.07970000000000001 eV, -0.0724 eV, and -0.10600000000000001 eV in the retrieved context.",outdated_or_incorrect,1.0,"The answer accurately reports the band gap values from the retrieved context, which explicitly state the band gaps as -0.07970000000000001 eV, -0.0724 eV, and -0.10600000000000001 eV for different C materials. Although the context marks these as outdated or incorrect, the answer faithfully reflects what is presented without adding unsupported claims.",0.0,non_negative_band_gap,1573,897,naive_context
rag_mpc_0073_incomplete_stability,Is C thermodynamically stable?,"[rank=1 score=24.2768 doc_id=h1ctx_0002_mpc_0001_incorrect_gap] A noisy retrieved note reports C (mp-1197903) with band gap -0.07970000000000001 eV. This note is intentionally marked for human review as outdated_or_incorrect.

[rank=2 score=24.2768 doc_id=h1ctx_0005_mpc_0002_incorrect_gap] A noisy retrieved note reports C (mp-1244964) with band gap -0.0724 eV. This note is intentionally marked for human review as outdated_or_incorrect.

[rank=3 score=24.2768 doc_id=h1ctx_0011_mpc_0004_incorrect_gap] A noisy retrieved note reports C (mp-1244913) with band gap -0.10600000000000001 eV. This note is intentionally marked for human review as outdated_or_incorrect.",A noisy retrieved note reports C (mp-1197903) with band gap -0.07970000000000001 eV. This note is intentionally marked for human review as outdated_or_incorrect. A noisy retrieved note reports C (mp-1244964) with band gap -0.0724 eV. This note is intentionally marked for human review as outdated_or_incorrect. A noisy retrieved note reports C (mp-1244913) with band gap -0.10600000000000001 eV. This note is intentionally marked for human review as outdated_or_incorrect.,outdated_or_incorrect,1.0,"The answer directly quotes and repeats the entire retrieved context verbatim without adding any unsupported claims. All information in the answer is explicitly present in the context, including the material identifiers, band gap values, and the 'outdated_or_incorrect' markers. No additional interpretation or unsupported statements about thermodynamic stability are made.",0.0,non_negative_band_gap,1621,790,naive_context
rag_mpc_0074_current_gap,What is the band gap of O2?,"[rank=1 score=25.3749 doc_id=h1ctx_0008_mpc_0003_incorrect_gap] A noisy retrieved note reports O2 (mp-1180008) with band gap -1.277299999999999 eV. This note is intentionally marked for human review as outdated_or_incorrect.

[rank=2 score=25.3749 doc_id=h1ctx_0023_mpc_0008_incorrect_gap] A noisy retrieved note reports O2 (mp-12957) with band gap -1.0933 eV. This note is intentionally marked for human review as outdated_or_incorrect.

[rank=3 score=25.3749 doc_id=h1ctx_0026_mpc_0009_incorrect_gap] A noisy retrieved note reports O2 (mp-2204849) with band gap -2.720399999999999 eV. This note is intentionally marked for human review as outdated_or_incorrect.","-1.277299999999999 eV, -1.0933 eV, -2.720399999999999 eV",outdated_or_incorrect,0.0,"The answer lists band gap values from the retrieved context, but the context explicitly marks all these notes as 'outdated_or_incorrect'. Therefore, the answer is unsupported by the context, as the context indicates these values are unreliable.",0.0,non_negative_band_gap,1593,1069,naive_context
rag_mpc_0074_incorrect_gap,What is the band gap of O2?,"[rank=1 score=25.3749 doc_id=h1ctx_0008_mpc_0003_incorrect_gap] A noisy retrieved note reports O2 (mp-1180008) with band gap -1.277299999999999 eV. This note is intentionally marked for human review as outdated_or_incorrect.

[rank=2 score=25.3749 doc_id=h1ctx_0023_mpc_0008_incorrect_gap] A noisy retrieved note reports O2 (mp-12957) with band gap -1.0933 eV. This note is intentionally marked for human review as outdated_or_incorrect.

[rank=3 score=25.3749 doc_id=h1ctx_0026_mpc_0009_incorrect_gap] A noisy retrieved note reports O2 (mp-2204849) with band gap -2.720399999999999 eV. This note is intentionally marked for human review as outdated_or_incorrect.","-1.277299999999999 eV, -1.0933 eV, -2.720399999999999 eV",outdated_or_incorrect,0.0,"The answer lists band gap values from the retrieved context, but the context explicitly marks all these notes as 'outdated_or_incorrect'. Therefore, the answer is unsupported by the context, as the context indicates these values are unreliable.",0.0,non_negative_band_gap,1593,1069,naive_context
rag_mpc_0074_incomplete_stability,Is O2 thermodynamically stable?,"[rank=1 score=24.7444 doc_id=h1ctx_0008_mpc_0003_incorrect_gap] A noisy retrieved note reports O2 (mp-1180008) with band gap -1.277299999999999 eV. This note is intentionally marked for human review as outdated_or_incorrect.

[rank=2 score=24.7444 doc_id=h1ctx_0023_mpc_0008_incorrect_gap] A noisy retrieved note reports O2 (mp-12957) with band gap -1.0933 eV. This note is intentionally marked for human review as outdated_or_incorrect.

[rank=3 score=24.7444 doc_id=h1ctx_0026_mpc_0009_incorrect_gap] A noisy retrieved note reports O2 (mp-2204849) with band gap -2.720399999999999 eV. This note is intentionally marked for human review as outdated_or_incorrect.","O2 has a band gap of -1.277299999999999 eV, -1.0933 eV, and -2.720399999999999 eV.",outdated_or_incorrect,0.0,"The answer claims specific band gap values for O2, which are directly extracted from the retrieved context. However, the context explicitly states that these notes are 'outdated_or_incorrect' and intentionally marked for human review. Therefore, the answer presents data that is contradicted by the context's own reliability warnings, making it unsupported in terms of factual accuracy according to the provided context.",0.0,non_negative_band_gap,3589,1711,naive_context
rag_mpc_0075_current_gap,What is the band gap of Hg?,"[rank=1 score=26.3922 doc_id=h1ctx_0044_mpc_0015_incorrect_gap] A noisy retrieved note reports Hg (mp-569360) with band gap -0.09670000000000001 eV. This note is intentionally marked for human review as outdated_or_incorrect.

[rank=2 score=26.3922 doc_id=h1ctx_0131_mpc_0044_incorrect_gap] A noisy retrieved note reports Hg (mp-1077098) with band gap -1.0394 eV. This note is intentionally marked for human review as outdated_or_incorrect.

[rank=3 score=26.3922 doc_id=h1ctx_0224_mpc_0075_incorrect_gap] A noisy retrieved note reports Hg (mp-2629196) with band gap -0.40890000000000004 eV. This note is intentionally marked for human review as outdated_or_incorrect.","-0.09670000000000001 eV, -1.0394 eV, -0.40890000000000004 eV",outdated_or_incorrect,0.0,"The answer lists band gap values (-0.0967 eV, -1.0394 eV, -0.4089 eV) which are directly extracted from the retrieved context. However, the context explicitly marks all these notes as 'outdated_or_incorrect' and flags them for human review. Therefore, the answer presents information that is explicitly contradicted by the context's own warnings about its unreliability. The answer does not acknowledge the incorrect status and presents the values as factual, making it unsupported by the context's intended meaning.",0.0,non_negative_band_gap,1441,1157,naive_context
rag_mpc_0075_incorrect_gap,What is the band gap of Hg?,"[rank=1 score=26.3922 doc_id=h1ctx_0044_mpc_0015_incorrect_gap] A noisy retrieved note reports Hg (mp-569360) with band gap -0.09670000000000001 eV. This note is intentionally marked for human review as outdated_or_incorrect.

[rank=2 score=26.3922 doc_id=h1ctx_0131_mpc_0044_incorrect_gap] A noisy retrieved note reports Hg (mp-1077098) with band gap -1.0394 eV. This note is intentionally marked for human review as outdated_or_incorrect.

[rank=3 score=26.3922 doc_id=h1ctx_0224_mpc_0075_incorrect_gap] A noisy retrieved note reports Hg (mp-2629196) with band gap -0.40890000000000004 eV. This note is intentionally marked for human review as outdated_or_incorrect.","-0.09670000000000001 eV, -1.0394 eV, -0.40890000000000004 eV",outdated_or_incorrect,0.0,"The answer lists band gap values (-0.0967 eV, -1.0394 eV, -0.4089 eV) which are directly extracted from the retrieved context. However, the context explicitly marks all these notes as 'outdated_or_incorrect' and flags them for human review. Therefore, the answer presents information that is explicitly contradicted by the context's own warnings about its unreliability. The answer does not acknowledge the incorrect status and presents the values as factual, making it unsupported by the context's intended meaning.",0.0,non_negative_band_gap,1441,1157,naive_context
rag_mpc_0075_incomplete_stability,Is Hg thermodynamically stable?,"[rank=1 score=25.7617 doc_id=h1ctx_0044_mpc_0015_incorrect_gap] A noisy retrieved note reports Hg (mp-569360) with band gap -0.09670000000000001 eV. This note is intentionally marked for human review as outdated_or_incorrect.

[rank=2 score=25.7617 doc_id=h1ctx_0131_mpc_0044_incorrect_gap] A noisy retrieved note reports Hg (mp-1077098) with band gap -1.0394 eV. This note is intentionally marked for human review as outdated_or_incorrect.

[rank=3 score=25.7617 doc_id=h1ctx_0224_mpc_0075_incorrect_gap] A noisy retrieved note reports Hg (mp-2629196) with band gap -0.40890000000000004 eV. This note is intentionally marked for human review as outdated_or_incorrect.",A noisy retrieved note reports Hg (mp-569360) with band gap -0.09670000000000001 eV. A noisy retrieved note reports Hg (mp-1077098) with band gap -1.0394 eV. A noisy retrieved note reports Hg (mp-2629196) with band gap -0.40890000000000004 eV.,outdated_or_incorrect,1.0,"The answer directly quotes the band gap values from each of the three retrieved context entries without adding, omitting, or altering any claims. Each statement in the answer is verbatim supported by the corresponding context, and the answer does not introduce any unsupported assertions about thermodynamic stability.",0.0,non_negative_band_gap,2951,1570,naive_context
rag_mpc_0076_current_gap,What is the band gap of Hg?,"[rank=1 score=26.3922 doc_id=h1ctx_0044_mpc_0015_incorrect_gap] A noisy retrieved note reports Hg (mp-569360) with band gap -0.09670000000000001 eV. This note is intentionally marked for human review as outdated_or_incorrect.

[rank=2 score=26.3922 doc_id=h1ctx_0131_mpc_0044_incorrect_gap] A noisy retrieved note reports Hg (mp-1077098) with band gap -1.0394 eV. This note is intentionally marked for human review as outdated_or_incorrect.

[rank=3 score=26.3922 doc_id=h1ctx_0224_mpc_0075_incorrect_gap] A noisy retrieved note reports Hg (mp-2629196) with band gap -0.40890000000000004 eV. This note is intentionally marked for human review as outdated_or_incorrect.","-0.09670000000000001 eV, -1.0394 eV, -0.40890000000000004 eV",outdated_or_incorrect,0.0,"The answer lists band gap values (-0.0967 eV, -1.0394 eV, -0.4089 eV) which are directly extracted from the retrieved context. However, the context explicitly marks all these notes as 'outdated_or_incorrect' and flags them for human review. Therefore, the answer presents information that is explicitly contradicted by the context's own warnings about its unreliability. The answer does not acknowledge the incorrect status and presents the values as factual, making it unsupported by the context's intended meaning.",0.0,non_negative_band_gap,1441,1157,naive_context
rag_mpc_0076_incorrect_gap,What is the band gap of Hg?,"[rank=1 score=26.3922 doc_id=h1ctx_0044_mpc_0015_incorrect_gap] A noisy retrieved note reports Hg (mp-569360) with band gap -0.09670000000000001 eV. This note is intentionally marked for human review as outdated_or_incorrect.

[rank=2 score=26.3922 doc_id=h1ctx_0131_mpc_0044_incorrect_gap] A noisy retrieved note reports Hg (mp-1077098) with band gap -1.0394 eV. This note is intentionally marked for human review as outdated_or_incorrect.

[rank=3 score=26.3922 doc_id=h1ctx_0224_mpc_0075_incorrect_gap] A noisy retrieved note reports Hg (mp-2629196) with band gap -0.40890000000000004 eV. This note is intentionally marked for human review as outdated_or_incorrect.","-0.09670000000000001 eV, -1.0394 eV, -0.40890000000000004 eV",outdated_or_incorrect,0.0,"The answer lists band gap values (-0.0967 eV, -1.0394 eV, -0.4089 eV) which are directly extracted from the retrieved context. However, the context explicitly marks all these notes as 'outdated_or_incorrect' and flags them for human review. Therefore, the answer presents information that is explicitly contradicted by the context's own warnings about its unreliability. The answer does not acknowledge the incorrect status and presents the values as factual, making it unsupported by the context's intended meaning.",0.0,non_negative_band_gap,1441,1157,naive_context
rag_mpc_0076_incomplete_stability,Is Hg thermodynamically stable?,"[rank=1 score=25.7617 doc_id=h1ctx_0044_mpc_0015_incorrect_gap] A noisy retrieved note reports Hg (mp-569360) with band gap -0.09670000000000001 eV. This note is intentionally marked for human review as outdated_or_incorrect.

[rank=2 score=25.7617 doc_id=h1ctx_0131_mpc_0044_incorrect_gap] A noisy retrieved note reports Hg (mp-1077098) with band gap -1.0394 eV. This note is intentionally marked for human review as outdated_or_incorrect.

[rank=3 score=25.7617 doc_id=h1ctx_0224_mpc_0075_incorrect_gap] A noisy retrieved note reports Hg (mp-2629196) with band gap -0.40890000000000004 eV. This note is intentionally marked for human review as outdated_or_incorrect.",A noisy retrieved note reports Hg (mp-569360) with band gap -0.09670000000000001 eV. A noisy retrieved note reports Hg (mp-1077098) with band gap -1.0394 eV. A noisy retrieved note reports Hg (mp-2629196) with band gap -0.40890000000000004 eV.,outdated_or_incorrect,1.0,"The answer directly quotes the band gap values from each of the three retrieved context entries without adding, omitting, or altering any claims. Each statement in the answer is verbatim supported by the corresponding context, and the answer does not introduce any unsupported assertions about thermodynamic stability.",0.0,non_negative_band_gap,2951,1570,naive_context
rag_mpc_0077_current_gap,What is the band gap of Xe?,"[rank=1 score=27.4274 doc_id=h1ctx_0200_mpc_0067_incorrect_gap] A noisy retrieved note reports Xe (mp-1187769) with band gap -6.2294 eV. This note is intentionally marked for human review as outdated_or_incorrect.

[rank=2 score=27.4274 doc_id=h1ctx_0230_mpc_0077_incorrect_gap] A noisy retrieved note reports Xe (mp-972256) with band gap -6.1673 eV. This note is intentionally marked for human review as outdated_or_incorrect.

[rank=3 score=27.4274 doc_id=h1ctx_0233_mpc_0078_incorrect_gap] A noisy retrieved note reports Xe (mp-979286) with band gap -6.1713000000000005 eV. This note is intentionally marked for human review as outdated_or_incorrect.",-6.2294 eV,outdated_or_incorrect,0.0,"The answer states the band gap as -6.2294 eV, which is directly taken from the first retrieved context. However, all retrieved contexts are explicitly marked as 'outdated_or_incorrect' and contain negative band gaps, which are physically implausible for a band gap. Since the context itself indicates that these values are incorrect, the answer is contradicted by the context's own annotations. Therefore, the claim is unsupported by reliable context.",0.0,non_negative_band_gap,613,681,naive_context
rag_mpc_0077_incorrect_gap,What is the band gap of Xe?,"[rank=1 score=27.4274 doc_id=h1ctx_0200_mpc_0067_incorrect_gap] A noisy retrieved note reports Xe (mp-1187769) with band gap -6.2294 eV. This note is intentionally marked for human review as outdated_or_incorrect.

[rank=2 score=27.4274 doc_id=h1ctx_0230_mpc_0077_incorrect_gap] A noisy retrieved note reports Xe (mp-972256) with band gap -6.1673 eV. This note is intentionally marked for human review as outdated_or_incorrect.

[rank=3 score=27.4274 doc_id=h1ctx_0233_mpc_0078_incorrect_gap] A noisy retrieved note reports Xe (mp-979286) with band gap -6.1713000000000005 eV. This note is intentionally marked for human review as outdated_or_incorrect.",-6.2294 eV,outdated_or_incorrect,0.0,"The answer states the band gap as -6.2294 eV, which is directly taken from the first retrieved context. However, all retrieved contexts are explicitly marked as 'outdated_or_incorrect' and contain negative band gaps, which are physically implausible for a band gap. Since the context itself indicates that these values are incorrect, the answer is contradicted by the context's own annotations. Therefore, the claim is unsupported by reliable context.",0.0,non_negative_band_gap,613,681,naive_context
rag_mpc_0077_incomplete_stability,Is Xe thermodynamically stable?,"[rank=1 score=26.7969 doc_id=h1ctx_0200_mpc_0067_incorrect_gap] A noisy retrieved note reports Xe (mp-1187769) with band gap -6.2294 eV. This note is intentionally marked for human review as outdated_or_incorrect.

[rank=2 score=26.7969 doc_id=h1ctx_0230_mpc_0077_incorrect_gap] A noisy retrieved note reports Xe (mp-972256) with band gap -6.1673 eV. This note is intentionally marked for human review as outdated_or_incorrect.

[rank=3 score=26.7969 doc_id=h1ctx_0233_mpc_0078_incorrect_gap] A noisy retrieved note reports Xe (mp-979286) with band gap -6.1713000000000005 eV. This note is intentionally marked for human review as outdated_or_incorrect.","Xe is not thermodynamically stable according to the retrieved context, as all sources report negative band gaps for different Xe materials (mp-1187769: -6.2294 eV, mp-972256: -6.1673 eV, mp-979286: -6.1713 eV), which indicate thermodynamic instability.",outdated_or_incorrect,0.0,"The answer claims that Xe is not thermodynamically stable based on negative band gaps reported in the context. However, all retrieved contexts are explicitly marked as 'outdated_or_incorrect' and are described as noisy notes intended for human review. The context does not support the claim of thermodynamic instability; it actually warns that the data is unreliable. Therefore, the answer's key claim is contradicted by the context's own annotations about data quality.",1.0,,3114,897,naive_context
rag_mpc_0078_current_gap,What is the band gap of Xe?,"[rank=1 score=27.4274 doc_id=h1ctx_0200_mpc_0067_incorrect_gap] A noisy retrieved note reports Xe (mp-1187769) with band gap -6.2294 eV. This note is intentionally marked for human review as outdated_or_incorrect.

[rank=2 score=27.4274 doc_id=h1ctx_0230_mpc_0077_incorrect_gap] A noisy retrieved note reports Xe (mp-972256) with band gap -6.1673 eV. This note is intentionally marked for human review as outdated_or_incorrect.

[rank=3 score=27.4274 doc_id=h1ctx_0233_mpc_0078_incorrect_gap] A noisy retrieved note reports Xe (mp-979286) with band gap -6.1713000000000005 eV. This note is intentionally marked for human review as outdated_or_incorrect.",-6.2294 eV,outdated_or_incorrect,0.0,"The answer states the band gap as -6.2294 eV, which is directly taken from the first retrieved context. However, all retrieved contexts are explicitly marked as 'outdated_or_incorrect' and contain negative band gaps, which are physically implausible for a band gap. Since the context itself indicates that these values are incorrect, the answer is contradicted by the context's own annotations. Therefore, the claim is unsupported by reliable context.",0.0,non_negative_band_gap,613,681,naive_context
rag_mpc_0078_incorrect_gap,What is the band gap of Xe?,"[rank=1 score=27.4274 doc_id=h1ctx_0200_mpc_0067_incorrect_gap] A noisy retrieved note reports Xe (mp-1187769) with band gap -6.2294 eV. This note is intentionally marked for human review as outdated_or_incorrect.

[rank=2 score=27.4274 doc_id=h1ctx_0230_mpc_0077_incorrect_gap] A noisy retrieved note reports Xe (mp-972256) with band gap -6.1673 eV. This note is intentionally marked for human review as outdated_or_incorrect.

[rank=3 score=27.4274 doc_id=h1ctx_0233_mpc_0078_incorrect_gap] A noisy retrieved note reports Xe (mp-979286) with band gap -6.1713000000000005 eV. This note is intentionally marked for human review as outdated_or_incorrect.",-6.2294 eV,outdated_or_incorrect,0.0,"The answer states the band gap as -6.2294 eV, which is directly taken from the first retrieved context. However, all retrieved contexts are explicitly marked as 'outdated_or_incorrect' and contain negative band gaps, which are physically implausible for a band gap. Since the context itself indicates that these values are incorrect, the answer is contradicted by the context's own annotations. Therefore, the claim is unsupported by reliable context.",0.0,non_negative_band_gap,613,681,naive_context
rag_mpc_0078_incomplete_stability,Is Xe thermodynamically stable?,"[rank=1 score=26.7969 doc_id=h1ctx_0200_mpc_0067_incorrect_gap] A noisy retrieved note reports Xe (mp-1187769) with band gap -6.2294 eV. This note is intentionally marked for human review as outdated_or_incorrect.

[rank=2 score=26.7969 doc_id=h1ctx_0230_mpc_0077_incorrect_gap] A noisy retrieved note reports Xe (mp-972256) with band gap -6.1673 eV. This note is intentionally marked for human review as outdated_or_incorrect.

[rank=3 score=26.7969 doc_id=h1ctx_0233_mpc_0078_incorrect_gap] A noisy retrieved note reports Xe (mp-979286) with band gap -6.1713000000000005 eV. This note is intentionally marked for human review as outdated_or_incorrect.","Xe is not thermodynamically stable according to the retrieved context, as all sources report negative band gaps for different Xe materials (mp-1187769: -6.2294 eV, mp-972256: -6.1673 eV, mp-979286: -6.1713 eV), which indicate thermodynamic instability.",outdated_or_incorrect,0.0,"The answer claims that Xe is not thermodynamically stable based on negative band gaps reported in the context. However, all retrieved contexts are explicitly marked as 'outdated_or_incorrect' and are described as noisy notes intended for human review. The context does not support the claim of thermodynamic instability; it actually warns that the data is unreliable. Therefore, the answer's key claim is contradicted by the context's own annotations about data quality.",1.0,,3114,897,naive_context
rag_mpc_0079_current_gap,What is the band gap of Kr?,"[rank=1 score=28.6263 doc_id=h1ctx_0236_mpc_0079_incorrect_gap] A noisy retrieved note reports Kr (mp-975590) with band gap -7.174799999999999 eV. This note is intentionally marked for human review as outdated_or_incorrect.

[rank=2 score=26.6959 doc_id=h1ctx_0237_mpc_0079_incomplete_stability] A short retrieved snippet mentions Kr (mp-975590) as stable, but omits formation energy, hull distance, and thermodynamic qualification.

[rank=3 score=26.6635 doc_id=mp_0276] Materials Project reports Kr (mp-975590). Band gap: 7.174799999999999 eV. Formation energy per atom: 0.0 eV/atom. Energy above hull: 0.0 eV/atom. Stable: True.",7.174799999999999 eV,outdated_or_incorrect,1.0,"The answer '7.174799999999999 eV' is directly supported by the retrieved context. Specifically, the context at rank=3 (doc_id=mp_0276) explicitly states 'Band gap: 7.174799999999999 eV' for Kr (mp-975590). While the context at rank=1 notes an 'incorrect_gap' with a negative value, this is marked as outdated or incorrect, and the answer correctly aligns with the authoritative source (rank=3) which provides the positive band gap value. The answer is consistent with the reliable context provided.",1.0,,1450,1324,naive_context
rag_mpc_0079_incorrect_gap,What is the band gap of Kr?,"[rank=1 score=28.6263 doc_id=h1ctx_0236_mpc_0079_incorrect_gap] A noisy retrieved note reports Kr (mp-975590) with band gap -7.174799999999999 eV. This note is intentionally marked for human review as outdated_or_incorrect.

[rank=2 score=26.6959 doc_id=h1ctx_0237_mpc_0079_incomplete_stability] A short retrieved snippet mentions Kr (mp-975590) as stable, but omits formation energy, hull distance, and thermodynamic qualification.

[rank=3 score=26.6635 doc_id=mp_0276] Materials Project reports Kr (mp-975590). Band gap: 7.174799999999999 eV. Formation energy per atom: 0.0 eV/atom. Energy above hull: 0.0 eV/atom. Stable: True.",7.174799999999999 eV,outdated_or_incorrect,1.0,"The answer '7.174799999999999 eV' is directly supported by the retrieved context. Specifically, the context at rank=3 (doc_id=mp_0276) explicitly states 'Band gap: 7.174799999999999 eV' for Kr (mp-975590). While the context at rank=1 notes an 'incorrect_gap' with a negative value, this is marked as outdated or incorrect, and the answer correctly aligns with the authoritative source (rank=3) which provides the positive band gap value. The answer is consistent with the reliable context provided.",1.0,,1450,1324,naive_context
rag_mpc_0079_incomplete_stability,Is Kr thermodynamically stable?,"[rank=1 score=27.9958 doc_id=h1ctx_0236_mpc_0079_incorrect_gap] A noisy retrieved note reports Kr (mp-975590) with band gap -7.174799999999999 eV. This note is intentionally marked for human review as outdated_or_incorrect.

[rank=2 score=27.0448 doc_id=h1ctx_0237_mpc_0079_incomplete_stability] A short retrieved snippet mentions Kr (mp-975590) as stable, but omits formation energy, hull distance, and thermodynamic qualification.

[rank=3 score=26.3567 doc_id=mp_0276] Materials Project reports Kr (mp-975590). Band gap: 7.174799999999999 eV. Formation energy per atom: 0.0 eV/atom. Energy above hull: 0.0 eV/atom. Stable: True.",Kr is thermodynamically stable.,outdated_or_incorrect,0.5,"The answer claims Kr is thermodynamically stable. Rank 3 context explicitly states 'Stable: True' with formation energy and hull distance both at 0.0 eV/atom, which strongly supports thermodynamic stability. However, rank 1 context flags the band gap value as potentially incorrect and outdated, but band gap is unrelated to thermodynamic stability. Rank 2 context mentions stability but lacks thermodynamic data, creating ambiguity. Since the core claim is supported by the highest-ranked and most complete source (rank 3), but conflicting signals exist in lower-ranked contexts about data reliability, the support is partial.",1.0,,1477,898,naive_context
rag_mpc_0080_current_gap,What is the band gap of N2?,"[rank=1 score=27.5610 doc_id=h1ctx_0077_mpc_0026_incorrect_gap] A noisy retrieved note reports N2 (mp-570747) with band gap -6.739 eV. This note is intentionally marked for human review as outdated_or_incorrect.

[rank=2 score=27.5610 doc_id=h1ctx_0239_mpc_0080_incorrect_gap] A noisy retrieved note reports N2 (mp-568584) with band gap -6.9553 eV. This note is intentionally marked for human review as outdated_or_incorrect.

[rank=3 score=25.6131 doc_id=mp_0108] Materials Project reports N2 (mp-570747). Band gap: 6.739 eV. Formation energy per atom: 0.002401956249999 eV/atom. Energy above hull: 0.002401956249999 eV/atom. Stable: False.",6.739 eV,outdated_or_incorrect,0.0,"The answer states the band gap as 6.739 eV, which is positive. However, the retrieved context includes two documents (rank=1 and rank=2) explicitly reporting negative band gaps (-6.739 eV and -6.9553 eV) and marked as outdated_or_incorrect. The third document (rank=3) reports a positive band gap of 6.739 eV but is for an unstable material (Stable: False). The answer does not acknowledge the negative band gaps or the instability, presenting the positive value without context. Since the context contains conflicting information and the answer ignores the negative values and warnings, it is not faithfully grounded in the provided context.",1.0,,1766,1231,naive_context
rag_mpc_0080_incorrect_gap,What is the band gap of N2?,"[rank=1 score=27.5610 doc_id=h1ctx_0077_mpc_0026_incorrect_gap] A noisy retrieved note reports N2 (mp-570747) with band gap -6.739 eV. This note is intentionally marked for human review as outdated_or_incorrect.

[rank=2 score=27.5610 doc_id=h1ctx_0239_mpc_0080_incorrect_gap] A noisy retrieved note reports N2 (mp-568584) with band gap -6.9553 eV. This note is intentionally marked for human review as outdated_or_incorrect.

[rank=3 score=25.6131 doc_id=mp_0108] Materials Project reports N2 (mp-570747). Band gap: 6.739 eV. Formation energy per atom: 0.002401956249999 eV/atom. Energy above hull: 0.002401956249999 eV/atom. Stable: False.",6.739 eV,outdated_or_incorrect,0.0,"The answer states the band gap as 6.739 eV, which is positive. However, the retrieved context includes two documents (rank=1 and rank=2) explicitly reporting negative band gaps (-6.739 eV and -6.9553 eV) and marked as outdated_or_incorrect. The third document (rank=3) reports a positive band gap of 6.739 eV but is for an unstable material (Stable: False). The answer does not acknowledge the negative band gaps or the instability, presenting the positive value without context. Since the context contains conflicting information and the answer ignores the negative values and warnings, it is not faithfully grounded in the provided context.",1.0,,1766,1231,naive_context
rag_mpc_0080_incomplete_stability,Is N2 thermodynamically stable?,"[rank=1 score=26.9305 doc_id=h1ctx_0077_mpc_0026_incorrect_gap] A noisy retrieved note reports N2 (mp-570747) with band gap -6.739 eV. This note is intentionally marked for human review as outdated_or_incorrect.

[rank=2 score=26.9305 doc_id=h1ctx_0239_mpc_0080_incorrect_gap] A noisy retrieved note reports N2 (mp-568584) with band gap -6.9553 eV. This note is intentionally marked for human review as outdated_or_incorrect.

[rank=3 score=25.8806 doc_id=h1ctx_0078_mpc_0026_incomplete_stability] A short retrieved snippet mentions N2 (mp-570747) as stable, but omits formation energy, hull distance, and thermodynamic qualification.","A short retrieved snippet mentions N2 (mp-570747) as stable, but omits formation energy, hull distance, and thermodynamic qualification.",outdated_or_incorrect,0.5,"The answer directly quotes the context's third snippet stating that N2 (mp-570747) is mentioned as stable but omits key thermodynamic details. However, the context flags the first two snippets as outdated/incorrect and notes the third lacks critical information. The answer does not address the unreliability of the sources or the missing thermodynamic qualifications, leading to partial support.",1.0,,1373,1264,naive_context
rag_mpc_0081_current_gap,What is the band gap of S?,"[rank=1 score=25.2867 doc_id=h1ctx_0068_mpc_0023_incorrect_gap] A noisy retrieved note reports S (mp-96) with band gap -2.748 eV. This note is intentionally marked for human review as outdated_or_incorrect.

[rank=2 score=25.2867 doc_id=h1ctx_0116_mpc_0039_incorrect_gap] A noisy retrieved note reports S (mp-556269) with band gap -2.3783 eV. This note is intentionally marked for human review as outdated_or_incorrect.

[rank=3 score=25.2867 doc_id=h1ctx_0119_mpc_0040_incorrect_gap] A noisy retrieved note reports S (mp-557559) with band gap -2.496299999999999 eV. This note is intentionally marked for human review as outdated_or_incorrect.",-2.748 eV,outdated_or_incorrect,0.0,"The answer states -2.748 eV, which is directly taken from the first retrieved context (rank=1). However, all retrieved contexts explicitly state that they are marked as 'outdated_or_incorrect' and are described as 'noisy' notes. The answer does not acknowledge this uncertainty and presents the value as factual, contradicting the context's own flags indicating unreliability.",0.0,non_negative_band_gap,1170,729,naive_context
rag_mpc_0081_incorrect_gap,What is the band gap of S?,"[rank=1 score=25.2867 doc_id=h1ctx_0068_mpc_0023_incorrect_gap] A noisy retrieved note reports S (mp-96) with band gap -2.748 eV. This note is intentionally marked for human review as outdated_or_incorrect.

[rank=2 score=25.2867 doc_id=h1ctx_0116_mpc_0039_incorrect_gap] A noisy retrieved note reports S (mp-556269) with band gap -2.3783 eV. This note is intentionally marked for human review as outdated_or_incorrect.

[rank=3 score=25.2867 doc_id=h1ctx_0119_mpc_0040_incorrect_gap] A noisy retrieved note reports S (mp-557559) with band gap -2.496299999999999 eV. This note is intentionally marked for human review as outdated_or_incorrect.",-2.748 eV,outdated_or_incorrect,0.0,"The answer states -2.748 eV, which is directly taken from the first retrieved context (rank=1). However, all retrieved contexts explicitly state that they are marked as 'outdated_or_incorrect' and are described as 'noisy' notes. The answer does not acknowledge this uncertainty and presents the value as factual, contradicting the context's own flags indicating unreliability.",0.0,non_negative_band_gap,1170,729,naive_context
rag_mpc_0081_incomplete_stability,Is S thermodynamically stable?,"[rank=1 score=24.6562 doc_id=h1ctx_0068_mpc_0023_incorrect_gap] A noisy retrieved note reports S (mp-96) with band gap -2.748 eV. This note is intentionally marked for human review as outdated_or_incorrect.

[rank=2 score=24.6562 doc_id=h1ctx_0116_mpc_0039_incorrect_gap] A noisy retrieved note reports S (mp-556269) with band gap -2.3783 eV. This note is intentionally marked for human review as outdated_or_incorrect.

[rank=3 score=24.6562 doc_id=h1ctx_0119_mpc_0040_incorrect_gap] A noisy retrieved note reports S (mp-557559) with band gap -2.496299999999999 eV. This note is intentionally marked for human review as outdated_or_incorrect.",S is thermodynamically stable based on the retrieved context reporting negative band gaps for multiple compounds.,outdated_or_incorrect,0.0,"The answer claims S is thermodynamically stable based on negative band gaps in the context. However, the retrieved context explicitly marks all band gap values as outdated or incorrect. The negative band gaps are presented as errors flagged for review, not as valid evidence. Therefore, the answer's claim is unsupported and contradicted by the context's warnings about data reliability.",1.0,,2562,673,naive_context
rag_mpc_0082_current_gap,What is the band gap of C?,"[rank=1 score=24.9072 doc_id=h1ctx_0002_mpc_0001_incorrect_gap] A noisy retrieved note reports C (mp-1197903) with band gap -0.07970000000000001 eV. This note is intentionally marked for human review as outdated_or_incorrect.

[rank=2 score=24.9072 doc_id=h1ctx_0005_mpc_0002_incorrect_gap] A noisy retrieved note reports C (mp-1244964) with band gap -0.0724 eV. This note is intentionally marked for human review as outdated_or_incorrect.

[rank=3 score=24.9072 doc_id=h1ctx_0011_mpc_0004_incorrect_gap] A noisy retrieved note reports C (mp-1244913) with band gap -0.10600000000000001 eV. This note is intentionally marked for human review as outdated_or_incorrect.","The band gap of C is reported as -0.07970000000000001 eV, -0.0724 eV, and -0.10600000000000001 eV in the retrieved context.",outdated_or_incorrect,1.0,"The answer accurately reports the band gap values from the retrieved context, which explicitly state the band gaps as -0.07970000000000001 eV, -0.0724 eV, and -0.10600000000000001 eV for different C materials. Although the context marks these as outdated or incorrect, the answer faithfully reflects what is presented without adding unsupported claims.",0.0,non_negative_band_gap,1573,897,naive_context
rag_mpc_0082_incorrect_gap,What is the band gap of C?,"[rank=1 score=24.9072 doc_id=h1ctx_0002_mpc_0001_incorrect_gap] A noisy retrieved note reports C (mp-1197903) with band gap -0.07970000000000001 eV. This note is intentionally marked for human review as outdated_or_incorrect.

[rank=2 score=24.9072 doc_id=h1ctx_0005_mpc_0002_incorrect_gap] A noisy retrieved note reports C (mp-1244964) with band gap -0.0724 eV. This note is intentionally marked for human review as outdated_or_incorrect.

[rank=3 score=24.9072 doc_id=h1ctx_0011_mpc_0004_incorrect_gap] A noisy retrieved note reports C (mp-1244913) with band gap -0.10600000000000001 eV. This note is intentionally marked for human review as outdated_or_incorrect.","The band gap of C is reported as -0.07970000000000001 eV, -0.0724 eV, and -0.10600000000000001 eV in the retrieved context.",outdated_or_incorrect,1.0,"The answer accurately reports the band gap values from the retrieved context, which explicitly state the band gaps as -0.07970000000000001 eV, -0.0724 eV, and -0.10600000000000001 eV for different C materials. Although the context marks these as outdated or incorrect, the answer faithfully reflects what is presented without adding unsupported claims.",0.0,non_negative_band_gap,1573,897,naive_context
rag_mpc_0082_incomplete_stability,Is C thermodynamically stable?,"[rank=1 score=24.2768 doc_id=h1ctx_0002_mpc_0001_incorrect_gap] A noisy retrieved note reports C (mp-1197903) with band gap -0.07970000000000001 eV. This note is intentionally marked for human review as outdated_or_incorrect.

[rank=2 score=24.2768 doc_id=h1ctx_0005_mpc_0002_incorrect_gap] A noisy retrieved note reports C (mp-1244964) with band gap -0.0724 eV. This note is intentionally marked for human review as outdated_or_incorrect.

[rank=3 score=24.2768 doc_id=h1ctx_0011_mpc_0004_incorrect_gap] A noisy retrieved note reports C (mp-1244913) with band gap -0.10600000000000001 eV. This note is intentionally marked for human review as outdated_or_incorrect.",A noisy retrieved note reports C (mp-1197903) with band gap -0.07970000000000001 eV. This note is intentionally marked for human review as outdated_or_incorrect. A noisy retrieved note reports C (mp-1244964) with band gap -0.0724 eV. This note is intentionally marked for human review as outdated_or_incorrect. A noisy retrieved note reports C (mp-1244913) with band gap -0.10600000000000001 eV. This note is intentionally marked for human review as outdated_or_incorrect.,outdated_or_incorrect,1.0,"The answer directly quotes and repeats the entire retrieved context verbatim without adding any unsupported claims. All information in the answer is explicitly present in the context, including the material identifiers, band gap values, and the 'outdated_or_incorrect' markers. No additional interpretation or unsupported statements about thermodynamic stability are made.",0.0,non_negative_band_gap,1621,790,naive_context
rag_mpc_0083_current_gap,What is the band gap of H2?,"[rank=1 score=26.5640 doc_id=h1ctx_0086_mpc_0029_incorrect_gap] A noisy retrieved note reports H2 (mp-2739136) with band gap -10.5108 eV. This note is intentionally marked for human review as outdated_or_incorrect.

[rank=2 score=26.5640 doc_id=h1ctx_0092_mpc_0031_incorrect_gap] A noisy retrieved note reports H2 (mp-632172) with band gap -9.328899999999999 eV. This note is intentionally marked for human review as outdated_or_incorrect.

[rank=3 score=26.5640 doc_id=h1ctx_0104_mpc_0035_incorrect_gap] A noisy retrieved note reports H2 (mp-632291) with band gap -8.8499 eV. This note is intentionally marked for human review as outdated_or_incorrect.","H2 (mp-2739136) has band gap -10.5108 eV, H2 (mp-632172) has band gap -9.328899999999999 eV, H2 (mp-632291) has band gap -8.8499 eV",outdated_or_incorrect,1.0,"The answer directly quotes the band gap values for each H2 material from the retrieved context. Each claim (mp-2739136: -10.5108 eV, mp-632172: -9.328899999999999 eV, mp-632291: -8.8499 eV) is explicitly supported by the corresponding ranked context entries. The answer does not add or contradict information beyond what is provided in the context, despite the context notes being marked as outdated or incorrect, as the rubric only assesses support from the context, not scientific correctness.",0.0,non_negative_band_gap,1147,716,naive_context
rag_mpc_0083_incorrect_gap,What is the band gap of H2?,"[rank=1 score=26.5640 doc_id=h1ctx_0086_mpc_0029_incorrect_gap] A noisy retrieved note reports H2 (mp-2739136) with band gap -10.5108 eV. This note is intentionally marked for human review as outdated_or_incorrect.

[rank=2 score=26.5640 doc_id=h1ctx_0092_mpc_0031_incorrect_gap] A noisy retrieved note reports H2 (mp-632172) with band gap -9.328899999999999 eV. This note is intentionally marked for human review as outdated_or_incorrect.

[rank=3 score=26.5640 doc_id=h1ctx_0104_mpc_0035_incorrect_gap] A noisy retrieved note reports H2 (mp-632291) with band gap -8.8499 eV. This note is intentionally marked for human review as outdated_or_incorrect.","H2 (mp-2739136) has band gap -10.5108 eV, H2 (mp-632172) has band gap -9.328899999999999 eV, H2 (mp-632291) has band gap -8.8499 eV",outdated_or_incorrect,1.0,"The answer directly quotes the band gap values for each H2 material from the retrieved context. Each claim (mp-2739136: -10.5108 eV, mp-632172: -9.328899999999999 eV, mp-632291: -8.8499 eV) is explicitly supported by the corresponding ranked context entries. The answer does not add or contradict information beyond what is provided in the context, despite the context notes being marked as outdated or incorrect, as the rubric only assesses support from the context, not scientific correctness.",0.0,non_negative_band_gap,1147,716,naive_context
rag_mpc_0083_incomplete_stability,Is H2 thermodynamically stable?,"[rank=1 score=25.9335 doc_id=h1ctx_0086_mpc_0029_incorrect_gap] A noisy retrieved note reports H2 (mp-2739136) with band gap -10.5108 eV. This note is intentionally marked for human review as outdated_or_incorrect.

[rank=2 score=25.9335 doc_id=h1ctx_0092_mpc_0031_incorrect_gap] A noisy retrieved note reports H2 (mp-632172) with band gap -9.328899999999999 eV. This note is intentionally marked for human review as outdated_or_incorrect.

[rank=3 score=25.9335 doc_id=h1ctx_0104_mpc_0035_incorrect_gap] A noisy retrieved note reports H2 (mp-632291) with band gap -8.8499 eV. This note is intentionally marked for human review as outdated_or_incorrect.",A noisy retrieved note reports H2 (mp-2739136) with band gap -10.5108 eV. This note is intentionally marked for human review as outdated_or_incorrect. A noisy retrieved note reports H2 (mp-632172) with band gap -9.328899999999999 eV. This note is intentionally marked for human review as outdated_or_incorrect. A noisy retrieved note reports H2 (mp-632291) with band gap -8.8499 eV. This note is intentionally marked for human review as outdated_or_incorrect.,outdated_or_incorrect,0.0,"The answer merely repeats the retrieved context verbatim, which consists of outdated or incorrect band gap values for H2 structures. However, the question asks about H2's thermodynamic stability, which is unrelated to band gaps. The context does not mention thermodynamic stability at all, so the answer fails to address the question and lacks any grounding in the provided context for the specific query.",0.0,non_negative_band_gap,2099,817,naive_context
rag_mpc_0084_current_gap,What is the band gap of He?,"[rank=1 score=28.3246 doc_id=h1ctx_0251_mpc_0084_incorrect_gap] A noisy retrieved note reports He (mp-754382) with band gap -16.586399999999998 eV. This note is intentionally marked for human review as outdated_or_incorrect.

[rank=2 score=26.3662 doc_id=h1ctx_0252_mpc_0084_incomplete_stability] A short retrieved snippet mentions He (mp-754382) as stable, but omits formation energy, hull distance, and thermodynamic qualification.

[rank=3 score=26.3660 doc_id=mp_0300] Materials Project reports He (mp-754382). Band gap: 16.586399999999998 eV. Formation energy per atom: 0.003566589999999 eV/atom. Energy above hull: 0.003566589999999 eV/atom. Stable: False.",16.586399999999998 eV,outdated_or_incorrect,1.0,"The answer '16.586399999999998 eV' is directly supported by the retrieved context from rank=3 (doc_id=mp_0300), which explicitly states 'Band gap: 16.586399999999998 eV'. While rank=1 mentions a negative band gap and is marked as outdated or incorrect, the answer aligns with the correct value from rank=3. The answer is not contradicted by other contexts as rank=2 does not mention band gap. Therefore, the key claim is fully grounded in the authoritative source.",1.0,,587,734,naive_context
rag_mpc_0084_incorrect_gap,What is the band gap of He?,"[rank=1 score=28.3246 doc_id=h1ctx_0251_mpc_0084_incorrect_gap] A noisy retrieved note reports He (mp-754382) with band gap -16.586399999999998 eV. This note is intentionally marked for human review as outdated_or_incorrect.

[rank=2 score=26.3662 doc_id=h1ctx_0252_mpc_0084_incomplete_stability] A short retrieved snippet mentions He (mp-754382) as stable, but omits formation energy, hull distance, and thermodynamic qualification.

[rank=3 score=26.3660 doc_id=mp_0300] Materials Project reports He (mp-754382). Band gap: 16.586399999999998 eV. Formation energy per atom: 0.003566589999999 eV/atom. Energy above hull: 0.003566589999999 eV/atom. Stable: False.",16.586399999999998 eV,outdated_or_incorrect,1.0,"The answer '16.586399999999998 eV' is directly supported by the retrieved context from rank=3 (doc_id=mp_0300), which explicitly states 'Band gap: 16.586399999999998 eV'. While rank=1 mentions a negative band gap and is marked as outdated or incorrect, the answer aligns with the correct value from rank=3. The answer is not contradicted by other contexts as rank=2 does not mention band gap. Therefore, the key claim is fully grounded in the authoritative source.",1.0,,587,734,naive_context
rag_mpc_0084_incomplete_stability,Is He thermodynamically stable?,"[rank=1 score=27.6941 doc_id=h1ctx_0251_mpc_0084_incorrect_gap] A noisy retrieved note reports He (mp-754382) with band gap -16.586399999999998 eV. This note is intentionally marked for human review as outdated_or_incorrect.

[rank=2 score=26.7151 doc_id=h1ctx_0252_mpc_0084_incomplete_stability] A short retrieved snippet mentions He (mp-754382) as stable, but omits formation energy, hull distance, and thermodynamic qualification.

[rank=3 score=26.0592 doc_id=mp_0300] Materials Project reports He (mp-754382). Band gap: 16.586399999999998 eV. Formation energy per atom: 0.003566589999999 eV/atom. Energy above hull: 0.003566589999999 eV/atom. Stable: False.",False,outdated_or_incorrect,0.5,"The answer 'False' claims helium is not thermodynamically stable. Context rank=3 explicitly states 'Stable: False' for He (mp-754382), which directly supports the claim. However, rank=2 ambiguously mentions 'stable' without thermodynamic qualification, creating partial contradiction. Rank=1 provides incorrect band gap data and is marked outdated, so it is disregarded. The answer is grounded in rank=3 but conflicts with rank=2's incomplete snippet, leading to partial support.",1.0,,615,760,naive_context
rag_cov_01_01_current,Is Xx2O3 a valid materials formula?,"[rank=1 score=30.5258 doc_id=h1ctx_0254_cov_01_01_incorrect] A noisy retrieved table lists Xx2O3 as a stable oxide material.

[rank=2 score=27.9209 doc_id=h1ctx_0253_cov_01_01_current] Valid chemical formulas must use recognized element symbols.

[rank=3 score=7.8384 doc_id=arxiv_0039] AtomComposer: Discovering Chemical Space from First Principles with Reinforcement Learning. Discovering novel stable molecules without training data remains a grand scientific challenge. Current molecular generative models are trained on large, pre-curated datasets, which introduce biases and limit exploration of novel chemistry. In contrast, we propose a new paradigm: autonomous, generalized agents capable of mapping vast, unknown chemical spaces without any pretraining. For the first time, we present AtomComposer, a self-guided agent that autonomously constructs valid 3D isomers under stoichiometric constraints and is trained exclusively online using reinforcement learning. Unlike existing approaches that generally overfit to a specific chemical formula, we establish a multi-composition training scheme that enables a broad generalization across diverse chemistry, guided by energy- and validity-based rewards. Our agent can discover up to an order of magnitude more valid isomers on unseen test formulas than existing single-composition reinforcement-learning baselines trained with per-step energy rewards. These results fulfill the promise of online reinforcement learning as a powerful paradigm for scalable, from-scratch exploration of chemical configuration space.",Xx2O3 is a valid materials formula.,outdated_or_incorrect,0.0,"The answer claims that Xx2O3 is a valid materials formula. The retrieved context explicitly states that valid chemical formulas must use recognized element symbols (rank=2). The symbol 'Xx' is not a recognized element symbol in chemistry, making the formula invalid. The rank=1 context mentions Xx2O3 as a stable oxide material but is labeled as 'incorrect' in the doc_id, suggesting it is not reliable. The rank=3 context discusses discovering valid isomers but does not support the validity of Xx2O3 specifically. Therefore, the answer is contradicted by key context.",0.0,valid_chemical_symbols,1328,849,naive_context
rag_cov_01_01_incorrect,Is Xx2O3 a valid materials formula?,"[rank=1 score=30.5258 doc_id=h1ctx_0254_cov_01_01_incorrect] A noisy retrieved table lists Xx2O3 as a stable oxide material.

[rank=2 score=27.9209 doc_id=h1ctx_0253_cov_01_01_current] Valid chemical formulas must use recognized element symbols.

[rank=3 score=7.8384 doc_id=arxiv_0039] AtomComposer: Discovering Chemical Space from First Principles with Reinforcement Learning. Discovering novel stable molecules without training data remains a grand scientific challenge. Current molecular generative models are trained on large, pre-curated datasets, which introduce biases and limit exploration of novel chemistry. In contrast, we propose a new paradigm: autonomous, generalized agents capable of mapping vast, unknown chemical spaces without any pretraining. For the first time, we present AtomComposer, a self-guided agent that autonomously constructs valid 3D isomers under stoichiometric constraints and is trained exclusively online using reinforcement learning. Unlike existing approaches that generally overfit to a specific chemical formula, we establish a multi-composition training scheme that enables a broad generalization across diverse chemistry, guided by energy- and validity-based rewards. Our agent can discover up to an order of magnitude more valid isomers on unseen test formulas than existing single-composition reinforcement-learning baselines trained with per-step energy rewards. These results fulfill the promise of online reinforcement learning as a powerful paradigm for scalable, from-scratch exploration of chemical configuration space.",Xx2O3 is a valid materials formula.,outdated_or_incorrect,0.0,"The answer claims that Xx2O3 is a valid materials formula. The retrieved context explicitly states that valid chemical formulas must use recognized element symbols (rank=2). The symbol 'Xx' is not a recognized element symbol in chemistry, making the formula invalid. The rank=1 context mentions Xx2O3 as a stable oxide material but is labeled as 'incorrect' in the doc_id, suggesting it is not reliable. The rank=3 context discusses discovering valid isomers but does not support the validity of Xx2O3 specifically. Therefore, the answer is contradicted by key context.",0.0,valid_chemical_symbols,1328,849,naive_context
rag_cov_01_02_current,Is Xx2O3 a valid materials formula?,"[rank=1 score=30.5258 doc_id=h1ctx_0254_cov_01_01_incorrect] A noisy retrieved table lists Xx2O3 as a stable oxide material.

[rank=2 score=27.9209 doc_id=h1ctx_0253_cov_01_01_current] Valid chemical formulas must use recognized element symbols.

[rank=3 score=7.8384 doc_id=arxiv_0039] AtomComposer: Discovering Chemical Space from First Principles with Reinforcement Learning. Discovering novel stable molecules without training data remains a grand scientific challenge. Current molecular generative models are trained on large, pre-curated datasets, which introduce biases and limit exploration of novel chemistry. In contrast, we propose a new paradigm: autonomous, generalized agents capable of mapping vast, unknown chemical spaces without any pretraining. For the first time, we present AtomComposer, a self-guided agent that autonomously constructs valid 3D isomers under stoichiometric constraints and is trained exclusively online using reinforcement learning. Unlike existing approaches that generally overfit to a specific chemical formula, we establish a multi-composition training scheme that enables a broad generalization across diverse chemistry, guided by energy- and validity-based rewards. Our agent can discover up to an order of magnitude more valid isomers on unseen test formulas than existing single-composition reinforcement-learning baselines trained with per-step energy rewards. These results fulfill the promise of online reinforcement learning as a powerful paradigm for scalable, from-scratch exploration of chemical configuration space.",Xx2O3 is a valid materials formula.,outdated_or_incorrect,0.0,"The answer claims that Xx2O3 is a valid materials formula. The retrieved context explicitly states that valid chemical formulas must use recognized element symbols (rank=2). The symbol 'Xx' is not a recognized element symbol in chemistry, making the formula invalid. The rank=1 context mentions Xx2O3 as a stable oxide material but is labeled as 'incorrect' in the doc_id, suggesting it is not reliable. The rank=3 context discusses discovering valid isomers but does not support the validity of Xx2O3 specifically. Therefore, the answer is contradicted by key context.",0.0,valid_chemical_symbols,1328,849,naive_context
rag_cov_01_02_incorrect,Is Xx2O3 a valid materials formula?,"[rank=1 score=30.5258 doc_id=h1ctx_0254_cov_01_01_incorrect] A noisy retrieved table lists Xx2O3 as a stable oxide material.

[rank=2 score=27.9209 doc_id=h1ctx_0253_cov_01_01_current] Valid chemical formulas must use recognized element symbols.

[rank=3 score=7.8384 doc_id=arxiv_0039] AtomComposer: Discovering Chemical Space from First Principles with Reinforcement Learning. Discovering novel stable molecules without training data remains a grand scientific challenge. Current molecular generative models are trained on large, pre-curated datasets, which introduce biases and limit exploration of novel chemistry. In contrast, we propose a new paradigm: autonomous, generalized agents capable of mapping vast, unknown chemical spaces without any pretraining. For the first time, we present AtomComposer, a self-guided agent that autonomously constructs valid 3D isomers under stoichiometric constraints and is trained exclusively online using reinforcement learning. Unlike existing approaches that generally overfit to a specific chemical formula, we establish a multi-composition training scheme that enables a broad generalization across diverse chemistry, guided by energy- and validity-based rewards. Our agent can discover up to an order of magnitude more valid isomers on unseen test formulas than existing single-composition reinforcement-learning baselines trained with per-step energy rewards. These results fulfill the promise of online reinforcement learning as a powerful paradigm for scalable, from-scratch exploration of chemical configuration space.",Xx2O3 is a valid materials formula.,outdated_or_incorrect,0.0,"The answer claims that Xx2O3 is a valid materials formula. The retrieved context explicitly states that valid chemical formulas must use recognized element symbols (rank=2). The symbol 'Xx' is not a recognized element symbol in chemistry, making the formula invalid. The rank=1 context mentions Xx2O3 as a stable oxide material but is labeled as 'incorrect' in the doc_id, suggesting it is not reliable. The rank=3 context discusses discovering valid isomers but does not support the validity of Xx2O3 specifically. Therefore, the answer is contradicted by key context.",0.0,valid_chemical_symbols,1328,849,naive_context
rag_cov_01_03_current,Is Xx2O3 a valid materials formula?,"[rank=1 score=30.5258 doc_id=h1ctx_0254_cov_01_01_incorrect] A noisy retrieved table lists Xx2O3 as a stable oxide material.

[rank=2 score=27.9209 doc_id=h1ctx_0253_cov_01_01_current] Valid chemical formulas must use recognized element symbols.

[rank=3 score=7.8384 doc_id=arxiv_0039] AtomComposer: Discovering Chemical Space from First Principles with Reinforcement Learning. Discovering novel stable molecules without training data remains a grand scientific challenge. Current molecular generative models are trained on large, pre-curated datasets, which introduce biases and limit exploration of novel chemistry. In contrast, we propose a new paradigm: autonomous, generalized agents capable of mapping vast, unknown chemical spaces without any pretraining. For the first time, we present AtomComposer, a self-guided agent that autonomously constructs valid 3D isomers under stoichiometric constraints and is trained exclusively online using reinforcement learning. Unlike existing approaches that generally overfit to a specific chemical formula, we establish a multi-composition training scheme that enables a broad generalization across diverse chemistry, guided by energy- and validity-based rewards. Our agent can discover up to an order of magnitude more valid isomers on unseen test formulas than existing single-composition reinforcement-learning baselines trained with per-step energy rewards. These results fulfill the promise of online reinforcement learning as a powerful paradigm for scalable, from-scratch exploration of chemical configuration space.",Xx2O3 is a valid materials formula.,outdated_or_incorrect,0.0,"The answer claims that Xx2O3 is a valid materials formula. The retrieved context explicitly states that valid chemical formulas must use recognized element symbols (rank=2). The symbol 'Xx' is not a recognized element symbol in chemistry, making the formula invalid. The rank=1 context mentions Xx2O3 as a stable oxide material but is labeled as 'incorrect' in the doc_id, suggesting it is not reliable. The rank=3 context discusses discovering valid isomers but does not support the validity of Xx2O3 specifically. Therefore, the answer is contradicted by key context.",0.0,valid_chemical_symbols,1328,849,naive_context
rag_cov_01_03_incorrect,Is Xx2O3 a valid materials formula?,"[rank=1 score=30.5258 doc_id=h1ctx_0254_cov_01_01_incorrect] A noisy retrieved table lists Xx2O3 as a stable oxide material.

[rank=2 score=27.9209 doc_id=h1ctx_0253_cov_01_01_current] Valid chemical formulas must use recognized element symbols.

[rank=3 score=7.8384 doc_id=arxiv_0039] AtomComposer: Discovering Chemical Space from First Principles with Reinforcement Learning. Discovering novel stable molecules without training data remains a grand scientific challenge. Current molecular generative models are trained on large, pre-curated datasets, which introduce biases and limit exploration of novel chemistry. In contrast, we propose a new paradigm: autonomous, generalized agents capable of mapping vast, unknown chemical spaces without any pretraining. For the first time, we present AtomComposer, a self-guided agent that autonomously constructs valid 3D isomers under stoichiometric constraints and is trained exclusively online using reinforcement learning. Unlike existing approaches that generally overfit to a specific chemical formula, we establish a multi-composition training scheme that enables a broad generalization across diverse chemistry, guided by energy- and validity-based rewards. Our agent can discover up to an order of magnitude more valid isomers on unseen test formulas than existing single-composition reinforcement-learning baselines trained with per-step energy rewards. These results fulfill the promise of online reinforcement learning as a powerful paradigm for scalable, from-scratch exploration of chemical configuration space.",Xx2O3 is a valid materials formula.,outdated_or_incorrect,0.0,"The answer claims that Xx2O3 is a valid materials formula. The retrieved context explicitly states that valid chemical formulas must use recognized element symbols (rank=2). The symbol 'Xx' is not a recognized element symbol in chemistry, making the formula invalid. The rank=1 context mentions Xx2O3 as a stable oxide material but is labeled as 'incorrect' in the doc_id, suggesting it is not reliable. The rank=3 context discusses discovering valid isomers but does not support the validity of Xx2O3 specifically. Therefore, the answer is contradicted by key context.",0.0,valid_chemical_symbols,1328,849,naive_context
rag_cov_01_04_current,Is Xx2O3 a valid materials formula?,"[rank=1 score=30.5258 doc_id=h1ctx_0254_cov_01_01_incorrect] A noisy retrieved table lists Xx2O3 as a stable oxide material.

[rank=2 score=27.9209 doc_id=h1ctx_0253_cov_01_01_current] Valid chemical formulas must use recognized element symbols.

[rank=3 score=7.8384 doc_id=arxiv_0039] AtomComposer: Discovering Chemical Space from First Principles with Reinforcement Learning. Discovering novel stable molecules without training data remains a grand scientific challenge. Current molecular generative models are trained on large, pre-curated datasets, which introduce biases and limit exploration of novel chemistry. In contrast, we propose a new paradigm: autonomous, generalized agents capable of mapping vast, unknown chemical spaces without any pretraining. For the first time, we present AtomComposer, a self-guided agent that autonomously constructs valid 3D isomers under stoichiometric constraints and is trained exclusively online using reinforcement learning. Unlike existing approaches that generally overfit to a specific chemical formula, we establish a multi-composition training scheme that enables a broad generalization across diverse chemistry, guided by energy- and validity-based rewards. Our agent can discover up to an order of magnitude more valid isomers on unseen test formulas than existing single-composition reinforcement-learning baselines trained with per-step energy rewards. These results fulfill the promise of online reinforcement learning as a powerful paradigm for scalable, from-scratch exploration of chemical configuration space.",Xx2O3 is a valid materials formula.,outdated_or_incorrect,0.0,"The answer claims that Xx2O3 is a valid materials formula. The retrieved context explicitly states that valid chemical formulas must use recognized element symbols (rank=2). The symbol 'Xx' is not a recognized element symbol in chemistry, making the formula invalid. The rank=1 context mentions Xx2O3 as a stable oxide material but is labeled as 'incorrect' in the doc_id, suggesting it is not reliable. The rank=3 context discusses discovering valid isomers but does not support the validity of Xx2O3 specifically. Therefore, the answer is contradicted by key context.",0.0,valid_chemical_symbols,1328,849,naive_context
rag_cov_01_04_incorrect,Is Xx2O3 a valid materials formula?,"[rank=1 score=30.5258 doc_id=h1ctx_0254_cov_01_01_incorrect] A noisy retrieved table lists Xx2O3 as a stable oxide material.

[rank=2 score=27.9209 doc_id=h1ctx_0253_cov_01_01_current] Valid chemical formulas must use recognized element symbols.

[rank=3 score=7.8384 doc_id=arxiv_0039] AtomComposer: Discovering Chemical Space from First Principles with Reinforcement Learning. Discovering novel stable molecules without training data remains a grand scientific challenge. Current molecular generative models are trained on large, pre-curated datasets, which introduce biases and limit exploration of novel chemistry. In contrast, we propose a new paradigm: autonomous, generalized agents capable of mapping vast, unknown chemical spaces without any pretraining. For the first time, we present AtomComposer, a self-guided agent that autonomously constructs valid 3D isomers under stoichiometric constraints and is trained exclusively online using reinforcement learning. Unlike existing approaches that generally overfit to a specific chemical formula, we establish a multi-composition training scheme that enables a broad generalization across diverse chemistry, guided by energy- and validity-based rewards. Our agent can discover up to an order of magnitude more valid isomers on unseen test formulas than existing single-composition reinforcement-learning baselines trained with per-step energy rewards. These results fulfill the promise of online reinforcement learning as a powerful paradigm for scalable, from-scratch exploration of chemical configuration space.",Xx2O3 is a valid materials formula.,outdated_or_incorrect,0.0,"The answer claims that Xx2O3 is a valid materials formula. The retrieved context explicitly states that valid chemical formulas must use recognized element symbols (rank=2). The symbol 'Xx' is not a recognized element symbol in chemistry, making the formula invalid. The rank=1 context mentions Xx2O3 as a stable oxide material but is labeled as 'incorrect' in the doc_id, suggesting it is not reliable. The rank=3 context discusses discovering valid isomers but does not support the validity of Xx2O3 specifically. Therefore, the answer is contradicted by key context.",0.0,valid_chemical_symbols,1328,849,naive_context
rag_cov_01_05_current,Is Xx2O3 a valid materials formula?,"[rank=1 score=30.5258 doc_id=h1ctx_0254_cov_01_01_incorrect] A noisy retrieved table lists Xx2O3 as a stable oxide material.

[rank=2 score=27.9209 doc_id=h1ctx_0253_cov_01_01_current] Valid chemical formulas must use recognized element symbols.

[rank=3 score=7.8384 doc_id=arxiv_0039] AtomComposer: Discovering Chemical Space from First Principles with Reinforcement Learning. Discovering novel stable molecules without training data remains a grand scientific challenge. Current molecular generative models are trained on large, pre-curated datasets, which introduce biases and limit exploration of novel chemistry. In contrast, we propose a new paradigm: autonomous, generalized agents capable of mapping vast, unknown chemical spaces without any pretraining. For the first time, we present AtomComposer, a self-guided agent that autonomously constructs valid 3D isomers under stoichiometric constraints and is trained exclusively online using reinforcement learning. Unlike existing approaches that generally overfit to a specific chemical formula, we establish a multi-composition training scheme that enables a broad generalization across diverse chemistry, guided by energy- and validity-based rewards. Our agent can discover up to an order of magnitude more valid isomers on unseen test formulas than existing single-composition reinforcement-learning baselines trained with per-step energy rewards. These results fulfill the promise of online reinforcement learning as a powerful paradigm for scalable, from-scratch exploration of chemical configuration space.",Xx2O3 is a valid materials formula.,outdated_or_incorrect,0.0,"The answer claims that Xx2O3 is a valid materials formula. The retrieved context explicitly states that valid chemical formulas must use recognized element symbols (rank=2). The symbol 'Xx' is not a recognized element symbol in chemistry, making the formula invalid. The rank=1 context mentions Xx2O3 as a stable oxide material but is labeled as 'incorrect' in the doc_id, suggesting it is not reliable. The rank=3 context discusses discovering valid isomers but does not support the validity of Xx2O3 specifically. Therefore, the answer is contradicted by key context.",0.0,valid_chemical_symbols,1328,849,naive_context
rag_cov_01_05_incorrect,Is Xx2O3 a valid materials formula?,"[rank=1 score=30.5258 doc_id=h1ctx_0254_cov_01_01_incorrect] A noisy retrieved table lists Xx2O3 as a stable oxide material.

[rank=2 score=27.9209 doc_id=h1ctx_0253_cov_01_01_current] Valid chemical formulas must use recognized element symbols.

[rank=3 score=7.8384 doc_id=arxiv_0039] AtomComposer: Discovering Chemical Space from First Principles with Reinforcement Learning. Discovering novel stable molecules without training data remains a grand scientific challenge. Current molecular generative models are trained on large, pre-curated datasets, which introduce biases and limit exploration of novel chemistry. In contrast, we propose a new paradigm: autonomous, generalized agents capable of mapping vast, unknown chemical spaces without any pretraining. For the first time, we present AtomComposer, a self-guided agent that autonomously constructs valid 3D isomers under stoichiometric constraints and is trained exclusively online using reinforcement learning. Unlike existing approaches that generally overfit to a specific chemical formula, we establish a multi-composition training scheme that enables a broad generalization across diverse chemistry, guided by energy- and validity-based rewards. Our agent can discover up to an order of magnitude more valid isomers on unseen test formulas than existing single-composition reinforcement-learning baselines trained with per-step energy rewards. These results fulfill the promise of online reinforcement learning as a powerful paradigm for scalable, from-scratch exploration of chemical configuration space.",Xx2O3 is a valid materials formula.,outdated_or_incorrect,0.0,"The answer claims that Xx2O3 is a valid materials formula. The retrieved context explicitly states that valid chemical formulas must use recognized element symbols (rank=2). The symbol 'Xx' is not a recognized element symbol in chemistry, making the formula invalid. The rank=1 context mentions Xx2O3 as a stable oxide material but is labeled as 'incorrect' in the doc_id, suggesting it is not reliable. The rank=3 context discusses discovering valid isomers but does not support the validity of Xx2O3 specifically. Therefore, the answer is contradicted by key context.",0.0,valid_chemical_symbols,1328,849,naive_context
rag_cov_01_06_current,Is Xx2O3 a valid materials formula?,"[rank=1 score=30.5258 doc_id=h1ctx_0254_cov_01_01_incorrect] A noisy retrieved table lists Xx2O3 as a stable oxide material.

[rank=2 score=27.9209 doc_id=h1ctx_0253_cov_01_01_current] Valid chemical formulas must use recognized element symbols.

[rank=3 score=7.8384 doc_id=arxiv_0039] AtomComposer: Discovering Chemical Space from First Principles with Reinforcement Learning. Discovering novel stable molecules without training data remains a grand scientific challenge. Current molecular generative models are trained on large, pre-curated datasets, which introduce biases and limit exploration of novel chemistry. In contrast, we propose a new paradigm: autonomous, generalized agents capable of mapping vast, unknown chemical spaces without any pretraining. For the first time, we present AtomComposer, a self-guided agent that autonomously constructs valid 3D isomers under stoichiometric constraints and is trained exclusively online using reinforcement learning. Unlike existing approaches that generally overfit to a specific chemical formula, we establish a multi-composition training scheme that enables a broad generalization across diverse chemistry, guided by energy- and validity-based rewards. Our agent can discover up to an order of magnitude more valid isomers on unseen test formulas than existing single-composition reinforcement-learning baselines trained with per-step energy rewards. These results fulfill the promise of online reinforcement learning as a powerful paradigm for scalable, from-scratch exploration of chemical configuration space.",Xx2O3 is a valid materials formula.,outdated_or_incorrect,0.0,"The answer claims that Xx2O3 is a valid materials formula. The retrieved context explicitly states that valid chemical formulas must use recognized element symbols (rank=2). The symbol 'Xx' is not a recognized element symbol in chemistry, making the formula invalid. The rank=1 context mentions Xx2O3 as a stable oxide material but is labeled as 'incorrect' in the doc_id, suggesting it is not reliable. The rank=3 context discusses discovering valid isomers but does not support the validity of Xx2O3 specifically. Therefore, the answer is contradicted by key context.",0.0,valid_chemical_symbols,1328,849,naive_context
rag_cov_01_06_incorrect,Is Xx2O3 a valid materials formula?,"[rank=1 score=30.5258 doc_id=h1ctx_0254_cov_01_01_incorrect] A noisy retrieved table lists Xx2O3 as a stable oxide material.

[rank=2 score=27.9209 doc_id=h1ctx_0253_cov_01_01_current] Valid chemical formulas must use recognized element symbols.

[rank=3 score=7.8384 doc_id=arxiv_0039] AtomComposer: Discovering Chemical Space from First Principles with Reinforcement Learning. Discovering novel stable molecules without training data remains a grand scientific challenge. Current molecular generative models are trained on large, pre-curated datasets, which introduce biases and limit exploration of novel chemistry. In contrast, we propose a new paradigm: autonomous, generalized agents capable of mapping vast, unknown chemical spaces without any pretraining. For the first time, we present AtomComposer, a self-guided agent that autonomously constructs valid 3D isomers under stoichiometric constraints and is trained exclusively online using reinforcement learning. Unlike existing approaches that generally overfit to a specific chemical formula, we establish a multi-composition training scheme that enables a broad generalization across diverse chemistry, guided by energy- and validity-based rewards. Our agent can discover up to an order of magnitude more valid isomers on unseen test formulas than existing single-composition reinforcement-learning baselines trained with per-step energy rewards. These results fulfill the promise of online reinforcement learning as a powerful paradigm for scalable, from-scratch exploration of chemical configuration space.",Xx2O3 is a valid materials formula.,outdated_or_incorrect,0.0,"The answer claims that Xx2O3 is a valid materials formula. The retrieved context explicitly states that valid chemical formulas must use recognized element symbols (rank=2). The symbol 'Xx' is not a recognized element symbol in chemistry, making the formula invalid. The rank=1 context mentions Xx2O3 as a stable oxide material but is labeled as 'incorrect' in the doc_id, suggesting it is not reliable. The rank=3 context discusses discovering valid isomers but does not support the validity of Xx2O3 specifically. Therefore, the answer is contradicted by key context.",0.0,valid_chemical_symbols,1328,849,naive_context
rag_cov_01_07_current,Is Xx2O3 a valid materials formula?,"[rank=1 score=30.5258 doc_id=h1ctx_0254_cov_01_01_incorrect] A noisy retrieved table lists Xx2O3 as a stable oxide material.

[rank=2 score=27.9209 doc_id=h1ctx_0253_cov_01_01_current] Valid chemical formulas must use recognized element symbols.

[rank=3 score=7.8384 doc_id=arxiv_0039] AtomComposer: Discovering Chemical Space from First Principles with Reinforcement Learning. Discovering novel stable molecules without training data remains a grand scientific challenge. Current molecular generative models are trained on large, pre-curated datasets, which introduce biases and limit exploration of novel chemistry. In contrast, we propose a new paradigm: autonomous, generalized agents capable of mapping vast, unknown chemical spaces without any pretraining. For the first time, we present AtomComposer, a self-guided agent that autonomously constructs valid 3D isomers under stoichiometric constraints and is trained exclusively online using reinforcement learning. Unlike existing approaches that generally overfit to a specific chemical formula, we establish a multi-composition training scheme that enables a broad generalization across diverse chemistry, guided by energy- and validity-based rewards. Our agent can discover up to an order of magnitude more valid isomers on unseen test formulas than existing single-composition reinforcement-learning baselines trained with per-step energy rewards. These results fulfill the promise of online reinforcement learning as a powerful paradigm for scalable, from-scratch exploration of chemical configuration space.",Xx2O3 is a valid materials formula.,outdated_or_incorrect,0.0,"The answer claims that Xx2O3 is a valid materials formula. The retrieved context explicitly states that valid chemical formulas must use recognized element symbols (rank=2). The symbol 'Xx' is not a recognized element symbol in chemistry, making the formula invalid. The rank=1 context mentions Xx2O3 as a stable oxide material but is labeled as 'incorrect' in the doc_id, suggesting it is not reliable. The rank=3 context discusses discovering valid isomers but does not support the validity of Xx2O3 specifically. Therefore, the answer is contradicted by key context.",0.0,valid_chemical_symbols,1328,849,naive_context
rag_cov_01_07_incorrect,Is Xx2O3 a valid materials formula?,"[rank=1 score=30.5258 doc_id=h1ctx_0254_cov_01_01_incorrect] A noisy retrieved table lists Xx2O3 as a stable oxide material.

[rank=2 score=27.9209 doc_id=h1ctx_0253_cov_01_01_current] Valid chemical formulas must use recognized element symbols.

[rank=3 score=7.8384 doc_id=arxiv_0039] AtomComposer: Discovering Chemical Space from First Principles with Reinforcement Learning. Discovering novel stable molecules without training data remains a grand scientific challenge. Current molecular generative models are trained on large, pre-curated datasets, which introduce biases and limit exploration of novel chemistry. In contrast, we propose a new paradigm: autonomous, generalized agents capable of mapping vast, unknown chemical spaces without any pretraining. For the first time, we present AtomComposer, a self-guided agent that autonomously constructs valid 3D isomers under stoichiometric constraints and is trained exclusively online using reinforcement learning. Unlike existing approaches that generally overfit to a specific chemical formula, we establish a multi-composition training scheme that enables a broad generalization across diverse chemistry, guided by energy- and validity-based rewards. Our agent can discover up to an order of magnitude more valid isomers on unseen test formulas than existing single-composition reinforcement-learning baselines trained with per-step energy rewards. These results fulfill the promise of online reinforcement learning as a powerful paradigm for scalable, from-scratch exploration of chemical configuration space.",Xx2O3 is a valid materials formula.,outdated_or_incorrect,0.0,"The answer claims that Xx2O3 is a valid materials formula. The retrieved context explicitly states that valid chemical formulas must use recognized element symbols (rank=2). The symbol 'Xx' is not a recognized element symbol in chemistry, making the formula invalid. The rank=1 context mentions Xx2O3 as a stable oxide material but is labeled as 'incorrect' in the doc_id, suggesting it is not reliable. The rank=3 context discusses discovering valid isomers but does not support the validity of Xx2O3 specifically. Therefore, the answer is contradicted by key context.",0.0,valid_chemical_symbols,1328,849,naive_context
rag_cov_01_08_current,Is Xx2O3 a valid materials formula?,"[rank=1 score=30.5258 doc_id=h1ctx_0254_cov_01_01_incorrect] A noisy retrieved table lists Xx2O3 as a stable oxide material.

[rank=2 score=27.9209 doc_id=h1ctx_0253_cov_01_01_current] Valid chemical formulas must use recognized element symbols.

[rank=3 score=7.8384 doc_id=arxiv_0039] AtomComposer: Discovering Chemical Space from First Principles with Reinforcement Learning. Discovering novel stable molecules without training data remains a grand scientific challenge. Current molecular generative models are trained on large, pre-curated datasets, which introduce biases and limit exploration of novel chemistry. In contrast, we propose a new paradigm: autonomous, generalized agents capable of mapping vast, unknown chemical spaces without any pretraining. For the first time, we present AtomComposer, a self-guided agent that autonomously constructs valid 3D isomers under stoichiometric constraints and is trained exclusively online using reinforcement learning. Unlike existing approaches that generally overfit to a specific chemical formula, we establish a multi-composition training scheme that enables a broad generalization across diverse chemistry, guided by energy- and validity-based rewards. Our agent can discover up to an order of magnitude more valid isomers on unseen test formulas than existing single-composition reinforcement-learning baselines trained with per-step energy rewards. These results fulfill the promise of online reinforcement learning as a powerful paradigm for scalable, from-scratch exploration of chemical configuration space.",Xx2O3 is a valid materials formula.,outdated_or_incorrect,0.0,"The answer claims that Xx2O3 is a valid materials formula. The retrieved context explicitly states that valid chemical formulas must use recognized element symbols (rank=2). The symbol 'Xx' is not a recognized element symbol in chemistry, making the formula invalid. The rank=1 context mentions Xx2O3 as a stable oxide material but is labeled as 'incorrect' in the doc_id, suggesting it is not reliable. The rank=3 context discusses discovering valid isomers but does not support the validity of Xx2O3 specifically. Therefore, the answer is contradicted by key context.",0.0,valid_chemical_symbols,1328,849,naive_context
rag_cov_01_08_incorrect,Is Xx2O3 a valid materials formula?,"[rank=1 score=30.5258 doc_id=h1ctx_0254_cov_01_01_incorrect] A noisy retrieved table lists Xx2O3 as a stable oxide material.

[rank=2 score=27.9209 doc_id=h1ctx_0253_cov_01_01_current] Valid chemical formulas must use recognized element symbols.

[rank=3 score=7.8384 doc_id=arxiv_0039] AtomComposer: Discovering Chemical Space from First Principles with Reinforcement Learning. Discovering novel stable molecules without training data remains a grand scientific challenge. Current molecular generative models are trained on large, pre-curated datasets, which introduce biases and limit exploration of novel chemistry. In contrast, we propose a new paradigm: autonomous, generalized agents capable of mapping vast, unknown chemical spaces without any pretraining. For the first time, we present AtomComposer, a self-guided agent that autonomously constructs valid 3D isomers under stoichiometric constraints and is trained exclusively online using reinforcement learning. Unlike existing approaches that generally overfit to a specific chemical formula, we establish a multi-composition training scheme that enables a broad generalization across diverse chemistry, guided by energy- and validity-based rewards. Our agent can discover up to an order of magnitude more valid isomers on unseen test formulas than existing single-composition reinforcement-learning baselines trained with per-step energy rewards. These results fulfill the promise of online reinforcement learning as a powerful paradigm for scalable, from-scratch exploration of chemical configuration space.",Xx2O3 is a valid materials formula.,outdated_or_incorrect,0.0,"The answer claims that Xx2O3 is a valid materials formula. The retrieved context explicitly states that valid chemical formulas must use recognized element symbols (rank=2). The symbol 'Xx' is not a recognized element symbol in chemistry, making the formula invalid. The rank=1 context mentions Xx2O3 as a stable oxide material but is labeled as 'incorrect' in the doc_id, suggesting it is not reliable. The rank=3 context discusses discovering valid isomers but does not support the validity of Xx2O3 specifically. Therefore, the answer is contradicted by key context.",0.0,valid_chemical_symbols,1328,849,naive_context
rag_cov_01_09_current,Is Xx2O3 a valid materials formula?,"[rank=1 score=30.5258 doc_id=h1ctx_0254_cov_01_01_incorrect] A noisy retrieved table lists Xx2O3 as a stable oxide material.

[rank=2 score=27.9209 doc_id=h1ctx_0253_cov_01_01_current] Valid chemical formulas must use recognized element symbols.

[rank=3 score=7.8384 doc_id=arxiv_0039] AtomComposer: Discovering Chemical Space from First Principles with Reinforcement Learning. Discovering novel stable molecules without training data remains a grand scientific challenge. Current molecular generative models are trained on large, pre-curated datasets, which introduce biases and limit exploration of novel chemistry. In contrast, we propose a new paradigm: autonomous, generalized agents capable of mapping vast, unknown chemical spaces without any pretraining. For the first time, we present AtomComposer, a self-guided agent that autonomously constructs valid 3D isomers under stoichiometric constraints and is trained exclusively online using reinforcement learning. Unlike existing approaches that generally overfit to a specific chemical formula, we establish a multi-composition training scheme that enables a broad generalization across diverse chemistry, guided by energy- and validity-based rewards. Our agent can discover up to an order of magnitude more valid isomers on unseen test formulas than existing single-composition reinforcement-learning baselines trained with per-step energy rewards. These results fulfill the promise of online reinforcement learning as a powerful paradigm for scalable, from-scratch exploration of chemical configuration space.",Xx2O3 is a valid materials formula.,outdated_or_incorrect,0.0,"The answer claims that Xx2O3 is a valid materials formula. The retrieved context explicitly states that valid chemical formulas must use recognized element symbols (rank=2). The symbol 'Xx' is not a recognized element symbol in chemistry, making the formula invalid. The rank=1 context mentions Xx2O3 as a stable oxide material but is labeled as 'incorrect' in the doc_id, suggesting it is not reliable. The rank=3 context discusses discovering valid isomers but does not support the validity of Xx2O3 specifically. Therefore, the answer is contradicted by key context.",0.0,valid_chemical_symbols,1328,849,naive_context
rag_cov_01_09_incorrect,Is Xx2O3 a valid materials formula?,"[rank=1 score=30.5258 doc_id=h1ctx_0254_cov_01_01_incorrect] A noisy retrieved table lists Xx2O3 as a stable oxide material.

[rank=2 score=27.9209 doc_id=h1ctx_0253_cov_01_01_current] Valid chemical formulas must use recognized element symbols.

[rank=3 score=7.8384 doc_id=arxiv_0039] AtomComposer: Discovering Chemical Space from First Principles with Reinforcement Learning. Discovering novel stable molecules without training data remains a grand scientific challenge. Current molecular generative models are trained on large, pre-curated datasets, which introduce biases and limit exploration of novel chemistry. In contrast, we propose a new paradigm: autonomous, generalized agents capable of mapping vast, unknown chemical spaces without any pretraining. For the first time, we present AtomComposer, a self-guided agent that autonomously constructs valid 3D isomers under stoichiometric constraints and is trained exclusively online using reinforcement learning. Unlike existing approaches that generally overfit to a specific chemical formula, we establish a multi-composition training scheme that enables a broad generalization across diverse chemistry, guided by energy- and validity-based rewards. Our agent can discover up to an order of magnitude more valid isomers on unseen test formulas than existing single-composition reinforcement-learning baselines trained with per-step energy rewards. These results fulfill the promise of online reinforcement learning as a powerful paradigm for scalable, from-scratch exploration of chemical configuration space.",Xx2O3 is a valid materials formula.,outdated_or_incorrect,0.0,"The answer claims that Xx2O3 is a valid materials formula. The retrieved context explicitly states that valid chemical formulas must use recognized element symbols (rank=2). The symbol 'Xx' is not a recognized element symbol in chemistry, making the formula invalid. The rank=1 context mentions Xx2O3 as a stable oxide material but is labeled as 'incorrect' in the doc_id, suggesting it is not reliable. The rank=3 context discusses discovering valid isomers but does not support the validity of Xx2O3 specifically. Therefore, the answer is contradicted by key context.",0.0,valid_chemical_symbols,1328,849,naive_context
rag_cov_01_10_current,Is Xx2O3 a valid materials formula?,"[rank=1 score=30.5258 doc_id=h1ctx_0254_cov_01_01_incorrect] A noisy retrieved table lists Xx2O3 as a stable oxide material.

[rank=2 score=27.9209 doc_id=h1ctx_0253_cov_01_01_current] Valid chemical formulas must use recognized element symbols.

[rank=3 score=7.8384 doc_id=arxiv_0039] AtomComposer: Discovering Chemical Space from First Principles with Reinforcement Learning. Discovering novel stable molecules without training data remains a grand scientific challenge. Current molecular generative models are trained on large, pre-curated datasets, which introduce biases and limit exploration of novel chemistry. In contrast, we propose a new paradigm: autonomous, generalized agents capable of mapping vast, unknown chemical spaces without any pretraining. For the first time, we present AtomComposer, a self-guided agent that autonomously constructs valid 3D isomers under stoichiometric constraints and is trained exclusively online using reinforcement learning. Unlike existing approaches that generally overfit to a specific chemical formula, we establish a multi-composition training scheme that enables a broad generalization across diverse chemistry, guided by energy- and validity-based rewards. Our agent can discover up to an order of magnitude more valid isomers on unseen test formulas than existing single-composition reinforcement-learning baselines trained with per-step energy rewards. These results fulfill the promise of online reinforcement learning as a powerful paradigm for scalable, from-scratch exploration of chemical configuration space.",Xx2O3 is a valid materials formula.,outdated_or_incorrect,0.0,"The answer claims that Xx2O3 is a valid materials formula. The retrieved context explicitly states that valid chemical formulas must use recognized element symbols (rank=2). The symbol 'Xx' is not a recognized element symbol in chemistry, making the formula invalid. The rank=1 context mentions Xx2O3 as a stable oxide material but is labeled as 'incorrect' in the doc_id, suggesting it is not reliable. The rank=3 context discusses discovering valid isomers but does not support the validity of Xx2O3 specifically. Therefore, the answer is contradicted by key context.",0.0,valid_chemical_symbols,1328,849,naive_context
rag_cov_01_10_incorrect,Is Xx2O3 a valid materials formula?,"[rank=1 score=30.5258 doc_id=h1ctx_0254_cov_01_01_incorrect] A noisy retrieved table lists Xx2O3 as a stable oxide material.

[rank=2 score=27.9209 doc_id=h1ctx_0253_cov_01_01_current] Valid chemical formulas must use recognized element symbols.

[rank=3 score=7.8384 doc_id=arxiv_0039] AtomComposer: Discovering Chemical Space from First Principles with Reinforcement Learning. Discovering novel stable molecules without training data remains a grand scientific challenge. Current molecular generative models are trained on large, pre-curated datasets, which introduce biases and limit exploration of novel chemistry. In contrast, we propose a new paradigm: autonomous, generalized agents capable of mapping vast, unknown chemical spaces without any pretraining. For the first time, we present AtomComposer, a self-guided agent that autonomously constructs valid 3D isomers under stoichiometric constraints and is trained exclusively online using reinforcement learning. Unlike existing approaches that generally overfit to a specific chemical formula, we establish a multi-composition training scheme that enables a broad generalization across diverse chemistry, guided by energy- and validity-based rewards. Our agent can discover up to an order of magnitude more valid isomers on unseen test formulas than existing single-composition reinforcement-learning baselines trained with per-step energy rewards. These results fulfill the promise of online reinforcement learning as a powerful paradigm for scalable, from-scratch exploration of chemical configuration space.",Xx2O3 is a valid materials formula.,outdated_or_incorrect,0.0,"The answer claims that Xx2O3 is a valid materials formula. The retrieved context explicitly states that valid chemical formulas must use recognized element symbols (rank=2). The symbol 'Xx' is not a recognized element symbol in chemistry, making the formula invalid. The rank=1 context mentions Xx2O3 as a stable oxide material but is labeled as 'incorrect' in the doc_id, suggesting it is not reliable. The rank=3 context discusses discovering valid isomers but does not support the validity of Xx2O3 specifically. Therefore, the answer is contradicted by key context.",0.0,valid_chemical_symbols,1328,849,naive_context
rag_cov_01_11_current,Is Xx2O3 a valid materials formula?,"[rank=1 score=30.5258 doc_id=h1ctx_0254_cov_01_01_incorrect] A noisy retrieved table lists Xx2O3 as a stable oxide material.

[rank=2 score=27.9209 doc_id=h1ctx_0253_cov_01_01_current] Valid chemical formulas must use recognized element symbols.

[rank=3 score=7.8384 doc_id=arxiv_0039] AtomComposer: Discovering Chemical Space from First Principles with Reinforcement Learning. Discovering novel stable molecules without training data remains a grand scientific challenge. Current molecular generative models are trained on large, pre-curated datasets, which introduce biases and limit exploration of novel chemistry. In contrast, we propose a new paradigm: autonomous, generalized agents capable of mapping vast, unknown chemical spaces without any pretraining. For the first time, we present AtomComposer, a self-guided agent that autonomously constructs valid 3D isomers under stoichiometric constraints and is trained exclusively online using reinforcement learning. Unlike existing approaches that generally overfit to a specific chemical formula, we establish a multi-composition training scheme that enables a broad generalization across diverse chemistry, guided by energy- and validity-based rewards. Our agent can discover up to an order of magnitude more valid isomers on unseen test formulas than existing single-composition reinforcement-learning baselines trained with per-step energy rewards. These results fulfill the promise of online reinforcement learning as a powerful paradigm for scalable, from-scratch exploration of chemical configuration space.",Xx2O3 is a valid materials formula.,outdated_or_incorrect,0.0,"The answer claims that Xx2O3 is a valid materials formula. The retrieved context explicitly states that valid chemical formulas must use recognized element symbols (rank=2). The symbol 'Xx' is not a recognized element symbol in chemistry, making the formula invalid. The rank=1 context mentions Xx2O3 as a stable oxide material but is labeled as 'incorrect' in the doc_id, suggesting it is not reliable. The rank=3 context discusses discovering valid isomers but does not support the validity of Xx2O3 specifically. Therefore, the answer is contradicted by key context.",0.0,valid_chemical_symbols,1328,849,naive_context
rag_cov_01_11_incorrect,Is Xx2O3 a valid materials formula?,"[rank=1 score=30.5258 doc_id=h1ctx_0254_cov_01_01_incorrect] A noisy retrieved table lists Xx2O3 as a stable oxide material.

[rank=2 score=27.9209 doc_id=h1ctx_0253_cov_01_01_current] Valid chemical formulas must use recognized element symbols.

[rank=3 score=7.8384 doc_id=arxiv_0039] AtomComposer: Discovering Chemical Space from First Principles with Reinforcement Learning. Discovering novel stable molecules without training data remains a grand scientific challenge. Current molecular generative models are trained on large, pre-curated datasets, which introduce biases and limit exploration of novel chemistry. In contrast, we propose a new paradigm: autonomous, generalized agents capable of mapping vast, unknown chemical spaces without any pretraining. For the first time, we present AtomComposer, a self-guided agent that autonomously constructs valid 3D isomers under stoichiometric constraints and is trained exclusively online using reinforcement learning. Unlike existing approaches that generally overfit to a specific chemical formula, we establish a multi-composition training scheme that enables a broad generalization across diverse chemistry, guided by energy- and validity-based rewards. Our agent can discover up to an order of magnitude more valid isomers on unseen test formulas than existing single-composition reinforcement-learning baselines trained with per-step energy rewards. These results fulfill the promise of online reinforcement learning as a powerful paradigm for scalable, from-scratch exploration of chemical configuration space.",Xx2O3 is a valid materials formula.,outdated_or_incorrect,0.0,"The answer claims that Xx2O3 is a valid materials formula. The retrieved context explicitly states that valid chemical formulas must use recognized element symbols (rank=2). The symbol 'Xx' is not a recognized element symbol in chemistry, making the formula invalid. The rank=1 context mentions Xx2O3 as a stable oxide material but is labeled as 'incorrect' in the doc_id, suggesting it is not reliable. The rank=3 context discusses discovering valid isomers but does not support the validity of Xx2O3 specifically. Therefore, the answer is contradicted by key context.",0.0,valid_chemical_symbols,1328,849,naive_context
rag_cov_01_12_current,Is Xx2O3 a valid materials formula?,"[rank=1 score=30.5258 doc_id=h1ctx_0254_cov_01_01_incorrect] A noisy retrieved table lists Xx2O3 as a stable oxide material.

[rank=2 score=27.9209 doc_id=h1ctx_0253_cov_01_01_current] Valid chemical formulas must use recognized element symbols.

[rank=3 score=7.8384 doc_id=arxiv_0039] AtomComposer: Discovering Chemical Space from First Principles with Reinforcement Learning. Discovering novel stable molecules without training data remains a grand scientific challenge. Current molecular generative models are trained on large, pre-curated datasets, which introduce biases and limit exploration of novel chemistry. In contrast, we propose a new paradigm: autonomous, generalized agents capable of mapping vast, unknown chemical spaces without any pretraining. For the first time, we present AtomComposer, a self-guided agent that autonomously constructs valid 3D isomers under stoichiometric constraints and is trained exclusively online using reinforcement learning. Unlike existing approaches that generally overfit to a specific chemical formula, we establish a multi-composition training scheme that enables a broad generalization across diverse chemistry, guided by energy- and validity-based rewards. Our agent can discover up to an order of magnitude more valid isomers on unseen test formulas than existing single-composition reinforcement-learning baselines trained with per-step energy rewards. These results fulfill the promise of online reinforcement learning as a powerful paradigm for scalable, from-scratch exploration of chemical configuration space.",Xx2O3 is a valid materials formula.,outdated_or_incorrect,0.0,"The answer claims that Xx2O3 is a valid materials formula. The retrieved context explicitly states that valid chemical formulas must use recognized element symbols (rank=2). The symbol 'Xx' is not a recognized element symbol in chemistry, making the formula invalid. The rank=1 context mentions Xx2O3 as a stable oxide material but is labeled as 'incorrect' in the doc_id, suggesting it is not reliable. The rank=3 context discusses discovering valid isomers but does not support the validity of Xx2O3 specifically. Therefore, the answer is contradicted by key context.",0.0,valid_chemical_symbols,1328,849,naive_context
rag_cov_01_12_incorrect,Is Xx2O3 a valid materials formula?,"[rank=1 score=30.5258 doc_id=h1ctx_0254_cov_01_01_incorrect] A noisy retrieved table lists Xx2O3 as a stable oxide material.

[rank=2 score=27.9209 doc_id=h1ctx_0253_cov_01_01_current] Valid chemical formulas must use recognized element symbols.

[rank=3 score=7.8384 doc_id=arxiv_0039] AtomComposer: Discovering Chemical Space from First Principles with Reinforcement Learning. Discovering novel stable molecules without training data remains a grand scientific challenge. Current molecular generative models are trained on large, pre-curated datasets, which introduce biases and limit exploration of novel chemistry. In contrast, we propose a new paradigm: autonomous, generalized agents capable of mapping vast, unknown chemical spaces without any pretraining. For the first time, we present AtomComposer, a self-guided agent that autonomously constructs valid 3D isomers under stoichiometric constraints and is trained exclusively online using reinforcement learning. Unlike existing approaches that generally overfit to a specific chemical formula, we establish a multi-composition training scheme that enables a broad generalization across diverse chemistry, guided by energy- and validity-based rewards. Our agent can discover up to an order of magnitude more valid isomers on unseen test formulas than existing single-composition reinforcement-learning baselines trained with per-step energy rewards. These results fulfill the promise of online reinforcement learning as a powerful paradigm for scalable, from-scratch exploration of chemical configuration space.",Xx2O3 is a valid materials formula.,outdated_or_incorrect,0.0,"The answer claims that Xx2O3 is a valid materials formula. The retrieved context explicitly states that valid chemical formulas must use recognized element symbols (rank=2). The symbol 'Xx' is not a recognized element symbol in chemistry, making the formula invalid. The rank=1 context mentions Xx2O3 as a stable oxide material but is labeled as 'incorrect' in the doc_id, suggesting it is not reliable. The rank=3 context discusses discovering valid isomers but does not support the validity of Xx2O3 specifically. Therefore, the answer is contradicted by key context.",0.0,valid_chemical_symbols,1328,849,naive_context
rag_cov_01_13_current,Is Xx2O3 a valid materials formula?,"[rank=1 score=30.5258 doc_id=h1ctx_0254_cov_01_01_incorrect] A noisy retrieved table lists Xx2O3 as a stable oxide material.

[rank=2 score=27.9209 doc_id=h1ctx_0253_cov_01_01_current] Valid chemical formulas must use recognized element symbols.

[rank=3 score=7.8384 doc_id=arxiv_0039] AtomComposer: Discovering Chemical Space from First Principles with Reinforcement Learning. Discovering novel stable molecules without training data remains a grand scientific challenge. Current molecular generative models are trained on large, pre-curated datasets, which introduce biases and limit exploration of novel chemistry. In contrast, we propose a new paradigm: autonomous, generalized agents capable of mapping vast, unknown chemical spaces without any pretraining. For the first time, we present AtomComposer, a self-guided agent that autonomously constructs valid 3D isomers under stoichiometric constraints and is trained exclusively online using reinforcement learning. Unlike existing approaches that generally overfit to a specific chemical formula, we establish a multi-composition training scheme that enables a broad generalization across diverse chemistry, guided by energy- and validity-based rewards. Our agent can discover up to an order of magnitude more valid isomers on unseen test formulas than existing single-composition reinforcement-learning baselines trained with per-step energy rewards. These results fulfill the promise of online reinforcement learning as a powerful paradigm for scalable, from-scratch exploration of chemical configuration space.",Xx2O3 is a valid materials formula.,outdated_or_incorrect,0.0,"The answer claims that Xx2O3 is a valid materials formula. The retrieved context explicitly states that valid chemical formulas must use recognized element symbols (rank=2). The symbol 'Xx' is not a recognized element symbol in chemistry, making the formula invalid. The rank=1 context mentions Xx2O3 as a stable oxide material but is labeled as 'incorrect' in the doc_id, suggesting it is not reliable. The rank=3 context discusses discovering valid isomers but does not support the validity of Xx2O3 specifically. Therefore, the answer is contradicted by key context.",0.0,valid_chemical_symbols,1328,849,naive_context
rag_cov_01_13_incorrect,Is Xx2O3 a valid materials formula?,"[rank=1 score=30.5258 doc_id=h1ctx_0254_cov_01_01_incorrect] A noisy retrieved table lists Xx2O3 as a stable oxide material.

[rank=2 score=27.9209 doc_id=h1ctx_0253_cov_01_01_current] Valid chemical formulas must use recognized element symbols.

[rank=3 score=7.8384 doc_id=arxiv_0039] AtomComposer: Discovering Chemical Space from First Principles with Reinforcement Learning. Discovering novel stable molecules without training data remains a grand scientific challenge. Current molecular generative models are trained on large, pre-curated datasets, which introduce biases and limit exploration of novel chemistry. In contrast, we propose a new paradigm: autonomous, generalized agents capable of mapping vast, unknown chemical spaces without any pretraining. For the first time, we present AtomComposer, a self-guided agent that autonomously constructs valid 3D isomers under stoichiometric constraints and is trained exclusively online using reinforcement learning. Unlike existing approaches that generally overfit to a specific chemical formula, we establish a multi-composition training scheme that enables a broad generalization across diverse chemistry, guided by energy- and validity-based rewards. Our agent can discover up to an order of magnitude more valid isomers on unseen test formulas than existing single-composition reinforcement-learning baselines trained with per-step energy rewards. These results fulfill the promise of online reinforcement learning as a powerful paradigm for scalable, from-scratch exploration of chemical configuration space.",Xx2O3 is a valid materials formula.,outdated_or_incorrect,0.0,"The answer claims that Xx2O3 is a valid materials formula. The retrieved context explicitly states that valid chemical formulas must use recognized element symbols (rank=2). The symbol 'Xx' is not a recognized element symbol in chemistry, making the formula invalid. The rank=1 context mentions Xx2O3 as a stable oxide material but is labeled as 'incorrect' in the doc_id, suggesting it is not reliable. The rank=3 context discusses discovering valid isomers but does not support the validity of Xx2O3 specifically. Therefore, the answer is contradicted by key context.",0.0,valid_chemical_symbols,1328,849,naive_context
rag_cov_01_14_current,Is Xx2O3 a valid materials formula?,"[rank=1 score=30.5258 doc_id=h1ctx_0254_cov_01_01_incorrect] A noisy retrieved table lists Xx2O3 as a stable oxide material.

[rank=2 score=27.9209 doc_id=h1ctx_0253_cov_01_01_current] Valid chemical formulas must use recognized element symbols.

[rank=3 score=7.8384 doc_id=arxiv_0039] AtomComposer: Discovering Chemical Space from First Principles with Reinforcement Learning. Discovering novel stable molecules without training data remains a grand scientific challenge. Current molecular generative models are trained on large, pre-curated datasets, which introduce biases and limit exploration of novel chemistry. In contrast, we propose a new paradigm: autonomous, generalized agents capable of mapping vast, unknown chemical spaces without any pretraining. For the first time, we present AtomComposer, a self-guided agent that autonomously constructs valid 3D isomers under stoichiometric constraints and is trained exclusively online using reinforcement learning. Unlike existing approaches that generally overfit to a specific chemical formula, we establish a multi-composition training scheme that enables a broad generalization across diverse chemistry, guided by energy- and validity-based rewards. Our agent can discover up to an order of magnitude more valid isomers on unseen test formulas than existing single-composition reinforcement-learning baselines trained with per-step energy rewards. These results fulfill the promise of online reinforcement learning as a powerful paradigm for scalable, from-scratch exploration of chemical configuration space.",Xx2O3 is a valid materials formula.,outdated_or_incorrect,0.0,"The answer claims that Xx2O3 is a valid materials formula. The retrieved context explicitly states that valid chemical formulas must use recognized element symbols (rank=2). The symbol 'Xx' is not a recognized element symbol in chemistry, making the formula invalid. The rank=1 context mentions Xx2O3 as a stable oxide material but is labeled as 'incorrect' in the doc_id, suggesting it is not reliable. The rank=3 context discusses discovering valid isomers but does not support the validity of Xx2O3 specifically. Therefore, the answer is contradicted by key context.",0.0,valid_chemical_symbols,1328,849,naive_context
rag_cov_01_14_incorrect,Is Xx2O3 a valid materials formula?,"[rank=1 score=30.5258 doc_id=h1ctx_0254_cov_01_01_incorrect] A noisy retrieved table lists Xx2O3 as a stable oxide material.

[rank=2 score=27.9209 doc_id=h1ctx_0253_cov_01_01_current] Valid chemical formulas must use recognized element symbols.

[rank=3 score=7.8384 doc_id=arxiv_0039] AtomComposer: Discovering Chemical Space from First Principles with Reinforcement Learning. Discovering novel stable molecules without training data remains a grand scientific challenge. Current molecular generative models are trained on large, pre-curated datasets, which introduce biases and limit exploration of novel chemistry. In contrast, we propose a new paradigm: autonomous, generalized agents capable of mapping vast, unknown chemical spaces without any pretraining. For the first time, we present AtomComposer, a self-guided agent that autonomously constructs valid 3D isomers under stoichiometric constraints and is trained exclusively online using reinforcement learning. Unlike existing approaches that generally overfit to a specific chemical formula, we establish a multi-composition training scheme that enables a broad generalization across diverse chemistry, guided by energy- and validity-based rewards. Our agent can discover up to an order of magnitude more valid isomers on unseen test formulas than existing single-composition reinforcement-learning baselines trained with per-step energy rewards. These results fulfill the promise of online reinforcement learning as a powerful paradigm for scalable, from-scratch exploration of chemical configuration space.",Xx2O3 is a valid materials formula.,outdated_or_incorrect,0.0,"The answer claims that Xx2O3 is a valid materials formula. The retrieved context explicitly states that valid chemical formulas must use recognized element symbols (rank=2). The symbol 'Xx' is not a recognized element symbol in chemistry, making the formula invalid. The rank=1 context mentions Xx2O3 as a stable oxide material but is labeled as 'incorrect' in the doc_id, suggesting it is not reliable. The rank=3 context discusses discovering valid isomers but does not support the validity of Xx2O3 specifically. Therefore, the answer is contradicted by key context.",0.0,valid_chemical_symbols,1328,849,naive_context
rag_cov_01_15_current,Is Xx2O3 a valid materials formula?,"[rank=1 score=30.5258 doc_id=h1ctx_0254_cov_01_01_incorrect] A noisy retrieved table lists Xx2O3 as a stable oxide material.

[rank=2 score=27.9209 doc_id=h1ctx_0253_cov_01_01_current] Valid chemical formulas must use recognized element symbols.

[rank=3 score=7.8384 doc_id=arxiv_0039] AtomComposer: Discovering Chemical Space from First Principles with Reinforcement Learning. Discovering novel stable molecules without training data remains a grand scientific challenge. Current molecular generative models are trained on large, pre-curated datasets, which introduce biases and limit exploration of novel chemistry. In contrast, we propose a new paradigm: autonomous, generalized agents capable of mapping vast, unknown chemical spaces without any pretraining. For the first time, we present AtomComposer, a self-guided agent that autonomously constructs valid 3D isomers under stoichiometric constraints and is trained exclusively online using reinforcement learning. Unlike existing approaches that generally overfit to a specific chemical formula, we establish a multi-composition training scheme that enables a broad generalization across diverse chemistry, guided by energy- and validity-based rewards. Our agent can discover up to an order of magnitude more valid isomers on unseen test formulas than existing single-composition reinforcement-learning baselines trained with per-step energy rewards. These results fulfill the promise of online reinforcement learning as a powerful paradigm for scalable, from-scratch exploration of chemical configuration space.",Xx2O3 is a valid materials formula.,outdated_or_incorrect,0.0,"The answer claims that Xx2O3 is a valid materials formula. The retrieved context explicitly states that valid chemical formulas must use recognized element symbols (rank=2). The symbol 'Xx' is not a recognized element symbol in chemistry, making the formula invalid. The rank=1 context mentions Xx2O3 as a stable oxide material but is labeled as 'incorrect' in the doc_id, suggesting it is not reliable. The rank=3 context discusses discovering valid isomers but does not support the validity of Xx2O3 specifically. Therefore, the answer is contradicted by key context.",0.0,valid_chemical_symbols,1328,849,naive_context
rag_cov_01_15_incorrect,Is Xx2O3 a valid materials formula?,"[rank=1 score=30.5258 doc_id=h1ctx_0254_cov_01_01_incorrect] A noisy retrieved table lists Xx2O3 as a stable oxide material.

[rank=2 score=27.9209 doc_id=h1ctx_0253_cov_01_01_current] Valid chemical formulas must use recognized element symbols.

[rank=3 score=7.8384 doc_id=arxiv_0039] AtomComposer: Discovering Chemical Space from First Principles with Reinforcement Learning. Discovering novel stable molecules without training data remains a grand scientific challenge. Current molecular generative models are trained on large, pre-curated datasets, which introduce biases and limit exploration of novel chemistry. In contrast, we propose a new paradigm: autonomous, generalized agents capable of mapping vast, unknown chemical spaces without any pretraining. For the first time, we present AtomComposer, a self-guided agent that autonomously constructs valid 3D isomers under stoichiometric constraints and is trained exclusively online using reinforcement learning. Unlike existing approaches that generally overfit to a specific chemical formula, we establish a multi-composition training scheme that enables a broad generalization across diverse chemistry, guided by energy- and validity-based rewards. Our agent can discover up to an order of magnitude more valid isomers on unseen test formulas than existing single-composition reinforcement-learning baselines trained with per-step energy rewards. These results fulfill the promise of online reinforcement learning as a powerful paradigm for scalable, from-scratch exploration of chemical configuration space.",Xx2O3 is a valid materials formula.,outdated_or_incorrect,0.0,"The answer claims that Xx2O3 is a valid materials formula. The retrieved context explicitly states that valid chemical formulas must use recognized element symbols (rank=2). The symbol 'Xx' is not a recognized element symbol in chemistry, making the formula invalid. The rank=1 context mentions Xx2O3 as a stable oxide material but is labeled as 'incorrect' in the doc_id, suggesting it is not reliable. The rank=3 context discusses discovering valid isomers but does not support the validity of Xx2O3 specifically. Therefore, the answer is contradicted by key context.",0.0,valid_chemical_symbols,1328,849,naive_context
rag_cov_02_01_current,Can an experiment be performed at -50 K?,"[rank=1 score=28.7554 doc_id=h1ctx_0284_cov_02_01_incorrect] A corrupted lab note reports a synthesis temperature of -50 K.

[rank=2 score=25.6358 doc_id=h1ctx_0283_cov_02_01_current] Absolute temperature on the Kelvin scale cannot be below 0 K.

[rank=3 score=24.8597 doc_id=mp_0086] Materials Project reports K (mp-1180991). Band gap: 0.0 eV. Formation energy per atom: 0.118525908249999 eV/atom. Energy above hull: 0.118525908249999 eV/atom. Stable: False.",Absolute temperature on the Kelvin scale cannot be below 0 K.,outdated_or_incorrect,1.0,"The answer directly quotes the context from rank=2, which states that absolute temperature on the Kelvin scale cannot be below 0 K. This context explicitly supports the claim in the answer. The other contexts are irrelevant or corrupted but do not contradict this key point.",1.0,,1004,519,naive_context
rag_cov_02_01_incorrect,Can an experiment be performed at -50 K?,"[rank=1 score=28.7554 doc_id=h1ctx_0284_cov_02_01_incorrect] A corrupted lab note reports a synthesis temperature of -50 K.

[rank=2 score=25.6358 doc_id=h1ctx_0283_cov_02_01_current] Absolute temperature on the Kelvin scale cannot be below 0 K.

[rank=3 score=24.8597 doc_id=mp_0086] Materials Project reports K (mp-1180991). Band gap: 0.0 eV. Formation energy per atom: 0.118525908249999 eV/atom. Energy above hull: 0.118525908249999 eV/atom. Stable: False.",Absolute temperature on the Kelvin scale cannot be below 0 K.,outdated_or_incorrect,1.0,"The answer directly quotes the context from rank=2, which states that absolute temperature on the Kelvin scale cannot be below 0 K. This context explicitly supports the claim in the answer. The other contexts are irrelevant or corrupted but do not contradict this key point.",1.0,,1004,519,naive_context
rag_cov_02_02_current,Can an experiment be performed at -50 K?,"[rank=1 score=28.7554 doc_id=h1ctx_0284_cov_02_01_incorrect] A corrupted lab note reports a synthesis temperature of -50 K.

[rank=2 score=25.6358 doc_id=h1ctx_0283_cov_02_01_current] Absolute temperature on the Kelvin scale cannot be below 0 K.

[rank=3 score=24.8597 doc_id=mp_0086] Materials Project reports K (mp-1180991). Band gap: 0.0 eV. Formation energy per atom: 0.118525908249999 eV/atom. Energy above hull: 0.118525908249999 eV/atom. Stable: False.",Absolute temperature on the Kelvin scale cannot be below 0 K.,outdated_or_incorrect,1.0,"The answer directly quotes the context from rank=2, which states that absolute temperature on the Kelvin scale cannot be below 0 K. This context explicitly supports the claim in the answer. The other contexts are irrelevant or corrupted but do not contradict this key point.",1.0,,1004,519,naive_context
rag_cov_02_02_incorrect,Can an experiment be performed at -50 K?,"[rank=1 score=28.7554 doc_id=h1ctx_0284_cov_02_01_incorrect] A corrupted lab note reports a synthesis temperature of -50 K.

[rank=2 score=25.6358 doc_id=h1ctx_0283_cov_02_01_current] Absolute temperature on the Kelvin scale cannot be below 0 K.

[rank=3 score=24.8597 doc_id=mp_0086] Materials Project reports K (mp-1180991). Band gap: 0.0 eV. Formation energy per atom: 0.118525908249999 eV/atom. Energy above hull: 0.118525908249999 eV/atom. Stable: False.",Absolute temperature on the Kelvin scale cannot be below 0 K.,outdated_or_incorrect,1.0,"The answer directly quotes the context from rank=2, which states that absolute temperature on the Kelvin scale cannot be below 0 K. This context explicitly supports the claim in the answer. The other contexts are irrelevant or corrupted but do not contradict this key point.",1.0,,1004,519,naive_context
rag_cov_02_03_current,Can an experiment be performed at -50 K?,"[rank=1 score=28.7554 doc_id=h1ctx_0284_cov_02_01_incorrect] A corrupted lab note reports a synthesis temperature of -50 K.

[rank=2 score=25.6358 doc_id=h1ctx_0283_cov_02_01_current] Absolute temperature on the Kelvin scale cannot be below 0 K.

[rank=3 score=24.8597 doc_id=mp_0086] Materials Project reports K (mp-1180991). Band gap: 0.0 eV. Formation energy per atom: 0.118525908249999 eV/atom. Energy above hull: 0.118525908249999 eV/atom. Stable: False.",Absolute temperature on the Kelvin scale cannot be below 0 K.,outdated_or_incorrect,1.0,"The answer directly quotes the context from rank=2, which states that absolute temperature on the Kelvin scale cannot be below 0 K. This context explicitly supports the claim in the answer. The other contexts are irrelevant or corrupted but do not contradict this key point.",1.0,,1004,519,naive_context
rag_cov_02_03_incorrect,Can an experiment be performed at -50 K?,"[rank=1 score=28.7554 doc_id=h1ctx_0284_cov_02_01_incorrect] A corrupted lab note reports a synthesis temperature of -50 K.

[rank=2 score=25.6358 doc_id=h1ctx_0283_cov_02_01_current] Absolute temperature on the Kelvin scale cannot be below 0 K.

[rank=3 score=24.8597 doc_id=mp_0086] Materials Project reports K (mp-1180991). Band gap: 0.0 eV. Formation energy per atom: 0.118525908249999 eV/atom. Energy above hull: 0.118525908249999 eV/atom. Stable: False.",Absolute temperature on the Kelvin scale cannot be below 0 K.,outdated_or_incorrect,1.0,"The answer directly quotes the context from rank=2, which states that absolute temperature on the Kelvin scale cannot be below 0 K. This context explicitly supports the claim in the answer. The other contexts are irrelevant or corrupted but do not contradict this key point.",1.0,,1004,519,naive_context
rag_cov_02_04_current,Can an experiment be performed at -50 K?,"[rank=1 score=28.7554 doc_id=h1ctx_0284_cov_02_01_incorrect] A corrupted lab note reports a synthesis temperature of -50 K.

[rank=2 score=25.6358 doc_id=h1ctx_0283_cov_02_01_current] Absolute temperature on the Kelvin scale cannot be below 0 K.

[rank=3 score=24.8597 doc_id=mp_0086] Materials Project reports K (mp-1180991). Band gap: 0.0 eV. Formation energy per atom: 0.118525908249999 eV/atom. Energy above hull: 0.118525908249999 eV/atom. Stable: False.",Absolute temperature on the Kelvin scale cannot be below 0 K.,outdated_or_incorrect,1.0,"The answer directly quotes the context from rank=2, which states that absolute temperature on the Kelvin scale cannot be below 0 K. This context explicitly supports the claim in the answer. The other contexts are irrelevant or corrupted but do not contradict this key point.",1.0,,1004,519,naive_context
rag_cov_02_04_incorrect,Can an experiment be performed at -50 K?,"[rank=1 score=28.7554 doc_id=h1ctx_0284_cov_02_01_incorrect] A corrupted lab note reports a synthesis temperature of -50 K.

[rank=2 score=25.6358 doc_id=h1ctx_0283_cov_02_01_current] Absolute temperature on the Kelvin scale cannot be below 0 K.

[rank=3 score=24.8597 doc_id=mp_0086] Materials Project reports K (mp-1180991). Band gap: 0.0 eV. Formation energy per atom: 0.118525908249999 eV/atom. Energy above hull: 0.118525908249999 eV/atom. Stable: False.",Absolute temperature on the Kelvin scale cannot be below 0 K.,outdated_or_incorrect,1.0,"The answer directly quotes the context from rank=2, which states that absolute temperature on the Kelvin scale cannot be below 0 K. This context explicitly supports the claim in the answer. The other contexts are irrelevant or corrupted but do not contradict this key point.",1.0,,1004,519,naive_context
rag_cov_02_05_current,Can an experiment be performed at -50 K?,"[rank=1 score=28.7554 doc_id=h1ctx_0284_cov_02_01_incorrect] A corrupted lab note reports a synthesis temperature of -50 K.

[rank=2 score=25.6358 doc_id=h1ctx_0283_cov_02_01_current] Absolute temperature on the Kelvin scale cannot be below 0 K.

[rank=3 score=24.8597 doc_id=mp_0086] Materials Project reports K (mp-1180991). Band gap: 0.0 eV. Formation energy per atom: 0.118525908249999 eV/atom. Energy above hull: 0.118525908249999 eV/atom. Stable: False.",Absolute temperature on the Kelvin scale cannot be below 0 K.,outdated_or_incorrect,1.0,"The answer directly quotes the context from rank=2, which states that absolute temperature on the Kelvin scale cannot be below 0 K. This context explicitly supports the claim in the answer. The other contexts are irrelevant or corrupted but do not contradict this key point.",1.0,,1004,519,naive_context
rag_cov_02_05_incorrect,Can an experiment be performed at -50 K?,"[rank=1 score=28.7554 doc_id=h1ctx_0284_cov_02_01_incorrect] A corrupted lab note reports a synthesis temperature of -50 K.

[rank=2 score=25.6358 doc_id=h1ctx_0283_cov_02_01_current] Absolute temperature on the Kelvin scale cannot be below 0 K.

[rank=3 score=24.8597 doc_id=mp_0086] Materials Project reports K (mp-1180991). Band gap: 0.0 eV. Formation energy per atom: 0.118525908249999 eV/atom. Energy above hull: 0.118525908249999 eV/atom. Stable: False.",Absolute temperature on the Kelvin scale cannot be below 0 K.,outdated_or_incorrect,1.0,"The answer directly quotes the context from rank=2, which states that absolute temperature on the Kelvin scale cannot be below 0 K. This context explicitly supports the claim in the answer. The other contexts are irrelevant or corrupted but do not contradict this key point.",1.0,,1004,519,naive_context
rag_cov_02_06_current,Can an experiment be performed at -50 K?,"[rank=1 score=28.7554 doc_id=h1ctx_0284_cov_02_01_incorrect] A corrupted lab note reports a synthesis temperature of -50 K.

[rank=2 score=25.6358 doc_id=h1ctx_0283_cov_02_01_current] Absolute temperature on the Kelvin scale cannot be below 0 K.

[rank=3 score=24.8597 doc_id=mp_0086] Materials Project reports K (mp-1180991). Band gap: 0.0 eV. Formation energy per atom: 0.118525908249999 eV/atom. Energy above hull: 0.118525908249999 eV/atom. Stable: False.",Absolute temperature on the Kelvin scale cannot be below 0 K.,outdated_or_incorrect,1.0,"The answer directly quotes the context from rank=2, which states that absolute temperature on the Kelvin scale cannot be below 0 K. This context explicitly supports the claim in the answer. The other contexts are irrelevant or corrupted but do not contradict this key point.",1.0,,1004,519,naive_context
rag_cov_02_06_incorrect,Can an experiment be performed at -50 K?,"[rank=1 score=28.7554 doc_id=h1ctx_0284_cov_02_01_incorrect] A corrupted lab note reports a synthesis temperature of -50 K.

[rank=2 score=25.6358 doc_id=h1ctx_0283_cov_02_01_current] Absolute temperature on the Kelvin scale cannot be below 0 K.

[rank=3 score=24.8597 doc_id=mp_0086] Materials Project reports K (mp-1180991). Band gap: 0.0 eV. Formation energy per atom: 0.118525908249999 eV/atom. Energy above hull: 0.118525908249999 eV/atom. Stable: False.",Absolute temperature on the Kelvin scale cannot be below 0 K.,outdated_or_incorrect,1.0,"The answer directly quotes the context from rank=2, which states that absolute temperature on the Kelvin scale cannot be below 0 K. This context explicitly supports the claim in the answer. The other contexts are irrelevant or corrupted but do not contradict this key point.",1.0,,1004,519,naive_context
rag_cov_02_07_current,Can an experiment be performed at -50 K?,"[rank=1 score=28.7554 doc_id=h1ctx_0284_cov_02_01_incorrect] A corrupted lab note reports a synthesis temperature of -50 K.

[rank=2 score=25.6358 doc_id=h1ctx_0283_cov_02_01_current] Absolute temperature on the Kelvin scale cannot be below 0 K.

[rank=3 score=24.8597 doc_id=mp_0086] Materials Project reports K (mp-1180991). Band gap: 0.0 eV. Formation energy per atom: 0.118525908249999 eV/atom. Energy above hull: 0.118525908249999 eV/atom. Stable: False.",Absolute temperature on the Kelvin scale cannot be below 0 K.,outdated_or_incorrect,1.0,"The answer directly quotes the context from rank=2, which states that absolute temperature on the Kelvin scale cannot be below 0 K. This context explicitly supports the claim in the answer. The other contexts are irrelevant or corrupted but do not contradict this key point.",1.0,,1004,519,naive_context
rag_cov_02_07_incorrect,Can an experiment be performed at -50 K?,"[rank=1 score=28.7554 doc_id=h1ctx_0284_cov_02_01_incorrect] A corrupted lab note reports a synthesis temperature of -50 K.

[rank=2 score=25.6358 doc_id=h1ctx_0283_cov_02_01_current] Absolute temperature on the Kelvin scale cannot be below 0 K.

[rank=3 score=24.8597 doc_id=mp_0086] Materials Project reports K (mp-1180991). Band gap: 0.0 eV. Formation energy per atom: 0.118525908249999 eV/atom. Energy above hull: 0.118525908249999 eV/atom. Stable: False.",Absolute temperature on the Kelvin scale cannot be below 0 K.,outdated_or_incorrect,1.0,"The answer directly quotes the context from rank=2, which states that absolute temperature on the Kelvin scale cannot be below 0 K. This context explicitly supports the claim in the answer. The other contexts are irrelevant or corrupted but do not contradict this key point.",1.0,,1004,519,naive_context
rag_cov_02_08_current,Can an experiment be performed at -50 K?,"[rank=1 score=28.7554 doc_id=h1ctx_0284_cov_02_01_incorrect] A corrupted lab note reports a synthesis temperature of -50 K.

[rank=2 score=25.6358 doc_id=h1ctx_0283_cov_02_01_current] Absolute temperature on the Kelvin scale cannot be below 0 K.

[rank=3 score=24.8597 doc_id=mp_0086] Materials Project reports K (mp-1180991). Band gap: 0.0 eV. Formation energy per atom: 0.118525908249999 eV/atom. Energy above hull: 0.118525908249999 eV/atom. Stable: False.",Absolute temperature on the Kelvin scale cannot be below 0 K.,outdated_or_incorrect,1.0,"The answer directly quotes the context from rank=2, which states that absolute temperature on the Kelvin scale cannot be below 0 K. This context explicitly supports the claim in the answer. The other contexts are irrelevant or corrupted but do not contradict this key point.",1.0,,1004,519,naive_context
rag_cov_02_08_incorrect,Can an experiment be performed at -50 K?,"[rank=1 score=28.7554 doc_id=h1ctx_0284_cov_02_01_incorrect] A corrupted lab note reports a synthesis temperature of -50 K.

[rank=2 score=25.6358 doc_id=h1ctx_0283_cov_02_01_current] Absolute temperature on the Kelvin scale cannot be below 0 K.

[rank=3 score=24.8597 doc_id=mp_0086] Materials Project reports K (mp-1180991). Band gap: 0.0 eV. Formation energy per atom: 0.118525908249999 eV/atom. Energy above hull: 0.118525908249999 eV/atom. Stable: False.",Absolute temperature on the Kelvin scale cannot be below 0 K.,outdated_or_incorrect,1.0,"The answer directly quotes the context from rank=2, which states that absolute temperature on the Kelvin scale cannot be below 0 K. This context explicitly supports the claim in the answer. The other contexts are irrelevant or corrupted but do not contradict this key point.",1.0,,1004,519,naive_context
rag_cov_02_09_current,Can an experiment be performed at -50 K?,"[rank=1 score=28.7554 doc_id=h1ctx_0284_cov_02_01_incorrect] A corrupted lab note reports a synthesis temperature of -50 K.

[rank=2 score=25.6358 doc_id=h1ctx_0283_cov_02_01_current] Absolute temperature on the Kelvin scale cannot be below 0 K.

[rank=3 score=24.8597 doc_id=mp_0086] Materials Project reports K (mp-1180991). Band gap: 0.0 eV. Formation energy per atom: 0.118525908249999 eV/atom. Energy above hull: 0.118525908249999 eV/atom. Stable: False.",Absolute temperature on the Kelvin scale cannot be below 0 K.,outdated_or_incorrect,1.0,"The answer directly quotes the context from rank=2, which states that absolute temperature on the Kelvin scale cannot be below 0 K. This context explicitly supports the claim in the answer. The other contexts are irrelevant or corrupted but do not contradict this key point.",1.0,,1004,519,naive_context
rag_cov_02_09_incorrect,Can an experiment be performed at -50 K?,"[rank=1 score=28.7554 doc_id=h1ctx_0284_cov_02_01_incorrect] A corrupted lab note reports a synthesis temperature of -50 K.

[rank=2 score=25.6358 doc_id=h1ctx_0283_cov_02_01_current] Absolute temperature on the Kelvin scale cannot be below 0 K.

[rank=3 score=24.8597 doc_id=mp_0086] Materials Project reports K (mp-1180991). Band gap: 0.0 eV. Formation energy per atom: 0.118525908249999 eV/atom. Energy above hull: 0.118525908249999 eV/atom. Stable: False.",Absolute temperature on the Kelvin scale cannot be below 0 K.,outdated_or_incorrect,1.0,"The answer directly quotes the context from rank=2, which states that absolute temperature on the Kelvin scale cannot be below 0 K. This context explicitly supports the claim in the answer. The other contexts are irrelevant or corrupted but do not contradict this key point.",1.0,,1004,519,naive_context
rag_cov_02_10_current,Can an experiment be performed at -50 K?,"[rank=1 score=28.7554 doc_id=h1ctx_0284_cov_02_01_incorrect] A corrupted lab note reports a synthesis temperature of -50 K.

[rank=2 score=25.6358 doc_id=h1ctx_0283_cov_02_01_current] Absolute temperature on the Kelvin scale cannot be below 0 K.

[rank=3 score=24.8597 doc_id=mp_0086] Materials Project reports K (mp-1180991). Band gap: 0.0 eV. Formation energy per atom: 0.118525908249999 eV/atom. Energy above hull: 0.118525908249999 eV/atom. Stable: False.",Absolute temperature on the Kelvin scale cannot be below 0 K.,outdated_or_incorrect,1.0,"The answer directly quotes the context from rank=2, which states that absolute temperature on the Kelvin scale cannot be below 0 K. This context explicitly supports the claim in the answer. The other contexts are irrelevant or corrupted but do not contradict this key point.",1.0,,1004,519,naive_context
rag_cov_02_10_incorrect,Can an experiment be performed at -50 K?,"[rank=1 score=28.7554 doc_id=h1ctx_0284_cov_02_01_incorrect] A corrupted lab note reports a synthesis temperature of -50 K.

[rank=2 score=25.6358 doc_id=h1ctx_0283_cov_02_01_current] Absolute temperature on the Kelvin scale cannot be below 0 K.

[rank=3 score=24.8597 doc_id=mp_0086] Materials Project reports K (mp-1180991). Band gap: 0.0 eV. Formation energy per atom: 0.118525908249999 eV/atom. Energy above hull: 0.118525908249999 eV/atom. Stable: False.",Absolute temperature on the Kelvin scale cannot be below 0 K.,outdated_or_incorrect,1.0,"The answer directly quotes the context from rank=2, which states that absolute temperature on the Kelvin scale cannot be below 0 K. This context explicitly supports the claim in the answer. The other contexts are irrelevant or corrupted but do not contradict this key point.",1.0,,1004,519,naive_context
rag_cov_02_11_current,Can an experiment be performed at -50 K?,"[rank=1 score=28.7554 doc_id=h1ctx_0284_cov_02_01_incorrect] A corrupted lab note reports a synthesis temperature of -50 K.

[rank=2 score=25.6358 doc_id=h1ctx_0283_cov_02_01_current] Absolute temperature on the Kelvin scale cannot be below 0 K.

[rank=3 score=24.8597 doc_id=mp_0086] Materials Project reports K (mp-1180991). Band gap: 0.0 eV. Formation energy per atom: 0.118525908249999 eV/atom. Energy above hull: 0.118525908249999 eV/atom. Stable: False.",Absolute temperature on the Kelvin scale cannot be below 0 K.,outdated_or_incorrect,1.0,"The answer directly quotes the context from rank=2, which states that absolute temperature on the Kelvin scale cannot be below 0 K. This context explicitly supports the claim in the answer. The other contexts are irrelevant or corrupted but do not contradict this key point.",1.0,,1004,519,naive_context
rag_cov_02_11_incorrect,Can an experiment be performed at -50 K?,"[rank=1 score=28.7554 doc_id=h1ctx_0284_cov_02_01_incorrect] A corrupted lab note reports a synthesis temperature of -50 K.

[rank=2 score=25.6358 doc_id=h1ctx_0283_cov_02_01_current] Absolute temperature on the Kelvin scale cannot be below 0 K.

[rank=3 score=24.8597 doc_id=mp_0086] Materials Project reports K (mp-1180991). Band gap: 0.0 eV. Formation energy per atom: 0.118525908249999 eV/atom. Energy above hull: 0.118525908249999 eV/atom. Stable: False.",Absolute temperature on the Kelvin scale cannot be below 0 K.,outdated_or_incorrect,1.0,"The answer directly quotes the context from rank=2, which states that absolute temperature on the Kelvin scale cannot be below 0 K. This context explicitly supports the claim in the answer. The other contexts are irrelevant or corrupted but do not contradict this key point.",1.0,,1004,519,naive_context
rag_cov_02_12_current,Can an experiment be performed at -50 K?,"[rank=1 score=28.7554 doc_id=h1ctx_0284_cov_02_01_incorrect] A corrupted lab note reports a synthesis temperature of -50 K.

[rank=2 score=25.6358 doc_id=h1ctx_0283_cov_02_01_current] Absolute temperature on the Kelvin scale cannot be below 0 K.

[rank=3 score=24.8597 doc_id=mp_0086] Materials Project reports K (mp-1180991). Band gap: 0.0 eV. Formation energy per atom: 0.118525908249999 eV/atom. Energy above hull: 0.118525908249999 eV/atom. Stable: False.",Absolute temperature on the Kelvin scale cannot be below 0 K.,outdated_or_incorrect,1.0,"The answer directly quotes the context from rank=2, which states that absolute temperature on the Kelvin scale cannot be below 0 K. This context explicitly supports the claim in the answer. The other contexts are irrelevant or corrupted but do not contradict this key point.",1.0,,1004,519,naive_context
rag_cov_02_12_incorrect,Can an experiment be performed at -50 K?,"[rank=1 score=28.7554 doc_id=h1ctx_0284_cov_02_01_incorrect] A corrupted lab note reports a synthesis temperature of -50 K.

[rank=2 score=25.6358 doc_id=h1ctx_0283_cov_02_01_current] Absolute temperature on the Kelvin scale cannot be below 0 K.

[rank=3 score=24.8597 doc_id=mp_0086] Materials Project reports K (mp-1180991). Band gap: 0.0 eV. Formation energy per atom: 0.118525908249999 eV/atom. Energy above hull: 0.118525908249999 eV/atom. Stable: False.",Absolute temperature on the Kelvin scale cannot be below 0 K.,outdated_or_incorrect,1.0,"The answer directly quotes the context from rank=2, which states that absolute temperature on the Kelvin scale cannot be below 0 K. This context explicitly supports the claim in the answer. The other contexts are irrelevant or corrupted but do not contradict this key point.",1.0,,1004,519,naive_context
rag_cov_02_13_current,Can an experiment be performed at -50 K?,"[rank=1 score=28.7554 doc_id=h1ctx_0284_cov_02_01_incorrect] A corrupted lab note reports a synthesis temperature of -50 K.

[rank=2 score=25.6358 doc_id=h1ctx_0283_cov_02_01_current] Absolute temperature on the Kelvin scale cannot be below 0 K.

[rank=3 score=24.8597 doc_id=mp_0086] Materials Project reports K (mp-1180991). Band gap: 0.0 eV. Formation energy per atom: 0.118525908249999 eV/atom. Energy above hull: 0.118525908249999 eV/atom. Stable: False.",Absolute temperature on the Kelvin scale cannot be below 0 K.,outdated_or_incorrect,1.0,"The answer directly quotes the context from rank=2, which states that absolute temperature on the Kelvin scale cannot be below 0 K. This context explicitly supports the claim in the answer. The other contexts are irrelevant or corrupted but do not contradict this key point.",1.0,,1004,519,naive_context
rag_cov_02_13_incorrect,Can an experiment be performed at -50 K?,"[rank=1 score=28.7554 doc_id=h1ctx_0284_cov_02_01_incorrect] A corrupted lab note reports a synthesis temperature of -50 K.

[rank=2 score=25.6358 doc_id=h1ctx_0283_cov_02_01_current] Absolute temperature on the Kelvin scale cannot be below 0 K.

[rank=3 score=24.8597 doc_id=mp_0086] Materials Project reports K (mp-1180991). Band gap: 0.0 eV. Formation energy per atom: 0.118525908249999 eV/atom. Energy above hull: 0.118525908249999 eV/atom. Stable: False.",Absolute temperature on the Kelvin scale cannot be below 0 K.,outdated_or_incorrect,1.0,"The answer directly quotes the context from rank=2, which states that absolute temperature on the Kelvin scale cannot be below 0 K. This context explicitly supports the claim in the answer. The other contexts are irrelevant or corrupted but do not contradict this key point.",1.0,,1004,519,naive_context
rag_cov_02_14_current,Can an experiment be performed at -50 K?,"[rank=1 score=28.7554 doc_id=h1ctx_0284_cov_02_01_incorrect] A corrupted lab note reports a synthesis temperature of -50 K.

[rank=2 score=25.6358 doc_id=h1ctx_0283_cov_02_01_current] Absolute temperature on the Kelvin scale cannot be below 0 K.

[rank=3 score=24.8597 doc_id=mp_0086] Materials Project reports K (mp-1180991). Band gap: 0.0 eV. Formation energy per atom: 0.118525908249999 eV/atom. Energy above hull: 0.118525908249999 eV/atom. Stable: False.",Absolute temperature on the Kelvin scale cannot be below 0 K.,outdated_or_incorrect,1.0,"The answer directly quotes the context from rank=2, which states that absolute temperature on the Kelvin scale cannot be below 0 K. This context explicitly supports the claim in the answer. The other contexts are irrelevant or corrupted but do not contradict this key point.",1.0,,1004,519,naive_context
rag_cov_02_14_incorrect,Can an experiment be performed at -50 K?,"[rank=1 score=28.7554 doc_id=h1ctx_0284_cov_02_01_incorrect] A corrupted lab note reports a synthesis temperature of -50 K.

[rank=2 score=25.6358 doc_id=h1ctx_0283_cov_02_01_current] Absolute temperature on the Kelvin scale cannot be below 0 K.

[rank=3 score=24.8597 doc_id=mp_0086] Materials Project reports K (mp-1180991). Band gap: 0.0 eV. Formation energy per atom: 0.118525908249999 eV/atom. Energy above hull: 0.118525908249999 eV/atom. Stable: False.",Absolute temperature on the Kelvin scale cannot be below 0 K.,outdated_or_incorrect,1.0,"The answer directly quotes the context from rank=2, which states that absolute temperature on the Kelvin scale cannot be below 0 K. This context explicitly supports the claim in the answer. The other contexts are irrelevant or corrupted but do not contradict this key point.",1.0,,1004,519,naive_context
rag_cov_02_15_current,Can an experiment be performed at -50 K?,"[rank=1 score=28.7554 doc_id=h1ctx_0284_cov_02_01_incorrect] A corrupted lab note reports a synthesis temperature of -50 K.

[rank=2 score=25.6358 doc_id=h1ctx_0283_cov_02_01_current] Absolute temperature on the Kelvin scale cannot be below 0 K.

[rank=3 score=24.8597 doc_id=mp_0086] Materials Project reports K (mp-1180991). Band gap: 0.0 eV. Formation energy per atom: 0.118525908249999 eV/atom. Energy above hull: 0.118525908249999 eV/atom. Stable: False.",Absolute temperature on the Kelvin scale cannot be below 0 K.,outdated_or_incorrect,1.0,"The answer directly quotes the context from rank=2, which states that absolute temperature on the Kelvin scale cannot be below 0 K. This context explicitly supports the claim in the answer. The other contexts are irrelevant or corrupted but do not contradict this key point.",1.0,,1004,519,naive_context
rag_cov_02_15_incorrect,Can an experiment be performed at -50 K?,"[rank=1 score=28.7554 doc_id=h1ctx_0284_cov_02_01_incorrect] A corrupted lab note reports a synthesis temperature of -50 K.

[rank=2 score=25.6358 doc_id=h1ctx_0283_cov_02_01_current] Absolute temperature on the Kelvin scale cannot be below 0 K.

[rank=3 score=24.8597 doc_id=mp_0086] Materials Project reports K (mp-1180991). Band gap: 0.0 eV. Formation energy per atom: 0.118525908249999 eV/atom. Energy above hull: 0.118525908249999 eV/atom. Stable: False.",Absolute temperature on the Kelvin scale cannot be below 0 K.,outdated_or_incorrect,1.0,"The answer directly quotes the context from rank=2, which states that absolute temperature on the Kelvin scale cannot be below 0 K. This context explicitly supports the claim in the answer. The other contexts are irrelevant or corrupted but do not contradict this key point.",1.0,,1004,519,naive_context
rag_cov_03_01_current,Is a pressure of -2 GPa physically valid in a standard pressure report?,"[rank=1 score=47.3585 doc_id=h1ctx_0313_cov_03_01_current] Standard pressure reports should not use negative pressure unless a stress sign convention is explicitly defined.

[rank=2 score=45.2006 doc_id=h1ctx_0314_cov_03_01_incorrect] A noisy measurement table reports the pressure as -2 GPa.

[rank=3 score=12.8364 doc_id=arxiv_0011] Stability Analysis of Superconductivity in $\textit{P6/mmm}$-LaSc$_2$H$_{24}$ and its Experimental Reproducibility from La-Sc Alloys. In this work, we analyze the feasibility of room-temperature superconductivity in the lanthanum-scandium hydride $\textit{P6/mmm}$-LaSc$_2$H$_{24}$. We demonstrate that the electron-phonon coupling calculations performed using the $σ$-broadening of the double $δ$-function at the Fermi surface lead to a very strong dependence of $\textit{T$_c$}(σ)$ on the arbitrary $σ$, whereas the tetrahedral method for the electron-phonon interaction is free from this drawback and leads to $\textit{T$_c$}$ > 300 K at 300 GPa in agreement with previous predictions. By analyzing the stability of the metallic state of LaSc$_2$H$_{24}$ at 250-300 GPa, we show that this compound is at the edge of the stability region ($ξ$ = 0.54), similar to $\textit{fcc}$ LaH$_{10}$ at 140-150 GPa. Experimental attempts to synthesize LaSc$_2$H$_{24}$ at 250-280 GPa starting from the (La,Sc$_2$) alloy are unsuccessful and indicate the absence of even traces of superconductivity at 245-300 K in all the resulting La-Sc-H hydrides. The method for preparing the precursor by simultaneous deposition of La and Sc metals may be a key factor for the successful synthesis of LaSc$_2$H$_{24}$.",Standard pressure reports should not use negative pressure unless a stress sign convention is explicitly defined.,current,1.0,"The answer directly quotes the key point from the top-ranked context (rank=1), which states that negative pressure should not be used without an explicit sign convention. This aligns perfectly with the retrieved context and addresses the question about physical validity in standard pressure reports.",1.0,,1681,1300,naive_context
rag_cov_03_01_incorrect,Is a pressure of -2 GPa physically valid in a standard pressure report?,"[rank=1 score=47.3585 doc_id=h1ctx_0313_cov_03_01_current] Standard pressure reports should not use negative pressure unless a stress sign convention is explicitly defined.

[rank=2 score=45.2006 doc_id=h1ctx_0314_cov_03_01_incorrect] A noisy measurement table reports the pressure as -2 GPa.

[rank=3 score=12.8364 doc_id=arxiv_0011] Stability Analysis of Superconductivity in $\textit{P6/mmm}$-LaSc$_2$H$_{24}$ and its Experimental Reproducibility from La-Sc Alloys. In this work, we analyze the feasibility of room-temperature superconductivity in the lanthanum-scandium hydride $\textit{P6/mmm}$-LaSc$_2$H$_{24}$. We demonstrate that the electron-phonon coupling calculations performed using the $σ$-broadening of the double $δ$-function at the Fermi surface lead to a very strong dependence of $\textit{T$_c$}(σ)$ on the arbitrary $σ$, whereas the tetrahedral method for the electron-phonon interaction is free from this drawback and leads to $\textit{T$_c$}$ > 300 K at 300 GPa in agreement with previous predictions. By analyzing the stability of the metallic state of LaSc$_2$H$_{24}$ at 250-300 GPa, we show that this compound is at the edge of the stability region ($ξ$ = 0.54), similar to $\textit{fcc}$ LaH$_{10}$ at 140-150 GPa. Experimental attempts to synthesize LaSc$_2$H$_{24}$ at 250-280 GPa starting from the (La,Sc$_2$) alloy are unsuccessful and indicate the absence of even traces of superconductivity at 245-300 K in all the resulting La-Sc-H hydrides. The method for preparing the precursor by simultaneous deposition of La and Sc metals may be a key factor for the successful synthesis of LaSc$_2$H$_{24}$.",Standard pressure reports should not use negative pressure unless a stress sign convention is explicitly defined.,current,1.0,"The answer directly quotes the key point from the top-ranked context (rank=1), which states that negative pressure should not be used without an explicit sign convention. This aligns perfectly with the retrieved context and addresses the question about physical validity in standard pressure reports.",1.0,,1681,1300,naive_context
rag_cov_03_02_current,Is a pressure of -2 GPa physically valid in a standard pressure report?,"[rank=1 score=47.3585 doc_id=h1ctx_0313_cov_03_01_current] Standard pressure reports should not use negative pressure unless a stress sign convention is explicitly defined.

[rank=2 score=45.2006 doc_id=h1ctx_0314_cov_03_01_incorrect] A noisy measurement table reports the pressure as -2 GPa.

[rank=3 score=12.8364 doc_id=arxiv_0011] Stability Analysis of Superconductivity in $\textit{P6/mmm}$-LaSc$_2$H$_{24}$ and its Experimental Reproducibility from La-Sc Alloys. In this work, we analyze the feasibility of room-temperature superconductivity in the lanthanum-scandium hydride $\textit{P6/mmm}$-LaSc$_2$H$_{24}$. We demonstrate that the electron-phonon coupling calculations performed using the $σ$-broadening of the double $δ$-function at the Fermi surface lead to a very strong dependence of $\textit{T$_c$}(σ)$ on the arbitrary $σ$, whereas the tetrahedral method for the electron-phonon interaction is free from this drawback and leads to $\textit{T$_c$}$ > 300 K at 300 GPa in agreement with previous predictions. By analyzing the stability of the metallic state of LaSc$_2$H$_{24}$ at 250-300 GPa, we show that this compound is at the edge of the stability region ($ξ$ = 0.54), similar to $\textit{fcc}$ LaH$_{10}$ at 140-150 GPa. Experimental attempts to synthesize LaSc$_2$H$_{24}$ at 250-280 GPa starting from the (La,Sc$_2$) alloy are unsuccessful and indicate the absence of even traces of superconductivity at 245-300 K in all the resulting La-Sc-H hydrides. The method for preparing the precursor by simultaneous deposition of La and Sc metals may be a key factor for the successful synthesis of LaSc$_2$H$_{24}$.",Standard pressure reports should not use negative pressure unless a stress sign convention is explicitly defined.,current,1.0,"The answer directly quotes the key point from the top-ranked context (rank=1), which states that negative pressure should not be used without an explicit sign convention. This aligns perfectly with the retrieved context and addresses the question about physical validity in standard pressure reports.",1.0,,1681,1300,naive_context
rag_cov_03_02_incorrect,Is a pressure of -2 GPa physically valid in a standard pressure report?,"[rank=1 score=47.3585 doc_id=h1ctx_0313_cov_03_01_current] Standard pressure reports should not use negative pressure unless a stress sign convention is explicitly defined.

[rank=2 score=45.2006 doc_id=h1ctx_0314_cov_03_01_incorrect] A noisy measurement table reports the pressure as -2 GPa.

[rank=3 score=12.8364 doc_id=arxiv_0011] Stability Analysis of Superconductivity in $\textit{P6/mmm}$-LaSc$_2$H$_{24}$ and its Experimental Reproducibility from La-Sc Alloys. In this work, we analyze the feasibility of room-temperature superconductivity in the lanthanum-scandium hydride $\textit{P6/mmm}$-LaSc$_2$H$_{24}$. We demonstrate that the electron-phonon coupling calculations performed using the $σ$-broadening of the double $δ$-function at the Fermi surface lead to a very strong dependence of $\textit{T$_c$}(σ)$ on the arbitrary $σ$, whereas the tetrahedral method for the electron-phonon interaction is free from this drawback and leads to $\textit{T$_c$}$ > 300 K at 300 GPa in agreement with previous predictions. By analyzing the stability of the metallic state of LaSc$_2$H$_{24}$ at 250-300 GPa, we show that this compound is at the edge of the stability region ($ξ$ = 0.54), similar to $\textit{fcc}$ LaH$_{10}$ at 140-150 GPa. Experimental attempts to synthesize LaSc$_2$H$_{24}$ at 250-280 GPa starting from the (La,Sc$_2$) alloy are unsuccessful and indicate the absence of even traces of superconductivity at 245-300 K in all the resulting La-Sc-H hydrides. The method for preparing the precursor by simultaneous deposition of La and Sc metals may be a key factor for the successful synthesis of LaSc$_2$H$_{24}$.",Standard pressure reports should not use negative pressure unless a stress sign convention is explicitly defined.,current,1.0,"The answer directly quotes the key point from the top-ranked context (rank=1), which states that negative pressure should not be used without an explicit sign convention. This aligns perfectly with the retrieved context and addresses the question about physical validity in standard pressure reports.",1.0,,1681,1300,naive_context
rag_cov_03_03_current,Is a pressure of -2 GPa physically valid in a standard pressure report?,"[rank=1 score=47.3585 doc_id=h1ctx_0313_cov_03_01_current] Standard pressure reports should not use negative pressure unless a stress sign convention is explicitly defined.

[rank=2 score=45.2006 doc_id=h1ctx_0314_cov_03_01_incorrect] A noisy measurement table reports the pressure as -2 GPa.

[rank=3 score=12.8364 doc_id=arxiv_0011] Stability Analysis of Superconductivity in $\textit{P6/mmm}$-LaSc$_2$H$_{24}$ and its Experimental Reproducibility from La-Sc Alloys. In this work, we analyze the feasibility of room-temperature superconductivity in the lanthanum-scandium hydride $\textit{P6/mmm}$-LaSc$_2$H$_{24}$. We demonstrate that the electron-phonon coupling calculations performed using the $σ$-broadening of the double $δ$-function at the Fermi surface lead to a very strong dependence of $\textit{T$_c$}(σ)$ on the arbitrary $σ$, whereas the tetrahedral method for the electron-phonon interaction is free from this drawback and leads to $\textit{T$_c$}$ > 300 K at 300 GPa in agreement with previous predictions. By analyzing the stability of the metallic state of LaSc$_2$H$_{24}$ at 250-300 GPa, we show that this compound is at the edge of the stability region ($ξ$ = 0.54), similar to $\textit{fcc}$ LaH$_{10}$ at 140-150 GPa. Experimental attempts to synthesize LaSc$_2$H$_{24}$ at 250-280 GPa starting from the (La,Sc$_2$) alloy are unsuccessful and indicate the absence of even traces of superconductivity at 245-300 K in all the resulting La-Sc-H hydrides. The method for preparing the precursor by simultaneous deposition of La and Sc metals may be a key factor for the successful synthesis of LaSc$_2$H$_{24}$.",Standard pressure reports should not use negative pressure unless a stress sign convention is explicitly defined.,current,1.0,"The answer directly quotes the key point from the top-ranked context (rank=1), which states that negative pressure should not be used without an explicit sign convention. This aligns perfectly with the retrieved context and addresses the question about physical validity in standard pressure reports.",1.0,,1681,1300,naive_context
rag_cov_03_03_incorrect,Is a pressure of -2 GPa physically valid in a standard pressure report?,"[rank=1 score=47.3585 doc_id=h1ctx_0313_cov_03_01_current] Standard pressure reports should not use negative pressure unless a stress sign convention is explicitly defined.

[rank=2 score=45.2006 doc_id=h1ctx_0314_cov_03_01_incorrect] A noisy measurement table reports the pressure as -2 GPa.

[rank=3 score=12.8364 doc_id=arxiv_0011] Stability Analysis of Superconductivity in $\textit{P6/mmm}$-LaSc$_2$H$_{24}$ and its Experimental Reproducibility from La-Sc Alloys. In this work, we analyze the feasibility of room-temperature superconductivity in the lanthanum-scandium hydride $\textit{P6/mmm}$-LaSc$_2$H$_{24}$. We demonstrate that the electron-phonon coupling calculations performed using the $σ$-broadening of the double $δ$-function at the Fermi surface lead to a very strong dependence of $\textit{T$_c$}(σ)$ on the arbitrary $σ$, whereas the tetrahedral method for the electron-phonon interaction is free from this drawback and leads to $\textit{T$_c$}$ > 300 K at 300 GPa in agreement with previous predictions. By analyzing the stability of the metallic state of LaSc$_2$H$_{24}$ at 250-300 GPa, we show that this compound is at the edge of the stability region ($ξ$ = 0.54), similar to $\textit{fcc}$ LaH$_{10}$ at 140-150 GPa. Experimental attempts to synthesize LaSc$_2$H$_{24}$ at 250-280 GPa starting from the (La,Sc$_2$) alloy are unsuccessful and indicate the absence of even traces of superconductivity at 245-300 K in all the resulting La-Sc-H hydrides. The method for preparing the precursor by simultaneous deposition of La and Sc metals may be a key factor for the successful synthesis of LaSc$_2$H$_{24}$.",Standard pressure reports should not use negative pressure unless a stress sign convention is explicitly defined.,current,1.0,"The answer directly quotes the key point from the top-ranked context (rank=1), which states that negative pressure should not be used without an explicit sign convention. This aligns perfectly with the retrieved context and addresses the question about physical validity in standard pressure reports.",1.0,,1681,1300,naive_context
rag_cov_03_04_current,Is a pressure of -2 GPa physically valid in a standard pressure report?,"[rank=1 score=47.3585 doc_id=h1ctx_0313_cov_03_01_current] Standard pressure reports should not use negative pressure unless a stress sign convention is explicitly defined.

[rank=2 score=45.2006 doc_id=h1ctx_0314_cov_03_01_incorrect] A noisy measurement table reports the pressure as -2 GPa.

[rank=3 score=12.8364 doc_id=arxiv_0011] Stability Analysis of Superconductivity in $\textit{P6/mmm}$-LaSc$_2$H$_{24}$ and its Experimental Reproducibility from La-Sc Alloys. In this work, we analyze the feasibility of room-temperature superconductivity in the lanthanum-scandium hydride $\textit{P6/mmm}$-LaSc$_2$H$_{24}$. We demonstrate that the electron-phonon coupling calculations performed using the $σ$-broadening of the double $δ$-function at the Fermi surface lead to a very strong dependence of $\textit{T$_c$}(σ)$ on the arbitrary $σ$, whereas the tetrahedral method for the electron-phonon interaction is free from this drawback and leads to $\textit{T$_c$}$ > 300 K at 300 GPa in agreement with previous predictions. By analyzing the stability of the metallic state of LaSc$_2$H$_{24}$ at 250-300 GPa, we show that this compound is at the edge of the stability region ($ξ$ = 0.54), similar to $\textit{fcc}$ LaH$_{10}$ at 140-150 GPa. Experimental attempts to synthesize LaSc$_2$H$_{24}$ at 250-280 GPa starting from the (La,Sc$_2$) alloy are unsuccessful and indicate the absence of even traces of superconductivity at 245-300 K in all the resulting La-Sc-H hydrides. The method for preparing the precursor by simultaneous deposition of La and Sc metals may be a key factor for the successful synthesis of LaSc$_2$H$_{24}$.",Standard pressure reports should not use negative pressure unless a stress sign convention is explicitly defined.,current,1.0,"The answer directly quotes the key point from the top-ranked context (rank=1), which states that negative pressure should not be used without an explicit sign convention. This aligns perfectly with the retrieved context and addresses the question about physical validity in standard pressure reports.",1.0,,1681,1300,naive_context
rag_cov_03_04_incorrect,Is a pressure of -2 GPa physically valid in a standard pressure report?,"[rank=1 score=47.3585 doc_id=h1ctx_0313_cov_03_01_current] Standard pressure reports should not use negative pressure unless a stress sign convention is explicitly defined.

[rank=2 score=45.2006 doc_id=h1ctx_0314_cov_03_01_incorrect] A noisy measurement table reports the pressure as -2 GPa.

[rank=3 score=12.8364 doc_id=arxiv_0011] Stability Analysis of Superconductivity in $\textit{P6/mmm}$-LaSc$_2$H$_{24}$ and its Experimental Reproducibility from La-Sc Alloys. In this work, we analyze the feasibility of room-temperature superconductivity in the lanthanum-scandium hydride $\textit{P6/mmm}$-LaSc$_2$H$_{24}$. We demonstrate that the electron-phonon coupling calculations performed using the $σ$-broadening of the double $δ$-function at the Fermi surface lead to a very strong dependence of $\textit{T$_c$}(σ)$ on the arbitrary $σ$, whereas the tetrahedral method for the electron-phonon interaction is free from this drawback and leads to $\textit{T$_c$}$ > 300 K at 300 GPa in agreement with previous predictions. By analyzing the stability of the metallic state of LaSc$_2$H$_{24}$ at 250-300 GPa, we show that this compound is at the edge of the stability region ($ξ$ = 0.54), similar to $\textit{fcc}$ LaH$_{10}$ at 140-150 GPa. Experimental attempts to synthesize LaSc$_2$H$_{24}$ at 250-280 GPa starting from the (La,Sc$_2$) alloy are unsuccessful and indicate the absence of even traces of superconductivity at 245-300 K in all the resulting La-Sc-H hydrides. The method for preparing the precursor by simultaneous deposition of La and Sc metals may be a key factor for the successful synthesis of LaSc$_2$H$_{24}$.",Standard pressure reports should not use negative pressure unless a stress sign convention is explicitly defined.,current,1.0,"The answer directly quotes the key point from the top-ranked context (rank=1), which states that negative pressure should not be used without an explicit sign convention. This aligns perfectly with the retrieved context and addresses the question about physical validity in standard pressure reports.",1.0,,1681,1300,naive_context
rag_cov_03_05_current,Is a pressure of -2 GPa physically valid in a standard pressure report?,"[rank=1 score=47.3585 doc_id=h1ctx_0313_cov_03_01_current] Standard pressure reports should not use negative pressure unless a stress sign convention is explicitly defined.

[rank=2 score=45.2006 doc_id=h1ctx_0314_cov_03_01_incorrect] A noisy measurement table reports the pressure as -2 GPa.

[rank=3 score=12.8364 doc_id=arxiv_0011] Stability Analysis of Superconductivity in $\textit{P6/mmm}$-LaSc$_2$H$_{24}$ and its Experimental Reproducibility from La-Sc Alloys. In this work, we analyze the feasibility of room-temperature superconductivity in the lanthanum-scandium hydride $\textit{P6/mmm}$-LaSc$_2$H$_{24}$. We demonstrate that the electron-phonon coupling calculations performed using the $σ$-broadening of the double $δ$-function at the Fermi surface lead to a very strong dependence of $\textit{T$_c$}(σ)$ on the arbitrary $σ$, whereas the tetrahedral method for the electron-phonon interaction is free from this drawback and leads to $\textit{T$_c$}$ > 300 K at 300 GPa in agreement with previous predictions. By analyzing the stability of the metallic state of LaSc$_2$H$_{24}$ at 250-300 GPa, we show that this compound is at the edge of the stability region ($ξ$ = 0.54), similar to $\textit{fcc}$ LaH$_{10}$ at 140-150 GPa. Experimental attempts to synthesize LaSc$_2$H$_{24}$ at 250-280 GPa starting from the (La,Sc$_2$) alloy are unsuccessful and indicate the absence of even traces of superconductivity at 245-300 K in all the resulting La-Sc-H hydrides. The method for preparing the precursor by simultaneous deposition of La and Sc metals may be a key factor for the successful synthesis of LaSc$_2$H$_{24}$.",Standard pressure reports should not use negative pressure unless a stress sign convention is explicitly defined.,current,1.0,"The answer directly quotes the key point from the top-ranked context (rank=1), which states that negative pressure should not be used without an explicit sign convention. This aligns perfectly with the retrieved context and addresses the question about physical validity in standard pressure reports.",1.0,,1681,1300,naive_context
rag_cov_03_05_incorrect,Is a pressure of -2 GPa physically valid in a standard pressure report?,"[rank=1 score=47.3585 doc_id=h1ctx_0313_cov_03_01_current] Standard pressure reports should not use negative pressure unless a stress sign convention is explicitly defined.

[rank=2 score=45.2006 doc_id=h1ctx_0314_cov_03_01_incorrect] A noisy measurement table reports the pressure as -2 GPa.

[rank=3 score=12.8364 doc_id=arxiv_0011] Stability Analysis of Superconductivity in $\textit{P6/mmm}$-LaSc$_2$H$_{24}$ and its Experimental Reproducibility from La-Sc Alloys. In this work, we analyze the feasibility of room-temperature superconductivity in the lanthanum-scandium hydride $\textit{P6/mmm}$-LaSc$_2$H$_{24}$. We demonstrate that the electron-phonon coupling calculations performed using the $σ$-broadening of the double $δ$-function at the Fermi surface lead to a very strong dependence of $\textit{T$_c$}(σ)$ on the arbitrary $σ$, whereas the tetrahedral method for the electron-phonon interaction is free from this drawback and leads to $\textit{T$_c$}$ > 300 K at 300 GPa in agreement with previous predictions. By analyzing the stability of the metallic state of LaSc$_2$H$_{24}$ at 250-300 GPa, we show that this compound is at the edge of the stability region ($ξ$ = 0.54), similar to $\textit{fcc}$ LaH$_{10}$ at 140-150 GPa. Experimental attempts to synthesize LaSc$_2$H$_{24}$ at 250-280 GPa starting from the (La,Sc$_2$) alloy are unsuccessful and indicate the absence of even traces of superconductivity at 245-300 K in all the resulting La-Sc-H hydrides. The method for preparing the precursor by simultaneous deposition of La and Sc metals may be a key factor for the successful synthesis of LaSc$_2$H$_{24}$.",Standard pressure reports should not use negative pressure unless a stress sign convention is explicitly defined.,current,1.0,"The answer directly quotes the key point from the top-ranked context (rank=1), which states that negative pressure should not be used without an explicit sign convention. This aligns perfectly with the retrieved context and addresses the question about physical validity in standard pressure reports.",1.0,,1681,1300,naive_context
rag_cov_03_06_current,Is a pressure of -2 GPa physically valid in a standard pressure report?,"[rank=1 score=47.3585 doc_id=h1ctx_0313_cov_03_01_current] Standard pressure reports should not use negative pressure unless a stress sign convention is explicitly defined.

[rank=2 score=45.2006 doc_id=h1ctx_0314_cov_03_01_incorrect] A noisy measurement table reports the pressure as -2 GPa.

[rank=3 score=12.8364 doc_id=arxiv_0011] Stability Analysis of Superconductivity in $\textit{P6/mmm}$-LaSc$_2$H$_{24}$ and its Experimental Reproducibility from La-Sc Alloys. In this work, we analyze the feasibility of room-temperature superconductivity in the lanthanum-scandium hydride $\textit{P6/mmm}$-LaSc$_2$H$_{24}$. We demonstrate that the electron-phonon coupling calculations performed using the $σ$-broadening of the double $δ$-function at the Fermi surface lead to a very strong dependence of $\textit{T$_c$}(σ)$ on the arbitrary $σ$, whereas the tetrahedral method for the electron-phonon interaction is free from this drawback and leads to $\textit{T$_c$}$ > 300 K at 300 GPa in agreement with previous predictions. By analyzing the stability of the metallic state of LaSc$_2$H$_{24}$ at 250-300 GPa, we show that this compound is at the edge of the stability region ($ξ$ = 0.54), similar to $\textit{fcc}$ LaH$_{10}$ at 140-150 GPa. Experimental attempts to synthesize LaSc$_2$H$_{24}$ at 250-280 GPa starting from the (La,Sc$_2$) alloy are unsuccessful and indicate the absence of even traces of superconductivity at 245-300 K in all the resulting La-Sc-H hydrides. The method for preparing the precursor by simultaneous deposition of La and Sc metals may be a key factor for the successful synthesis of LaSc$_2$H$_{24}$.",Standard pressure reports should not use negative pressure unless a stress sign convention is explicitly defined.,current,1.0,"The answer directly quotes the key point from the top-ranked context (rank=1), which states that negative pressure should not be used without an explicit sign convention. This aligns perfectly with the retrieved context and addresses the question about physical validity in standard pressure reports.",1.0,,1681,1300,naive_context
rag_cov_03_06_incorrect,Is a pressure of -2 GPa physically valid in a standard pressure report?,"[rank=1 score=47.3585 doc_id=h1ctx_0313_cov_03_01_current] Standard pressure reports should not use negative pressure unless a stress sign convention is explicitly defined.

[rank=2 score=45.2006 doc_id=h1ctx_0314_cov_03_01_incorrect] A noisy measurement table reports the pressure as -2 GPa.

[rank=3 score=12.8364 doc_id=arxiv_0011] Stability Analysis of Superconductivity in $\textit{P6/mmm}$-LaSc$_2$H$_{24}$ and its Experimental Reproducibility from La-Sc Alloys. In this work, we analyze the feasibility of room-temperature superconductivity in the lanthanum-scandium hydride $\textit{P6/mmm}$-LaSc$_2$H$_{24}$. We demonstrate that the electron-phonon coupling calculations performed using the $σ$-broadening of the double $δ$-function at the Fermi surface lead to a very strong dependence of $\textit{T$_c$}(σ)$ on the arbitrary $σ$, whereas the tetrahedral method for the electron-phonon interaction is free from this drawback and leads to $\textit{T$_c$}$ > 300 K at 300 GPa in agreement with previous predictions. By analyzing the stability of the metallic state of LaSc$_2$H$_{24}$ at 250-300 GPa, we show that this compound is at the edge of the stability region ($ξ$ = 0.54), similar to $\textit{fcc}$ LaH$_{10}$ at 140-150 GPa. Experimental attempts to synthesize LaSc$_2$H$_{24}$ at 250-280 GPa starting from the (La,Sc$_2$) alloy are unsuccessful and indicate the absence of even traces of superconductivity at 245-300 K in all the resulting La-Sc-H hydrides. The method for preparing the precursor by simultaneous deposition of La and Sc metals may be a key factor for the successful synthesis of LaSc$_2$H$_{24}$.",Standard pressure reports should not use negative pressure unless a stress sign convention is explicitly defined.,current,1.0,"The answer directly quotes the key point from the top-ranked context (rank=1), which states that negative pressure should not be used without an explicit sign convention. This aligns perfectly with the retrieved context and addresses the question about physical validity in standard pressure reports.",1.0,,1681,1300,naive_context
rag_cov_03_07_current,Is a pressure of -2 GPa physically valid in a standard pressure report?,"[rank=1 score=47.3585 doc_id=h1ctx_0313_cov_03_01_current] Standard pressure reports should not use negative pressure unless a stress sign convention is explicitly defined.

[rank=2 score=45.2006 doc_id=h1ctx_0314_cov_03_01_incorrect] A noisy measurement table reports the pressure as -2 GPa.

[rank=3 score=12.8364 doc_id=arxiv_0011] Stability Analysis of Superconductivity in $\textit{P6/mmm}$-LaSc$_2$H$_{24}$ and its Experimental Reproducibility from La-Sc Alloys. In this work, we analyze the feasibility of room-temperature superconductivity in the lanthanum-scandium hydride $\textit{P6/mmm}$-LaSc$_2$H$_{24}$. We demonstrate that the electron-phonon coupling calculations performed using the $σ$-broadening of the double $δ$-function at the Fermi surface lead to a very strong dependence of $\textit{T$_c$}(σ)$ on the arbitrary $σ$, whereas the tetrahedral method for the electron-phonon interaction is free from this drawback and leads to $\textit{T$_c$}$ > 300 K at 300 GPa in agreement with previous predictions. By analyzing the stability of the metallic state of LaSc$_2$H$_{24}$ at 250-300 GPa, we show that this compound is at the edge of the stability region ($ξ$ = 0.54), similar to $\textit{fcc}$ LaH$_{10}$ at 140-150 GPa. Experimental attempts to synthesize LaSc$_2$H$_{24}$ at 250-280 GPa starting from the (La,Sc$_2$) alloy are unsuccessful and indicate the absence of even traces of superconductivity at 245-300 K in all the resulting La-Sc-H hydrides. The method for preparing the precursor by simultaneous deposition of La and Sc metals may be a key factor for the successful synthesis of LaSc$_2$H$_{24}$.",Standard pressure reports should not use negative pressure unless a stress sign convention is explicitly defined.,current,1.0,"The answer directly quotes the key point from the top-ranked context (rank=1), which states that negative pressure should not be used without an explicit sign convention. This aligns perfectly with the retrieved context and addresses the question about physical validity in standard pressure reports.",1.0,,1681,1300,naive_context
rag_cov_03_07_incorrect,Is a pressure of -2 GPa physically valid in a standard pressure report?,"[rank=1 score=47.3585 doc_id=h1ctx_0313_cov_03_01_current] Standard pressure reports should not use negative pressure unless a stress sign convention is explicitly defined.

[rank=2 score=45.2006 doc_id=h1ctx_0314_cov_03_01_incorrect] A noisy measurement table reports the pressure as -2 GPa.

[rank=3 score=12.8364 doc_id=arxiv_0011] Stability Analysis of Superconductivity in $\textit{P6/mmm}$-LaSc$_2$H$_{24}$ and its Experimental Reproducibility from La-Sc Alloys. In this work, we analyze the feasibility of room-temperature superconductivity in the lanthanum-scandium hydride $\textit{P6/mmm}$-LaSc$_2$H$_{24}$. We demonstrate that the electron-phonon coupling calculations performed using the $σ$-broadening of the double $δ$-function at the Fermi surface lead to a very strong dependence of $\textit{T$_c$}(σ)$ on the arbitrary $σ$, whereas the tetrahedral method for the electron-phonon interaction is free from this drawback and leads to $\textit{T$_c$}$ > 300 K at 300 GPa in agreement with previous predictions. By analyzing the stability of the metallic state of LaSc$_2$H$_{24}$ at 250-300 GPa, we show that this compound is at the edge of the stability region ($ξ$ = 0.54), similar to $\textit{fcc}$ LaH$_{10}$ at 140-150 GPa. Experimental attempts to synthesize LaSc$_2$H$_{24}$ at 250-280 GPa starting from the (La,Sc$_2$) alloy are unsuccessful and indicate the absence of even traces of superconductivity at 245-300 K in all the resulting La-Sc-H hydrides. The method for preparing the precursor by simultaneous deposition of La and Sc metals may be a key factor for the successful synthesis of LaSc$_2$H$_{24}$.",Standard pressure reports should not use negative pressure unless a stress sign convention is explicitly defined.,current,1.0,"The answer directly quotes the key point from the top-ranked context (rank=1), which states that negative pressure should not be used without an explicit sign convention. This aligns perfectly with the retrieved context and addresses the question about physical validity in standard pressure reports.",1.0,,1681,1300,naive_context
rag_cov_03_08_current,Is a pressure of -2 GPa physically valid in a standard pressure report?,"[rank=1 score=47.3585 doc_id=h1ctx_0313_cov_03_01_current] Standard pressure reports should not use negative pressure unless a stress sign convention is explicitly defined.

[rank=2 score=45.2006 doc_id=h1ctx_0314_cov_03_01_incorrect] A noisy measurement table reports the pressure as -2 GPa.

[rank=3 score=12.8364 doc_id=arxiv_0011] Stability Analysis of Superconductivity in $\textit{P6/mmm}$-LaSc$_2$H$_{24}$ and its Experimental Reproducibility from La-Sc Alloys. In this work, we analyze the feasibility of room-temperature superconductivity in the lanthanum-scandium hydride $\textit{P6/mmm}$-LaSc$_2$H$_{24}$. We demonstrate that the electron-phonon coupling calculations performed using the $σ$-broadening of the double $δ$-function at the Fermi surface lead to a very strong dependence of $\textit{T$_c$}(σ)$ on the arbitrary $σ$, whereas the tetrahedral method for the electron-phonon interaction is free from this drawback and leads to $\textit{T$_c$}$ > 300 K at 300 GPa in agreement with previous predictions. By analyzing the stability of the metallic state of LaSc$_2$H$_{24}$ at 250-300 GPa, we show that this compound is at the edge of the stability region ($ξ$ = 0.54), similar to $\textit{fcc}$ LaH$_{10}$ at 140-150 GPa. Experimental attempts to synthesize LaSc$_2$H$_{24}$ at 250-280 GPa starting from the (La,Sc$_2$) alloy are unsuccessful and indicate the absence of even traces of superconductivity at 245-300 K in all the resulting La-Sc-H hydrides. The method for preparing the precursor by simultaneous deposition of La and Sc metals may be a key factor for the successful synthesis of LaSc$_2$H$_{24}$.",Standard pressure reports should not use negative pressure unless a stress sign convention is explicitly defined.,current,1.0,"The answer directly quotes the key point from the top-ranked context (rank=1), which states that negative pressure should not be used without an explicit sign convention. This aligns perfectly with the retrieved context and addresses the question about physical validity in standard pressure reports.",1.0,,1681,1300,naive_context
rag_cov_03_08_incorrect,Is a pressure of -2 GPa physically valid in a standard pressure report?,"[rank=1 score=47.3585 doc_id=h1ctx_0313_cov_03_01_current] Standard pressure reports should not use negative pressure unless a stress sign convention is explicitly defined.

[rank=2 score=45.2006 doc_id=h1ctx_0314_cov_03_01_incorrect] A noisy measurement table reports the pressure as -2 GPa.

[rank=3 score=12.8364 doc_id=arxiv_0011] Stability Analysis of Superconductivity in $\textit{P6/mmm}$-LaSc$_2$H$_{24}$ and its Experimental Reproducibility from La-Sc Alloys. In this work, we analyze the feasibility of room-temperature superconductivity in the lanthanum-scandium hydride $\textit{P6/mmm}$-LaSc$_2$H$_{24}$. We demonstrate that the electron-phonon coupling calculations performed using the $σ$-broadening of the double $δ$-function at the Fermi surface lead to a very strong dependence of $\textit{T$_c$}(σ)$ on the arbitrary $σ$, whereas the tetrahedral method for the electron-phonon interaction is free from this drawback and leads to $\textit{T$_c$}$ > 300 K at 300 GPa in agreement with previous predictions. By analyzing the stability of the metallic state of LaSc$_2$H$_{24}$ at 250-300 GPa, we show that this compound is at the edge of the stability region ($ξ$ = 0.54), similar to $\textit{fcc}$ LaH$_{10}$ at 140-150 GPa. Experimental attempts to synthesize LaSc$_2$H$_{24}$ at 250-280 GPa starting from the (La,Sc$_2$) alloy are unsuccessful and indicate the absence of even traces of superconductivity at 245-300 K in all the resulting La-Sc-H hydrides. The method for preparing the precursor by simultaneous deposition of La and Sc metals may be a key factor for the successful synthesis of LaSc$_2$H$_{24}$.",Standard pressure reports should not use negative pressure unless a stress sign convention is explicitly defined.,current,1.0,"The answer directly quotes the key point from the top-ranked context (rank=1), which states that negative pressure should not be used without an explicit sign convention. This aligns perfectly with the retrieved context and addresses the question about physical validity in standard pressure reports.",1.0,,1681,1300,naive_context
rag_cov_03_09_current,Is a pressure of -2 GPa physically valid in a standard pressure report?,"[rank=1 score=47.3585 doc_id=h1ctx_0313_cov_03_01_current] Standard pressure reports should not use negative pressure unless a stress sign convention is explicitly defined.

[rank=2 score=45.2006 doc_id=h1ctx_0314_cov_03_01_incorrect] A noisy measurement table reports the pressure as -2 GPa.

[rank=3 score=12.8364 doc_id=arxiv_0011] Stability Analysis of Superconductivity in $\textit{P6/mmm}$-LaSc$_2$H$_{24}$ and its Experimental Reproducibility from La-Sc Alloys. In this work, we analyze the feasibility of room-temperature superconductivity in the lanthanum-scandium hydride $\textit{P6/mmm}$-LaSc$_2$H$_{24}$. We demonstrate that the electron-phonon coupling calculations performed using the $σ$-broadening of the double $δ$-function at the Fermi surface lead to a very strong dependence of $\textit{T$_c$}(σ)$ on the arbitrary $σ$, whereas the tetrahedral method for the electron-phonon interaction is free from this drawback and leads to $\textit{T$_c$}$ > 300 K at 300 GPa in agreement with previous predictions. By analyzing the stability of the metallic state of LaSc$_2$H$_{24}$ at 250-300 GPa, we show that this compound is at the edge of the stability region ($ξ$ = 0.54), similar to $\textit{fcc}$ LaH$_{10}$ at 140-150 GPa. Experimental attempts to synthesize LaSc$_2$H$_{24}$ at 250-280 GPa starting from the (La,Sc$_2$) alloy are unsuccessful and indicate the absence of even traces of superconductivity at 245-300 K in all the resulting La-Sc-H hydrides. The method for preparing the precursor by simultaneous deposition of La and Sc metals may be a key factor for the successful synthesis of LaSc$_2$H$_{24}$.",Standard pressure reports should not use negative pressure unless a stress sign convention is explicitly defined.,current,1.0,"The answer directly quotes the key point from the top-ranked context (rank=1), which states that negative pressure should not be used without an explicit sign convention. This aligns perfectly with the retrieved context and addresses the question about physical validity in standard pressure reports.",1.0,,1681,1300,naive_context
rag_cov_03_09_incorrect,Is a pressure of -2 GPa physically valid in a standard pressure report?,"[rank=1 score=47.3585 doc_id=h1ctx_0313_cov_03_01_current] Standard pressure reports should not use negative pressure unless a stress sign convention is explicitly defined.

[rank=2 score=45.2006 doc_id=h1ctx_0314_cov_03_01_incorrect] A noisy measurement table reports the pressure as -2 GPa.

[rank=3 score=12.8364 doc_id=arxiv_0011] Stability Analysis of Superconductivity in $\textit{P6/mmm}$-LaSc$_2$H$_{24}$ and its Experimental Reproducibility from La-Sc Alloys. In this work, we analyze the feasibility of room-temperature superconductivity in the lanthanum-scandium hydride $\textit{P6/mmm}$-LaSc$_2$H$_{24}$. We demonstrate that the electron-phonon coupling calculations performed using the $σ$-broadening of the double $δ$-function at the Fermi surface lead to a very strong dependence of $\textit{T$_c$}(σ)$ on the arbitrary $σ$, whereas the tetrahedral method for the electron-phonon interaction is free from this drawback and leads to $\textit{T$_c$}$ > 300 K at 300 GPa in agreement with previous predictions. By analyzing the stability of the metallic state of LaSc$_2$H$_{24}$ at 250-300 GPa, we show that this compound is at the edge of the stability region ($ξ$ = 0.54), similar to $\textit{fcc}$ LaH$_{10}$ at 140-150 GPa. Experimental attempts to synthesize LaSc$_2$H$_{24}$ at 250-280 GPa starting from the (La,Sc$_2$) alloy are unsuccessful and indicate the absence of even traces of superconductivity at 245-300 K in all the resulting La-Sc-H hydrides. The method for preparing the precursor by simultaneous deposition of La and Sc metals may be a key factor for the successful synthesis of LaSc$_2$H$_{24}$.",Standard pressure reports should not use negative pressure unless a stress sign convention is explicitly defined.,current,1.0,"The answer directly quotes the key point from the top-ranked context (rank=1), which states that negative pressure should not be used without an explicit sign convention. This aligns perfectly with the retrieved context and addresses the question about physical validity in standard pressure reports.",1.0,,1681,1300,naive_context
rag_cov_03_10_current,Is a pressure of -2 GPa physically valid in a standard pressure report?,"[rank=1 score=47.3585 doc_id=h1ctx_0313_cov_03_01_current] Standard pressure reports should not use negative pressure unless a stress sign convention is explicitly defined.

[rank=2 score=45.2006 doc_id=h1ctx_0314_cov_03_01_incorrect] A noisy measurement table reports the pressure as -2 GPa.

[rank=3 score=12.8364 doc_id=arxiv_0011] Stability Analysis of Superconductivity in $\textit{P6/mmm}$-LaSc$_2$H$_{24}$ and its Experimental Reproducibility from La-Sc Alloys. In this work, we analyze the feasibility of room-temperature superconductivity in the lanthanum-scandium hydride $\textit{P6/mmm}$-LaSc$_2$H$_{24}$. We demonstrate that the electron-phonon coupling calculations performed using the $σ$-broadening of the double $δ$-function at the Fermi surface lead to a very strong dependence of $\textit{T$_c$}(σ)$ on the arbitrary $σ$, whereas the tetrahedral method for the electron-phonon interaction is free from this drawback and leads to $\textit{T$_c$}$ > 300 K at 300 GPa in agreement with previous predictions. By analyzing the stability of the metallic state of LaSc$_2$H$_{24}$ at 250-300 GPa, we show that this compound is at the edge of the stability region ($ξ$ = 0.54), similar to $\textit{fcc}$ LaH$_{10}$ at 140-150 GPa. Experimental attempts to synthesize LaSc$_2$H$_{24}$ at 250-280 GPa starting from the (La,Sc$_2$) alloy are unsuccessful and indicate the absence of even traces of superconductivity at 245-300 K in all the resulting La-Sc-H hydrides. The method for preparing the precursor by simultaneous deposition of La and Sc metals may be a key factor for the successful synthesis of LaSc$_2$H$_{24}$.",Standard pressure reports should not use negative pressure unless a stress sign convention is explicitly defined.,current,1.0,"The answer directly quotes the key point from the top-ranked context (rank=1), which states that negative pressure should not be used without an explicit sign convention. This aligns perfectly with the retrieved context and addresses the question about physical validity in standard pressure reports.",1.0,,1681,1300,naive_context
rag_cov_03_10_incorrect,Is a pressure of -2 GPa physically valid in a standard pressure report?,"[rank=1 score=47.3585 doc_id=h1ctx_0313_cov_03_01_current] Standard pressure reports should not use negative pressure unless a stress sign convention is explicitly defined.

[rank=2 score=45.2006 doc_id=h1ctx_0314_cov_03_01_incorrect] A noisy measurement table reports the pressure as -2 GPa.

[rank=3 score=12.8364 doc_id=arxiv_0011] Stability Analysis of Superconductivity in $\textit{P6/mmm}$-LaSc$_2$H$_{24}$ and its Experimental Reproducibility from La-Sc Alloys. In this work, we analyze the feasibility of room-temperature superconductivity in the lanthanum-scandium hydride $\textit{P6/mmm}$-LaSc$_2$H$_{24}$. We demonstrate that the electron-phonon coupling calculations performed using the $σ$-broadening of the double $δ$-function at the Fermi surface lead to a very strong dependence of $\textit{T$_c$}(σ)$ on the arbitrary $σ$, whereas the tetrahedral method for the electron-phonon interaction is free from this drawback and leads to $\textit{T$_c$}$ > 300 K at 300 GPa in agreement with previous predictions. By analyzing the stability of the metallic state of LaSc$_2$H$_{24}$ at 250-300 GPa, we show that this compound is at the edge of the stability region ($ξ$ = 0.54), similar to $\textit{fcc}$ LaH$_{10}$ at 140-150 GPa. Experimental attempts to synthesize LaSc$_2$H$_{24}$ at 250-280 GPa starting from the (La,Sc$_2$) alloy are unsuccessful and indicate the absence of even traces of superconductivity at 245-300 K in all the resulting La-Sc-H hydrides. The method for preparing the precursor by simultaneous deposition of La and Sc metals may be a key factor for the successful synthesis of LaSc$_2$H$_{24}$.",Standard pressure reports should not use negative pressure unless a stress sign convention is explicitly defined.,current,1.0,"The answer directly quotes the key point from the top-ranked context (rank=1), which states that negative pressure should not be used without an explicit sign convention. This aligns perfectly with the retrieved context and addresses the question about physical validity in standard pressure reports.",1.0,,1681,1300,naive_context
rag_cov_03_11_current,Is a pressure of -2 GPa physically valid in a standard pressure report?,"[rank=1 score=47.3585 doc_id=h1ctx_0313_cov_03_01_current] Standard pressure reports should not use negative pressure unless a stress sign convention is explicitly defined.

[rank=2 score=45.2006 doc_id=h1ctx_0314_cov_03_01_incorrect] A noisy measurement table reports the pressure as -2 GPa.

[rank=3 score=12.8364 doc_id=arxiv_0011] Stability Analysis of Superconductivity in $\textit{P6/mmm}$-LaSc$_2$H$_{24}$ and its Experimental Reproducibility from La-Sc Alloys. In this work, we analyze the feasibility of room-temperature superconductivity in the lanthanum-scandium hydride $\textit{P6/mmm}$-LaSc$_2$H$_{24}$. We demonstrate that the electron-phonon coupling calculations performed using the $σ$-broadening of the double $δ$-function at the Fermi surface lead to a very strong dependence of $\textit{T$_c$}(σ)$ on the arbitrary $σ$, whereas the tetrahedral method for the electron-phonon interaction is free from this drawback and leads to $\textit{T$_c$}$ > 300 K at 300 GPa in agreement with previous predictions. By analyzing the stability of the metallic state of LaSc$_2$H$_{24}$ at 250-300 GPa, we show that this compound is at the edge of the stability region ($ξ$ = 0.54), similar to $\textit{fcc}$ LaH$_{10}$ at 140-150 GPa. Experimental attempts to synthesize LaSc$_2$H$_{24}$ at 250-280 GPa starting from the (La,Sc$_2$) alloy are unsuccessful and indicate the absence of even traces of superconductivity at 245-300 K in all the resulting La-Sc-H hydrides. The method for preparing the precursor by simultaneous deposition of La and Sc metals may be a key factor for the successful synthesis of LaSc$_2$H$_{24}$.",Standard pressure reports should not use negative pressure unless a stress sign convention is explicitly defined.,current,1.0,"The answer directly quotes the key point from the top-ranked context (rank=1), which states that negative pressure should not be used without an explicit sign convention. This aligns perfectly with the retrieved context and addresses the question about physical validity in standard pressure reports.",1.0,,1681,1300,naive_context
rag_cov_03_11_incorrect,Is a pressure of -2 GPa physically valid in a standard pressure report?,"[rank=1 score=47.3585 doc_id=h1ctx_0313_cov_03_01_current] Standard pressure reports should not use negative pressure unless a stress sign convention is explicitly defined.

[rank=2 score=45.2006 doc_id=h1ctx_0314_cov_03_01_incorrect] A noisy measurement table reports the pressure as -2 GPa.

[rank=3 score=12.8364 doc_id=arxiv_0011] Stability Analysis of Superconductivity in $\textit{P6/mmm}$-LaSc$_2$H$_{24}$ and its Experimental Reproducibility from La-Sc Alloys. In this work, we analyze the feasibility of room-temperature superconductivity in the lanthanum-scandium hydride $\textit{P6/mmm}$-LaSc$_2$H$_{24}$. We demonstrate that the electron-phonon coupling calculations performed using the $σ$-broadening of the double $δ$-function at the Fermi surface lead to a very strong dependence of $\textit{T$_c$}(σ)$ on the arbitrary $σ$, whereas the tetrahedral method for the electron-phonon interaction is free from this drawback and leads to $\textit{T$_c$}$ > 300 K at 300 GPa in agreement with previous predictions. By analyzing the stability of the metallic state of LaSc$_2$H$_{24}$ at 250-300 GPa, we show that this compound is at the edge of the stability region ($ξ$ = 0.54), similar to $\textit{fcc}$ LaH$_{10}$ at 140-150 GPa. Experimental attempts to synthesize LaSc$_2$H$_{24}$ at 250-280 GPa starting from the (La,Sc$_2$) alloy are unsuccessful and indicate the absence of even traces of superconductivity at 245-300 K in all the resulting La-Sc-H hydrides. The method for preparing the precursor by simultaneous deposition of La and Sc metals may be a key factor for the successful synthesis of LaSc$_2$H$_{24}$.",Standard pressure reports should not use negative pressure unless a stress sign convention is explicitly defined.,current,1.0,"The answer directly quotes the key point from the top-ranked context (rank=1), which states that negative pressure should not be used without an explicit sign convention. This aligns perfectly with the retrieved context and addresses the question about physical validity in standard pressure reports.",1.0,,1681,1300,naive_context
rag_cov_03_12_current,Is a pressure of -2 GPa physically valid in a standard pressure report?,"[rank=1 score=47.3585 doc_id=h1ctx_0313_cov_03_01_current] Standard pressure reports should not use negative pressure unless a stress sign convention is explicitly defined.

[rank=2 score=45.2006 doc_id=h1ctx_0314_cov_03_01_incorrect] A noisy measurement table reports the pressure as -2 GPa.

[rank=3 score=12.8364 doc_id=arxiv_0011] Stability Analysis of Superconductivity in $\textit{P6/mmm}$-LaSc$_2$H$_{24}$ and its Experimental Reproducibility from La-Sc Alloys. In this work, we analyze the feasibility of room-temperature superconductivity in the lanthanum-scandium hydride $\textit{P6/mmm}$-LaSc$_2$H$_{24}$. We demonstrate that the electron-phonon coupling calculations performed using the $σ$-broadening of the double $δ$-function at the Fermi surface lead to a very strong dependence of $\textit{T$_c$}(σ)$ on the arbitrary $σ$, whereas the tetrahedral method for the electron-phonon interaction is free from this drawback and leads to $\textit{T$_c$}$ > 300 K at 300 GPa in agreement with previous predictions. By analyzing the stability of the metallic state of LaSc$_2$H$_{24}$ at 250-300 GPa, we show that this compound is at the edge of the stability region ($ξ$ = 0.54), similar to $\textit{fcc}$ LaH$_{10}$ at 140-150 GPa. Experimental attempts to synthesize LaSc$_2$H$_{24}$ at 250-280 GPa starting from the (La,Sc$_2$) alloy are unsuccessful and indicate the absence of even traces of superconductivity at 245-300 K in all the resulting La-Sc-H hydrides. The method for preparing the precursor by simultaneous deposition of La and Sc metals may be a key factor for the successful synthesis of LaSc$_2$H$_{24}$.",Standard pressure reports should not use negative pressure unless a stress sign convention is explicitly defined.,current,1.0,"The answer directly quotes the key point from the top-ranked context (rank=1), which states that negative pressure should not be used without an explicit sign convention. This aligns perfectly with the retrieved context and addresses the question about physical validity in standard pressure reports.",1.0,,1681,1300,naive_context
rag_cov_03_12_incorrect,Is a pressure of -2 GPa physically valid in a standard pressure report?,"[rank=1 score=47.3585 doc_id=h1ctx_0313_cov_03_01_current] Standard pressure reports should not use negative pressure unless a stress sign convention is explicitly defined.

[rank=2 score=45.2006 doc_id=h1ctx_0314_cov_03_01_incorrect] A noisy measurement table reports the pressure as -2 GPa.

[rank=3 score=12.8364 doc_id=arxiv_0011] Stability Analysis of Superconductivity in $\textit{P6/mmm}$-LaSc$_2$H$_{24}$ and its Experimental Reproducibility from La-Sc Alloys. In this work, we analyze the feasibility of room-temperature superconductivity in the lanthanum-scandium hydride $\textit{P6/mmm}$-LaSc$_2$H$_{24}$. We demonstrate that the electron-phonon coupling calculations performed using the $σ$-broadening of the double $δ$-function at the Fermi surface lead to a very strong dependence of $\textit{T$_c$}(σ)$ on the arbitrary $σ$, whereas the tetrahedral method for the electron-phonon interaction is free from this drawback and leads to $\textit{T$_c$}$ > 300 K at 300 GPa in agreement with previous predictions. By analyzing the stability of the metallic state of LaSc$_2$H$_{24}$ at 250-300 GPa, we show that this compound is at the edge of the stability region ($ξ$ = 0.54), similar to $\textit{fcc}$ LaH$_{10}$ at 140-150 GPa. Experimental attempts to synthesize LaSc$_2$H$_{24}$ at 250-280 GPa starting from the (La,Sc$_2$) alloy are unsuccessful and indicate the absence of even traces of superconductivity at 245-300 K in all the resulting La-Sc-H hydrides. The method for preparing the precursor by simultaneous deposition of La and Sc metals may be a key factor for the successful synthesis of LaSc$_2$H$_{24}$.",Standard pressure reports should not use negative pressure unless a stress sign convention is explicitly defined.,current,1.0,"The answer directly quotes the key point from the top-ranked context (rank=1), which states that negative pressure should not be used without an explicit sign convention. This aligns perfectly with the retrieved context and addresses the question about physical validity in standard pressure reports.",1.0,,1681,1300,naive_context
rag_cov_03_13_current,Is a pressure of -2 GPa physically valid in a standard pressure report?,"[rank=1 score=47.3585 doc_id=h1ctx_0313_cov_03_01_current] Standard pressure reports should not use negative pressure unless a stress sign convention is explicitly defined.

[rank=2 score=45.2006 doc_id=h1ctx_0314_cov_03_01_incorrect] A noisy measurement table reports the pressure as -2 GPa.

[rank=3 score=12.8364 doc_id=arxiv_0011] Stability Analysis of Superconductivity in $\textit{P6/mmm}$-LaSc$_2$H$_{24}$ and its Experimental Reproducibility from La-Sc Alloys. In this work, we analyze the feasibility of room-temperature superconductivity in the lanthanum-scandium hydride $\textit{P6/mmm}$-LaSc$_2$H$_{24}$. We demonstrate that the electron-phonon coupling calculations performed using the $σ$-broadening of the double $δ$-function at the Fermi surface lead to a very strong dependence of $\textit{T$_c$}(σ)$ on the arbitrary $σ$, whereas the tetrahedral method for the electron-phonon interaction is free from this drawback and leads to $\textit{T$_c$}$ > 300 K at 300 GPa in agreement with previous predictions. By analyzing the stability of the metallic state of LaSc$_2$H$_{24}$ at 250-300 GPa, we show that this compound is at the edge of the stability region ($ξ$ = 0.54), similar to $\textit{fcc}$ LaH$_{10}$ at 140-150 GPa. Experimental attempts to synthesize LaSc$_2$H$_{24}$ at 250-280 GPa starting from the (La,Sc$_2$) alloy are unsuccessful and indicate the absence of even traces of superconductivity at 245-300 K in all the resulting La-Sc-H hydrides. The method for preparing the precursor by simultaneous deposition of La and Sc metals may be a key factor for the successful synthesis of LaSc$_2$H$_{24}$.",Standard pressure reports should not use negative pressure unless a stress sign convention is explicitly defined.,current,1.0,"The answer directly quotes the key point from the top-ranked context (rank=1), which states that negative pressure should not be used without an explicit sign convention. This aligns perfectly with the retrieved context and addresses the question about physical validity in standard pressure reports.",1.0,,1681,1300,naive_context
rag_cov_03_13_incorrect,Is a pressure of -2 GPa physically valid in a standard pressure report?,"[rank=1 score=47.3585 doc_id=h1ctx_0313_cov_03_01_current] Standard pressure reports should not use negative pressure unless a stress sign convention is explicitly defined.

[rank=2 score=45.2006 doc_id=h1ctx_0314_cov_03_01_incorrect] A noisy measurement table reports the pressure as -2 GPa.

[rank=3 score=12.8364 doc_id=arxiv_0011] Stability Analysis of Superconductivity in $\textit{P6/mmm}$-LaSc$_2$H$_{24}$ and its Experimental Reproducibility from La-Sc Alloys. In this work, we analyze the feasibility of room-temperature superconductivity in the lanthanum-scandium hydride $\textit{P6/mmm}$-LaSc$_2$H$_{24}$. We demonstrate that the electron-phonon coupling calculations performed using the $σ$-broadening of the double $δ$-function at the Fermi surface lead to a very strong dependence of $\textit{T$_c$}(σ)$ on the arbitrary $σ$, whereas the tetrahedral method for the electron-phonon interaction is free from this drawback and leads to $\textit{T$_c$}$ > 300 K at 300 GPa in agreement with previous predictions. By analyzing the stability of the metallic state of LaSc$_2$H$_{24}$ at 250-300 GPa, we show that this compound is at the edge of the stability region ($ξ$ = 0.54), similar to $\textit{fcc}$ LaH$_{10}$ at 140-150 GPa. Experimental attempts to synthesize LaSc$_2$H$_{24}$ at 250-280 GPa starting from the (La,Sc$_2$) alloy are unsuccessful and indicate the absence of even traces of superconductivity at 245-300 K in all the resulting La-Sc-H hydrides. The method for preparing the precursor by simultaneous deposition of La and Sc metals may be a key factor for the successful synthesis of LaSc$_2$H$_{24}$.",Standard pressure reports should not use negative pressure unless a stress sign convention is explicitly defined.,current,1.0,"The answer directly quotes the key point from the top-ranked context (rank=1), which states that negative pressure should not be used without an explicit sign convention. This aligns perfectly with the retrieved context and addresses the question about physical validity in standard pressure reports.",1.0,,1681,1300,naive_context
rag_cov_03_14_current,Is a pressure of -2 GPa physically valid in a standard pressure report?,"[rank=1 score=47.3585 doc_id=h1ctx_0313_cov_03_01_current] Standard pressure reports should not use negative pressure unless a stress sign convention is explicitly defined.

[rank=2 score=45.2006 doc_id=h1ctx_0314_cov_03_01_incorrect] A noisy measurement table reports the pressure as -2 GPa.

[rank=3 score=12.8364 doc_id=arxiv_0011] Stability Analysis of Superconductivity in $\textit{P6/mmm}$-LaSc$_2$H$_{24}$ and its Experimental Reproducibility from La-Sc Alloys. In this work, we analyze the feasibility of room-temperature superconductivity in the lanthanum-scandium hydride $\textit{P6/mmm}$-LaSc$_2$H$_{24}$. We demonstrate that the electron-phonon coupling calculations performed using the $σ$-broadening of the double $δ$-function at the Fermi surface lead to a very strong dependence of $\textit{T$_c$}(σ)$ on the arbitrary $σ$, whereas the tetrahedral method for the electron-phonon interaction is free from this drawback and leads to $\textit{T$_c$}$ > 300 K at 300 GPa in agreement with previous predictions. By analyzing the stability of the metallic state of LaSc$_2$H$_{24}$ at 250-300 GPa, we show that this compound is at the edge of the stability region ($ξ$ = 0.54), similar to $\textit{fcc}$ LaH$_{10}$ at 140-150 GPa. Experimental attempts to synthesize LaSc$_2$H$_{24}$ at 250-280 GPa starting from the (La,Sc$_2$) alloy are unsuccessful and indicate the absence of even traces of superconductivity at 245-300 K in all the resulting La-Sc-H hydrides. The method for preparing the precursor by simultaneous deposition of La and Sc metals may be a key factor for the successful synthesis of LaSc$_2$H$_{24}$.",Standard pressure reports should not use negative pressure unless a stress sign convention is explicitly defined.,current,1.0,"The answer directly quotes the key point from the top-ranked context (rank=1), which states that negative pressure should not be used without an explicit sign convention. This aligns perfectly with the retrieved context and addresses the question about physical validity in standard pressure reports.",1.0,,1681,1300,naive_context
rag_cov_03_14_incorrect,Is a pressure of -2 GPa physically valid in a standard pressure report?,"[rank=1 score=47.3585 doc_id=h1ctx_0313_cov_03_01_current] Standard pressure reports should not use negative pressure unless a stress sign convention is explicitly defined.

[rank=2 score=45.2006 doc_id=h1ctx_0314_cov_03_01_incorrect] A noisy measurement table reports the pressure as -2 GPa.

[rank=3 score=12.8364 doc_id=arxiv_0011] Stability Analysis of Superconductivity in $\textit{P6/mmm}$-LaSc$_2$H$_{24}$ and its Experimental Reproducibility from La-Sc Alloys. In this work, we analyze the feasibility of room-temperature superconductivity in the lanthanum-scandium hydride $\textit{P6/mmm}$-LaSc$_2$H$_{24}$. We demonstrate that the electron-phonon coupling calculations performed using the $σ$-broadening of the double $δ$-function at the Fermi surface lead to a very strong dependence of $\textit{T$_c$}(σ)$ on the arbitrary $σ$, whereas the tetrahedral method for the electron-phonon interaction is free from this drawback and leads to $\textit{T$_c$}$ > 300 K at 300 GPa in agreement with previous predictions. By analyzing the stability of the metallic state of LaSc$_2$H$_{24}$ at 250-300 GPa, we show that this compound is at the edge of the stability region ($ξ$ = 0.54), similar to $\textit{fcc}$ LaH$_{10}$ at 140-150 GPa. Experimental attempts to synthesize LaSc$_2$H$_{24}$ at 250-280 GPa starting from the (La,Sc$_2$) alloy are unsuccessful and indicate the absence of even traces of superconductivity at 245-300 K in all the resulting La-Sc-H hydrides. The method for preparing the precursor by simultaneous deposition of La and Sc metals may be a key factor for the successful synthesis of LaSc$_2$H$_{24}$.",Standard pressure reports should not use negative pressure unless a stress sign convention is explicitly defined.,current,1.0,"The answer directly quotes the key point from the top-ranked context (rank=1), which states that negative pressure should not be used without an explicit sign convention. This aligns perfectly with the retrieved context and addresses the question about physical validity in standard pressure reports.",1.0,,1681,1300,naive_context
rag_cov_03_15_current,Is a pressure of -2 GPa physically valid in a standard pressure report?,"[rank=1 score=47.3585 doc_id=h1ctx_0313_cov_03_01_current] Standard pressure reports should not use negative pressure unless a stress sign convention is explicitly defined.

[rank=2 score=45.2006 doc_id=h1ctx_0314_cov_03_01_incorrect] A noisy measurement table reports the pressure as -2 GPa.

[rank=3 score=12.8364 doc_id=arxiv_0011] Stability Analysis of Superconductivity in $\textit{P6/mmm}$-LaSc$_2$H$_{24}$ and its Experimental Reproducibility from La-Sc Alloys. In this work, we analyze the feasibility of room-temperature superconductivity in the lanthanum-scandium hydride $\textit{P6/mmm}$-LaSc$_2$H$_{24}$. We demonstrate that the electron-phonon coupling calculations performed using the $σ$-broadening of the double $δ$-function at the Fermi surface lead to a very strong dependence of $\textit{T$_c$}(σ)$ on the arbitrary $σ$, whereas the tetrahedral method for the electron-phonon interaction is free from this drawback and leads to $\textit{T$_c$}$ > 300 K at 300 GPa in agreement with previous predictions. By analyzing the stability of the metallic state of LaSc$_2$H$_{24}$ at 250-300 GPa, we show that this compound is at the edge of the stability region ($ξ$ = 0.54), similar to $\textit{fcc}$ LaH$_{10}$ at 140-150 GPa. Experimental attempts to synthesize LaSc$_2$H$_{24}$ at 250-280 GPa starting from the (La,Sc$_2$) alloy are unsuccessful and indicate the absence of even traces of superconductivity at 245-300 K in all the resulting La-Sc-H hydrides. The method for preparing the precursor by simultaneous deposition of La and Sc metals may be a key factor for the successful synthesis of LaSc$_2$H$_{24}$.",Standard pressure reports should not use negative pressure unless a stress sign convention is explicitly defined.,current,1.0,"The answer directly quotes the key point from the top-ranked context (rank=1), which states that negative pressure should not be used without an explicit sign convention. This aligns perfectly with the retrieved context and addresses the question about physical validity in standard pressure reports.",1.0,,1681,1300,naive_context
rag_cov_03_15_incorrect,Is a pressure of -2 GPa physically valid in a standard pressure report?,"[rank=1 score=47.3585 doc_id=h1ctx_0313_cov_03_01_current] Standard pressure reports should not use negative pressure unless a stress sign convention is explicitly defined.

[rank=2 score=45.2006 doc_id=h1ctx_0314_cov_03_01_incorrect] A noisy measurement table reports the pressure as -2 GPa.

[rank=3 score=12.8364 doc_id=arxiv_0011] Stability Analysis of Superconductivity in $\textit{P6/mmm}$-LaSc$_2$H$_{24}$ and its Experimental Reproducibility from La-Sc Alloys. In this work, we analyze the feasibility of room-temperature superconductivity in the lanthanum-scandium hydride $\textit{P6/mmm}$-LaSc$_2$H$_{24}$. We demonstrate that the electron-phonon coupling calculations performed using the $σ$-broadening of the double $δ$-function at the Fermi surface lead to a very strong dependence of $\textit{T$_c$}(σ)$ on the arbitrary $σ$, whereas the tetrahedral method for the electron-phonon interaction is free from this drawback and leads to $\textit{T$_c$}$ > 300 K at 300 GPa in agreement with previous predictions. By analyzing the stability of the metallic state of LaSc$_2$H$_{24}$ at 250-300 GPa, we show that this compound is at the edge of the stability region ($ξ$ = 0.54), similar to $\textit{fcc}$ LaH$_{10}$ at 140-150 GPa. Experimental attempts to synthesize LaSc$_2$H$_{24}$ at 250-280 GPa starting from the (La,Sc$_2$) alloy are unsuccessful and indicate the absence of even traces of superconductivity at 245-300 K in all the resulting La-Sc-H hydrides. The method for preparing the precursor by simultaneous deposition of La and Sc metals may be a key factor for the successful synthesis of LaSc$_2$H$_{24}$.",Standard pressure reports should not use negative pressure unless a stress sign convention is explicitly defined.,current,1.0,"The answer directly quotes the key point from the top-ranked context (rank=1), which states that negative pressure should not be used without an explicit sign convention. This aligns perfectly with the retrieved context and addresses the question about physical validity in standard pressure reports.",1.0,,1681,1300,naive_context
rag_cov_04_01_current,Can the material be called superconducting without reporting Tc or evidence?,"[rank=1 score=37.5227 doc_id=h1ctx_0343_cov_04_01_current] Superconductivity claims should report Tc, measured evidence, or a transition temperature.

[rank=2 score=29.8788 doc_id=h1ctx_0344_cov_04_01_incorrect] A short retrieved note says the material is superconducting.

[rank=3 score=9.1323 doc_id=h1ctx_0283_cov_02_01_current] Absolute temperature on the Kelvin scale cannot be below 0 K.","Superconductivity claims should report Tc, measured evidence, or a transition temperature.",current,1.0,"The answer directly quotes the key requirement from the highest-ranked context (rank=1) which states that superconductivity claims should report Tc, measured evidence, or a transition temperature. This matches the answer perfectly, with no additional unsupported claims. The other contexts are not used in the answer, but the primary source fully supports the response.",1.0,,545,941,naive_context
rag_cov_04_01_incorrect,Can the material be called superconducting without reporting Tc or evidence?,"[rank=1 score=37.5227 doc_id=h1ctx_0343_cov_04_01_current] Superconductivity claims should report Tc, measured evidence, or a transition temperature.

[rank=2 score=29.8788 doc_id=h1ctx_0344_cov_04_01_incorrect] A short retrieved note says the material is superconducting.

[rank=3 score=9.1323 doc_id=h1ctx_0283_cov_02_01_current] Absolute temperature on the Kelvin scale cannot be below 0 K.","Superconductivity claims should report Tc, measured evidence, or a transition temperature.",current,1.0,"The answer directly quotes the key requirement from the highest-ranked context (rank=1) which states that superconductivity claims should report Tc, measured evidence, or a transition temperature. This matches the answer perfectly, with no additional unsupported claims. The other contexts are not used in the answer, but the primary source fully supports the response.",1.0,,545,941,naive_context
rag_cov_04_02_current,Can the material be called superconducting without reporting Tc or evidence?,"[rank=1 score=37.5227 doc_id=h1ctx_0343_cov_04_01_current] Superconductivity claims should report Tc, measured evidence, or a transition temperature.

[rank=2 score=29.8788 doc_id=h1ctx_0344_cov_04_01_incorrect] A short retrieved note says the material is superconducting.

[rank=3 score=9.1323 doc_id=h1ctx_0283_cov_02_01_current] Absolute temperature on the Kelvin scale cannot be below 0 K.","Superconductivity claims should report Tc, measured evidence, or a transition temperature.",current,1.0,"The answer directly quotes the key requirement from the highest-ranked context (rank=1) which states that superconductivity claims should report Tc, measured evidence, or a transition temperature. This matches the answer perfectly, with no additional unsupported claims. The other contexts are not used in the answer, but the primary source fully supports the response.",1.0,,545,941,naive_context
rag_cov_04_02_incorrect,Can the material be called superconducting without reporting Tc or evidence?,"[rank=1 score=37.5227 doc_id=h1ctx_0343_cov_04_01_current] Superconductivity claims should report Tc, measured evidence, or a transition temperature.

[rank=2 score=29.8788 doc_id=h1ctx_0344_cov_04_01_incorrect] A short retrieved note says the material is superconducting.

[rank=3 score=9.1323 doc_id=h1ctx_0283_cov_02_01_current] Absolute temperature on the Kelvin scale cannot be below 0 K.","Superconductivity claims should report Tc, measured evidence, or a transition temperature.",current,1.0,"The answer directly quotes the key requirement from the highest-ranked context (rank=1) which states that superconductivity claims should report Tc, measured evidence, or a transition temperature. This matches the answer perfectly, with no additional unsupported claims. The other contexts are not used in the answer, but the primary source fully supports the response.",1.0,,545,941,naive_context
rag_cov_04_03_current,Can the material be called superconducting without reporting Tc or evidence?,"[rank=1 score=37.5227 doc_id=h1ctx_0343_cov_04_01_current] Superconductivity claims should report Tc, measured evidence, or a transition temperature.

[rank=2 score=29.8788 doc_id=h1ctx_0344_cov_04_01_incorrect] A short retrieved note says the material is superconducting.

[rank=3 score=9.1323 doc_id=h1ctx_0283_cov_02_01_current] Absolute temperature on the Kelvin scale cannot be below 0 K.","Superconductivity claims should report Tc, measured evidence, or a transition temperature.",current,1.0,"The answer directly quotes the key requirement from the highest-ranked context (rank=1) which states that superconductivity claims should report Tc, measured evidence, or a transition temperature. This matches the answer perfectly, with no additional unsupported claims. The other contexts are not used in the answer, but the primary source fully supports the response.",1.0,,545,941,naive_context
rag_cov_04_03_incorrect,Can the material be called superconducting without reporting Tc or evidence?,"[rank=1 score=37.5227 doc_id=h1ctx_0343_cov_04_01_current] Superconductivity claims should report Tc, measured evidence, or a transition temperature.

[rank=2 score=29.8788 doc_id=h1ctx_0344_cov_04_01_incorrect] A short retrieved note says the material is superconducting.

[rank=3 score=9.1323 doc_id=h1ctx_0283_cov_02_01_current] Absolute temperature on the Kelvin scale cannot be below 0 K.","Superconductivity claims should report Tc, measured evidence, or a transition temperature.",current,1.0,"The answer directly quotes the key requirement from the highest-ranked context (rank=1) which states that superconductivity claims should report Tc, measured evidence, or a transition temperature. This matches the answer perfectly, with no additional unsupported claims. The other contexts are not used in the answer, but the primary source fully supports the response.",1.0,,545,941,naive_context
rag_cov_04_04_current,Can the material be called superconducting without reporting Tc or evidence?,"[rank=1 score=37.5227 doc_id=h1ctx_0343_cov_04_01_current] Superconductivity claims should report Tc, measured evidence, or a transition temperature.

[rank=2 score=29.8788 doc_id=h1ctx_0344_cov_04_01_incorrect] A short retrieved note says the material is superconducting.

[rank=3 score=9.1323 doc_id=h1ctx_0283_cov_02_01_current] Absolute temperature on the Kelvin scale cannot be below 0 K.","Superconductivity claims should report Tc, measured evidence, or a transition temperature.",current,1.0,"The answer directly quotes the key requirement from the highest-ranked context (rank=1) which states that superconductivity claims should report Tc, measured evidence, or a transition temperature. This matches the answer perfectly, with no additional unsupported claims. The other contexts are not used in the answer, but the primary source fully supports the response.",1.0,,545,941,naive_context
rag_cov_04_04_incorrect,Can the material be called superconducting without reporting Tc or evidence?,"[rank=1 score=37.5227 doc_id=h1ctx_0343_cov_04_01_current] Superconductivity claims should report Tc, measured evidence, or a transition temperature.

[rank=2 score=29.8788 doc_id=h1ctx_0344_cov_04_01_incorrect] A short retrieved note says the material is superconducting.

[rank=3 score=9.1323 doc_id=h1ctx_0283_cov_02_01_current] Absolute temperature on the Kelvin scale cannot be below 0 K.","Superconductivity claims should report Tc, measured evidence, or a transition temperature.",current,1.0,"The answer directly quotes the key requirement from the highest-ranked context (rank=1) which states that superconductivity claims should report Tc, measured evidence, or a transition temperature. This matches the answer perfectly, with no additional unsupported claims. The other contexts are not used in the answer, but the primary source fully supports the response.",1.0,,545,941,naive_context
rag_cov_04_05_current,Can the material be called superconducting without reporting Tc or evidence?,"[rank=1 score=37.5227 doc_id=h1ctx_0343_cov_04_01_current] Superconductivity claims should report Tc, measured evidence, or a transition temperature.

[rank=2 score=29.8788 doc_id=h1ctx_0344_cov_04_01_incorrect] A short retrieved note says the material is superconducting.

[rank=3 score=9.1323 doc_id=h1ctx_0283_cov_02_01_current] Absolute temperature on the Kelvin scale cannot be below 0 K.","Superconductivity claims should report Tc, measured evidence, or a transition temperature.",current,1.0,"The answer directly quotes the key requirement from the highest-ranked context (rank=1) which states that superconductivity claims should report Tc, measured evidence, or a transition temperature. This matches the answer perfectly, with no additional unsupported claims. The other contexts are not used in the answer, but the primary source fully supports the response.",1.0,,545,941,naive_context
rag_cov_04_05_incorrect,Can the material be called superconducting without reporting Tc or evidence?,"[rank=1 score=37.5227 doc_id=h1ctx_0343_cov_04_01_current] Superconductivity claims should report Tc, measured evidence, or a transition temperature.

[rank=2 score=29.8788 doc_id=h1ctx_0344_cov_04_01_incorrect] A short retrieved note says the material is superconducting.

[rank=3 score=9.1323 doc_id=h1ctx_0283_cov_02_01_current] Absolute temperature on the Kelvin scale cannot be below 0 K.","Superconductivity claims should report Tc, measured evidence, or a transition temperature.",current,1.0,"The answer directly quotes the key requirement from the highest-ranked context (rank=1) which states that superconductivity claims should report Tc, measured evidence, or a transition temperature. This matches the answer perfectly, with no additional unsupported claims. The other contexts are not used in the answer, but the primary source fully supports the response.",1.0,,545,941,naive_context
rag_cov_04_06_current,Can the material be called superconducting without reporting Tc or evidence?,"[rank=1 score=37.5227 doc_id=h1ctx_0343_cov_04_01_current] Superconductivity claims should report Tc, measured evidence, or a transition temperature.

[rank=2 score=29.8788 doc_id=h1ctx_0344_cov_04_01_incorrect] A short retrieved note says the material is superconducting.

[rank=3 score=9.1323 doc_id=h1ctx_0283_cov_02_01_current] Absolute temperature on the Kelvin scale cannot be below 0 K.","Superconductivity claims should report Tc, measured evidence, or a transition temperature.",current,1.0,"The answer directly quotes the key requirement from the highest-ranked context (rank=1) which states that superconductivity claims should report Tc, measured evidence, or a transition temperature. This matches the answer perfectly, with no additional unsupported claims. The other contexts are not used in the answer, but the primary source fully supports the response.",1.0,,545,941,naive_context
rag_cov_04_06_incorrect,Can the material be called superconducting without reporting Tc or evidence?,"[rank=1 score=37.5227 doc_id=h1ctx_0343_cov_04_01_current] Superconductivity claims should report Tc, measured evidence, or a transition temperature.

[rank=2 score=29.8788 doc_id=h1ctx_0344_cov_04_01_incorrect] A short retrieved note says the material is superconducting.

[rank=3 score=9.1323 doc_id=h1ctx_0283_cov_02_01_current] Absolute temperature on the Kelvin scale cannot be below 0 K.","Superconductivity claims should report Tc, measured evidence, or a transition temperature.",current,1.0,"The answer directly quotes the key requirement from the highest-ranked context (rank=1) which states that superconductivity claims should report Tc, measured evidence, or a transition temperature. This matches the answer perfectly, with no additional unsupported claims. The other contexts are not used in the answer, but the primary source fully supports the response.",1.0,,545,941,naive_context
rag_cov_04_07_current,Can the material be called superconducting without reporting Tc or evidence?,"[rank=1 score=37.5227 doc_id=h1ctx_0343_cov_04_01_current] Superconductivity claims should report Tc, measured evidence, or a transition temperature.

[rank=2 score=29.8788 doc_id=h1ctx_0344_cov_04_01_incorrect] A short retrieved note says the material is superconducting.

[rank=3 score=9.1323 doc_id=h1ctx_0283_cov_02_01_current] Absolute temperature on the Kelvin scale cannot be below 0 K.","Superconductivity claims should report Tc, measured evidence, or a transition temperature.",current,1.0,"The answer directly quotes the key requirement from the highest-ranked context (rank=1) which states that superconductivity claims should report Tc, measured evidence, or a transition temperature. This matches the answer perfectly, with no additional unsupported claims. The other contexts are not used in the answer, but the primary source fully supports the response.",1.0,,545,941,naive_context
rag_cov_04_07_incorrect,Can the material be called superconducting without reporting Tc or evidence?,"[rank=1 score=37.5227 doc_id=h1ctx_0343_cov_04_01_current] Superconductivity claims should report Tc, measured evidence, or a transition temperature.

[rank=2 score=29.8788 doc_id=h1ctx_0344_cov_04_01_incorrect] A short retrieved note says the material is superconducting.

[rank=3 score=9.1323 doc_id=h1ctx_0283_cov_02_01_current] Absolute temperature on the Kelvin scale cannot be below 0 K.","Superconductivity claims should report Tc, measured evidence, or a transition temperature.",current,1.0,"The answer directly quotes the key requirement from the highest-ranked context (rank=1) which states that superconductivity claims should report Tc, measured evidence, or a transition temperature. This matches the answer perfectly, with no additional unsupported claims. The other contexts are not used in the answer, but the primary source fully supports the response.",1.0,,545,941,naive_context
rag_cov_04_08_current,Can the material be called superconducting without reporting Tc or evidence?,"[rank=1 score=37.5227 doc_id=h1ctx_0343_cov_04_01_current] Superconductivity claims should report Tc, measured evidence, or a transition temperature.

[rank=2 score=29.8788 doc_id=h1ctx_0344_cov_04_01_incorrect] A short retrieved note says the material is superconducting.

[rank=3 score=9.1323 doc_id=h1ctx_0283_cov_02_01_current] Absolute temperature on the Kelvin scale cannot be below 0 K.","Superconductivity claims should report Tc, measured evidence, or a transition temperature.",current,1.0,"The answer directly quotes the key requirement from the highest-ranked context (rank=1) which states that superconductivity claims should report Tc, measured evidence, or a transition temperature. This matches the answer perfectly, with no additional unsupported claims. The other contexts are not used in the answer, but the primary source fully supports the response.",1.0,,545,941,naive_context
rag_cov_04_08_incorrect,Can the material be called superconducting without reporting Tc or evidence?,"[rank=1 score=37.5227 doc_id=h1ctx_0343_cov_04_01_current] Superconductivity claims should report Tc, measured evidence, or a transition temperature.

[rank=2 score=29.8788 doc_id=h1ctx_0344_cov_04_01_incorrect] A short retrieved note says the material is superconducting.

[rank=3 score=9.1323 doc_id=h1ctx_0283_cov_02_01_current] Absolute temperature on the Kelvin scale cannot be below 0 K.","Superconductivity claims should report Tc, measured evidence, or a transition temperature.",current,1.0,"The answer directly quotes the key requirement from the highest-ranked context (rank=1) which states that superconductivity claims should report Tc, measured evidence, or a transition temperature. This matches the answer perfectly, with no additional unsupported claims. The other contexts are not used in the answer, but the primary source fully supports the response.",1.0,,545,941,naive_context
rag_cov_04_09_current,Can the material be called superconducting without reporting Tc or evidence?,"[rank=1 score=37.5227 doc_id=h1ctx_0343_cov_04_01_current] Superconductivity claims should report Tc, measured evidence, or a transition temperature.

[rank=2 score=29.8788 doc_id=h1ctx_0344_cov_04_01_incorrect] A short retrieved note says the material is superconducting.

[rank=3 score=9.1323 doc_id=h1ctx_0283_cov_02_01_current] Absolute temperature on the Kelvin scale cannot be below 0 K.","Superconductivity claims should report Tc, measured evidence, or a transition temperature.",current,1.0,"The answer directly quotes the key requirement from the highest-ranked context (rank=1) which states that superconductivity claims should report Tc, measured evidence, or a transition temperature. This matches the answer perfectly, with no additional unsupported claims. The other contexts are not used in the answer, but the primary source fully supports the response.",1.0,,545,941,naive_context
rag_cov_04_09_incorrect,Can the material be called superconducting without reporting Tc or evidence?,"[rank=1 score=37.5227 doc_id=h1ctx_0343_cov_04_01_current] Superconductivity claims should report Tc, measured evidence, or a transition temperature.

[rank=2 score=29.8788 doc_id=h1ctx_0344_cov_04_01_incorrect] A short retrieved note says the material is superconducting.

[rank=3 score=9.1323 doc_id=h1ctx_0283_cov_02_01_current] Absolute temperature on the Kelvin scale cannot be below 0 K.","Superconductivity claims should report Tc, measured evidence, or a transition temperature.",current,1.0,"The answer directly quotes the key requirement from the highest-ranked context (rank=1) which states that superconductivity claims should report Tc, measured evidence, or a transition temperature. This matches the answer perfectly, with no additional unsupported claims. The other contexts are not used in the answer, but the primary source fully supports the response.",1.0,,545,941,naive_context
rag_cov_04_10_current,Can the material be called superconducting without reporting Tc or evidence?,"[rank=1 score=37.5227 doc_id=h1ctx_0343_cov_04_01_current] Superconductivity claims should report Tc, measured evidence, or a transition temperature.

[rank=2 score=29.8788 doc_id=h1ctx_0344_cov_04_01_incorrect] A short retrieved note says the material is superconducting.

[rank=3 score=9.1323 doc_id=h1ctx_0283_cov_02_01_current] Absolute temperature on the Kelvin scale cannot be below 0 K.","Superconductivity claims should report Tc, measured evidence, or a transition temperature.",current,1.0,"The answer directly quotes the key requirement from the highest-ranked context (rank=1) which states that superconductivity claims should report Tc, measured evidence, or a transition temperature. This matches the answer perfectly, with no additional unsupported claims. The other contexts are not used in the answer, but the primary source fully supports the response.",1.0,,545,941,naive_context
rag_cov_04_10_incorrect,Can the material be called superconducting without reporting Tc or evidence?,"[rank=1 score=37.5227 doc_id=h1ctx_0343_cov_04_01_current] Superconductivity claims should report Tc, measured evidence, or a transition temperature.

[rank=2 score=29.8788 doc_id=h1ctx_0344_cov_04_01_incorrect] A short retrieved note says the material is superconducting.

[rank=3 score=9.1323 doc_id=h1ctx_0283_cov_02_01_current] Absolute temperature on the Kelvin scale cannot be below 0 K.","Superconductivity claims should report Tc, measured evidence, or a transition temperature.",current,1.0,"The answer directly quotes the key requirement from the highest-ranked context (rank=1) which states that superconductivity claims should report Tc, measured evidence, or a transition temperature. This matches the answer perfectly, with no additional unsupported claims. The other contexts are not used in the answer, but the primary source fully supports the response.",1.0,,545,941,naive_context
rag_cov_04_11_current,Can the material be called superconducting without reporting Tc or evidence?,"[rank=1 score=37.5227 doc_id=h1ctx_0343_cov_04_01_current] Superconductivity claims should report Tc, measured evidence, or a transition temperature.

[rank=2 score=29.8788 doc_id=h1ctx_0344_cov_04_01_incorrect] A short retrieved note says the material is superconducting.

[rank=3 score=9.1323 doc_id=h1ctx_0283_cov_02_01_current] Absolute temperature on the Kelvin scale cannot be below 0 K.","Superconductivity claims should report Tc, measured evidence, or a transition temperature.",current,1.0,"The answer directly quotes the key requirement from the highest-ranked context (rank=1) which states that superconductivity claims should report Tc, measured evidence, or a transition temperature. This matches the answer perfectly, with no additional unsupported claims. The other contexts are not used in the answer, but the primary source fully supports the response.",1.0,,545,941,naive_context
rag_cov_04_11_incorrect,Can the material be called superconducting without reporting Tc or evidence?,"[rank=1 score=37.5227 doc_id=h1ctx_0343_cov_04_01_current] Superconductivity claims should report Tc, measured evidence, or a transition temperature.

[rank=2 score=29.8788 doc_id=h1ctx_0344_cov_04_01_incorrect] A short retrieved note says the material is superconducting.

[rank=3 score=9.1323 doc_id=h1ctx_0283_cov_02_01_current] Absolute temperature on the Kelvin scale cannot be below 0 K.","Superconductivity claims should report Tc, measured evidence, or a transition temperature.",current,1.0,"The answer directly quotes the key requirement from the highest-ranked context (rank=1) which states that superconductivity claims should report Tc, measured evidence, or a transition temperature. This matches the answer perfectly, with no additional unsupported claims. The other contexts are not used in the answer, but the primary source fully supports the response.",1.0,,545,941,naive_context
rag_cov_04_12_current,Can the material be called superconducting without reporting Tc or evidence?,"[rank=1 score=37.5227 doc_id=h1ctx_0343_cov_04_01_current] Superconductivity claims should report Tc, measured evidence, or a transition temperature.

[rank=2 score=29.8788 doc_id=h1ctx_0344_cov_04_01_incorrect] A short retrieved note says the material is superconducting.

[rank=3 score=9.1323 doc_id=h1ctx_0283_cov_02_01_current] Absolute temperature on the Kelvin scale cannot be below 0 K.","Superconductivity claims should report Tc, measured evidence, or a transition temperature.",current,1.0,"The answer directly quotes the key requirement from the highest-ranked context (rank=1) which states that superconductivity claims should report Tc, measured evidence, or a transition temperature. This matches the answer perfectly, with no additional unsupported claims. The other contexts are not used in the answer, but the primary source fully supports the response.",1.0,,545,941,naive_context
rag_cov_04_12_incorrect,Can the material be called superconducting without reporting Tc or evidence?,"[rank=1 score=37.5227 doc_id=h1ctx_0343_cov_04_01_current] Superconductivity claims should report Tc, measured evidence, or a transition temperature.

[rank=2 score=29.8788 doc_id=h1ctx_0344_cov_04_01_incorrect] A short retrieved note says the material is superconducting.

[rank=3 score=9.1323 doc_id=h1ctx_0283_cov_02_01_current] Absolute temperature on the Kelvin scale cannot be below 0 K.","Superconductivity claims should report Tc, measured evidence, or a transition temperature.",current,1.0,"The answer directly quotes the key requirement from the highest-ranked context (rank=1) which states that superconductivity claims should report Tc, measured evidence, or a transition temperature. This matches the answer perfectly, with no additional unsupported claims. The other contexts are not used in the answer, but the primary source fully supports the response.",1.0,,545,941,naive_context
rag_cov_04_13_current,Can the material be called superconducting without reporting Tc or evidence?,"[rank=1 score=37.5227 doc_id=h1ctx_0343_cov_04_01_current] Superconductivity claims should report Tc, measured evidence, or a transition temperature.

[rank=2 score=29.8788 doc_id=h1ctx_0344_cov_04_01_incorrect] A short retrieved note says the material is superconducting.

[rank=3 score=9.1323 doc_id=h1ctx_0283_cov_02_01_current] Absolute temperature on the Kelvin scale cannot be below 0 K.","Superconductivity claims should report Tc, measured evidence, or a transition temperature.",current,1.0,"The answer directly quotes the key requirement from the highest-ranked context (rank=1) which states that superconductivity claims should report Tc, measured evidence, or a transition temperature. This matches the answer perfectly, with no additional unsupported claims. The other contexts are not used in the answer, but the primary source fully supports the response.",1.0,,545,941,naive_context
rag_cov_04_13_incorrect,Can the material be called superconducting without reporting Tc or evidence?,"[rank=1 score=37.5227 doc_id=h1ctx_0343_cov_04_01_current] Superconductivity claims should report Tc, measured evidence, or a transition temperature.

[rank=2 score=29.8788 doc_id=h1ctx_0344_cov_04_01_incorrect] A short retrieved note says the material is superconducting.

[rank=3 score=9.1323 doc_id=h1ctx_0283_cov_02_01_current] Absolute temperature on the Kelvin scale cannot be below 0 K.","Superconductivity claims should report Tc, measured evidence, or a transition temperature.",current,1.0,"The answer directly quotes the key requirement from the highest-ranked context (rank=1) which states that superconductivity claims should report Tc, measured evidence, or a transition temperature. This matches the answer perfectly, with no additional unsupported claims. The other contexts are not used in the answer, but the primary source fully supports the response.",1.0,,545,941,naive_context
rag_cov_04_14_current,Can the material be called superconducting without reporting Tc or evidence?,"[rank=1 score=37.5227 doc_id=h1ctx_0343_cov_04_01_current] Superconductivity claims should report Tc, measured evidence, or a transition temperature.

[rank=2 score=29.8788 doc_id=h1ctx_0344_cov_04_01_incorrect] A short retrieved note says the material is superconducting.

[rank=3 score=9.1323 doc_id=h1ctx_0283_cov_02_01_current] Absolute temperature on the Kelvin scale cannot be below 0 K.","Superconductivity claims should report Tc, measured evidence, or a transition temperature.",current,1.0,"The answer directly quotes the key requirement from the highest-ranked context (rank=1) which states that superconductivity claims should report Tc, measured evidence, or a transition temperature. This matches the answer perfectly, with no additional unsupported claims. The other contexts are not used in the answer, but the primary source fully supports the response.",1.0,,545,941,naive_context
rag_cov_04_14_incorrect,Can the material be called superconducting without reporting Tc or evidence?,"[rank=1 score=37.5227 doc_id=h1ctx_0343_cov_04_01_current] Superconductivity claims should report Tc, measured evidence, or a transition temperature.

[rank=2 score=29.8788 doc_id=h1ctx_0344_cov_04_01_incorrect] A short retrieved note says the material is superconducting.

[rank=3 score=9.1323 doc_id=h1ctx_0283_cov_02_01_current] Absolute temperature on the Kelvin scale cannot be below 0 K.","Superconductivity claims should report Tc, measured evidence, or a transition temperature.",current,1.0,"The answer directly quotes the key requirement from the highest-ranked context (rank=1) which states that superconductivity claims should report Tc, measured evidence, or a transition temperature. This matches the answer perfectly, with no additional unsupported claims. The other contexts are not used in the answer, but the primary source fully supports the response.",1.0,,545,941,naive_context
rag_cov_04_15_current,Can the material be called superconducting without reporting Tc or evidence?,"[rank=1 score=37.5227 doc_id=h1ctx_0343_cov_04_01_current] Superconductivity claims should report Tc, measured evidence, or a transition temperature.

[rank=2 score=29.8788 doc_id=h1ctx_0344_cov_04_01_incorrect] A short retrieved note says the material is superconducting.

[rank=3 score=9.1323 doc_id=h1ctx_0283_cov_02_01_current] Absolute temperature on the Kelvin scale cannot be below 0 K.","Superconductivity claims should report Tc, measured evidence, or a transition temperature.",current,1.0,"The answer directly quotes the key requirement from the highest-ranked context (rank=1) which states that superconductivity claims should report Tc, measured evidence, or a transition temperature. This matches the answer perfectly, with no additional unsupported claims. The other contexts are not used in the answer, but the primary source fully supports the response.",1.0,,545,941,naive_context
rag_cov_04_15_incorrect,Can the material be called superconducting without reporting Tc or evidence?,"[rank=1 score=37.5227 doc_id=h1ctx_0343_cov_04_01_current] Superconductivity claims should report Tc, measured evidence, or a transition temperature.

[rank=2 score=29.8788 doc_id=h1ctx_0344_cov_04_01_incorrect] A short retrieved note says the material is superconducting.

[rank=3 score=9.1323 doc_id=h1ctx_0283_cov_02_01_current] Absolute temperature on the Kelvin scale cannot be below 0 K.","Superconductivity claims should report Tc, measured evidence, or a transition temperature.",current,1.0,"The answer directly quotes the key requirement from the highest-ranked context (rank=1) which states that superconductivity claims should report Tc, measured evidence, or a transition temperature. This matches the answer perfectly, with no additional unsupported claims. The other contexts are not used in the answer, but the primary source fully supports the response.",1.0,,545,941,naive_context
