sample_id,domain,source,question,retrieved_context,answer,document_status,expected_constraints,faithfulness_score,faithfulness_method,faithfulness_notes,generation_tokens,judge_tokens,generation_mode
rag_mpc_0001_current_gap,materials,qwen_output,What is the band gap of C?,"[rank=1 score=24.9072 doc_id=h1ctx_0002_mpc_0001_incorrect_gap] A noisy retrieved note reports C (mp-1197903) with band gap -0.07970000000000001 eV. This note is intentionally marked for human review as outdated_or_incorrect.

[rank=2 score=24.9072 doc_id=h1ctx_0005_mpc_0002_incorrect_gap] A noisy retrieved note reports C (mp-1244964) with band gap -0.0724 eV. This note is intentionally marked for human review as outdated_or_incorrect.

[rank=3 score=24.9072 doc_id=h1ctx_0011_mpc_0004_incorrect_gap] A noisy retrieved note reports C (mp-1244913) with band gap -0.10600000000000001 eV. This note is intentionally marked for human review as outdated_or_incorrect.",-0.07970000000000001 eV,outdated_or_incorrect,,0.0,qwen_judge,"The answer provided (-0.07970000000000001 eV) is based on a retrieved context that is explicitly marked as 'outdated_or_incorrect' and requires human review. Since the source of the information is not reliable, the answer cannot be considered supported by the context.",411,490,naive_context
rag_mpc_0001_incorrect_gap,materials,qwen_output,What is the band gap of C?,"[rank=1 score=24.9072 doc_id=h1ctx_0002_mpc_0001_incorrect_gap] A noisy retrieved note reports C (mp-1197903) with band gap -0.07970000000000001 eV. This note is intentionally marked for human review as outdated_or_incorrect.

[rank=2 score=24.9072 doc_id=h1ctx_0005_mpc_0002_incorrect_gap] A noisy retrieved note reports C (mp-1244964) with band gap -0.0724 eV. This note is intentionally marked for human review as outdated_or_incorrect.

[rank=3 score=24.9072 doc_id=h1ctx_0011_mpc_0004_incorrect_gap] A noisy retrieved note reports C (mp-1244913) with band gap -0.10600000000000001 eV. This note is intentionally marked for human review as outdated_or_incorrect.",-0.07970000000000001 eV,outdated_or_incorrect,,0.0,qwen_judge,"The answer provided (-0.07970000000000001 eV) is based on a retrieved context that is explicitly marked as 'outdated_or_incorrect' and requires human review. Since the source of the information is not reliable, the answer cannot be considered supported by the context.",411,490,naive_context
rag_mpc_0001_incomplete_stability,materials,qwen_output,Is C thermodynamically stable?,"[rank=1 score=24.2768 doc_id=h1ctx_0002_mpc_0001_incorrect_gap] A noisy retrieved note reports C (mp-1197903) with band gap -0.07970000000000001 eV. This note is intentionally marked for human review as outdated_or_incorrect.

[rank=2 score=24.2768 doc_id=h1ctx_0005_mpc_0002_incorrect_gap] A noisy retrieved note reports C (mp-1244964) with band gap -0.0724 eV. This note is intentionally marked for human review as outdated_or_incorrect.

[rank=3 score=24.2768 doc_id=h1ctx_0011_mpc_0004_incorrect_gap] A noisy retrieved note reports C (mp-1244913) with band gap -0.10600000000000001 eV. This note is intentionally marked for human review as outdated_or_incorrect.","The retrieved context does not provide a direct answer to the thermodynamic stability of C. The information provided is about the band gap, which is negative for all reported cases, but this alone does not determine thermodynamic stability.",outdated_or_incorrect,,0.5,qwen_judge,"The answer correctly points out that the provided context does not directly address the thermodynamic stability of C and instead provides information about the band gap. However, it does not fully utilize the context to explain why the negative band gaps do not necessarily imply instability, which could have been a more complete response based on the given information.",432,505,naive_context
rag_mpc_0002_current_gap,materials,qwen_output,What is the band gap of C?,"[rank=1 score=24.9072 doc_id=h1ctx_0002_mpc_0001_incorrect_gap] A noisy retrieved note reports C (mp-1197903) with band gap -0.07970000000000001 eV. This note is intentionally marked for human review as outdated_or_incorrect.

[rank=2 score=24.9072 doc_id=h1ctx_0005_mpc_0002_incorrect_gap] A noisy retrieved note reports C (mp-1244964) with band gap -0.0724 eV. This note is intentionally marked for human review as outdated_or_incorrect.

[rank=3 score=24.9072 doc_id=h1ctx_0011_mpc_0004_incorrect_gap] A noisy retrieved note reports C (mp-1244913) with band gap -0.10600000000000001 eV. This note is intentionally marked for human review as outdated_or_incorrect.",-0.07970000000000001 eV,outdated_or_incorrect,,0.0,qwen_judge,"The answer provided (-0.07970000000000001 eV) is based on a retrieved context that is explicitly marked as 'outdated_or_incorrect' and requires human review. Since the source of the information is not reliable, the answer cannot be considered supported by the context.",411,490,naive_context
rag_mpc_0002_incorrect_gap,materials,qwen_output,What is the band gap of C?,"[rank=1 score=24.9072 doc_id=h1ctx_0002_mpc_0001_incorrect_gap] A noisy retrieved note reports C (mp-1197903) with band gap -0.07970000000000001 eV. This note is intentionally marked for human review as outdated_or_incorrect.

[rank=2 score=24.9072 doc_id=h1ctx_0005_mpc_0002_incorrect_gap] A noisy retrieved note reports C (mp-1244964) with band gap -0.0724 eV. This note is intentionally marked for human review as outdated_or_incorrect.

[rank=3 score=24.9072 doc_id=h1ctx_0011_mpc_0004_incorrect_gap] A noisy retrieved note reports C (mp-1244913) with band gap -0.10600000000000001 eV. This note is intentionally marked for human review as outdated_or_incorrect.",-0.07970000000000001 eV,outdated_or_incorrect,,0.0,qwen_judge,"The answer provided (-0.07970000000000001 eV) is based on a retrieved context that is explicitly marked as 'outdated_or_incorrect' and requires human review. Since the source of the information is not reliable, the answer cannot be considered supported by the context.",411,490,naive_context
rag_mpc_0002_incomplete_stability,materials,qwen_output,Is C thermodynamically stable?,"[rank=1 score=24.2768 doc_id=h1ctx_0002_mpc_0001_incorrect_gap] A noisy retrieved note reports C (mp-1197903) with band gap -0.07970000000000001 eV. This note is intentionally marked for human review as outdated_or_incorrect.

[rank=2 score=24.2768 doc_id=h1ctx_0005_mpc_0002_incorrect_gap] A noisy retrieved note reports C (mp-1244964) with band gap -0.0724 eV. This note is intentionally marked for human review as outdated_or_incorrect.

[rank=3 score=24.2768 doc_id=h1ctx_0011_mpc_0004_incorrect_gap] A noisy retrieved note reports C (mp-1244913) with band gap -0.10600000000000001 eV. This note is intentionally marked for human review as outdated_or_incorrect.","The retrieved context does not provide a direct answer to the thermodynamic stability of C. The information provided is about the band gap, which is negative for all reported cases, but this alone does not determine thermodynamic stability.",outdated_or_incorrect,,0.5,qwen_judge,"The answer correctly points out that the provided context does not directly address the thermodynamic stability of C and instead provides information about the band gap. However, it does not fully utilize the context to explain why the negative band gaps do not necessarily imply instability, which could have been a more complete response based on the given information.",432,505,naive_context
rag_mpc_0003_current_gap,materials,qwen_output,What is the band gap of O2?,"[rank=1 score=25.3749 doc_id=h1ctx_0008_mpc_0003_incorrect_gap] A noisy retrieved note reports O2 (mp-1180008) with band gap -1.277299999999999 eV. This note is intentionally marked for human review as outdated_or_incorrect.

[rank=2 score=25.3749 doc_id=h1ctx_0023_mpc_0008_incorrect_gap] A noisy retrieved note reports O2 (mp-12957) with band gap -1.0933 eV. This note is intentionally marked for human review as outdated_or_incorrect.

[rank=3 score=25.3749 doc_id=h1ctx_0026_mpc_0009_incorrect_gap] A noisy retrieved note reports O2 (mp-2204849) with band gap -2.720399999999999 eV. This note is intentionally marked for human review as outdated_or_incorrect.",-1.277299999999999 eV,outdated_or_incorrect,,0.5,qwen_judge,"The answer is partially supported by the context, specifically by the first retrieved note which reports a band gap of -1.277299999999999 eV for O2. However, this note, along with the other two, is marked as 'outdated_or_incorrect', indicating that the information may not be reliable or accurate.",404,494,naive_context
rag_mpc_0003_incorrect_gap,materials,qwen_output,What is the band gap of O2?,"[rank=1 score=25.3749 doc_id=h1ctx_0008_mpc_0003_incorrect_gap] A noisy retrieved note reports O2 (mp-1180008) with band gap -1.277299999999999 eV. This note is intentionally marked for human review as outdated_or_incorrect.

[rank=2 score=25.3749 doc_id=h1ctx_0023_mpc_0008_incorrect_gap] A noisy retrieved note reports O2 (mp-12957) with band gap -1.0933 eV. This note is intentionally marked for human review as outdated_or_incorrect.

[rank=3 score=25.3749 doc_id=h1ctx_0026_mpc_0009_incorrect_gap] A noisy retrieved note reports O2 (mp-2204849) with band gap -2.720399999999999 eV. This note is intentionally marked for human review as outdated_or_incorrect.",-1.277299999999999 eV,outdated_or_incorrect,,0.5,qwen_judge,"The answer is partially supported by the context, specifically by the first retrieved note which reports a band gap of -1.277299999999999 eV for O2. However, this note, along with the other two, is marked as 'outdated_or_incorrect', indicating that the information may not be reliable or accurate.",404,494,naive_context
rag_mpc_0003_incomplete_stability,materials,qwen_output,Is O2 thermodynamically stable?,"[rank=1 score=24.7444 doc_id=h1ctx_0008_mpc_0003_incorrect_gap] A noisy retrieved note reports O2 (mp-1180008) with band gap -1.277299999999999 eV. This note is intentionally marked for human review as outdated_or_incorrect.

[rank=2 score=24.7444 doc_id=h1ctx_0023_mpc_0008_incorrect_gap] A noisy retrieved note reports O2 (mp-12957) with band gap -1.0933 eV. This note is intentionally marked for human review as outdated_or_incorrect.

[rank=3 score=24.7444 doc_id=h1ctx_0026_mpc_0009_incorrect_gap] A noisy retrieved note reports O2 (mp-2204849) with band gap -2.720399999999999 eV. This note is intentionally marked for human review as outdated_or_incorrect.","The retrieved context does not provide a direct answer about the thermodynamic stability of O2. The information provided is related to the band gap, which is marked as outdated or incorrect and does not directly indicate stability.",outdated_or_incorrect,,0.5,qwen_judge,"The answer correctly states that the retrieved context does not provide a direct answer about the thermodynamic stability of O2 and that the information provided is related to the band gap, which is marked as outdated or incorrect. However, it does not fully utilize the given context to explain how band gap information, even if incorrect, might relate to or be insufficient for determining thermodynamic stability. The response is partially supported by the context but could have been more thorough in explaining the relevance (or lack thereof) of the provided data to the question.",428,543,naive_context
rag_mpc_0004_current_gap,materials,qwen_output,What is the band gap of C?,"[rank=1 score=24.9072 doc_id=h1ctx_0002_mpc_0001_incorrect_gap] A noisy retrieved note reports C (mp-1197903) with band gap -0.07970000000000001 eV. This note is intentionally marked for human review as outdated_or_incorrect.

[rank=2 score=24.9072 doc_id=h1ctx_0005_mpc_0002_incorrect_gap] A noisy retrieved note reports C (mp-1244964) with band gap -0.0724 eV. This note is intentionally marked for human review as outdated_or_incorrect.

[rank=3 score=24.9072 doc_id=h1ctx_0011_mpc_0004_incorrect_gap] A noisy retrieved note reports C (mp-1244913) with band gap -0.10600000000000001 eV. This note is intentionally marked for human review as outdated_or_incorrect.",-0.07970000000000001 eV,outdated_or_incorrect,,0.0,qwen_judge,"The answer provided (-0.07970000000000001 eV) is based on a retrieved context that is explicitly marked as 'outdated_or_incorrect' and requires human review. Since the source of the information is not reliable, the answer cannot be considered supported by the context.",411,490,naive_context
rag_mpc_0004_incorrect_gap,materials,qwen_output,What is the band gap of C?,"[rank=1 score=24.9072 doc_id=h1ctx_0002_mpc_0001_incorrect_gap] A noisy retrieved note reports C (mp-1197903) with band gap -0.07970000000000001 eV. This note is intentionally marked for human review as outdated_or_incorrect.

[rank=2 score=24.9072 doc_id=h1ctx_0005_mpc_0002_incorrect_gap] A noisy retrieved note reports C (mp-1244964) with band gap -0.0724 eV. This note is intentionally marked for human review as outdated_or_incorrect.

[rank=3 score=24.9072 doc_id=h1ctx_0011_mpc_0004_incorrect_gap] A noisy retrieved note reports C (mp-1244913) with band gap -0.10600000000000001 eV. This note is intentionally marked for human review as outdated_or_incorrect.",-0.07970000000000001 eV,outdated_or_incorrect,,0.0,qwen_judge,"The answer provided (-0.07970000000000001 eV) is based on a retrieved context that is explicitly marked as 'outdated_or_incorrect' and requires human review. Since the source of the information is not reliable, the answer cannot be considered supported by the context.",411,490,naive_context
rag_mpc_0004_incomplete_stability,materials,qwen_output,Is C thermodynamically stable?,"[rank=1 score=24.2768 doc_id=h1ctx_0002_mpc_0001_incorrect_gap] A noisy retrieved note reports C (mp-1197903) with band gap -0.07970000000000001 eV. This note is intentionally marked for human review as outdated_or_incorrect.

[rank=2 score=24.2768 doc_id=h1ctx_0005_mpc_0002_incorrect_gap] A noisy retrieved note reports C (mp-1244964) with band gap -0.0724 eV. This note is intentionally marked for human review as outdated_or_incorrect.

[rank=3 score=24.2768 doc_id=h1ctx_0011_mpc_0004_incorrect_gap] A noisy retrieved note reports C (mp-1244913) with band gap -0.10600000000000001 eV. This note is intentionally marked for human review as outdated_or_incorrect.","The retrieved context does not provide a direct answer to the thermodynamic stability of C. The information provided is about the band gap, which is negative for all reported cases, but this alone does not determine thermodynamic stability.",outdated_or_incorrect,,0.5,qwen_judge,"The answer correctly points out that the provided context does not directly address the thermodynamic stability of C and instead provides information about the band gap. However, it does not fully utilize the context to explain why the negative band gaps do not necessarily imply instability, which could have been a more complete response based on the given information.",432,505,naive_context
rag_mpc_0005_current_gap,materials,qwen_output,What is the band gap of C?,"[rank=1 score=24.9072 doc_id=h1ctx_0002_mpc_0001_incorrect_gap] A noisy retrieved note reports C (mp-1197903) with band gap -0.07970000000000001 eV. This note is intentionally marked for human review as outdated_or_incorrect.

[rank=2 score=24.9072 doc_id=h1ctx_0005_mpc_0002_incorrect_gap] A noisy retrieved note reports C (mp-1244964) with band gap -0.0724 eV. This note is intentionally marked for human review as outdated_or_incorrect.

[rank=3 score=24.9072 doc_id=h1ctx_0011_mpc_0004_incorrect_gap] A noisy retrieved note reports C (mp-1244913) with band gap -0.10600000000000001 eV. This note is intentionally marked for human review as outdated_or_incorrect.",-0.07970000000000001 eV,outdated_or_incorrect,,0.0,qwen_judge,"The answer provided (-0.07970000000000001 eV) is based on a retrieved context that is explicitly marked as 'outdated_or_incorrect' and requires human review. Since the source of the information is not reliable, the answer cannot be considered supported by the context.",411,490,naive_context
rag_mpc_0005_incorrect_gap,materials,qwen_output,What is the band gap of C?,"[rank=1 score=24.9072 doc_id=h1ctx_0002_mpc_0001_incorrect_gap] A noisy retrieved note reports C (mp-1197903) with band gap -0.07970000000000001 eV. This note is intentionally marked for human review as outdated_or_incorrect.

[rank=2 score=24.9072 doc_id=h1ctx_0005_mpc_0002_incorrect_gap] A noisy retrieved note reports C (mp-1244964) with band gap -0.0724 eV. This note is intentionally marked for human review as outdated_or_incorrect.

[rank=3 score=24.9072 doc_id=h1ctx_0011_mpc_0004_incorrect_gap] A noisy retrieved note reports C (mp-1244913) with band gap -0.10600000000000001 eV. This note is intentionally marked for human review as outdated_or_incorrect.",-0.07970000000000001 eV,outdated_or_incorrect,,0.0,qwen_judge,"The answer provided (-0.07970000000000001 eV) is based on a retrieved context that is explicitly marked as 'outdated_or_incorrect' and requires human review. Since the source of the information is not reliable, the answer cannot be considered supported by the context.",411,490,naive_context
rag_mpc_0005_incomplete_stability,materials,qwen_output,Is C thermodynamically stable?,"[rank=1 score=24.2768 doc_id=h1ctx_0002_mpc_0001_incorrect_gap] A noisy retrieved note reports C (mp-1197903) with band gap -0.07970000000000001 eV. This note is intentionally marked for human review as outdated_or_incorrect.

[rank=2 score=24.2768 doc_id=h1ctx_0005_mpc_0002_incorrect_gap] A noisy retrieved note reports C (mp-1244964) with band gap -0.0724 eV. This note is intentionally marked for human review as outdated_or_incorrect.

[rank=3 score=24.2768 doc_id=h1ctx_0011_mpc_0004_incorrect_gap] A noisy retrieved note reports C (mp-1244913) with band gap -0.10600000000000001 eV. This note is intentionally marked for human review as outdated_or_incorrect.","The retrieved context does not provide a direct answer to the thermodynamic stability of C. The information provided is about the band gap, which is negative for all reported cases, but this alone does not determine thermodynamic stability.",outdated_or_incorrect,,0.5,qwen_judge,"The answer correctly points out that the provided context does not directly address the thermodynamic stability of C and instead provides information about the band gap. However, it does not fully utilize the context to explain why the negative band gaps do not necessarily imply instability, which could have been a more complete response based on the given information.",432,505,naive_context
rag_mpc_0006_current_gap,materials,qwen_output,What is the band gap of Bi?,"[rank=1 score=26.8396 doc_id=h1ctx_0017_mpc_0006_incorrect_gap] A noisy retrieved note reports Bi (mp-1182248) with band gap -1.5046 eV. This note is intentionally marked for human review as outdated_or_incorrect.

[rank=2 score=26.8396 doc_id=h1ctx_0056_mpc_0019_incorrect_gap] A noisy retrieved note reports Bi (mp-1947043) with band gap -0.08079999999999901 eV. This note is intentionally marked for human review as outdated_or_incorrect.

[rank=3 score=24.9018 doc_id=mp_0043] Materials Project reports Bi (mp-1067758). Band gap: 0.0 eV. Formation energy per atom: 0.085859414999994 eV/atom. Energy above hull: 0.085859414999994 eV/atom. Stable: False.",0.0 eV,outdated_or_incorrect,,1.0,qwen_judge,"The answer, '0.0 eV', is directly supported by the context provided in the third retrieved document (mp_0043), which reports the band gap of Bi (mp-1067758) as 0.0 eV. The other two documents are marked as outdated or incorrect, so they are not considered reliable for this assessment.",411,497,naive_context
rag_mpc_0006_incorrect_gap,materials,qwen_output,What is the band gap of Bi?,"[rank=1 score=26.8396 doc_id=h1ctx_0017_mpc_0006_incorrect_gap] A noisy retrieved note reports Bi (mp-1182248) with band gap -1.5046 eV. This note is intentionally marked for human review as outdated_or_incorrect.

[rank=2 score=26.8396 doc_id=h1ctx_0056_mpc_0019_incorrect_gap] A noisy retrieved note reports Bi (mp-1947043) with band gap -0.08079999999999901 eV. This note is intentionally marked for human review as outdated_or_incorrect.

[rank=3 score=24.9018 doc_id=mp_0043] Materials Project reports Bi (mp-1067758). Band gap: 0.0 eV. Formation energy per atom: 0.085859414999994 eV/atom. Energy above hull: 0.085859414999994 eV/atom. Stable: False.",0.0 eV,outdated_or_incorrect,,1.0,qwen_judge,"The answer, '0.0 eV', is directly supported by the context provided in the third retrieved document (mp_0043), which reports the band gap of Bi (mp-1067758) as 0.0 eV. The other two documents are marked as outdated or incorrect, so they are not considered reliable for this assessment.",411,497,naive_context
rag_mpc_0006_incomplete_stability,materials,qwen_output,Is Bi thermodynamically stable?,"[rank=1 score=26.2092 doc_id=h1ctx_0017_mpc_0006_incorrect_gap] A noisy retrieved note reports Bi (mp-1182248) with band gap -1.5046 eV. This note is intentionally marked for human review as outdated_or_incorrect.

[rank=2 score=26.2092 doc_id=h1ctx_0056_mpc_0019_incorrect_gap] A noisy retrieved note reports Bi (mp-1947043) with band gap -0.08079999999999901 eV. This note is intentionally marked for human review as outdated_or_incorrect.

[rank=3 score=25.0924 doc_id=h1ctx_0018_mpc_0006_incomplete_stability] A short retrieved snippet mentions Bi (mp-1182248) as stable, but omits formation energy, hull distance, and thermodynamic qualification.","Bi (mp-1182248) is stable, but the thermodynamic qualification is omitted.",outdated_or_incorrect,,0.5,qwen_judge,"The answer is partially supported by the context, as it correctly states that Bi (mp-1182248) is stable based on the retrieved information. However, the context also notes that the thermodynamic qualification is omitted, which the answer acknowledges. The key issue is that the provided context for stability is marked as potentially incomplete, and there's no direct confirmation of thermodynamic stability. Therefore, while the claim about stability isn't contradicted, it is not fully supported either.",389,497,naive_context
rag_mpc_0007_current_gap,materials,qwen_output,What is the band gap of P?,"[rank=1 score=26.6939 doc_id=h1ctx_0020_mpc_0007_incorrect_gap] A noisy retrieved note reports P (mp-1179990) with band gap -3.0938 eV. This note is intentionally marked for human review as outdated_or_incorrect.

[rank=2 score=26.6939 doc_id=h1ctx_0038_mpc_0013_incorrect_gap] A noisy retrieved note reports P (mp-12883) with band gap -3.5354 eV. This note is intentionally marked for human review as outdated_or_incorrect.

[rank=3 score=26.6939 doc_id=h1ctx_0062_mpc_0021_incorrect_gap] A noisy retrieved note reports P (mp-723897) with band gap -2.1942 eV. This note is intentionally marked for human review as outdated_or_incorrect.",-3.0938 eV,outdated_or_incorrect,,0.0,qwen_judge,"The answer provided, -3.0938 eV, is taken from a context that is explicitly marked as outdated_or_incorrect. Since the information used to generate the answer is flagged as incorrect, the answer itself cannot be considered supported by the context.",369,432,naive_context
rag_mpc_0007_incorrect_gap,materials,qwen_output,What is the band gap of P?,"[rank=1 score=26.6939 doc_id=h1ctx_0020_mpc_0007_incorrect_gap] A noisy retrieved note reports P (mp-1179990) with band gap -3.0938 eV. This note is intentionally marked for human review as outdated_or_incorrect.

[rank=2 score=26.6939 doc_id=h1ctx_0038_mpc_0013_incorrect_gap] A noisy retrieved note reports P (mp-12883) with band gap -3.5354 eV. This note is intentionally marked for human review as outdated_or_incorrect.

[rank=3 score=26.6939 doc_id=h1ctx_0062_mpc_0021_incorrect_gap] A noisy retrieved note reports P (mp-723897) with band gap -2.1942 eV. This note is intentionally marked for human review as outdated_or_incorrect.",-3.0938 eV,outdated_or_incorrect,,0.0,qwen_judge,"The answer provided, -3.0938 eV, is taken from a context that is explicitly marked as outdated_or_incorrect. Since the information used to generate the answer is flagged as incorrect, the answer itself cannot be considered supported by the context.",369,432,naive_context
rag_mpc_0007_incomplete_stability,materials,qwen_output,Is P thermodynamically stable?,"[rank=1 score=26.0634 doc_id=h1ctx_0020_mpc_0007_incorrect_gap] A noisy retrieved note reports P (mp-1179990) with band gap -3.0938 eV. This note is intentionally marked for human review as outdated_or_incorrect.

[rank=2 score=26.0634 doc_id=h1ctx_0038_mpc_0013_incorrect_gap] A noisy retrieved note reports P (mp-12883) with band gap -3.5354 eV. This note is intentionally marked for human review as outdated_or_incorrect.

[rank=3 score=26.0634 doc_id=h1ctx_0062_mpc_0021_incorrect_gap] A noisy retrieved note reports P (mp-723897) with band gap -2.1942 eV. This note is intentionally marked for human review as outdated_or_incorrect.","The retrieved context does not provide information on the thermodynamic stability of P. It only provides band gap values, which are marked as outdated or incorrect.",outdated_or_incorrect,,1.0,qwen_judge,"The answer correctly states that the retrieved context does not provide information on the thermodynamic stability of P, and it only provides band gap values, which are marked as outdated or incorrect. This is a faithful representation of the given context.",389,444,naive_context
rag_mpc_0008_current_gap,materials,qwen_output,What is the band gap of O2?,"[rank=1 score=25.3749 doc_id=h1ctx_0008_mpc_0003_incorrect_gap] A noisy retrieved note reports O2 (mp-1180008) with band gap -1.277299999999999 eV. This note is intentionally marked for human review as outdated_or_incorrect.

[rank=2 score=25.3749 doc_id=h1ctx_0023_mpc_0008_incorrect_gap] A noisy retrieved note reports O2 (mp-12957) with band gap -1.0933 eV. This note is intentionally marked for human review as outdated_or_incorrect.

[rank=3 score=25.3749 doc_id=h1ctx_0026_mpc_0009_incorrect_gap] A noisy retrieved note reports O2 (mp-2204849) with band gap -2.720399999999999 eV. This note is intentionally marked for human review as outdated_or_incorrect.",-1.277299999999999 eV,outdated_or_incorrect,,0.5,qwen_judge,"The answer is partially supported by the context, specifically by the first retrieved note which reports a band gap of -1.277299999999999 eV for O2. However, this note, along with the other two, is marked as 'outdated_or_incorrect', indicating that the information may not be reliable or accurate.",404,494,naive_context
rag_mpc_0008_incorrect_gap,materials,qwen_output,What is the band gap of O2?,"[rank=1 score=25.3749 doc_id=h1ctx_0008_mpc_0003_incorrect_gap] A noisy retrieved note reports O2 (mp-1180008) with band gap -1.277299999999999 eV. This note is intentionally marked for human review as outdated_or_incorrect.

[rank=2 score=25.3749 doc_id=h1ctx_0023_mpc_0008_incorrect_gap] A noisy retrieved note reports O2 (mp-12957) with band gap -1.0933 eV. This note is intentionally marked for human review as outdated_or_incorrect.

[rank=3 score=25.3749 doc_id=h1ctx_0026_mpc_0009_incorrect_gap] A noisy retrieved note reports O2 (mp-2204849) with band gap -2.720399999999999 eV. This note is intentionally marked for human review as outdated_or_incorrect.",-1.277299999999999 eV,outdated_or_incorrect,,0.5,qwen_judge,"The answer is partially supported by the context, specifically by the first retrieved note which reports a band gap of -1.277299999999999 eV for O2. However, this note, along with the other two, is marked as 'outdated_or_incorrect', indicating that the information may not be reliable or accurate.",404,494,naive_context
rag_mpc_0008_incomplete_stability,materials,qwen_output,Is O2 thermodynamically stable?,"[rank=1 score=24.7444 doc_id=h1ctx_0008_mpc_0003_incorrect_gap] A noisy retrieved note reports O2 (mp-1180008) with band gap -1.277299999999999 eV. This note is intentionally marked for human review as outdated_or_incorrect.

[rank=2 score=24.7444 doc_id=h1ctx_0023_mpc_0008_incorrect_gap] A noisy retrieved note reports O2 (mp-12957) with band gap -1.0933 eV. This note is intentionally marked for human review as outdated_or_incorrect.

[rank=3 score=24.7444 doc_id=h1ctx_0026_mpc_0009_incorrect_gap] A noisy retrieved note reports O2 (mp-2204849) with band gap -2.720399999999999 eV. This note is intentionally marked for human review as outdated_or_incorrect.","The retrieved context does not provide a direct answer about the thermodynamic stability of O2. The information provided is related to the band gap, which is marked as outdated or incorrect and does not directly indicate stability.",outdated_or_incorrect,,0.5,qwen_judge,"The answer correctly states that the retrieved context does not provide a direct answer about the thermodynamic stability of O2 and that the information provided is related to the band gap, which is marked as outdated or incorrect. However, it does not fully utilize the given context to explain how band gap information, even if incorrect, might relate to or be insufficient for determining thermodynamic stability. The response is partially supported by the context but could have been more thorough in explaining the relevance (or lack thereof) of the provided data to the question.",428,543,naive_context
rag_mpc_0009_current_gap,materials,qwen_output,What is the band gap of O2?,"[rank=1 score=25.3749 doc_id=h1ctx_0008_mpc_0003_incorrect_gap] A noisy retrieved note reports O2 (mp-1180008) with band gap -1.277299999999999 eV. This note is intentionally marked for human review as outdated_or_incorrect.

[rank=2 score=25.3749 doc_id=h1ctx_0023_mpc_0008_incorrect_gap] A noisy retrieved note reports O2 (mp-12957) with band gap -1.0933 eV. This note is intentionally marked for human review as outdated_or_incorrect.

[rank=3 score=25.3749 doc_id=h1ctx_0026_mpc_0009_incorrect_gap] A noisy retrieved note reports O2 (mp-2204849) with band gap -2.720399999999999 eV. This note is intentionally marked for human review as outdated_or_incorrect.",-1.277299999999999 eV,outdated_or_incorrect,,0.5,qwen_judge,"The answer is partially supported by the context, specifically by the first retrieved note which reports a band gap of -1.277299999999999 eV for O2. However, this note, along with the other two, is marked as 'outdated_or_incorrect', indicating that the information may not be reliable or accurate.",404,494,naive_context
rag_mpc_0009_incorrect_gap,materials,qwen_output,What is the band gap of O2?,"[rank=1 score=25.3749 doc_id=h1ctx_0008_mpc_0003_incorrect_gap] A noisy retrieved note reports O2 (mp-1180008) with band gap -1.277299999999999 eV. This note is intentionally marked for human review as outdated_or_incorrect.

[rank=2 score=25.3749 doc_id=h1ctx_0023_mpc_0008_incorrect_gap] A noisy retrieved note reports O2 (mp-12957) with band gap -1.0933 eV. This note is intentionally marked for human review as outdated_or_incorrect.

[rank=3 score=25.3749 doc_id=h1ctx_0026_mpc_0009_incorrect_gap] A noisy retrieved note reports O2 (mp-2204849) with band gap -2.720399999999999 eV. This note is intentionally marked for human review as outdated_or_incorrect.",-1.277299999999999 eV,outdated_or_incorrect,,0.5,qwen_judge,"The answer is partially supported by the context, specifically by the first retrieved note which reports a band gap of -1.277299999999999 eV for O2. However, this note, along with the other two, is marked as 'outdated_or_incorrect', indicating that the information may not be reliable or accurate.",404,494,naive_context
rag_mpc_0009_incomplete_stability,materials,qwen_output,Is O2 thermodynamically stable?,"[rank=1 score=24.7444 doc_id=h1ctx_0008_mpc_0003_incorrect_gap] A noisy retrieved note reports O2 (mp-1180008) with band gap -1.277299999999999 eV. This note is intentionally marked for human review as outdated_or_incorrect.

[rank=2 score=24.7444 doc_id=h1ctx_0023_mpc_0008_incorrect_gap] A noisy retrieved note reports O2 (mp-12957) with band gap -1.0933 eV. This note is intentionally marked for human review as outdated_or_incorrect.

[rank=3 score=24.7444 doc_id=h1ctx_0026_mpc_0009_incorrect_gap] A noisy retrieved note reports O2 (mp-2204849) with band gap -2.720399999999999 eV. This note is intentionally marked for human review as outdated_or_incorrect.","The retrieved context does not provide a direct answer about the thermodynamic stability of O2. The information provided is related to the band gap, which is marked as outdated or incorrect and does not directly indicate stability.",outdated_or_incorrect,,0.5,qwen_judge,"The answer correctly states that the retrieved context does not provide a direct answer about the thermodynamic stability of O2 and that the information provided is related to the band gap, which is marked as outdated or incorrect. However, it does not fully utilize the given context to explain how band gap information, even if incorrect, might relate to or be insufficient for determining thermodynamic stability. The response is partially supported by the context but could have been more thorough in explaining the relevance (or lack thereof) of the provided data to the question.",428,543,naive_context
rag_mpc_0010_current_gap,materials,qwen_output,What is the band gap of O2?,"[rank=1 score=25.3749 doc_id=h1ctx_0008_mpc_0003_incorrect_gap] A noisy retrieved note reports O2 (mp-1180008) with band gap -1.277299999999999 eV. This note is intentionally marked for human review as outdated_or_incorrect.

[rank=2 score=25.3749 doc_id=h1ctx_0023_mpc_0008_incorrect_gap] A noisy retrieved note reports O2 (mp-12957) with band gap -1.0933 eV. This note is intentionally marked for human review as outdated_or_incorrect.

[rank=3 score=25.3749 doc_id=h1ctx_0026_mpc_0009_incorrect_gap] A noisy retrieved note reports O2 (mp-2204849) with band gap -2.720399999999999 eV. This note is intentionally marked for human review as outdated_or_incorrect.",-1.277299999999999 eV,outdated_or_incorrect,,0.5,qwen_judge,"The answer is partially supported by the context, specifically by the first retrieved note which reports a band gap of -1.277299999999999 eV for O2. However, this note, along with the other two, is marked as 'outdated_or_incorrect', indicating that the information may not be reliable or accurate.",404,494,naive_context
rag_mpc_0010_incorrect_gap,materials,qwen_output,What is the band gap of O2?,"[rank=1 score=25.3749 doc_id=h1ctx_0008_mpc_0003_incorrect_gap] A noisy retrieved note reports O2 (mp-1180008) with band gap -1.277299999999999 eV. This note is intentionally marked for human review as outdated_or_incorrect.

[rank=2 score=25.3749 doc_id=h1ctx_0023_mpc_0008_incorrect_gap] A noisy retrieved note reports O2 (mp-12957) with band gap -1.0933 eV. This note is intentionally marked for human review as outdated_or_incorrect.

[rank=3 score=25.3749 doc_id=h1ctx_0026_mpc_0009_incorrect_gap] A noisy retrieved note reports O2 (mp-2204849) with band gap -2.720399999999999 eV. This note is intentionally marked for human review as outdated_or_incorrect.",-1.277299999999999 eV,outdated_or_incorrect,,0.5,qwen_judge,"The answer is partially supported by the context, specifically by the first retrieved note which reports a band gap of -1.277299999999999 eV for O2. However, this note, along with the other two, is marked as 'outdated_or_incorrect', indicating that the information may not be reliable or accurate.",404,494,naive_context
rag_mpc_0010_incomplete_stability,materials,qwen_output,Is O2 thermodynamically stable?,"[rank=1 score=24.7444 doc_id=h1ctx_0008_mpc_0003_incorrect_gap] A noisy retrieved note reports O2 (mp-1180008) with band gap -1.277299999999999 eV. This note is intentionally marked for human review as outdated_or_incorrect.

[rank=2 score=24.7444 doc_id=h1ctx_0023_mpc_0008_incorrect_gap] A noisy retrieved note reports O2 (mp-12957) with band gap -1.0933 eV. This note is intentionally marked for human review as outdated_or_incorrect.

[rank=3 score=24.7444 doc_id=h1ctx_0026_mpc_0009_incorrect_gap] A noisy retrieved note reports O2 (mp-2204849) with band gap -2.720399999999999 eV. This note is intentionally marked for human review as outdated_or_incorrect.","The retrieved context does not provide a direct answer about the thermodynamic stability of O2. The information provided is related to the band gap, which is marked as outdated or incorrect and does not directly indicate stability.",outdated_or_incorrect,,0.5,qwen_judge,"The answer correctly states that the retrieved context does not provide a direct answer about the thermodynamic stability of O2 and that the information provided is related to the band gap, which is marked as outdated or incorrect. However, it does not fully utilize the given context to explain how band gap information, even if incorrect, might relate to or be insufficient for determining thermodynamic stability. The response is partially supported by the context but could have been more thorough in explaining the relevance (or lack thereof) of the provided data to the question.",428,543,naive_context
rag_mpc_0011_current_gap,materials,qwen_output,What is the band gap of O2?,"[rank=1 score=25.3749 doc_id=h1ctx_0008_mpc_0003_incorrect_gap] A noisy retrieved note reports O2 (mp-1180008) with band gap -1.277299999999999 eV. This note is intentionally marked for human review as outdated_or_incorrect.

[rank=2 score=25.3749 doc_id=h1ctx_0023_mpc_0008_incorrect_gap] A noisy retrieved note reports O2 (mp-12957) with band gap -1.0933 eV. This note is intentionally marked for human review as outdated_or_incorrect.

[rank=3 score=25.3749 doc_id=h1ctx_0026_mpc_0009_incorrect_gap] A noisy retrieved note reports O2 (mp-2204849) with band gap -2.720399999999999 eV. This note is intentionally marked for human review as outdated_or_incorrect.",-1.277299999999999 eV,outdated_or_incorrect,,0.5,qwen_judge,"The answer is partially supported by the context, specifically by the first retrieved note which reports a band gap of -1.277299999999999 eV for O2. However, this note, along with the other two, is marked as 'outdated_or_incorrect', indicating that the information may not be reliable or accurate.",404,494,naive_context
rag_mpc_0011_incorrect_gap,materials,qwen_output,What is the band gap of O2?,"[rank=1 score=25.3749 doc_id=h1ctx_0008_mpc_0003_incorrect_gap] A noisy retrieved note reports O2 (mp-1180008) with band gap -1.277299999999999 eV. This note is intentionally marked for human review as outdated_or_incorrect.

[rank=2 score=25.3749 doc_id=h1ctx_0023_mpc_0008_incorrect_gap] A noisy retrieved note reports O2 (mp-12957) with band gap -1.0933 eV. This note is intentionally marked for human review as outdated_or_incorrect.

[rank=3 score=25.3749 doc_id=h1ctx_0026_mpc_0009_incorrect_gap] A noisy retrieved note reports O2 (mp-2204849) with band gap -2.720399999999999 eV. This note is intentionally marked for human review as outdated_or_incorrect.",-1.277299999999999 eV,outdated_or_incorrect,,0.5,qwen_judge,"The answer is partially supported by the context, specifically by the first retrieved note which reports a band gap of -1.277299999999999 eV for O2. However, this note, along with the other two, is marked as 'outdated_or_incorrect', indicating that the information may not be reliable or accurate.",404,494,naive_context
rag_mpc_0011_incomplete_stability,materials,qwen_output,Is O2 thermodynamically stable?,"[rank=1 score=24.7444 doc_id=h1ctx_0008_mpc_0003_incorrect_gap] A noisy retrieved note reports O2 (mp-1180008) with band gap -1.277299999999999 eV. This note is intentionally marked for human review as outdated_or_incorrect.

[rank=2 score=24.7444 doc_id=h1ctx_0023_mpc_0008_incorrect_gap] A noisy retrieved note reports O2 (mp-12957) with band gap -1.0933 eV. This note is intentionally marked for human review as outdated_or_incorrect.

[rank=3 score=24.7444 doc_id=h1ctx_0026_mpc_0009_incorrect_gap] A noisy retrieved note reports O2 (mp-2204849) with band gap -2.720399999999999 eV. This note is intentionally marked for human review as outdated_or_incorrect.","The retrieved context does not provide a direct answer about the thermodynamic stability of O2. The information provided is related to the band gap, which is marked as outdated or incorrect and does not directly indicate stability.",outdated_or_incorrect,,0.5,qwen_judge,"The answer correctly states that the retrieved context does not provide a direct answer about the thermodynamic stability of O2 and that the information provided is related to the band gap, which is marked as outdated or incorrect. However, it does not fully utilize the given context to explain how band gap information, even if incorrect, might relate to or be insufficient for determining thermodynamic stability. The response is partially supported by the context but could have been more thorough in explaining the relevance (or lack thereof) of the provided data to the question.",428,543,naive_context
rag_mpc_0012_current_gap,materials,qwen_output,What is the band gap of C?,"[rank=1 score=24.9072 doc_id=h1ctx_0002_mpc_0001_incorrect_gap] A noisy retrieved note reports C (mp-1197903) with band gap -0.07970000000000001 eV. This note is intentionally marked for human review as outdated_or_incorrect.

[rank=2 score=24.9072 doc_id=h1ctx_0005_mpc_0002_incorrect_gap] A noisy retrieved note reports C (mp-1244964) with band gap -0.0724 eV. This note is intentionally marked for human review as outdated_or_incorrect.

[rank=3 score=24.9072 doc_id=h1ctx_0011_mpc_0004_incorrect_gap] A noisy retrieved note reports C (mp-1244913) with band gap -0.10600000000000001 eV. This note is intentionally marked for human review as outdated_or_incorrect.",-0.07970000000000001 eV,outdated_or_incorrect,,0.0,qwen_judge,"The answer provided (-0.07970000000000001 eV) is based on a retrieved context that is explicitly marked as 'outdated_or_incorrect' and requires human review. Since the source of the information is not reliable, the answer cannot be considered supported by the context.",411,490,naive_context
rag_mpc_0012_incorrect_gap,materials,qwen_output,What is the band gap of C?,"[rank=1 score=24.9072 doc_id=h1ctx_0002_mpc_0001_incorrect_gap] A noisy retrieved note reports C (mp-1197903) with band gap -0.07970000000000001 eV. This note is intentionally marked for human review as outdated_or_incorrect.

[rank=2 score=24.9072 doc_id=h1ctx_0005_mpc_0002_incorrect_gap] A noisy retrieved note reports C (mp-1244964) with band gap -0.0724 eV. This note is intentionally marked for human review as outdated_or_incorrect.

[rank=3 score=24.9072 doc_id=h1ctx_0011_mpc_0004_incorrect_gap] A noisy retrieved note reports C (mp-1244913) with band gap -0.10600000000000001 eV. This note is intentionally marked for human review as outdated_or_incorrect.",-0.07970000000000001 eV,outdated_or_incorrect,,0.0,qwen_judge,"The answer provided (-0.07970000000000001 eV) is based on a retrieved context that is explicitly marked as 'outdated_or_incorrect' and requires human review. Since the source of the information is not reliable, the answer cannot be considered supported by the context.",411,490,naive_context
rag_mpc_0012_incomplete_stability,materials,qwen_output,Is C thermodynamically stable?,"[rank=1 score=24.2768 doc_id=h1ctx_0002_mpc_0001_incorrect_gap] A noisy retrieved note reports C (mp-1197903) with band gap -0.07970000000000001 eV. This note is intentionally marked for human review as outdated_or_incorrect.

[rank=2 score=24.2768 doc_id=h1ctx_0005_mpc_0002_incorrect_gap] A noisy retrieved note reports C (mp-1244964) with band gap -0.0724 eV. This note is intentionally marked for human review as outdated_or_incorrect.

[rank=3 score=24.2768 doc_id=h1ctx_0011_mpc_0004_incorrect_gap] A noisy retrieved note reports C (mp-1244913) with band gap -0.10600000000000001 eV. This note is intentionally marked for human review as outdated_or_incorrect.","The retrieved context does not provide a direct answer to the thermodynamic stability of C. The information provided is about the band gap, which is negative for all reported cases, but this alone does not determine thermodynamic stability.",outdated_or_incorrect,,0.5,qwen_judge,"The answer correctly points out that the provided context does not directly address the thermodynamic stability of C and instead provides information about the band gap. However, it does not fully utilize the context to explain why the negative band gaps do not necessarily imply instability, which could have been a more complete response based on the given information.",432,505,naive_context
rag_mpc_0013_current_gap,materials,qwen_output,What is the band gap of P?,"[rank=1 score=26.6939 doc_id=h1ctx_0020_mpc_0007_incorrect_gap] A noisy retrieved note reports P (mp-1179990) with band gap -3.0938 eV. This note is intentionally marked for human review as outdated_or_incorrect.

[rank=2 score=26.6939 doc_id=h1ctx_0038_mpc_0013_incorrect_gap] A noisy retrieved note reports P (mp-12883) with band gap -3.5354 eV. This note is intentionally marked for human review as outdated_or_incorrect.

[rank=3 score=26.6939 doc_id=h1ctx_0062_mpc_0021_incorrect_gap] A noisy retrieved note reports P (mp-723897) with band gap -2.1942 eV. This note is intentionally marked for human review as outdated_or_incorrect.",-3.0938 eV,outdated_or_incorrect,,0.0,qwen_judge,"The answer provided, -3.0938 eV, is taken from a context that is explicitly marked as outdated_or_incorrect. Since the information used to generate the answer is flagged as incorrect, the answer itself cannot be considered supported by the context.",369,432,naive_context
rag_mpc_0013_incorrect_gap,materials,qwen_output,What is the band gap of P?,"[rank=1 score=26.6939 doc_id=h1ctx_0020_mpc_0007_incorrect_gap] A noisy retrieved note reports P (mp-1179990) with band gap -3.0938 eV. This note is intentionally marked for human review as outdated_or_incorrect.

[rank=2 score=26.6939 doc_id=h1ctx_0038_mpc_0013_incorrect_gap] A noisy retrieved note reports P (mp-12883) with band gap -3.5354 eV. This note is intentionally marked for human review as outdated_or_incorrect.

[rank=3 score=26.6939 doc_id=h1ctx_0062_mpc_0021_incorrect_gap] A noisy retrieved note reports P (mp-723897) with band gap -2.1942 eV. This note is intentionally marked for human review as outdated_or_incorrect.",-3.0938 eV,outdated_or_incorrect,,0.0,qwen_judge,"The answer provided, -3.0938 eV, is taken from a context that is explicitly marked as outdated_or_incorrect. Since the information used to generate the answer is flagged as incorrect, the answer itself cannot be considered supported by the context.",369,432,naive_context
rag_mpc_0013_incomplete_stability,materials,qwen_output,Is P thermodynamically stable?,"[rank=1 score=26.0634 doc_id=h1ctx_0020_mpc_0007_incorrect_gap] A noisy retrieved note reports P (mp-1179990) with band gap -3.0938 eV. This note is intentionally marked for human review as outdated_or_incorrect.

[rank=2 score=26.0634 doc_id=h1ctx_0038_mpc_0013_incorrect_gap] A noisy retrieved note reports P (mp-12883) with band gap -3.5354 eV. This note is intentionally marked for human review as outdated_or_incorrect.

[rank=3 score=26.0634 doc_id=h1ctx_0062_mpc_0021_incorrect_gap] A noisy retrieved note reports P (mp-723897) with band gap -2.1942 eV. This note is intentionally marked for human review as outdated_or_incorrect.","The retrieved context does not provide information on the thermodynamic stability of P. It only provides band gap values, which are marked as outdated or incorrect.",outdated_or_incorrect,,1.0,qwen_judge,"The answer correctly states that the retrieved context does not provide information on the thermodynamic stability of P, and it only provides band gap values, which are marked as outdated or incorrect. This is a faithful representation of the given context.",389,444,naive_context
rag_mpc_0014_current_gap,materials,qwen_output,What is the band gap of O2?,"[rank=1 score=25.3749 doc_id=h1ctx_0008_mpc_0003_incorrect_gap] A noisy retrieved note reports O2 (mp-1180008) with band gap -1.277299999999999 eV. This note is intentionally marked for human review as outdated_or_incorrect.

[rank=2 score=25.3749 doc_id=h1ctx_0023_mpc_0008_incorrect_gap] A noisy retrieved note reports O2 (mp-12957) with band gap -1.0933 eV. This note is intentionally marked for human review as outdated_or_incorrect.

[rank=3 score=25.3749 doc_id=h1ctx_0026_mpc_0009_incorrect_gap] A noisy retrieved note reports O2 (mp-2204849) with band gap -2.720399999999999 eV. This note is intentionally marked for human review as outdated_or_incorrect.",-1.277299999999999 eV,outdated_or_incorrect,,0.5,qwen_judge,"The answer is partially supported by the context, specifically by the first retrieved note which reports a band gap of -1.277299999999999 eV for O2. However, this note, along with the other two, is marked as 'outdated_or_incorrect', indicating that the information may not be reliable or accurate.",404,494,naive_context
rag_mpc_0014_incorrect_gap,materials,qwen_output,What is the band gap of O2?,"[rank=1 score=25.3749 doc_id=h1ctx_0008_mpc_0003_incorrect_gap] A noisy retrieved note reports O2 (mp-1180008) with band gap -1.277299999999999 eV. This note is intentionally marked for human review as outdated_or_incorrect.

[rank=2 score=25.3749 doc_id=h1ctx_0023_mpc_0008_incorrect_gap] A noisy retrieved note reports O2 (mp-12957) with band gap -1.0933 eV. This note is intentionally marked for human review as outdated_or_incorrect.

[rank=3 score=25.3749 doc_id=h1ctx_0026_mpc_0009_incorrect_gap] A noisy retrieved note reports O2 (mp-2204849) with band gap -2.720399999999999 eV. This note is intentionally marked for human review as outdated_or_incorrect.",-1.277299999999999 eV,outdated_or_incorrect,,0.5,qwen_judge,"The answer is partially supported by the context, specifically by the first retrieved note which reports a band gap of -1.277299999999999 eV for O2. However, this note, along with the other two, is marked as 'outdated_or_incorrect', indicating that the information may not be reliable or accurate.",404,494,naive_context
rag_mpc_0014_incomplete_stability,materials,qwen_output,Is O2 thermodynamically stable?,"[rank=1 score=24.7444 doc_id=h1ctx_0008_mpc_0003_incorrect_gap] A noisy retrieved note reports O2 (mp-1180008) with band gap -1.277299999999999 eV. This note is intentionally marked for human review as outdated_or_incorrect.

[rank=2 score=24.7444 doc_id=h1ctx_0023_mpc_0008_incorrect_gap] A noisy retrieved note reports O2 (mp-12957) with band gap -1.0933 eV. This note is intentionally marked for human review as outdated_or_incorrect.

[rank=3 score=24.7444 doc_id=h1ctx_0026_mpc_0009_incorrect_gap] A noisy retrieved note reports O2 (mp-2204849) with band gap -2.720399999999999 eV. This note is intentionally marked for human review as outdated_or_incorrect.","The retrieved context does not provide a direct answer about the thermodynamic stability of O2. The information provided is related to the band gap, which is marked as outdated or incorrect and does not directly indicate stability.",outdated_or_incorrect,,0.5,qwen_judge,"The answer correctly states that the retrieved context does not provide a direct answer about the thermodynamic stability of O2 and that the information provided is related to the band gap, which is marked as outdated or incorrect. However, it does not fully utilize the given context to explain how band gap information, even if incorrect, might relate to or be insufficient for determining thermodynamic stability. The response is partially supported by the context but could have been more thorough in explaining the relevance (or lack thereof) of the provided data to the question.",428,543,naive_context
rag_mpc_0015_current_gap,materials,qwen_output,What is the band gap of Hg?,"[rank=1 score=26.3922 doc_id=h1ctx_0044_mpc_0015_incorrect_gap] A noisy retrieved note reports Hg (mp-569360) with band gap -0.09670000000000001 eV. This note is intentionally marked for human review as outdated_or_incorrect.

[rank=2 score=26.3922 doc_id=h1ctx_0131_mpc_0044_incorrect_gap] A noisy retrieved note reports Hg (mp-1077098) with band gap -1.0394 eV. This note is intentionally marked for human review as outdated_or_incorrect.

[rank=3 score=26.3922 doc_id=h1ctx_0224_mpc_0075_incorrect_gap] A noisy retrieved note reports Hg (mp-2629196) with band gap -0.40890000000000004 eV. This note is intentionally marked for human review as outdated_or_incorrect.",-0.09670000000000001 eV,outdated_or_incorrect,,0.5,qwen_judge,"The answer provided, -0.09670000000000001 eV, is directly taken from the retrieved context. However, the context explicitly states that this information is marked for human review as outdated_or_incorrect, indicating that it may not be a reliable or accurate source of information. Therefore, while the value is present in the context, its use as an answer is only partially supported due to the noted concerns about its accuracy.",414,522,naive_context
rag_mpc_0015_incorrect_gap,materials,qwen_output,What is the band gap of Hg?,"[rank=1 score=26.3922 doc_id=h1ctx_0044_mpc_0015_incorrect_gap] A noisy retrieved note reports Hg (mp-569360) with band gap -0.09670000000000001 eV. This note is intentionally marked for human review as outdated_or_incorrect.

[rank=2 score=26.3922 doc_id=h1ctx_0131_mpc_0044_incorrect_gap] A noisy retrieved note reports Hg (mp-1077098) with band gap -1.0394 eV. This note is intentionally marked for human review as outdated_or_incorrect.

[rank=3 score=26.3922 doc_id=h1ctx_0224_mpc_0075_incorrect_gap] A noisy retrieved note reports Hg (mp-2629196) with band gap -0.40890000000000004 eV. This note is intentionally marked for human review as outdated_or_incorrect.",-0.09670000000000001 eV,outdated_or_incorrect,,0.5,qwen_judge,"The answer provided, -0.09670000000000001 eV, is directly taken from the retrieved context. However, the context explicitly states that this information is marked for human review as outdated_or_incorrect, indicating that it may not be a reliable or accurate source of information. Therefore, while the value is present in the context, its use as an answer is only partially supported due to the noted concerns about its accuracy.",414,522,naive_context
rag_mpc_0015_incomplete_stability,materials,qwen_output,Is Hg thermodynamically stable?,"[rank=1 score=25.7617 doc_id=h1ctx_0044_mpc_0015_incorrect_gap] A noisy retrieved note reports Hg (mp-569360) with band gap -0.09670000000000001 eV. This note is intentionally marked for human review as outdated_or_incorrect.

[rank=2 score=25.7617 doc_id=h1ctx_0131_mpc_0044_incorrect_gap] A noisy retrieved note reports Hg (mp-1077098) with band gap -1.0394 eV. This note is intentionally marked for human review as outdated_or_incorrect.

[rank=3 score=25.7617 doc_id=h1ctx_0224_mpc_0075_incorrect_gap] A noisy retrieved note reports Hg (mp-2629196) with band gap -0.40890000000000004 eV. This note is intentionally marked for human review as outdated_or_incorrect.","The retrieved context does not provide a direct statement about the thermodynamic stability of Hg. It only provides information regarding the band gap, which is marked as outdated or incorrect and does not directly indicate thermodynamic stability.",outdated_or_incorrect,,0.5,qwen_judge,"The answer correctly states that the retrieved context does not provide a direct statement about the thermodynamic stability of Hg. However, it also includes information about the band gap, which is marked as outdated or incorrect and is not relevant to the question of thermodynamic stability. Since there is no information in the provided context that supports or refutes the thermodynamic stability of Hg, the answer is only partially supported by the context.",434,528,naive_context
rag_mpc_0016_current_gap,materials,qwen_output,What is the band gap of F2?,"[rank=1 score=27.0979 doc_id=h1ctx_0047_mpc_0016_incorrect_gap] A noisy retrieved note reports F2 (mp-561367) with band gap -2.3942 eV. This note is intentionally marked for human review as outdated_or_incorrect.

[rank=2 score=27.0979 doc_id=h1ctx_0158_mpc_0053_incorrect_gap] A noisy retrieved note reports F2 (mp-561203) with band gap -2.8962 eV. This note is intentionally marked for human review as outdated_or_incorrect.

[rank=3 score=27.0979 doc_id=h1ctx_0161_mpc_0054_incorrect_gap] A noisy retrieved note reports F2 (mp-1523415) with band gap -0.4797 eV. This note is intentionally marked for human review as outdated_or_incorrect.",-2.3942 eV,outdated_or_incorrect,,0.5,qwen_judge,"The answer -2.3942 eV is directly reported in one of the retrieved contexts for F2 (mp-561367). However, this context is marked as 'outdated_or_incorrect' and intended for human review, which means that while the value is present, its accuracy and reliability are questionable. Thus, the information is only partially supported by the provided context.",371,466,naive_context
rag_mpc_0016_incorrect_gap,materials,qwen_output,What is the band gap of F2?,"[rank=1 score=27.0979 doc_id=h1ctx_0047_mpc_0016_incorrect_gap] A noisy retrieved note reports F2 (mp-561367) with band gap -2.3942 eV. This note is intentionally marked for human review as outdated_or_incorrect.

[rank=2 score=27.0979 doc_id=h1ctx_0158_mpc_0053_incorrect_gap] A noisy retrieved note reports F2 (mp-561203) with band gap -2.8962 eV. This note is intentionally marked for human review as outdated_or_incorrect.

[rank=3 score=27.0979 doc_id=h1ctx_0161_mpc_0054_incorrect_gap] A noisy retrieved note reports F2 (mp-1523415) with band gap -0.4797 eV. This note is intentionally marked for human review as outdated_or_incorrect.",-2.3942 eV,outdated_or_incorrect,,0.5,qwen_judge,"The answer -2.3942 eV is directly reported in one of the retrieved contexts for F2 (mp-561367). However, this context is marked as 'outdated_or_incorrect' and intended for human review, which means that while the value is present, its accuracy and reliability are questionable. Thus, the information is only partially supported by the provided context.",371,466,naive_context
rag_mpc_0016_incomplete_stability,materials,qwen_output,Is F2 thermodynamically stable?,"[rank=1 score=26.4674 doc_id=h1ctx_0047_mpc_0016_incorrect_gap] A noisy retrieved note reports F2 (mp-561367) with band gap -2.3942 eV. This note is intentionally marked for human review as outdated_or_incorrect.

[rank=2 score=26.4674 doc_id=h1ctx_0158_mpc_0053_incorrect_gap] A noisy retrieved note reports F2 (mp-561203) with band gap -2.8962 eV. This note is intentionally marked for human review as outdated_or_incorrect.

[rank=3 score=26.4674 doc_id=h1ctx_0161_mpc_0054_incorrect_gap] A noisy retrieved note reports F2 (mp-1523415) with band gap -0.4797 eV. This note is intentionally marked for human review as outdated_or_incorrect.","The retrieved context does not provide a direct statement about the thermodynamic stability of F2. The information provided is about the band gap values, which are negative, but this alone does not determine thermodynamic stability.",outdated_or_incorrect,,0.5,qwen_judge,"The answer correctly states that the retrieved context does not provide a direct statement about the thermodynamic stability of F2. The provided information is about band gap values, which are not sufficient to determine thermodynamic stability. However, the answer could have been more specific in noting that the documents are marked as 'outdated_or_incorrect' and thus may not be reliable for making any claims about F2's properties.",406,497,naive_context
rag_mpc_0017_current_gap,materials,qwen_output,What is the band gap of Si?,"[rank=1 score=25.8113 doc_id=h1ctx_0050_mpc_0017_incorrect_gap] A noisy retrieved note reports Si (mp-1079297) with band gap -0.2735 eV. This note is intentionally marked for human review as outdated_or_incorrect.

[rank=2 score=25.8113 doc_id=h1ctx_0080_mpc_0027_incorrect_gap] A noisy retrieved note reports Si (mp-1204046) with band gap -0.15080000000000002 eV. This note is intentionally marked for human review as outdated_or_incorrect.

[rank=3 score=25.8113 doc_id=h1ctx_0113_mpc_0038_incorrect_gap] A noisy retrieved note reports Si (mp-999200) with band gap -0.439799999999999 eV. This note is intentionally marked for human review as outdated_or_incorrect.",-0.2735 eV,outdated_or_incorrect,,0.5,qwen_judge,"The answer of -0.2735 eV is directly taken from one of the retrieved contexts, which reports Si (mp-1079297) with a band gap of -0.2735 eV. However, this context is marked as 'outdated_or_incorrect', indicating that the information might not be reliable or accurate. Therefore, while the value is present in the context, it is also flagged as potentially incorrect, leading to a partial support score.",392,507,naive_context
rag_mpc_0017_incorrect_gap,materials,qwen_output,What is the band gap of Si?,"[rank=1 score=25.8113 doc_id=h1ctx_0050_mpc_0017_incorrect_gap] A noisy retrieved note reports Si (mp-1079297) with band gap -0.2735 eV. This note is intentionally marked for human review as outdated_or_incorrect.

[rank=2 score=25.8113 doc_id=h1ctx_0080_mpc_0027_incorrect_gap] A noisy retrieved note reports Si (mp-1204046) with band gap -0.15080000000000002 eV. This note is intentionally marked for human review as outdated_or_incorrect.

[rank=3 score=25.8113 doc_id=h1ctx_0113_mpc_0038_incorrect_gap] A noisy retrieved note reports Si (mp-999200) with band gap -0.439799999999999 eV. This note is intentionally marked for human review as outdated_or_incorrect.",-0.2735 eV,outdated_or_incorrect,,0.5,qwen_judge,"The answer of -0.2735 eV is directly taken from one of the retrieved contexts, which reports Si (mp-1079297) with a band gap of -0.2735 eV. However, this context is marked as 'outdated_or_incorrect', indicating that the information might not be reliable or accurate. Therefore, while the value is present in the context, it is also flagged as potentially incorrect, leading to a partial support score.",392,507,naive_context
rag_mpc_0017_incomplete_stability,materials,qwen_output,Is Si thermodynamically stable?,"[rank=1 score=25.1808 doc_id=h1ctx_0050_mpc_0017_incorrect_gap] A noisy retrieved note reports Si (mp-1079297) with band gap -0.2735 eV. This note is intentionally marked for human review as outdated_or_incorrect.

[rank=2 score=25.1808 doc_id=h1ctx_0080_mpc_0027_incorrect_gap] A noisy retrieved note reports Si (mp-1204046) with band gap -0.15080000000000002 eV. This note is intentionally marked for human review as outdated_or_incorrect.

[rank=3 score=25.1808 doc_id=h1ctx_0113_mpc_0038_incorrect_gap] A noisy retrieved note reports Si (mp-999200) with band gap -0.439799999999999 eV. This note is intentionally marked for human review as outdated_or_incorrect.","The retrieved context does not provide information on the thermodynamic stability of Si. It only provides data on the band gap, which is marked as outdated or incorrect.",outdated_or_incorrect,,1.0,qwen_judge,"The answer accurately reflects that the provided context does not contain information about the thermodynamic stability of Si, and it correctly points out that the data on the band gap is marked as outdated or incorrect. The response is fully aligned with the content of the retrieved context.",417,478,naive_context
rag_mpc_0018_current_gap,materials,qwen_output,What is the band gap of C?,"[rank=1 score=24.9072 doc_id=h1ctx_0002_mpc_0001_incorrect_gap] A noisy retrieved note reports C (mp-1197903) with band gap -0.07970000000000001 eV. This note is intentionally marked for human review as outdated_or_incorrect.

[rank=2 score=24.9072 doc_id=h1ctx_0005_mpc_0002_incorrect_gap] A noisy retrieved note reports C (mp-1244964) with band gap -0.0724 eV. This note is intentionally marked for human review as outdated_or_incorrect.

[rank=3 score=24.9072 doc_id=h1ctx_0011_mpc_0004_incorrect_gap] A noisy retrieved note reports C (mp-1244913) with band gap -0.10600000000000001 eV. This note is intentionally marked for human review as outdated_or_incorrect.",-0.07970000000000001 eV,outdated_or_incorrect,,0.0,qwen_judge,"The answer provided (-0.07970000000000001 eV) is based on a retrieved context that is explicitly marked as 'outdated_or_incorrect' and requires human review. Since the source of the information is not reliable, the answer cannot be considered supported by the context.",411,490,naive_context
rag_mpc_0018_incorrect_gap,materials,qwen_output,What is the band gap of C?,"[rank=1 score=24.9072 doc_id=h1ctx_0002_mpc_0001_incorrect_gap] A noisy retrieved note reports C (mp-1197903) with band gap -0.07970000000000001 eV. This note is intentionally marked for human review as outdated_or_incorrect.

[rank=2 score=24.9072 doc_id=h1ctx_0005_mpc_0002_incorrect_gap] A noisy retrieved note reports C (mp-1244964) with band gap -0.0724 eV. This note is intentionally marked for human review as outdated_or_incorrect.

[rank=3 score=24.9072 doc_id=h1ctx_0011_mpc_0004_incorrect_gap] A noisy retrieved note reports C (mp-1244913) with band gap -0.10600000000000001 eV. This note is intentionally marked for human review as outdated_or_incorrect.",-0.07970000000000001 eV,outdated_or_incorrect,,0.0,qwen_judge,"The answer provided (-0.07970000000000001 eV) is based on a retrieved context that is explicitly marked as 'outdated_or_incorrect' and requires human review. Since the source of the information is not reliable, the answer cannot be considered supported by the context.",411,490,naive_context
rag_mpc_0018_incomplete_stability,materials,qwen_output,Is C thermodynamically stable?,"[rank=1 score=24.2768 doc_id=h1ctx_0002_mpc_0001_incorrect_gap] A noisy retrieved note reports C (mp-1197903) with band gap -0.07970000000000001 eV. This note is intentionally marked for human review as outdated_or_incorrect.

[rank=2 score=24.2768 doc_id=h1ctx_0005_mpc_0002_incorrect_gap] A noisy retrieved note reports C (mp-1244964) with band gap -0.0724 eV. This note is intentionally marked for human review as outdated_or_incorrect.

[rank=3 score=24.2768 doc_id=h1ctx_0011_mpc_0004_incorrect_gap] A noisy retrieved note reports C (mp-1244913) with band gap -0.10600000000000001 eV. This note is intentionally marked for human review as outdated_or_incorrect.","The retrieved context does not provide a direct answer to the thermodynamic stability of C. The information provided is about the band gap, which is negative for all reported cases, but this alone does not determine thermodynamic stability.",outdated_or_incorrect,,0.5,qwen_judge,"The answer correctly points out that the provided context does not directly address the thermodynamic stability of C and instead provides information about the band gap. However, it does not fully utilize the context to explain why the negative band gaps do not necessarily imply instability, which could have been a more complete response based on the given information.",432,505,naive_context
rag_mpc_0019_current_gap,materials,qwen_output,What is the band gap of Bi?,"[rank=1 score=26.8396 doc_id=h1ctx_0017_mpc_0006_incorrect_gap] A noisy retrieved note reports Bi (mp-1182248) with band gap -1.5046 eV. This note is intentionally marked for human review as outdated_or_incorrect.

[rank=2 score=26.8396 doc_id=h1ctx_0056_mpc_0019_incorrect_gap] A noisy retrieved note reports Bi (mp-1947043) with band gap -0.08079999999999901 eV. This note is intentionally marked for human review as outdated_or_incorrect.

[rank=3 score=24.9018 doc_id=mp_0043] Materials Project reports Bi (mp-1067758). Band gap: 0.0 eV. Formation energy per atom: 0.085859414999994 eV/atom. Energy above hull: 0.085859414999994 eV/atom. Stable: False.",0.0 eV,outdated_or_incorrect,,1.0,qwen_judge,"The answer, '0.0 eV', is directly supported by the context provided in the third retrieved document (mp_0043), which reports the band gap of Bi (mp-1067758) as 0.0 eV. The other two documents are marked as outdated or incorrect, so they are not considered reliable for this assessment.",411,497,naive_context
rag_mpc_0019_incorrect_gap,materials,qwen_output,What is the band gap of Bi?,"[rank=1 score=26.8396 doc_id=h1ctx_0017_mpc_0006_incorrect_gap] A noisy retrieved note reports Bi (mp-1182248) with band gap -1.5046 eV. This note is intentionally marked for human review as outdated_or_incorrect.

[rank=2 score=26.8396 doc_id=h1ctx_0056_mpc_0019_incorrect_gap] A noisy retrieved note reports Bi (mp-1947043) with band gap -0.08079999999999901 eV. This note is intentionally marked for human review as outdated_or_incorrect.

[rank=3 score=24.9018 doc_id=mp_0043] Materials Project reports Bi (mp-1067758). Band gap: 0.0 eV. Formation energy per atom: 0.085859414999994 eV/atom. Energy above hull: 0.085859414999994 eV/atom. Stable: False.",0.0 eV,outdated_or_incorrect,,1.0,qwen_judge,"The answer, '0.0 eV', is directly supported by the context provided in the third retrieved document (mp_0043), which reports the band gap of Bi (mp-1067758) as 0.0 eV. The other two documents are marked as outdated or incorrect, so they are not considered reliable for this assessment.",411,497,naive_context
rag_mpc_0019_incomplete_stability,materials,qwen_output,Is Bi thermodynamically stable?,"[rank=1 score=26.2092 doc_id=h1ctx_0017_mpc_0006_incorrect_gap] A noisy retrieved note reports Bi (mp-1182248) with band gap -1.5046 eV. This note is intentionally marked for human review as outdated_or_incorrect.

[rank=2 score=26.2092 doc_id=h1ctx_0056_mpc_0019_incorrect_gap] A noisy retrieved note reports Bi (mp-1947043) with band gap -0.08079999999999901 eV. This note is intentionally marked for human review as outdated_or_incorrect.

[rank=3 score=25.0924 doc_id=h1ctx_0018_mpc_0006_incomplete_stability] A short retrieved snippet mentions Bi (mp-1182248) as stable, but omits formation energy, hull distance, and thermodynamic qualification.","Bi (mp-1182248) is stable, but the thermodynamic qualification is omitted.",outdated_or_incorrect,,0.5,qwen_judge,"The answer is partially supported by the context, as it correctly states that Bi (mp-1182248) is stable based on the retrieved information. However, the context also notes that the thermodynamic qualification is omitted, which the answer acknowledges. The key issue is that the provided context for stability is marked as potentially incomplete, and there's no direct confirmation of thermodynamic stability. Therefore, while the claim about stability isn't contradicted, it is not fully supported either.",389,497,naive_context
rag_mpc_0020_current_gap,materials,qwen_output,What is the band gap of O2?,"[rank=1 score=25.3749 doc_id=h1ctx_0008_mpc_0003_incorrect_gap] A noisy retrieved note reports O2 (mp-1180008) with band gap -1.277299999999999 eV. This note is intentionally marked for human review as outdated_or_incorrect.

[rank=2 score=25.3749 doc_id=h1ctx_0023_mpc_0008_incorrect_gap] A noisy retrieved note reports O2 (mp-12957) with band gap -1.0933 eV. This note is intentionally marked for human review as outdated_or_incorrect.

[rank=3 score=25.3749 doc_id=h1ctx_0026_mpc_0009_incorrect_gap] A noisy retrieved note reports O2 (mp-2204849) with band gap -2.720399999999999 eV. This note is intentionally marked for human review as outdated_or_incorrect.",-1.277299999999999 eV,outdated_or_incorrect,,0.5,qwen_judge,"The answer is partially supported by the context, specifically by the first retrieved note which reports a band gap of -1.277299999999999 eV for O2. However, this note, along with the other two, is marked as 'outdated_or_incorrect', indicating that the information may not be reliable or accurate.",404,494,naive_context
rag_mpc_0020_incorrect_gap,materials,qwen_output,What is the band gap of O2?,"[rank=1 score=25.3749 doc_id=h1ctx_0008_mpc_0003_incorrect_gap] A noisy retrieved note reports O2 (mp-1180008) with band gap -1.277299999999999 eV. This note is intentionally marked for human review as outdated_or_incorrect.

[rank=2 score=25.3749 doc_id=h1ctx_0023_mpc_0008_incorrect_gap] A noisy retrieved note reports O2 (mp-12957) with band gap -1.0933 eV. This note is intentionally marked for human review as outdated_or_incorrect.

[rank=3 score=25.3749 doc_id=h1ctx_0026_mpc_0009_incorrect_gap] A noisy retrieved note reports O2 (mp-2204849) with band gap -2.720399999999999 eV. This note is intentionally marked for human review as outdated_or_incorrect.",-1.277299999999999 eV,outdated_or_incorrect,,0.5,qwen_judge,"The answer is partially supported by the context, specifically by the first retrieved note which reports a band gap of -1.277299999999999 eV for O2. However, this note, along with the other two, is marked as 'outdated_or_incorrect', indicating that the information may not be reliable or accurate.",404,494,naive_context
rag_mpc_0020_incomplete_stability,materials,qwen_output,Is O2 thermodynamically stable?,"[rank=1 score=24.7444 doc_id=h1ctx_0008_mpc_0003_incorrect_gap] A noisy retrieved note reports O2 (mp-1180008) with band gap -1.277299999999999 eV. This note is intentionally marked for human review as outdated_or_incorrect.

[rank=2 score=24.7444 doc_id=h1ctx_0023_mpc_0008_incorrect_gap] A noisy retrieved note reports O2 (mp-12957) with band gap -1.0933 eV. This note is intentionally marked for human review as outdated_or_incorrect.

[rank=3 score=24.7444 doc_id=h1ctx_0026_mpc_0009_incorrect_gap] A noisy retrieved note reports O2 (mp-2204849) with band gap -2.720399999999999 eV. This note is intentionally marked for human review as outdated_or_incorrect.","The retrieved context does not provide a direct answer about the thermodynamic stability of O2. The information provided is related to the band gap, which is marked as outdated or incorrect and does not directly indicate stability.",outdated_or_incorrect,,0.5,qwen_judge,"The answer correctly states that the retrieved context does not provide a direct answer about the thermodynamic stability of O2 and that the information provided is related to the band gap, which is marked as outdated or incorrect. However, it does not fully utilize the given context to explain how band gap information, even if incorrect, might relate to or be insufficient for determining thermodynamic stability. The response is partially supported by the context but could have been more thorough in explaining the relevance (or lack thereof) of the provided data to the question.",428,543,naive_context
rag_mpc_0021_current_gap,materials,qwen_output,What is the band gap of P?,"[rank=1 score=26.6939 doc_id=h1ctx_0020_mpc_0007_incorrect_gap] A noisy retrieved note reports P (mp-1179990) with band gap -3.0938 eV. This note is intentionally marked for human review as outdated_or_incorrect.

[rank=2 score=26.6939 doc_id=h1ctx_0038_mpc_0013_incorrect_gap] A noisy retrieved note reports P (mp-12883) with band gap -3.5354 eV. This note is intentionally marked for human review as outdated_or_incorrect.

[rank=3 score=26.6939 doc_id=h1ctx_0062_mpc_0021_incorrect_gap] A noisy retrieved note reports P (mp-723897) with band gap -2.1942 eV. This note is intentionally marked for human review as outdated_or_incorrect.",-3.0938 eV,outdated_or_incorrect,,0.0,qwen_judge,"The answer provided, -3.0938 eV, is taken from a context that is explicitly marked as outdated_or_incorrect. Since the information used to generate the answer is flagged as incorrect, the answer itself cannot be considered supported by the context.",369,432,naive_context
rag_mpc_0021_incorrect_gap,materials,qwen_output,What is the band gap of P?,"[rank=1 score=26.6939 doc_id=h1ctx_0020_mpc_0007_incorrect_gap] A noisy retrieved note reports P (mp-1179990) with band gap -3.0938 eV. This note is intentionally marked for human review as outdated_or_incorrect.

[rank=2 score=26.6939 doc_id=h1ctx_0038_mpc_0013_incorrect_gap] A noisy retrieved note reports P (mp-12883) with band gap -3.5354 eV. This note is intentionally marked for human review as outdated_or_incorrect.

[rank=3 score=26.6939 doc_id=h1ctx_0062_mpc_0021_incorrect_gap] A noisy retrieved note reports P (mp-723897) with band gap -2.1942 eV. This note is intentionally marked for human review as outdated_or_incorrect.",-3.0938 eV,outdated_or_incorrect,,0.0,qwen_judge,"The answer provided, -3.0938 eV, is taken from a context that is explicitly marked as outdated_or_incorrect. Since the information used to generate the answer is flagged as incorrect, the answer itself cannot be considered supported by the context.",369,432,naive_context
rag_mpc_0021_incomplete_stability,materials,qwen_output,Is P thermodynamically stable?,"[rank=1 score=26.0634 doc_id=h1ctx_0020_mpc_0007_incorrect_gap] A noisy retrieved note reports P (mp-1179990) with band gap -3.0938 eV. This note is intentionally marked for human review as outdated_or_incorrect.

[rank=2 score=26.0634 doc_id=h1ctx_0038_mpc_0013_incorrect_gap] A noisy retrieved note reports P (mp-12883) with band gap -3.5354 eV. This note is intentionally marked for human review as outdated_or_incorrect.

[rank=3 score=26.0634 doc_id=h1ctx_0062_mpc_0021_incorrect_gap] A noisy retrieved note reports P (mp-723897) with band gap -2.1942 eV. This note is intentionally marked for human review as outdated_or_incorrect.","The retrieved context does not provide information on the thermodynamic stability of P. It only provides band gap values, which are marked as outdated or incorrect.",outdated_or_incorrect,,1.0,qwen_judge,"The answer correctly states that the retrieved context does not provide information on the thermodynamic stability of P, and it only provides band gap values, which are marked as outdated or incorrect. This is a faithful representation of the given context.",389,444,naive_context
rag_mpc_0022_current_gap,materials,qwen_output,What is the band gap of P?,"[rank=1 score=26.6939 doc_id=h1ctx_0020_mpc_0007_incorrect_gap] A noisy retrieved note reports P (mp-1179990) with band gap -3.0938 eV. This note is intentionally marked for human review as outdated_or_incorrect.

[rank=2 score=26.6939 doc_id=h1ctx_0038_mpc_0013_incorrect_gap] A noisy retrieved note reports P (mp-12883) with band gap -3.5354 eV. This note is intentionally marked for human review as outdated_or_incorrect.

[rank=3 score=26.6939 doc_id=h1ctx_0062_mpc_0021_incorrect_gap] A noisy retrieved note reports P (mp-723897) with band gap -2.1942 eV. This note is intentionally marked for human review as outdated_or_incorrect.",-3.0938 eV,outdated_or_incorrect,,0.0,qwen_judge,"The answer provided, -3.0938 eV, is taken from a context that is explicitly marked as outdated_or_incorrect. Since the information used to generate the answer is flagged as incorrect, the answer itself cannot be considered supported by the context.",369,432,naive_context
rag_mpc_0022_incorrect_gap,materials,qwen_output,What is the band gap of P?,"[rank=1 score=26.6939 doc_id=h1ctx_0020_mpc_0007_incorrect_gap] A noisy retrieved note reports P (mp-1179990) with band gap -3.0938 eV. This note is intentionally marked for human review as outdated_or_incorrect.

[rank=2 score=26.6939 doc_id=h1ctx_0038_mpc_0013_incorrect_gap] A noisy retrieved note reports P (mp-12883) with band gap -3.5354 eV. This note is intentionally marked for human review as outdated_or_incorrect.

[rank=3 score=26.6939 doc_id=h1ctx_0062_mpc_0021_incorrect_gap] A noisy retrieved note reports P (mp-723897) with band gap -2.1942 eV. This note is intentionally marked for human review as outdated_or_incorrect.",-3.0938 eV,outdated_or_incorrect,,0.0,qwen_judge,"The answer provided, -3.0938 eV, is taken from a context that is explicitly marked as outdated_or_incorrect. Since the information used to generate the answer is flagged as incorrect, the answer itself cannot be considered supported by the context.",369,432,naive_context
rag_mpc_0022_incomplete_stability,materials,qwen_output,Is P thermodynamically stable?,"[rank=1 score=26.0634 doc_id=h1ctx_0020_mpc_0007_incorrect_gap] A noisy retrieved note reports P (mp-1179990) with band gap -3.0938 eV. This note is intentionally marked for human review as outdated_or_incorrect.

[rank=2 score=26.0634 doc_id=h1ctx_0038_mpc_0013_incorrect_gap] A noisy retrieved note reports P (mp-12883) with band gap -3.5354 eV. This note is intentionally marked for human review as outdated_or_incorrect.

[rank=3 score=26.0634 doc_id=h1ctx_0062_mpc_0021_incorrect_gap] A noisy retrieved note reports P (mp-723897) with band gap -2.1942 eV. This note is intentionally marked for human review as outdated_or_incorrect.","The retrieved context does not provide information on the thermodynamic stability of P. It only provides band gap values, which are marked as outdated or incorrect.",outdated_or_incorrect,,1.0,qwen_judge,"The answer correctly states that the retrieved context does not provide information on the thermodynamic stability of P, and it only provides band gap values, which are marked as outdated or incorrect. This is a faithful representation of the given context.",389,444,naive_context
rag_mpc_0023_current_gap,materials,qwen_output,What is the band gap of S?,"[rank=1 score=25.2867 doc_id=h1ctx_0068_mpc_0023_incorrect_gap] A noisy retrieved note reports S (mp-96) with band gap -2.748 eV. This note is intentionally marked for human review as outdated_or_incorrect.

[rank=2 score=25.2867 doc_id=h1ctx_0116_mpc_0039_incorrect_gap] A noisy retrieved note reports S (mp-556269) with band gap -2.3783 eV. This note is intentionally marked for human review as outdated_or_incorrect.

[rank=3 score=25.2867 doc_id=h1ctx_0119_mpc_0040_incorrect_gap] A noisy retrieved note reports S (mp-557559) with band gap -2.496299999999999 eV. This note is intentionally marked for human review as outdated_or_incorrect.",-2.748 eV,outdated_or_incorrect,,0.0,qwen_judge,"The answer provided, -2.748 eV, is taken from a retrieved note that is explicitly marked as outdated_or_incorrect and requires human review. Since the context indicates that this information is not reliable, the answer cannot be considered supported by the given context.",371,439,naive_context
rag_mpc_0023_incorrect_gap,materials,qwen_output,What is the band gap of S?,"[rank=1 score=25.2867 doc_id=h1ctx_0068_mpc_0023_incorrect_gap] A noisy retrieved note reports S (mp-96) with band gap -2.748 eV. This note is intentionally marked for human review as outdated_or_incorrect.

[rank=2 score=25.2867 doc_id=h1ctx_0116_mpc_0039_incorrect_gap] A noisy retrieved note reports S (mp-556269) with band gap -2.3783 eV. This note is intentionally marked for human review as outdated_or_incorrect.

[rank=3 score=25.2867 doc_id=h1ctx_0119_mpc_0040_incorrect_gap] A noisy retrieved note reports S (mp-557559) with band gap -2.496299999999999 eV. This note is intentionally marked for human review as outdated_or_incorrect.",-2.748 eV,outdated_or_incorrect,,0.0,qwen_judge,"The answer provided, -2.748 eV, is taken from a retrieved note that is explicitly marked as outdated_or_incorrect and requires human review. Since the context indicates that this information is not reliable, the answer cannot be considered supported by the given context.",371,439,naive_context
rag_mpc_0023_incomplete_stability,materials,qwen_output,Is S thermodynamically stable?,"[rank=1 score=24.6562 doc_id=h1ctx_0068_mpc_0023_incorrect_gap] A noisy retrieved note reports S (mp-96) with band gap -2.748 eV. This note is intentionally marked for human review as outdated_or_incorrect.

[rank=2 score=24.6562 doc_id=h1ctx_0116_mpc_0039_incorrect_gap] A noisy retrieved note reports S (mp-556269) with band gap -2.3783 eV. This note is intentionally marked for human review as outdated_or_incorrect.

[rank=3 score=24.6562 doc_id=h1ctx_0119_mpc_0040_incorrect_gap] A noisy retrieved note reports S (mp-557559) with band gap -2.496299999999999 eV. This note is intentionally marked for human review as outdated_or_incorrect.","The retrieved context does not provide information about the thermodynamic stability of S, only about its band gap values.",outdated_or_incorrect,,1.0,qwen_judge,"The answer correctly states that the provided context does not contain information about the thermodynamic stability of S, but only about its band gap values. This is an accurate representation of the given context.",387,434,naive_context
rag_mpc_0024_current_gap,materials,qwen_output,What is the band gap of B?,"[rank=1 score=26.7646 doc_id=h1ctx_0071_mpc_0024_incorrect_gap] A noisy retrieved note reports B (mp-729184) with band gap -0.5081 eV. This note is intentionally marked for human review as outdated_or_incorrect.

[rank=2 score=26.7646 doc_id=h1ctx_0197_mpc_0066_incorrect_gap] A noisy retrieved note reports B (mp-160) with band gap -1.433399999999999 eV. This note is intentionally marked for human review as outdated_or_incorrect.

[rank=3 score=24.8278 doc_id=mp_0036] Materials Project reports B (mp-632401). Band gap: 0.0 eV. Formation energy per atom: 0.291535708333333 eV/atom. Energy above hull: 0.291535708333333 eV/atom. Stable: False.",0.0 eV,outdated_or_incorrect,,1.0,qwen_judge,"The answer provided, 0.0 eV, is directly supported by the context from the Materials Project report (mp-632401) which states 'Band gap: 0.0 eV' for B.",403,460,naive_context
rag_mpc_0024_incorrect_gap,materials,qwen_output,What is the band gap of B?,"[rank=1 score=26.7646 doc_id=h1ctx_0071_mpc_0024_incorrect_gap] A noisy retrieved note reports B (mp-729184) with band gap -0.5081 eV. This note is intentionally marked for human review as outdated_or_incorrect.

[rank=2 score=26.7646 doc_id=h1ctx_0197_mpc_0066_incorrect_gap] A noisy retrieved note reports B (mp-160) with band gap -1.433399999999999 eV. This note is intentionally marked for human review as outdated_or_incorrect.

[rank=3 score=24.8278 doc_id=mp_0036] Materials Project reports B (mp-632401). Band gap: 0.0 eV. Formation energy per atom: 0.291535708333333 eV/atom. Energy above hull: 0.291535708333333 eV/atom. Stable: False.",0.0 eV,outdated_or_incorrect,,1.0,qwen_judge,"The answer provided, 0.0 eV, is directly supported by the context from the Materials Project report (mp-632401) which states 'Band gap: 0.0 eV' for B.",403,460,naive_context
rag_mpc_0024_incomplete_stability,materials,qwen_output,Is B thermodynamically stable?,"[rank=1 score=26.1341 doc_id=h1ctx_0071_mpc_0024_incorrect_gap] A noisy retrieved note reports B (mp-729184) with band gap -0.5081 eV. This note is intentionally marked for human review as outdated_or_incorrect.

[rank=2 score=26.1341 doc_id=h1ctx_0197_mpc_0066_incorrect_gap] A noisy retrieved note reports B (mp-160) with band gap -1.433399999999999 eV. This note is intentionally marked for human review as outdated_or_incorrect.

[rank=3 score=25.0103 doc_id=h1ctx_0072_mpc_0024_incomplete_stability] A short retrieved snippet mentions B (mp-729184) as stable, but omits formation energy, hull distance, and thermodynamic qualification.","B (mp-729184) is stable, but the thermodynamic qualification is omitted.",outdated_or_incorrect,,0.5,qwen_judge,"The answer states that B (mp-729184) is stable, which is supported by the context. However, the context specifically mentions that the thermodynamic qualification is omitted, which means the full thermodynamic stability information is not provided. Therefore, while the claim of stability is present, the omission of the thermodynamic qualification makes the answer only partially supported.",380,464,naive_context
rag_mpc_0025_current_gap,materials,qwen_output,What is the band gap of O2?,"[rank=1 score=25.3749 doc_id=h1ctx_0008_mpc_0003_incorrect_gap] A noisy retrieved note reports O2 (mp-1180008) with band gap -1.277299999999999 eV. This note is intentionally marked for human review as outdated_or_incorrect.

[rank=2 score=25.3749 doc_id=h1ctx_0023_mpc_0008_incorrect_gap] A noisy retrieved note reports O2 (mp-12957) with band gap -1.0933 eV. This note is intentionally marked for human review as outdated_or_incorrect.

[rank=3 score=25.3749 doc_id=h1ctx_0026_mpc_0009_incorrect_gap] A noisy retrieved note reports O2 (mp-2204849) with band gap -2.720399999999999 eV. This note is intentionally marked for human review as outdated_or_incorrect.",-1.277299999999999 eV,outdated_or_incorrect,,0.5,qwen_judge,"The answer is partially supported by the context, specifically by the first retrieved note which reports a band gap of -1.277299999999999 eV for O2. However, this note, along with the other two, is marked as 'outdated_or_incorrect', indicating that the information may not be reliable or accurate.",404,494,naive_context
rag_mpc_0025_incorrect_gap,materials,qwen_output,What is the band gap of O2?,"[rank=1 score=25.3749 doc_id=h1ctx_0008_mpc_0003_incorrect_gap] A noisy retrieved note reports O2 (mp-1180008) with band gap -1.277299999999999 eV. This note is intentionally marked for human review as outdated_or_incorrect.

[rank=2 score=25.3749 doc_id=h1ctx_0023_mpc_0008_incorrect_gap] A noisy retrieved note reports O2 (mp-12957) with band gap -1.0933 eV. This note is intentionally marked for human review as outdated_or_incorrect.

[rank=3 score=25.3749 doc_id=h1ctx_0026_mpc_0009_incorrect_gap] A noisy retrieved note reports O2 (mp-2204849) with band gap -2.720399999999999 eV. This note is intentionally marked for human review as outdated_or_incorrect.",-1.277299999999999 eV,outdated_or_incorrect,,0.5,qwen_judge,"The answer is partially supported by the context, specifically by the first retrieved note which reports a band gap of -1.277299999999999 eV for O2. However, this note, along with the other two, is marked as 'outdated_or_incorrect', indicating that the information may not be reliable or accurate.",404,494,naive_context
rag_mpc_0025_incomplete_stability,materials,qwen_output,Is O2 thermodynamically stable?,"[rank=1 score=24.7444 doc_id=h1ctx_0008_mpc_0003_incorrect_gap] A noisy retrieved note reports O2 (mp-1180008) with band gap -1.277299999999999 eV. This note is intentionally marked for human review as outdated_or_incorrect.

[rank=2 score=24.7444 doc_id=h1ctx_0023_mpc_0008_incorrect_gap] A noisy retrieved note reports O2 (mp-12957) with band gap -1.0933 eV. This note is intentionally marked for human review as outdated_or_incorrect.

[rank=3 score=24.7444 doc_id=h1ctx_0026_mpc_0009_incorrect_gap] A noisy retrieved note reports O2 (mp-2204849) with band gap -2.720399999999999 eV. This note is intentionally marked for human review as outdated_or_incorrect.","The retrieved context does not provide a direct answer about the thermodynamic stability of O2. The information provided is related to the band gap, which is marked as outdated or incorrect and does not directly indicate stability.",outdated_or_incorrect,,0.5,qwen_judge,"The answer correctly states that the retrieved context does not provide a direct answer about the thermodynamic stability of O2 and that the information provided is related to the band gap, which is marked as outdated or incorrect. However, it does not fully utilize the given context to explain how band gap information, even if incorrect, might relate to or be insufficient for determining thermodynamic stability. The response is partially supported by the context but could have been more thorough in explaining the relevance (or lack thereof) of the provided data to the question.",428,543,naive_context
rag_mpc_0026_current_gap,materials,qwen_output,What is the band gap of N2?,"[rank=1 score=27.5610 doc_id=h1ctx_0077_mpc_0026_incorrect_gap] A noisy retrieved note reports N2 (mp-570747) with band gap -6.739 eV. This note is intentionally marked for human review as outdated_or_incorrect.

[rank=2 score=27.5610 doc_id=h1ctx_0239_mpc_0080_incorrect_gap] A noisy retrieved note reports N2 (mp-568584) with band gap -6.9553 eV. This note is intentionally marked for human review as outdated_or_incorrect.

[rank=3 score=25.6131 doc_id=mp_0108] Materials Project reports N2 (mp-570747). Band gap: 6.739 eV. Formation energy per atom: 0.002401956249999 eV/atom. Energy above hull: 0.002401956249999 eV/atom. Stable: False.",6.739 eV,outdated_or_incorrect,,1.0,qwen_judge,"The answer of 6.739 eV for the band gap of N2 is directly supported by the context provided in the third retrieved document, which states 'Materials Project reports N2 (mp-570747). Band gap: 6.739 eV.' The first two documents are marked as outdated or incorrect, so they do not influence the faithfulness score.",399,493,naive_context
rag_mpc_0026_incorrect_gap,materials,qwen_output,What is the band gap of N2?,"[rank=1 score=27.5610 doc_id=h1ctx_0077_mpc_0026_incorrect_gap] A noisy retrieved note reports N2 (mp-570747) with band gap -6.739 eV. This note is intentionally marked for human review as outdated_or_incorrect.

[rank=2 score=27.5610 doc_id=h1ctx_0239_mpc_0080_incorrect_gap] A noisy retrieved note reports N2 (mp-568584) with band gap -6.9553 eV. This note is intentionally marked for human review as outdated_or_incorrect.

[rank=3 score=25.6131 doc_id=mp_0108] Materials Project reports N2 (mp-570747). Band gap: 6.739 eV. Formation energy per atom: 0.002401956249999 eV/atom. Energy above hull: 0.002401956249999 eV/atom. Stable: False.",6.739 eV,outdated_or_incorrect,,1.0,qwen_judge,"The answer of 6.739 eV for the band gap of N2 is directly supported by the context provided in the third retrieved document, which states 'Materials Project reports N2 (mp-570747). Band gap: 6.739 eV.' The first two documents are marked as outdated or incorrect, so they do not influence the faithfulness score.",399,493,naive_context
rag_mpc_0026_incomplete_stability,materials,qwen_output,Is N2 thermodynamically stable?,"[rank=1 score=26.9305 doc_id=h1ctx_0077_mpc_0026_incorrect_gap] A noisy retrieved note reports N2 (mp-570747) with band gap -6.739 eV. This note is intentionally marked for human review as outdated_or_incorrect.

[rank=2 score=26.9305 doc_id=h1ctx_0239_mpc_0080_incorrect_gap] A noisy retrieved note reports N2 (mp-568584) with band gap -6.9553 eV. This note is intentionally marked for human review as outdated_or_incorrect.

[rank=3 score=25.8806 doc_id=h1ctx_0078_mpc_0026_incomplete_stability] A short retrieved snippet mentions N2 (mp-570747) as stable, but omits formation energy, hull distance, and thermodynamic qualification.","N2 is stable, but the thermodynamic qualification is omitted.",outdated_or_incorrect,,0.5,qwen_judge,"The answer states that N2 is stable, which is partially supported by the context from rank=3, mentioning N2 as stable. However, the context does not provide a specific thermodynamic qualification, and the answer correctly points out this omission. The stability claim is not fully grounded in the given context since it lacks detailed thermodynamic information.",366,443,naive_context
rag_mpc_0027_current_gap,materials,qwen_output,What is the band gap of Si?,"[rank=1 score=25.8113 doc_id=h1ctx_0050_mpc_0017_incorrect_gap] A noisy retrieved note reports Si (mp-1079297) with band gap -0.2735 eV. This note is intentionally marked for human review as outdated_or_incorrect.

[rank=2 score=25.8113 doc_id=h1ctx_0080_mpc_0027_incorrect_gap] A noisy retrieved note reports Si (mp-1204046) with band gap -0.15080000000000002 eV. This note is intentionally marked for human review as outdated_or_incorrect.

[rank=3 score=25.8113 doc_id=h1ctx_0113_mpc_0038_incorrect_gap] A noisy retrieved note reports Si (mp-999200) with band gap -0.439799999999999 eV. This note is intentionally marked for human review as outdated_or_incorrect.",-0.2735 eV,outdated_or_incorrect,,0.5,qwen_judge,"The answer of -0.2735 eV is directly taken from one of the retrieved contexts, which reports Si (mp-1079297) with a band gap of -0.2735 eV. However, this context is marked as 'outdated_or_incorrect', indicating that the information might not be reliable or accurate. Therefore, while the value is present in the context, it is also flagged as potentially incorrect, leading to a partial support score.",392,507,naive_context
rag_mpc_0027_incorrect_gap,materials,qwen_output,What is the band gap of Si?,"[rank=1 score=25.8113 doc_id=h1ctx_0050_mpc_0017_incorrect_gap] A noisy retrieved note reports Si (mp-1079297) with band gap -0.2735 eV. This note is intentionally marked for human review as outdated_or_incorrect.

[rank=2 score=25.8113 doc_id=h1ctx_0080_mpc_0027_incorrect_gap] A noisy retrieved note reports Si (mp-1204046) with band gap -0.15080000000000002 eV. This note is intentionally marked for human review as outdated_or_incorrect.

[rank=3 score=25.8113 doc_id=h1ctx_0113_mpc_0038_incorrect_gap] A noisy retrieved note reports Si (mp-999200) with band gap -0.439799999999999 eV. This note is intentionally marked for human review as outdated_or_incorrect.",-0.2735 eV,outdated_or_incorrect,,0.5,qwen_judge,"The answer of -0.2735 eV is directly taken from one of the retrieved contexts, which reports Si (mp-1079297) with a band gap of -0.2735 eV. However, this context is marked as 'outdated_or_incorrect', indicating that the information might not be reliable or accurate. Therefore, while the value is present in the context, it is also flagged as potentially incorrect, leading to a partial support score.",392,507,naive_context
rag_mpc_0027_incomplete_stability,materials,qwen_output,Is Si thermodynamically stable?,"[rank=1 score=25.1808 doc_id=h1ctx_0050_mpc_0017_incorrect_gap] A noisy retrieved note reports Si (mp-1079297) with band gap -0.2735 eV. This note is intentionally marked for human review as outdated_or_incorrect.

[rank=2 score=25.1808 doc_id=h1ctx_0080_mpc_0027_incorrect_gap] A noisy retrieved note reports Si (mp-1204046) with band gap -0.15080000000000002 eV. This note is intentionally marked for human review as outdated_or_incorrect.

[rank=3 score=25.1808 doc_id=h1ctx_0113_mpc_0038_incorrect_gap] A noisy retrieved note reports Si (mp-999200) with band gap -0.439799999999999 eV. This note is intentionally marked for human review as outdated_or_incorrect.","The retrieved context does not provide information on the thermodynamic stability of Si. It only provides data on the band gap, which is marked as outdated or incorrect.",outdated_or_incorrect,,1.0,qwen_judge,"The answer accurately reflects that the provided context does not contain information about the thermodynamic stability of Si, and it correctly points out that the data on the band gap is marked as outdated or incorrect. The response is fully aligned with the content of the retrieved context.",417,478,naive_context
rag_mpc_0028_current_gap,materials,qwen_output,What is the band gap of Cl2?,"[rank=1 score=28.3246 doc_id=h1ctx_0083_mpc_0028_incorrect_gap] A noisy retrieved note reports Cl2 (mp-570778) with band gap -2.6476 eV. This note is intentionally marked for human review as outdated_or_incorrect.

[rank=2 score=26.3662 doc_id=h1ctx_0084_mpc_0028_incomplete_stability] A short retrieved snippet mentions Cl2 (mp-570778) as stable, but omits formation energy, hull distance, and thermodynamic qualification.

[rank=3 score=26.3660 doc_id=mp_0112] Materials Project reports Cl2 (mp-570778). Band gap: 2.6476 eV. Formation energy per atom: 0.072993284374999 eV/atom. Energy above hull: 0.072993284374999 eV/atom. Stable: False.",2.6476 eV,outdated_or_incorrect,,1.0,qwen_judge,"The answer, 2.6476 eV, is directly supported by the context provided in the Materials Project report (rank=3 score=26.3660 doc_id=mp_0112) which states that the band gap for Cl2 (mp-570778) is 2.6476 eV.",396,483,naive_context
rag_mpc_0028_incorrect_gap,materials,qwen_output,What is the band gap of Cl2?,"[rank=1 score=28.3246 doc_id=h1ctx_0083_mpc_0028_incorrect_gap] A noisy retrieved note reports Cl2 (mp-570778) with band gap -2.6476 eV. This note is intentionally marked for human review as outdated_or_incorrect.

[rank=2 score=26.3662 doc_id=h1ctx_0084_mpc_0028_incomplete_stability] A short retrieved snippet mentions Cl2 (mp-570778) as stable, but omits formation energy, hull distance, and thermodynamic qualification.

[rank=3 score=26.3660 doc_id=mp_0112] Materials Project reports Cl2 (mp-570778). Band gap: 2.6476 eV. Formation energy per atom: 0.072993284374999 eV/atom. Energy above hull: 0.072993284374999 eV/atom. Stable: False.",2.6476 eV,outdated_or_incorrect,,1.0,qwen_judge,"The answer, 2.6476 eV, is directly supported by the context provided in the Materials Project report (rank=3 score=26.3660 doc_id=mp_0112) which states that the band gap for Cl2 (mp-570778) is 2.6476 eV.",396,483,naive_context
rag_mpc_0028_incomplete_stability,materials,qwen_output,Is Cl2 thermodynamically stable?,"[rank=1 score=27.6941 doc_id=h1ctx_0083_mpc_0028_incorrect_gap] A noisy retrieved note reports Cl2 (mp-570778) with band gap -2.6476 eV. This note is intentionally marked for human review as outdated_or_incorrect.

[rank=2 score=26.7151 doc_id=h1ctx_0084_mpc_0028_incomplete_stability] A short retrieved snippet mentions Cl2 (mp-570778) as stable, but omits formation energy, hull distance, and thermodynamic qualification.

[rank=3 score=26.0592 doc_id=mp_0112] Materials Project reports Cl2 (mp-570778). Band gap: 2.6476 eV. Formation energy per atom: 0.072993284374999 eV/atom. Energy above hull: 0.072993284374999 eV/atom. Stable: False.",False,outdated_or_incorrect,,1.0,qwen_judge,"The answer 'False' is directly supported by the retrieved context, specifically from the third document which states that Cl2 (mp-570778) is not stable ('Stable: False').",388,440,naive_context
rag_mpc_0029_current_gap,materials,qwen_output,What is the band gap of H2?,"[rank=1 score=26.5640 doc_id=h1ctx_0086_mpc_0029_incorrect_gap] A noisy retrieved note reports H2 (mp-2739136) with band gap -10.5108 eV. This note is intentionally marked for human review as outdated_or_incorrect.

[rank=2 score=26.5640 doc_id=h1ctx_0092_mpc_0031_incorrect_gap] A noisy retrieved note reports H2 (mp-632172) with band gap -9.328899999999999 eV. This note is intentionally marked for human review as outdated_or_incorrect.

[rank=3 score=26.5640 doc_id=h1ctx_0104_mpc_0035_incorrect_gap] A noisy retrieved note reports H2 (mp-632291) with band gap -8.8499 eV. This note is intentionally marked for human review as outdated_or_incorrect.",-10.5108 eV,outdated_or_incorrect,,0.5,qwen_judge,"The answer of -10.5108 eV for the band gap of H2 is directly supported by one of the retrieved contexts. However, all three contexts are marked as 'outdated_or_incorrect' and intended for human review, which indicates that the information provided may not be reliable. Given this, the answer is partially supported by the context but with a significant caveat regarding the accuracy of the source.",384,482,naive_context
rag_mpc_0029_incorrect_gap,materials,qwen_output,What is the band gap of H2?,"[rank=1 score=26.5640 doc_id=h1ctx_0086_mpc_0029_incorrect_gap] A noisy retrieved note reports H2 (mp-2739136) with band gap -10.5108 eV. This note is intentionally marked for human review as outdated_or_incorrect.

[rank=2 score=26.5640 doc_id=h1ctx_0092_mpc_0031_incorrect_gap] A noisy retrieved note reports H2 (mp-632172) with band gap -9.328899999999999 eV. This note is intentionally marked for human review as outdated_or_incorrect.

[rank=3 score=26.5640 doc_id=h1ctx_0104_mpc_0035_incorrect_gap] A noisy retrieved note reports H2 (mp-632291) with band gap -8.8499 eV. This note is intentionally marked for human review as outdated_or_incorrect.",-10.5108 eV,outdated_or_incorrect,,0.5,qwen_judge,"The answer of -10.5108 eV for the band gap of H2 is directly supported by one of the retrieved contexts. However, all three contexts are marked as 'outdated_or_incorrect' and intended for human review, which indicates that the information provided may not be reliable. Given this, the answer is partially supported by the context but with a significant caveat regarding the accuracy of the source.",384,482,naive_context
rag_mpc_0029_incomplete_stability,materials,qwen_output,Is H2 thermodynamically stable?,"[rank=1 score=25.9335 doc_id=h1ctx_0086_mpc_0029_incorrect_gap] A noisy retrieved note reports H2 (mp-2739136) with band gap -10.5108 eV. This note is intentionally marked for human review as outdated_or_incorrect.

[rank=2 score=25.9335 doc_id=h1ctx_0092_mpc_0031_incorrect_gap] A noisy retrieved note reports H2 (mp-632172) with band gap -9.328899999999999 eV. This note is intentionally marked for human review as outdated_or_incorrect.

[rank=3 score=25.9335 doc_id=h1ctx_0104_mpc_0035_incorrect_gap] A noisy retrieved note reports H2 (mp-632291) with band gap -8.8499 eV. This note is intentionally marked for human review as outdated_or_incorrect.","The retrieved context does not provide information on the thermodynamic stability of H2. It only provides data about band gaps, which are marked as outdated or incorrect.",outdated_or_incorrect,,1.0,qwen_judge,"The answer correctly states that the retrieved context does not provide information on the thermodynamic stability of H2, and only contains data about band gaps, which are marked as outdated or incorrect. This is fully supported by the given context.",408,463,naive_context
rag_mpc_0030_current_gap,materials,qwen_output,What is the band gap of C?,"[rank=1 score=24.9072 doc_id=h1ctx_0002_mpc_0001_incorrect_gap] A noisy retrieved note reports C (mp-1197903) with band gap -0.07970000000000001 eV. This note is intentionally marked for human review as outdated_or_incorrect.

[rank=2 score=24.9072 doc_id=h1ctx_0005_mpc_0002_incorrect_gap] A noisy retrieved note reports C (mp-1244964) with band gap -0.0724 eV. This note is intentionally marked for human review as outdated_or_incorrect.

[rank=3 score=24.9072 doc_id=h1ctx_0011_mpc_0004_incorrect_gap] A noisy retrieved note reports C (mp-1244913) with band gap -0.10600000000000001 eV. This note is intentionally marked for human review as outdated_or_incorrect.",-0.07970000000000001 eV,outdated_or_incorrect,,0.0,qwen_judge,"The answer provided (-0.07970000000000001 eV) is based on a retrieved context that is explicitly marked as 'outdated_or_incorrect' and requires human review. Since the source of the information is not reliable, the answer cannot be considered supported by the context.",411,490,naive_context
rag_mpc_0030_incorrect_gap,materials,qwen_output,What is the band gap of C?,"[rank=1 score=24.9072 doc_id=h1ctx_0002_mpc_0001_incorrect_gap] A noisy retrieved note reports C (mp-1197903) with band gap -0.07970000000000001 eV. This note is intentionally marked for human review as outdated_or_incorrect.

[rank=2 score=24.9072 doc_id=h1ctx_0005_mpc_0002_incorrect_gap] A noisy retrieved note reports C (mp-1244964) with band gap -0.0724 eV. This note is intentionally marked for human review as outdated_or_incorrect.

[rank=3 score=24.9072 doc_id=h1ctx_0011_mpc_0004_incorrect_gap] A noisy retrieved note reports C (mp-1244913) with band gap -0.10600000000000001 eV. This note is intentionally marked for human review as outdated_or_incorrect.",-0.07970000000000001 eV,outdated_or_incorrect,,0.0,qwen_judge,"The answer provided (-0.07970000000000001 eV) is based on a retrieved context that is explicitly marked as 'outdated_or_incorrect' and requires human review. Since the source of the information is not reliable, the answer cannot be considered supported by the context.",411,490,naive_context
rag_mpc_0030_incomplete_stability,materials,qwen_output,Is C thermodynamically stable?,"[rank=1 score=24.2768 doc_id=h1ctx_0002_mpc_0001_incorrect_gap] A noisy retrieved note reports C (mp-1197903) with band gap -0.07970000000000001 eV. This note is intentionally marked for human review as outdated_or_incorrect.

[rank=2 score=24.2768 doc_id=h1ctx_0005_mpc_0002_incorrect_gap] A noisy retrieved note reports C (mp-1244964) with band gap -0.0724 eV. This note is intentionally marked for human review as outdated_or_incorrect.

[rank=3 score=24.2768 doc_id=h1ctx_0011_mpc_0004_incorrect_gap] A noisy retrieved note reports C (mp-1244913) with band gap -0.10600000000000001 eV. This note is intentionally marked for human review as outdated_or_incorrect.","The retrieved context does not provide a direct answer to the thermodynamic stability of C. The information provided is about the band gap, which is negative for all reported cases, but this alone does not determine thermodynamic stability.",outdated_or_incorrect,,0.5,qwen_judge,"The answer correctly points out that the provided context does not directly address the thermodynamic stability of C and instead provides information about the band gap. However, it does not fully utilize the context to explain why the negative band gaps do not necessarily imply instability, which could have been a more complete response based on the given information.",432,505,naive_context
rag_mpc_0031_current_gap,materials,qwen_output,What is the band gap of H2?,"[rank=1 score=26.5640 doc_id=h1ctx_0086_mpc_0029_incorrect_gap] A noisy retrieved note reports H2 (mp-2739136) with band gap -10.5108 eV. This note is intentionally marked for human review as outdated_or_incorrect.

[rank=2 score=26.5640 doc_id=h1ctx_0092_mpc_0031_incorrect_gap] A noisy retrieved note reports H2 (mp-632172) with band gap -9.328899999999999 eV. This note is intentionally marked for human review as outdated_or_incorrect.

[rank=3 score=26.5640 doc_id=h1ctx_0104_mpc_0035_incorrect_gap] A noisy retrieved note reports H2 (mp-632291) with band gap -8.8499 eV. This note is intentionally marked for human review as outdated_or_incorrect.",-10.5108 eV,outdated_or_incorrect,,0.5,qwen_judge,"The answer of -10.5108 eV for the band gap of H2 is directly supported by one of the retrieved contexts. However, all three contexts are marked as 'outdated_or_incorrect' and intended for human review, which indicates that the information provided may not be reliable. Given this, the answer is partially supported by the context but with a significant caveat regarding the accuracy of the source.",384,482,naive_context
rag_mpc_0031_incorrect_gap,materials,qwen_output,What is the band gap of H2?,"[rank=1 score=26.5640 doc_id=h1ctx_0086_mpc_0029_incorrect_gap] A noisy retrieved note reports H2 (mp-2739136) with band gap -10.5108 eV. This note is intentionally marked for human review as outdated_or_incorrect.

[rank=2 score=26.5640 doc_id=h1ctx_0092_mpc_0031_incorrect_gap] A noisy retrieved note reports H2 (mp-632172) with band gap -9.328899999999999 eV. This note is intentionally marked for human review as outdated_or_incorrect.

[rank=3 score=26.5640 doc_id=h1ctx_0104_mpc_0035_incorrect_gap] A noisy retrieved note reports H2 (mp-632291) with band gap -8.8499 eV. This note is intentionally marked for human review as outdated_or_incorrect.",-10.5108 eV,outdated_or_incorrect,,0.5,qwen_judge,"The answer of -10.5108 eV for the band gap of H2 is directly supported by one of the retrieved contexts. However, all three contexts are marked as 'outdated_or_incorrect' and intended for human review, which indicates that the information provided may not be reliable. Given this, the answer is partially supported by the context but with a significant caveat regarding the accuracy of the source.",384,482,naive_context
rag_mpc_0031_incomplete_stability,materials,qwen_output,Is H2 thermodynamically stable?,"[rank=1 score=25.9335 doc_id=h1ctx_0086_mpc_0029_incorrect_gap] A noisy retrieved note reports H2 (mp-2739136) with band gap -10.5108 eV. This note is intentionally marked for human review as outdated_or_incorrect.

[rank=2 score=25.9335 doc_id=h1ctx_0092_mpc_0031_incorrect_gap] A noisy retrieved note reports H2 (mp-632172) with band gap -9.328899999999999 eV. This note is intentionally marked for human review as outdated_or_incorrect.

[rank=3 score=25.9335 doc_id=h1ctx_0104_mpc_0035_incorrect_gap] A noisy retrieved note reports H2 (mp-632291) with band gap -8.8499 eV. This note is intentionally marked for human review as outdated_or_incorrect.","The retrieved context does not provide information on the thermodynamic stability of H2. It only provides data about band gaps, which are marked as outdated or incorrect.",outdated_or_incorrect,,1.0,qwen_judge,"The answer correctly states that the retrieved context does not provide information on the thermodynamic stability of H2, and only contains data about band gaps, which are marked as outdated or incorrect. This is fully supported by the given context.",408,463,naive_context
rag_mpc_0032_current_gap,materials,qwen_output,What is the band gap of C?,"[rank=1 score=24.9072 doc_id=h1ctx_0002_mpc_0001_incorrect_gap] A noisy retrieved note reports C (mp-1197903) with band gap -0.07970000000000001 eV. This note is intentionally marked for human review as outdated_or_incorrect.

[rank=2 score=24.9072 doc_id=h1ctx_0005_mpc_0002_incorrect_gap] A noisy retrieved note reports C (mp-1244964) with band gap -0.0724 eV. This note is intentionally marked for human review as outdated_or_incorrect.

[rank=3 score=24.9072 doc_id=h1ctx_0011_mpc_0004_incorrect_gap] A noisy retrieved note reports C (mp-1244913) with band gap -0.10600000000000001 eV. This note is intentionally marked for human review as outdated_or_incorrect.",-0.07970000000000001 eV,outdated_or_incorrect,,0.0,qwen_judge,"The answer provided (-0.07970000000000001 eV) is based on a retrieved context that is explicitly marked as 'outdated_or_incorrect' and requires human review. Since the source of the information is not reliable, the answer cannot be considered supported by the context.",411,490,naive_context
rag_mpc_0032_incorrect_gap,materials,qwen_output,What is the band gap of C?,"[rank=1 score=24.9072 doc_id=h1ctx_0002_mpc_0001_incorrect_gap] A noisy retrieved note reports C (mp-1197903) with band gap -0.07970000000000001 eV. This note is intentionally marked for human review as outdated_or_incorrect.

[rank=2 score=24.9072 doc_id=h1ctx_0005_mpc_0002_incorrect_gap] A noisy retrieved note reports C (mp-1244964) with band gap -0.0724 eV. This note is intentionally marked for human review as outdated_or_incorrect.

[rank=3 score=24.9072 doc_id=h1ctx_0011_mpc_0004_incorrect_gap] A noisy retrieved note reports C (mp-1244913) with band gap -0.10600000000000001 eV. This note is intentionally marked for human review as outdated_or_incorrect.",-0.07970000000000001 eV,outdated_or_incorrect,,0.0,qwen_judge,"The answer provided (-0.07970000000000001 eV) is based on a retrieved context that is explicitly marked as 'outdated_or_incorrect' and requires human review. Since the source of the information is not reliable, the answer cannot be considered supported by the context.",411,490,naive_context
rag_mpc_0032_incomplete_stability,materials,qwen_output,Is C thermodynamically stable?,"[rank=1 score=24.2768 doc_id=h1ctx_0002_mpc_0001_incorrect_gap] A noisy retrieved note reports C (mp-1197903) with band gap -0.07970000000000001 eV. This note is intentionally marked for human review as outdated_or_incorrect.

[rank=2 score=24.2768 doc_id=h1ctx_0005_mpc_0002_incorrect_gap] A noisy retrieved note reports C (mp-1244964) with band gap -0.0724 eV. This note is intentionally marked for human review as outdated_or_incorrect.

[rank=3 score=24.2768 doc_id=h1ctx_0011_mpc_0004_incorrect_gap] A noisy retrieved note reports C (mp-1244913) with band gap -0.10600000000000001 eV. This note is intentionally marked for human review as outdated_or_incorrect.","The retrieved context does not provide a direct answer to the thermodynamic stability of C. The information provided is about the band gap, which is negative for all reported cases, but this alone does not determine thermodynamic stability.",outdated_or_incorrect,,0.5,qwen_judge,"The answer correctly points out that the provided context does not directly address the thermodynamic stability of C and instead provides information about the band gap. However, it does not fully utilize the context to explain why the negative band gaps do not necessarily imply instability, which could have been a more complete response based on the given information.",432,505,naive_context
rag_mpc_0033_current_gap,materials,qwen_output,What is the band gap of C?,"[rank=1 score=24.9072 doc_id=h1ctx_0002_mpc_0001_incorrect_gap] A noisy retrieved note reports C (mp-1197903) with band gap -0.07970000000000001 eV. This note is intentionally marked for human review as outdated_or_incorrect.

[rank=2 score=24.9072 doc_id=h1ctx_0005_mpc_0002_incorrect_gap] A noisy retrieved note reports C (mp-1244964) with band gap -0.0724 eV. This note is intentionally marked for human review as outdated_or_incorrect.

[rank=3 score=24.9072 doc_id=h1ctx_0011_mpc_0004_incorrect_gap] A noisy retrieved note reports C (mp-1244913) with band gap -0.10600000000000001 eV. This note is intentionally marked for human review as outdated_or_incorrect.",-0.07970000000000001 eV,outdated_or_incorrect,,0.0,qwen_judge,"The answer provided (-0.07970000000000001 eV) is based on a retrieved context that is explicitly marked as 'outdated_or_incorrect' and requires human review. Since the source of the information is not reliable, the answer cannot be considered supported by the context.",411,490,naive_context
rag_mpc_0033_incorrect_gap,materials,qwen_output,What is the band gap of C?,"[rank=1 score=24.9072 doc_id=h1ctx_0002_mpc_0001_incorrect_gap] A noisy retrieved note reports C (mp-1197903) with band gap -0.07970000000000001 eV. This note is intentionally marked for human review as outdated_or_incorrect.

[rank=2 score=24.9072 doc_id=h1ctx_0005_mpc_0002_incorrect_gap] A noisy retrieved note reports C (mp-1244964) with band gap -0.0724 eV. This note is intentionally marked for human review as outdated_or_incorrect.

[rank=3 score=24.9072 doc_id=h1ctx_0011_mpc_0004_incorrect_gap] A noisy retrieved note reports C (mp-1244913) with band gap -0.10600000000000001 eV. This note is intentionally marked for human review as outdated_or_incorrect.",-0.07970000000000001 eV,outdated_or_incorrect,,0.0,qwen_judge,"The answer provided (-0.07970000000000001 eV) is based on a retrieved context that is explicitly marked as 'outdated_or_incorrect' and requires human review. Since the source of the information is not reliable, the answer cannot be considered supported by the context.",411,490,naive_context
rag_mpc_0033_incomplete_stability,materials,qwen_output,Is C thermodynamically stable?,"[rank=1 score=24.2768 doc_id=h1ctx_0002_mpc_0001_incorrect_gap] A noisy retrieved note reports C (mp-1197903) with band gap -0.07970000000000001 eV. This note is intentionally marked for human review as outdated_or_incorrect.

[rank=2 score=24.2768 doc_id=h1ctx_0005_mpc_0002_incorrect_gap] A noisy retrieved note reports C (mp-1244964) with band gap -0.0724 eV. This note is intentionally marked for human review as outdated_or_incorrect.

[rank=3 score=24.2768 doc_id=h1ctx_0011_mpc_0004_incorrect_gap] A noisy retrieved note reports C (mp-1244913) with band gap -0.10600000000000001 eV. This note is intentionally marked for human review as outdated_or_incorrect.","The retrieved context does not provide a direct answer to the thermodynamic stability of C. The information provided is about the band gap, which is negative for all reported cases, but this alone does not determine thermodynamic stability.",outdated_or_incorrect,,0.5,qwen_judge,"The answer correctly points out that the provided context does not directly address the thermodynamic stability of C and instead provides information about the band gap. However, it does not fully utilize the context to explain why the negative band gaps do not necessarily imply instability, which could have been a more complete response based on the given information.",432,505,naive_context
rag_mpc_0034_current_gap,materials,qwen_output,What is the band gap of C?,"[rank=1 score=24.9072 doc_id=h1ctx_0002_mpc_0001_incorrect_gap] A noisy retrieved note reports C (mp-1197903) with band gap -0.07970000000000001 eV. This note is intentionally marked for human review as outdated_or_incorrect.

[rank=2 score=24.9072 doc_id=h1ctx_0005_mpc_0002_incorrect_gap] A noisy retrieved note reports C (mp-1244964) with band gap -0.0724 eV. This note is intentionally marked for human review as outdated_or_incorrect.

[rank=3 score=24.9072 doc_id=h1ctx_0011_mpc_0004_incorrect_gap] A noisy retrieved note reports C (mp-1244913) with band gap -0.10600000000000001 eV. This note is intentionally marked for human review as outdated_or_incorrect.",-0.07970000000000001 eV,outdated_or_incorrect,,0.0,qwen_judge,"The answer provided (-0.07970000000000001 eV) is based on a retrieved context that is explicitly marked as 'outdated_or_incorrect' and requires human review. Since the source of the information is not reliable, the answer cannot be considered supported by the context.",411,490,naive_context
rag_mpc_0034_incorrect_gap,materials,qwen_output,What is the band gap of C?,"[rank=1 score=24.9072 doc_id=h1ctx_0002_mpc_0001_incorrect_gap] A noisy retrieved note reports C (mp-1197903) with band gap -0.07970000000000001 eV. This note is intentionally marked for human review as outdated_or_incorrect.

[rank=2 score=24.9072 doc_id=h1ctx_0005_mpc_0002_incorrect_gap] A noisy retrieved note reports C (mp-1244964) with band gap -0.0724 eV. This note is intentionally marked for human review as outdated_or_incorrect.

[rank=3 score=24.9072 doc_id=h1ctx_0011_mpc_0004_incorrect_gap] A noisy retrieved note reports C (mp-1244913) with band gap -0.10600000000000001 eV. This note is intentionally marked for human review as outdated_or_incorrect.",-0.07970000000000001 eV,outdated_or_incorrect,,0.0,qwen_judge,"The answer provided (-0.07970000000000001 eV) is based on a retrieved context that is explicitly marked as 'outdated_or_incorrect' and requires human review. Since the source of the information is not reliable, the answer cannot be considered supported by the context.",411,490,naive_context
rag_mpc_0034_incomplete_stability,materials,qwen_output,Is C thermodynamically stable?,"[rank=1 score=24.2768 doc_id=h1ctx_0002_mpc_0001_incorrect_gap] A noisy retrieved note reports C (mp-1197903) with band gap -0.07970000000000001 eV. This note is intentionally marked for human review as outdated_or_incorrect.

[rank=2 score=24.2768 doc_id=h1ctx_0005_mpc_0002_incorrect_gap] A noisy retrieved note reports C (mp-1244964) with band gap -0.0724 eV. This note is intentionally marked for human review as outdated_or_incorrect.

[rank=3 score=24.2768 doc_id=h1ctx_0011_mpc_0004_incorrect_gap] A noisy retrieved note reports C (mp-1244913) with band gap -0.10600000000000001 eV. This note is intentionally marked for human review as outdated_or_incorrect.","The retrieved context does not provide a direct answer to the thermodynamic stability of C. The information provided is about the band gap, which is negative for all reported cases, but this alone does not determine thermodynamic stability.",outdated_or_incorrect,,0.5,qwen_judge,"The answer correctly points out that the provided context does not directly address the thermodynamic stability of C and instead provides information about the band gap. However, it does not fully utilize the context to explain why the negative band gaps do not necessarily imply instability, which could have been a more complete response based on the given information.",432,505,naive_context
rag_mpc_0035_current_gap,materials,qwen_output,What is the band gap of H2?,"[rank=1 score=26.5640 doc_id=h1ctx_0086_mpc_0029_incorrect_gap] A noisy retrieved note reports H2 (mp-2739136) with band gap -10.5108 eV. This note is intentionally marked for human review as outdated_or_incorrect.

[rank=2 score=26.5640 doc_id=h1ctx_0092_mpc_0031_incorrect_gap] A noisy retrieved note reports H2 (mp-632172) with band gap -9.328899999999999 eV. This note is intentionally marked for human review as outdated_or_incorrect.

[rank=3 score=26.5640 doc_id=h1ctx_0104_mpc_0035_incorrect_gap] A noisy retrieved note reports H2 (mp-632291) with band gap -8.8499 eV. This note is intentionally marked for human review as outdated_or_incorrect.",-10.5108 eV,outdated_or_incorrect,,0.5,qwen_judge,"The answer of -10.5108 eV for the band gap of H2 is directly supported by one of the retrieved contexts. However, all three contexts are marked as 'outdated_or_incorrect' and intended for human review, which indicates that the information provided may not be reliable. Given this, the answer is partially supported by the context but with a significant caveat regarding the accuracy of the source.",384,482,naive_context
rag_mpc_0035_incorrect_gap,materials,qwen_output,What is the band gap of H2?,"[rank=1 score=26.5640 doc_id=h1ctx_0086_mpc_0029_incorrect_gap] A noisy retrieved note reports H2 (mp-2739136) with band gap -10.5108 eV. This note is intentionally marked for human review as outdated_or_incorrect.

[rank=2 score=26.5640 doc_id=h1ctx_0092_mpc_0031_incorrect_gap] A noisy retrieved note reports H2 (mp-632172) with band gap -9.328899999999999 eV. This note is intentionally marked for human review as outdated_or_incorrect.

[rank=3 score=26.5640 doc_id=h1ctx_0104_mpc_0035_incorrect_gap] A noisy retrieved note reports H2 (mp-632291) with band gap -8.8499 eV. This note is intentionally marked for human review as outdated_or_incorrect.",-10.5108 eV,outdated_or_incorrect,,0.5,qwen_judge,"The answer of -10.5108 eV for the band gap of H2 is directly supported by one of the retrieved contexts. However, all three contexts are marked as 'outdated_or_incorrect' and intended for human review, which indicates that the information provided may not be reliable. Given this, the answer is partially supported by the context but with a significant caveat regarding the accuracy of the source.",384,482,naive_context
rag_mpc_0035_incomplete_stability,materials,qwen_output,Is H2 thermodynamically stable?,"[rank=1 score=25.9335 doc_id=h1ctx_0086_mpc_0029_incorrect_gap] A noisy retrieved note reports H2 (mp-2739136) with band gap -10.5108 eV. This note is intentionally marked for human review as outdated_or_incorrect.

[rank=2 score=25.9335 doc_id=h1ctx_0092_mpc_0031_incorrect_gap] A noisy retrieved note reports H2 (mp-632172) with band gap -9.328899999999999 eV. This note is intentionally marked for human review as outdated_or_incorrect.

[rank=3 score=25.9335 doc_id=h1ctx_0104_mpc_0035_incorrect_gap] A noisy retrieved note reports H2 (mp-632291) with band gap -8.8499 eV. This note is intentionally marked for human review as outdated_or_incorrect.","The retrieved context does not provide information on the thermodynamic stability of H2. It only provides data about band gaps, which are marked as outdated or incorrect.",outdated_or_incorrect,,1.0,qwen_judge,"The answer correctly states that the retrieved context does not provide information on the thermodynamic stability of H2, and only contains data about band gaps, which are marked as outdated or incorrect. This is fully supported by the given context.",408,463,naive_context
rag_mpc_0036_current_gap,materials,qwen_output,What is the band gap of Rb?,"[rank=1 score=27.0055 doc_id=h1ctx_0107_mpc_0036_incorrect_gap] A noisy retrieved note reports Rb (mp-1179832) with band gap -0.11029999999999901 eV. This note is intentionally marked for human review as outdated_or_incorrect.

[rank=2 score=25.0654 doc_id=mp_0003] Materials Project reports Rb (mp-1179802). Band gap: 0.0 eV. Formation energy per atom: 0.0536492825 eV/atom. Energy above hull: 0.0536492825 eV/atom. Stable: False.

[rank=3 score=25.0654 doc_id=mp_0032] Materials Project reports Rb (mp-640416). Band gap: 0.0 eV. Formation energy per atom: 0.056727803749999 eV/atom. Energy above hull: 0.056727803749999 eV/atom. Stable: False.",0.0 eV,outdated_or_incorrect,,1.0,qwen_judge,"The answer, 0.0 eV, is directly supported by the band gap values provided in both the second and third retrieved contexts from the Materials Project, which report Rb (mp-1179802) and Rb (mp-640416) with a band gap of 0.0 eV each. The first context is marked as outdated_or_incorrect and thus not considered for this evaluation.",430,533,naive_context
rag_mpc_0036_incorrect_gap,materials,qwen_output,What is the band gap of Rb?,"[rank=1 score=27.0055 doc_id=h1ctx_0107_mpc_0036_incorrect_gap] A noisy retrieved note reports Rb (mp-1179832) with band gap -0.11029999999999901 eV. This note is intentionally marked for human review as outdated_or_incorrect.

[rank=2 score=25.0654 doc_id=mp_0003] Materials Project reports Rb (mp-1179802). Band gap: 0.0 eV. Formation energy per atom: 0.0536492825 eV/atom. Energy above hull: 0.0536492825 eV/atom. Stable: False.

[rank=3 score=25.0654 doc_id=mp_0032] Materials Project reports Rb (mp-640416). Band gap: 0.0 eV. Formation energy per atom: 0.056727803749999 eV/atom. Energy above hull: 0.056727803749999 eV/atom. Stable: False.",0.0 eV,outdated_or_incorrect,,1.0,qwen_judge,"The answer, 0.0 eV, is directly supported by the band gap values provided in both the second and third retrieved contexts from the Materials Project, which report Rb (mp-1179802) and Rb (mp-640416) with a band gap of 0.0 eV each. The first context is marked as outdated_or_incorrect and thus not considered for this evaluation.",430,533,naive_context
rag_mpc_0036_incomplete_stability,materials,qwen_output,Is Rb thermodynamically stable?,"[rank=1 score=26.3750 doc_id=h1ctx_0107_mpc_0036_incorrect_gap] A noisy retrieved note reports Rb (mp-1179832) with band gap -0.11029999999999901 eV. This note is intentionally marked for human review as outdated_or_incorrect.

[rank=2 score=25.2736 doc_id=h1ctx_0108_mpc_0036_incomplete_stability] A short retrieved snippet mentions Rb (mp-1179832) as stable, but omits formation energy, hull distance, and thermodynamic qualification.

[rank=3 score=24.7585 doc_id=mp_0003] Materials Project reports Rb (mp-1179802). Band gap: 0.0 eV. Formation energy per atom: 0.0536492825 eV/atom. Energy above hull: 0.0536492825 eV/atom. Stable: False.",False,outdated_or_incorrect,,1.0,qwen_judge,"The answer 'False' is directly supported by the context from the Materials Project (rank=3), which explicitly states that Rb (mp-1179802) is not stable, with a positive energy above hull of 0.0536492825 eV/atom indicating it's not thermodynamically stable.",391,474,naive_context
rag_mpc_0037_current_gap,materials,qwen_output,What is the band gap of H2?,"[rank=1 score=26.5640 doc_id=h1ctx_0086_mpc_0029_incorrect_gap] A noisy retrieved note reports H2 (mp-2739136) with band gap -10.5108 eV. This note is intentionally marked for human review as outdated_or_incorrect.

[rank=2 score=26.5640 doc_id=h1ctx_0092_mpc_0031_incorrect_gap] A noisy retrieved note reports H2 (mp-632172) with band gap -9.328899999999999 eV. This note is intentionally marked for human review as outdated_or_incorrect.

[rank=3 score=26.5640 doc_id=h1ctx_0104_mpc_0035_incorrect_gap] A noisy retrieved note reports H2 (mp-632291) with band gap -8.8499 eV. This note is intentionally marked for human review as outdated_or_incorrect.",-10.5108 eV,outdated_or_incorrect,,0.5,qwen_judge,"The answer of -10.5108 eV for the band gap of H2 is directly supported by one of the retrieved contexts. However, all three contexts are marked as 'outdated_or_incorrect' and intended for human review, which indicates that the information provided may not be reliable. Given this, the answer is partially supported by the context but with a significant caveat regarding the accuracy of the source.",384,482,naive_context
rag_mpc_0037_incorrect_gap,materials,qwen_output,What is the band gap of H2?,"[rank=1 score=26.5640 doc_id=h1ctx_0086_mpc_0029_incorrect_gap] A noisy retrieved note reports H2 (mp-2739136) with band gap -10.5108 eV. This note is intentionally marked for human review as outdated_or_incorrect.

[rank=2 score=26.5640 doc_id=h1ctx_0092_mpc_0031_incorrect_gap] A noisy retrieved note reports H2 (mp-632172) with band gap -9.328899999999999 eV. This note is intentionally marked for human review as outdated_or_incorrect.

[rank=3 score=26.5640 doc_id=h1ctx_0104_mpc_0035_incorrect_gap] A noisy retrieved note reports H2 (mp-632291) with band gap -8.8499 eV. This note is intentionally marked for human review as outdated_or_incorrect.",-10.5108 eV,outdated_or_incorrect,,0.5,qwen_judge,"The answer of -10.5108 eV for the band gap of H2 is directly supported by one of the retrieved contexts. However, all three contexts are marked as 'outdated_or_incorrect' and intended for human review, which indicates that the information provided may not be reliable. Given this, the answer is partially supported by the context but with a significant caveat regarding the accuracy of the source.",384,482,naive_context
rag_mpc_0037_incomplete_stability,materials,qwen_output,Is H2 thermodynamically stable?,"[rank=1 score=25.9335 doc_id=h1ctx_0086_mpc_0029_incorrect_gap] A noisy retrieved note reports H2 (mp-2739136) with band gap -10.5108 eV. This note is intentionally marked for human review as outdated_or_incorrect.

[rank=2 score=25.9335 doc_id=h1ctx_0092_mpc_0031_incorrect_gap] A noisy retrieved note reports H2 (mp-632172) with band gap -9.328899999999999 eV. This note is intentionally marked for human review as outdated_or_incorrect.

[rank=3 score=25.9335 doc_id=h1ctx_0104_mpc_0035_incorrect_gap] A noisy retrieved note reports H2 (mp-632291) with band gap -8.8499 eV. This note is intentionally marked for human review as outdated_or_incorrect.","The retrieved context does not provide information on the thermodynamic stability of H2. It only provides data about band gaps, which are marked as outdated or incorrect.",outdated_or_incorrect,,1.0,qwen_judge,"The answer correctly states that the retrieved context does not provide information on the thermodynamic stability of H2, and only contains data about band gaps, which are marked as outdated or incorrect. This is fully supported by the given context.",408,463,naive_context
rag_mpc_0038_current_gap,materials,qwen_output,What is the band gap of Si?,"[rank=1 score=25.8113 doc_id=h1ctx_0050_mpc_0017_incorrect_gap] A noisy retrieved note reports Si (mp-1079297) with band gap -0.2735 eV. This note is intentionally marked for human review as outdated_or_incorrect.

[rank=2 score=25.8113 doc_id=h1ctx_0080_mpc_0027_incorrect_gap] A noisy retrieved note reports Si (mp-1204046) with band gap -0.15080000000000002 eV. This note is intentionally marked for human review as outdated_or_incorrect.

[rank=3 score=25.8113 doc_id=h1ctx_0113_mpc_0038_incorrect_gap] A noisy retrieved note reports Si (mp-999200) with band gap -0.439799999999999 eV. This note is intentionally marked for human review as outdated_or_incorrect.",-0.2735 eV,outdated_or_incorrect,,0.5,qwen_judge,"The answer of -0.2735 eV is directly taken from one of the retrieved contexts, which reports Si (mp-1079297) with a band gap of -0.2735 eV. However, this context is marked as 'outdated_or_incorrect', indicating that the information might not be reliable or accurate. Therefore, while the value is present in the context, it is also flagged as potentially incorrect, leading to a partial support score.",392,507,naive_context
rag_mpc_0038_incorrect_gap,materials,qwen_output,What is the band gap of Si?,"[rank=1 score=25.8113 doc_id=h1ctx_0050_mpc_0017_incorrect_gap] A noisy retrieved note reports Si (mp-1079297) with band gap -0.2735 eV. This note is intentionally marked for human review as outdated_or_incorrect.

[rank=2 score=25.8113 doc_id=h1ctx_0080_mpc_0027_incorrect_gap] A noisy retrieved note reports Si (mp-1204046) with band gap -0.15080000000000002 eV. This note is intentionally marked for human review as outdated_or_incorrect.

[rank=3 score=25.8113 doc_id=h1ctx_0113_mpc_0038_incorrect_gap] A noisy retrieved note reports Si (mp-999200) with band gap -0.439799999999999 eV. This note is intentionally marked for human review as outdated_or_incorrect.",-0.2735 eV,outdated_or_incorrect,,0.5,qwen_judge,"The answer of -0.2735 eV is directly taken from one of the retrieved contexts, which reports Si (mp-1079297) with a band gap of -0.2735 eV. However, this context is marked as 'outdated_or_incorrect', indicating that the information might not be reliable or accurate. Therefore, while the value is present in the context, it is also flagged as potentially incorrect, leading to a partial support score.",392,507,naive_context
rag_mpc_0038_incomplete_stability,materials,qwen_output,Is Si thermodynamically stable?,"[rank=1 score=25.1808 doc_id=h1ctx_0050_mpc_0017_incorrect_gap] A noisy retrieved note reports Si (mp-1079297) with band gap -0.2735 eV. This note is intentionally marked for human review as outdated_or_incorrect.

[rank=2 score=25.1808 doc_id=h1ctx_0080_mpc_0027_incorrect_gap] A noisy retrieved note reports Si (mp-1204046) with band gap -0.15080000000000002 eV. This note is intentionally marked for human review as outdated_or_incorrect.

[rank=3 score=25.1808 doc_id=h1ctx_0113_mpc_0038_incorrect_gap] A noisy retrieved note reports Si (mp-999200) with band gap -0.439799999999999 eV. This note is intentionally marked for human review as outdated_or_incorrect.","The retrieved context does not provide information on the thermodynamic stability of Si. It only provides data on the band gap, which is marked as outdated or incorrect.",outdated_or_incorrect,,1.0,qwen_judge,"The answer accurately reflects that the provided context does not contain information about the thermodynamic stability of Si, and it correctly points out that the data on the band gap is marked as outdated or incorrect. The response is fully aligned with the content of the retrieved context.",417,478,naive_context
rag_mpc_0039_current_gap,materials,qwen_output,What is the band gap of S?,"[rank=1 score=25.2867 doc_id=h1ctx_0068_mpc_0023_incorrect_gap] A noisy retrieved note reports S (mp-96) with band gap -2.748 eV. This note is intentionally marked for human review as outdated_or_incorrect.

[rank=2 score=25.2867 doc_id=h1ctx_0116_mpc_0039_incorrect_gap] A noisy retrieved note reports S (mp-556269) with band gap -2.3783 eV. This note is intentionally marked for human review as outdated_or_incorrect.

[rank=3 score=25.2867 doc_id=h1ctx_0119_mpc_0040_incorrect_gap] A noisy retrieved note reports S (mp-557559) with band gap -2.496299999999999 eV. This note is intentionally marked for human review as outdated_or_incorrect.",-2.748 eV,outdated_or_incorrect,,0.0,qwen_judge,"The answer provided, -2.748 eV, is taken from a retrieved note that is explicitly marked as outdated_or_incorrect and requires human review. Since the context indicates that this information is not reliable, the answer cannot be considered supported by the given context.",371,439,naive_context
rag_mpc_0039_incorrect_gap,materials,qwen_output,What is the band gap of S?,"[rank=1 score=25.2867 doc_id=h1ctx_0068_mpc_0023_incorrect_gap] A noisy retrieved note reports S (mp-96) with band gap -2.748 eV. This note is intentionally marked for human review as outdated_or_incorrect.

[rank=2 score=25.2867 doc_id=h1ctx_0116_mpc_0039_incorrect_gap] A noisy retrieved note reports S (mp-556269) with band gap -2.3783 eV. This note is intentionally marked for human review as outdated_or_incorrect.

[rank=3 score=25.2867 doc_id=h1ctx_0119_mpc_0040_incorrect_gap] A noisy retrieved note reports S (mp-557559) with band gap -2.496299999999999 eV. This note is intentionally marked for human review as outdated_or_incorrect.",-2.748 eV,outdated_or_incorrect,,0.0,qwen_judge,"The answer provided, -2.748 eV, is taken from a retrieved note that is explicitly marked as outdated_or_incorrect and requires human review. Since the context indicates that this information is not reliable, the answer cannot be considered supported by the given context.",371,439,naive_context
rag_mpc_0039_incomplete_stability,materials,qwen_output,Is S thermodynamically stable?,"[rank=1 score=24.6562 doc_id=h1ctx_0068_mpc_0023_incorrect_gap] A noisy retrieved note reports S (mp-96) with band gap -2.748 eV. This note is intentionally marked for human review as outdated_or_incorrect.

[rank=2 score=24.6562 doc_id=h1ctx_0116_mpc_0039_incorrect_gap] A noisy retrieved note reports S (mp-556269) with band gap -2.3783 eV. This note is intentionally marked for human review as outdated_or_incorrect.

[rank=3 score=24.6562 doc_id=h1ctx_0119_mpc_0040_incorrect_gap] A noisy retrieved note reports S (mp-557559) with band gap -2.496299999999999 eV. This note is intentionally marked for human review as outdated_or_incorrect.","The retrieved context does not provide information about the thermodynamic stability of S, only about its band gap values.",outdated_or_incorrect,,1.0,qwen_judge,"The answer correctly states that the provided context does not contain information about the thermodynamic stability of S, but only about its band gap values. This is an accurate representation of the given context.",387,434,naive_context
rag_mpc_0040_current_gap,materials,qwen_output,What is the band gap of S?,"[rank=1 score=25.2867 doc_id=h1ctx_0068_mpc_0023_incorrect_gap] A noisy retrieved note reports S (mp-96) with band gap -2.748 eV. This note is intentionally marked for human review as outdated_or_incorrect.

[rank=2 score=25.2867 doc_id=h1ctx_0116_mpc_0039_incorrect_gap] A noisy retrieved note reports S (mp-556269) with band gap -2.3783 eV. This note is intentionally marked for human review as outdated_or_incorrect.

[rank=3 score=25.2867 doc_id=h1ctx_0119_mpc_0040_incorrect_gap] A noisy retrieved note reports S (mp-557559) with band gap -2.496299999999999 eV. This note is intentionally marked for human review as outdated_or_incorrect.",-2.748 eV,outdated_or_incorrect,,0.0,qwen_judge,"The answer provided, -2.748 eV, is taken from a retrieved note that is explicitly marked as outdated_or_incorrect and requires human review. Since the context indicates that this information is not reliable, the answer cannot be considered supported by the given context.",371,439,naive_context
rag_mpc_0040_incorrect_gap,materials,qwen_output,What is the band gap of S?,"[rank=1 score=25.2867 doc_id=h1ctx_0068_mpc_0023_incorrect_gap] A noisy retrieved note reports S (mp-96) with band gap -2.748 eV. This note is intentionally marked for human review as outdated_or_incorrect.

[rank=2 score=25.2867 doc_id=h1ctx_0116_mpc_0039_incorrect_gap] A noisy retrieved note reports S (mp-556269) with band gap -2.3783 eV. This note is intentionally marked for human review as outdated_or_incorrect.

[rank=3 score=25.2867 doc_id=h1ctx_0119_mpc_0040_incorrect_gap] A noisy retrieved note reports S (mp-557559) with band gap -2.496299999999999 eV. This note is intentionally marked for human review as outdated_or_incorrect.",-2.748 eV,outdated_or_incorrect,,0.0,qwen_judge,"The answer provided, -2.748 eV, is taken from a retrieved note that is explicitly marked as outdated_or_incorrect and requires human review. Since the context indicates that this information is not reliable, the answer cannot be considered supported by the given context.",371,439,naive_context
rag_mpc_0040_incomplete_stability,materials,qwen_output,Is S thermodynamically stable?,"[rank=1 score=24.6562 doc_id=h1ctx_0068_mpc_0023_incorrect_gap] A noisy retrieved note reports S (mp-96) with band gap -2.748 eV. This note is intentionally marked for human review as outdated_or_incorrect.

[rank=2 score=24.6562 doc_id=h1ctx_0116_mpc_0039_incorrect_gap] A noisy retrieved note reports S (mp-556269) with band gap -2.3783 eV. This note is intentionally marked for human review as outdated_or_incorrect.

[rank=3 score=24.6562 doc_id=h1ctx_0119_mpc_0040_incorrect_gap] A noisy retrieved note reports S (mp-557559) with band gap -2.496299999999999 eV. This note is intentionally marked for human review as outdated_or_incorrect.","The retrieved context does not provide information about the thermodynamic stability of S, only about its band gap values.",outdated_or_incorrect,,1.0,qwen_judge,"The answer correctly states that the provided context does not contain information about the thermodynamic stability of S, but only about its band gap values. This is an accurate representation of the given context.",387,434,naive_context
rag_mpc_0041_current_gap,materials,qwen_output,What is the band gap of S?,"[rank=1 score=25.2867 doc_id=h1ctx_0068_mpc_0023_incorrect_gap] A noisy retrieved note reports S (mp-96) with band gap -2.748 eV. This note is intentionally marked for human review as outdated_or_incorrect.

[rank=2 score=25.2867 doc_id=h1ctx_0116_mpc_0039_incorrect_gap] A noisy retrieved note reports S (mp-556269) with band gap -2.3783 eV. This note is intentionally marked for human review as outdated_or_incorrect.

[rank=3 score=25.2867 doc_id=h1ctx_0119_mpc_0040_incorrect_gap] A noisy retrieved note reports S (mp-557559) with band gap -2.496299999999999 eV. This note is intentionally marked for human review as outdated_or_incorrect.",-2.748 eV,outdated_or_incorrect,,0.0,qwen_judge,"The answer provided, -2.748 eV, is taken from a retrieved note that is explicitly marked as outdated_or_incorrect and requires human review. Since the context indicates that this information is not reliable, the answer cannot be considered supported by the given context.",371,439,naive_context
rag_mpc_0041_incorrect_gap,materials,qwen_output,What is the band gap of S?,"[rank=1 score=25.2867 doc_id=h1ctx_0068_mpc_0023_incorrect_gap] A noisy retrieved note reports S (mp-96) with band gap -2.748 eV. This note is intentionally marked for human review as outdated_or_incorrect.

[rank=2 score=25.2867 doc_id=h1ctx_0116_mpc_0039_incorrect_gap] A noisy retrieved note reports S (mp-556269) with band gap -2.3783 eV. This note is intentionally marked for human review as outdated_or_incorrect.

[rank=3 score=25.2867 doc_id=h1ctx_0119_mpc_0040_incorrect_gap] A noisy retrieved note reports S (mp-557559) with band gap -2.496299999999999 eV. This note is intentionally marked for human review as outdated_or_incorrect.",-2.748 eV,outdated_or_incorrect,,0.0,qwen_judge,"The answer provided, -2.748 eV, is taken from a retrieved note that is explicitly marked as outdated_or_incorrect and requires human review. Since the context indicates that this information is not reliable, the answer cannot be considered supported by the given context.",371,439,naive_context
rag_mpc_0041_incomplete_stability,materials,qwen_output,Is S thermodynamically stable?,"[rank=1 score=24.6562 doc_id=h1ctx_0068_mpc_0023_incorrect_gap] A noisy retrieved note reports S (mp-96) with band gap -2.748 eV. This note is intentionally marked for human review as outdated_or_incorrect.

[rank=2 score=24.6562 doc_id=h1ctx_0116_mpc_0039_incorrect_gap] A noisy retrieved note reports S (mp-556269) with band gap -2.3783 eV. This note is intentionally marked for human review as outdated_or_incorrect.

[rank=3 score=24.6562 doc_id=h1ctx_0119_mpc_0040_incorrect_gap] A noisy retrieved note reports S (mp-557559) with band gap -2.496299999999999 eV. This note is intentionally marked for human review as outdated_or_incorrect.","The retrieved context does not provide information about the thermodynamic stability of S, only about its band gap values.",outdated_or_incorrect,,1.0,qwen_judge,"The answer correctly states that the provided context does not contain information about the thermodynamic stability of S, but only about its band gap values. This is an accurate representation of the given context.",387,434,naive_context
rag_mpc_0042_current_gap,materials,qwen_output,What is the band gap of S?,"[rank=1 score=25.2867 doc_id=h1ctx_0068_mpc_0023_incorrect_gap] A noisy retrieved note reports S (mp-96) with band gap -2.748 eV. This note is intentionally marked for human review as outdated_or_incorrect.

[rank=2 score=25.2867 doc_id=h1ctx_0116_mpc_0039_incorrect_gap] A noisy retrieved note reports S (mp-556269) with band gap -2.3783 eV. This note is intentionally marked for human review as outdated_or_incorrect.

[rank=3 score=25.2867 doc_id=h1ctx_0119_mpc_0040_incorrect_gap] A noisy retrieved note reports S (mp-557559) with band gap -2.496299999999999 eV. This note is intentionally marked for human review as outdated_or_incorrect.",-2.748 eV,outdated_or_incorrect,,0.0,qwen_judge,"The answer provided, -2.748 eV, is taken from a retrieved note that is explicitly marked as outdated_or_incorrect and requires human review. Since the context indicates that this information is not reliable, the answer cannot be considered supported by the given context.",371,439,naive_context
rag_mpc_0042_incorrect_gap,materials,qwen_output,What is the band gap of S?,"[rank=1 score=25.2867 doc_id=h1ctx_0068_mpc_0023_incorrect_gap] A noisy retrieved note reports S (mp-96) with band gap -2.748 eV. This note is intentionally marked for human review as outdated_or_incorrect.

[rank=2 score=25.2867 doc_id=h1ctx_0116_mpc_0039_incorrect_gap] A noisy retrieved note reports S (mp-556269) with band gap -2.3783 eV. This note is intentionally marked for human review as outdated_or_incorrect.

[rank=3 score=25.2867 doc_id=h1ctx_0119_mpc_0040_incorrect_gap] A noisy retrieved note reports S (mp-557559) with band gap -2.496299999999999 eV. This note is intentionally marked for human review as outdated_or_incorrect.",-2.748 eV,outdated_or_incorrect,,0.0,qwen_judge,"The answer provided, -2.748 eV, is taken from a retrieved note that is explicitly marked as outdated_or_incorrect and requires human review. Since the context indicates that this information is not reliable, the answer cannot be considered supported by the given context.",371,439,naive_context
rag_mpc_0042_incomplete_stability,materials,qwen_output,Is S thermodynamically stable?,"[rank=1 score=24.6562 doc_id=h1ctx_0068_mpc_0023_incorrect_gap] A noisy retrieved note reports S (mp-96) with band gap -2.748 eV. This note is intentionally marked for human review as outdated_or_incorrect.

[rank=2 score=24.6562 doc_id=h1ctx_0116_mpc_0039_incorrect_gap] A noisy retrieved note reports S (mp-556269) with band gap -2.3783 eV. This note is intentionally marked for human review as outdated_or_incorrect.

[rank=3 score=24.6562 doc_id=h1ctx_0119_mpc_0040_incorrect_gap] A noisy retrieved note reports S (mp-557559) with band gap -2.496299999999999 eV. This note is intentionally marked for human review as outdated_or_incorrect.","The retrieved context does not provide information about the thermodynamic stability of S, only about its band gap values.",outdated_or_incorrect,,1.0,qwen_judge,"The answer correctly states that the provided context does not contain information about the thermodynamic stability of S, but only about its band gap values. This is an accurate representation of the given context.",387,434,naive_context
rag_mpc_0043_current_gap,materials,qwen_output,What is the band gap of S?,"[rank=1 score=25.2867 doc_id=h1ctx_0068_mpc_0023_incorrect_gap] A noisy retrieved note reports S (mp-96) with band gap -2.748 eV. This note is intentionally marked for human review as outdated_or_incorrect.

[rank=2 score=25.2867 doc_id=h1ctx_0116_mpc_0039_incorrect_gap] A noisy retrieved note reports S (mp-556269) with band gap -2.3783 eV. This note is intentionally marked for human review as outdated_or_incorrect.

[rank=3 score=25.2867 doc_id=h1ctx_0119_mpc_0040_incorrect_gap] A noisy retrieved note reports S (mp-557559) with band gap -2.496299999999999 eV. This note is intentionally marked for human review as outdated_or_incorrect.",-2.748 eV,outdated_or_incorrect,,0.0,qwen_judge,"The answer provided, -2.748 eV, is taken from a retrieved note that is explicitly marked as outdated_or_incorrect and requires human review. Since the context indicates that this information is not reliable, the answer cannot be considered supported by the given context.",371,439,naive_context
rag_mpc_0043_incorrect_gap,materials,qwen_output,What is the band gap of S?,"[rank=1 score=25.2867 doc_id=h1ctx_0068_mpc_0023_incorrect_gap] A noisy retrieved note reports S (mp-96) with band gap -2.748 eV. This note is intentionally marked for human review as outdated_or_incorrect.

[rank=2 score=25.2867 doc_id=h1ctx_0116_mpc_0039_incorrect_gap] A noisy retrieved note reports S (mp-556269) with band gap -2.3783 eV. This note is intentionally marked for human review as outdated_or_incorrect.

[rank=3 score=25.2867 doc_id=h1ctx_0119_mpc_0040_incorrect_gap] A noisy retrieved note reports S (mp-557559) with band gap -2.496299999999999 eV. This note is intentionally marked for human review as outdated_or_incorrect.",-2.748 eV,outdated_or_incorrect,,0.0,qwen_judge,"The answer provided, -2.748 eV, is taken from a retrieved note that is explicitly marked as outdated_or_incorrect and requires human review. Since the context indicates that this information is not reliable, the answer cannot be considered supported by the given context.",371,439,naive_context
rag_mpc_0043_incomplete_stability,materials,qwen_output,Is S thermodynamically stable?,"[rank=1 score=24.6562 doc_id=h1ctx_0068_mpc_0023_incorrect_gap] A noisy retrieved note reports S (mp-96) with band gap -2.748 eV. This note is intentionally marked for human review as outdated_or_incorrect.

[rank=2 score=24.6562 doc_id=h1ctx_0116_mpc_0039_incorrect_gap] A noisy retrieved note reports S (mp-556269) with band gap -2.3783 eV. This note is intentionally marked for human review as outdated_or_incorrect.

[rank=3 score=24.6562 doc_id=h1ctx_0119_mpc_0040_incorrect_gap] A noisy retrieved note reports S (mp-557559) with band gap -2.496299999999999 eV. This note is intentionally marked for human review as outdated_or_incorrect.","The retrieved context does not provide information about the thermodynamic stability of S, only about its band gap values.",outdated_or_incorrect,,1.0,qwen_judge,"The answer correctly states that the provided context does not contain information about the thermodynamic stability of S, but only about its band gap values. This is an accurate representation of the given context.",387,434,naive_context
rag_mpc_0044_current_gap,materials,qwen_output,What is the band gap of Hg?,"[rank=1 score=26.3922 doc_id=h1ctx_0044_mpc_0015_incorrect_gap] A noisy retrieved note reports Hg (mp-569360) with band gap -0.09670000000000001 eV. This note is intentionally marked for human review as outdated_or_incorrect.

[rank=2 score=26.3922 doc_id=h1ctx_0131_mpc_0044_incorrect_gap] A noisy retrieved note reports Hg (mp-1077098) with band gap -1.0394 eV. This note is intentionally marked for human review as outdated_or_incorrect.

[rank=3 score=26.3922 doc_id=h1ctx_0224_mpc_0075_incorrect_gap] A noisy retrieved note reports Hg (mp-2629196) with band gap -0.40890000000000004 eV. This note is intentionally marked for human review as outdated_or_incorrect.",-0.09670000000000001 eV,outdated_or_incorrect,,0.5,qwen_judge,"The answer provided, -0.09670000000000001 eV, is directly taken from the retrieved context. However, the context explicitly states that this information is marked for human review as outdated_or_incorrect, indicating that it may not be a reliable or accurate source of information. Therefore, while the value is present in the context, its use as an answer is only partially supported due to the noted concerns about its accuracy.",414,522,naive_context
rag_mpc_0044_incorrect_gap,materials,qwen_output,What is the band gap of Hg?,"[rank=1 score=26.3922 doc_id=h1ctx_0044_mpc_0015_incorrect_gap] A noisy retrieved note reports Hg (mp-569360) with band gap -0.09670000000000001 eV. This note is intentionally marked for human review as outdated_or_incorrect.

[rank=2 score=26.3922 doc_id=h1ctx_0131_mpc_0044_incorrect_gap] A noisy retrieved note reports Hg (mp-1077098) with band gap -1.0394 eV. This note is intentionally marked for human review as outdated_or_incorrect.

[rank=3 score=26.3922 doc_id=h1ctx_0224_mpc_0075_incorrect_gap] A noisy retrieved note reports Hg (mp-2629196) with band gap -0.40890000000000004 eV. This note is intentionally marked for human review as outdated_or_incorrect.",-0.09670000000000001 eV,outdated_or_incorrect,,0.5,qwen_judge,"The answer provided, -0.09670000000000001 eV, is directly taken from the retrieved context. However, the context explicitly states that this information is marked for human review as outdated_or_incorrect, indicating that it may not be a reliable or accurate source of information. Therefore, while the value is present in the context, its use as an answer is only partially supported due to the noted concerns about its accuracy.",414,522,naive_context
rag_mpc_0044_incomplete_stability,materials,qwen_output,Is Hg thermodynamically stable?,"[rank=1 score=25.7617 doc_id=h1ctx_0044_mpc_0015_incorrect_gap] A noisy retrieved note reports Hg (mp-569360) with band gap -0.09670000000000001 eV. This note is intentionally marked for human review as outdated_or_incorrect.

[rank=2 score=25.7617 doc_id=h1ctx_0131_mpc_0044_incorrect_gap] A noisy retrieved note reports Hg (mp-1077098) with band gap -1.0394 eV. This note is intentionally marked for human review as outdated_or_incorrect.

[rank=3 score=25.7617 doc_id=h1ctx_0224_mpc_0075_incorrect_gap] A noisy retrieved note reports Hg (mp-2629196) with band gap -0.40890000000000004 eV. This note is intentionally marked for human review as outdated_or_incorrect.","The retrieved context does not provide a direct statement about the thermodynamic stability of Hg. It only provides information regarding the band gap, which is marked as outdated or incorrect and does not directly indicate thermodynamic stability.",outdated_or_incorrect,,0.5,qwen_judge,"The answer correctly states that the retrieved context does not provide a direct statement about the thermodynamic stability of Hg. However, it also includes information about the band gap, which is marked as outdated or incorrect and is not relevant to the question of thermodynamic stability. Since there is no information in the provided context that supports or refutes the thermodynamic stability of Hg, the answer is only partially supported by the context.",434,528,naive_context
rag_mpc_0045_current_gap,materials,qwen_output,What is the band gap of Se?,"[rank=1 score=26.5640 doc_id=h1ctx_0134_mpc_0045_incorrect_gap] A noisy retrieved note reports Se (mp-542605) with band gap -1.390199999999999 eV. This note is intentionally marked for human review as outdated_or_incorrect.

[rank=2 score=26.5640 doc_id=h1ctx_0140_mpc_0047_incorrect_gap] A noisy retrieved note reports Se (mp-542461) with band gap -1.5703 eV. This note is intentionally marked for human review as outdated_or_incorrect.

[rank=3 score=26.5640 doc_id=h1ctx_0143_mpc_0048_incorrect_gap] A noisy retrieved note reports Se (mp-570481) with band gap -1.7696 eV. This note is intentionally marked for human review as outdated_or_incorrect.",-1.390199999999999 eV,outdated_or_incorrect,,0.0,qwen_judge,"The answer provided (-1.390199999999999 eV) is taken from a retrieved note that is explicitly marked as 'outdated_or_incorrect' and requires human review. Therefore, the answer is not supported by reliable context.",391,459,naive_context
rag_mpc_0045_incorrect_gap,materials,qwen_output,What is the band gap of Se?,"[rank=1 score=26.5640 doc_id=h1ctx_0134_mpc_0045_incorrect_gap] A noisy retrieved note reports Se (mp-542605) with band gap -1.390199999999999 eV. This note is intentionally marked for human review as outdated_or_incorrect.

[rank=2 score=26.5640 doc_id=h1ctx_0140_mpc_0047_incorrect_gap] A noisy retrieved note reports Se (mp-542461) with band gap -1.5703 eV. This note is intentionally marked for human review as outdated_or_incorrect.

[rank=3 score=26.5640 doc_id=h1ctx_0143_mpc_0048_incorrect_gap] A noisy retrieved note reports Se (mp-570481) with band gap -1.7696 eV. This note is intentionally marked for human review as outdated_or_incorrect.",-1.390199999999999 eV,outdated_or_incorrect,,0.0,qwen_judge,"The answer provided (-1.390199999999999 eV) is taken from a retrieved note that is explicitly marked as 'outdated_or_incorrect' and requires human review. Therefore, the answer is not supported by reliable context.",391,459,naive_context
rag_mpc_0045_incomplete_stability,materials,qwen_output,Is Se thermodynamically stable?,"[rank=1 score=25.9335 doc_id=h1ctx_0134_mpc_0045_incorrect_gap] A noisy retrieved note reports Se (mp-542605) with band gap -1.390199999999999 eV. This note is intentionally marked for human review as outdated_or_incorrect.

[rank=2 score=25.9335 doc_id=h1ctx_0140_mpc_0047_incorrect_gap] A noisy retrieved note reports Se (mp-542461) with band gap -1.5703 eV. This note is intentionally marked for human review as outdated_or_incorrect.

[rank=3 score=25.9335 doc_id=h1ctx_0143_mpc_0048_incorrect_gap] A noisy retrieved note reports Se (mp-570481) with band gap -1.7696 eV. This note is intentionally marked for human review as outdated_or_incorrect.",The retrieved context does not provide information about the thermodynamic stability of Se. It only provides band gap values which are marked as outdated or incorrect.,outdated_or_incorrect,,1.0,qwen_judge,"The answer correctly states that the retrieved context does not provide information about the thermodynamic stability of Se, and it only contains band gap values which are marked as outdated or incorrect. This is a faithful representation of the provided context.",399,453,naive_context
rag_mpc_0046_current_gap,materials,qwen_output,What is the band gap of C?,"[rank=1 score=24.9072 doc_id=h1ctx_0002_mpc_0001_incorrect_gap] A noisy retrieved note reports C (mp-1197903) with band gap -0.07970000000000001 eV. This note is intentionally marked for human review as outdated_or_incorrect.

[rank=2 score=24.9072 doc_id=h1ctx_0005_mpc_0002_incorrect_gap] A noisy retrieved note reports C (mp-1244964) with band gap -0.0724 eV. This note is intentionally marked for human review as outdated_or_incorrect.

[rank=3 score=24.9072 doc_id=h1ctx_0011_mpc_0004_incorrect_gap] A noisy retrieved note reports C (mp-1244913) with band gap -0.10600000000000001 eV. This note is intentionally marked for human review as outdated_or_incorrect.",-0.07970000000000001 eV,outdated_or_incorrect,,0.0,qwen_judge,"The answer provided (-0.07970000000000001 eV) is based on a retrieved context that is explicitly marked as 'outdated_or_incorrect' and requires human review. Since the source of the information is not reliable, the answer cannot be considered supported by the context.",411,490,naive_context
rag_mpc_0046_incorrect_gap,materials,qwen_output,What is the band gap of C?,"[rank=1 score=24.9072 doc_id=h1ctx_0002_mpc_0001_incorrect_gap] A noisy retrieved note reports C (mp-1197903) with band gap -0.07970000000000001 eV. This note is intentionally marked for human review as outdated_or_incorrect.

[rank=2 score=24.9072 doc_id=h1ctx_0005_mpc_0002_incorrect_gap] A noisy retrieved note reports C (mp-1244964) with band gap -0.0724 eV. This note is intentionally marked for human review as outdated_or_incorrect.

[rank=3 score=24.9072 doc_id=h1ctx_0011_mpc_0004_incorrect_gap] A noisy retrieved note reports C (mp-1244913) with band gap -0.10600000000000001 eV. This note is intentionally marked for human review as outdated_or_incorrect.",-0.07970000000000001 eV,outdated_or_incorrect,,0.0,qwen_judge,"The answer provided (-0.07970000000000001 eV) is based on a retrieved context that is explicitly marked as 'outdated_or_incorrect' and requires human review. Since the source of the information is not reliable, the answer cannot be considered supported by the context.",411,490,naive_context
rag_mpc_0046_incomplete_stability,materials,qwen_output,Is C thermodynamically stable?,"[rank=1 score=24.2768 doc_id=h1ctx_0002_mpc_0001_incorrect_gap] A noisy retrieved note reports C (mp-1197903) with band gap -0.07970000000000001 eV. This note is intentionally marked for human review as outdated_or_incorrect.

[rank=2 score=24.2768 doc_id=h1ctx_0005_mpc_0002_incorrect_gap] A noisy retrieved note reports C (mp-1244964) with band gap -0.0724 eV. This note is intentionally marked for human review as outdated_or_incorrect.

[rank=3 score=24.2768 doc_id=h1ctx_0011_mpc_0004_incorrect_gap] A noisy retrieved note reports C (mp-1244913) with band gap -0.10600000000000001 eV. This note is intentionally marked for human review as outdated_or_incorrect.","The retrieved context does not provide a direct answer to the thermodynamic stability of C. The information provided is about the band gap, which is negative for all reported cases, but this alone does not determine thermodynamic stability.",outdated_or_incorrect,,0.5,qwen_judge,"The answer correctly points out that the provided context does not directly address the thermodynamic stability of C and instead provides information about the band gap. However, it does not fully utilize the context to explain why the negative band gaps do not necessarily imply instability, which could have been a more complete response based on the given information.",432,505,naive_context
rag_mpc_0047_current_gap,materials,qwen_output,What is the band gap of Se?,"[rank=1 score=26.5640 doc_id=h1ctx_0134_mpc_0045_incorrect_gap] A noisy retrieved note reports Se (mp-542605) with band gap -1.390199999999999 eV. This note is intentionally marked for human review as outdated_or_incorrect.

[rank=2 score=26.5640 doc_id=h1ctx_0140_mpc_0047_incorrect_gap] A noisy retrieved note reports Se (mp-542461) with band gap -1.5703 eV. This note is intentionally marked for human review as outdated_or_incorrect.

[rank=3 score=26.5640 doc_id=h1ctx_0143_mpc_0048_incorrect_gap] A noisy retrieved note reports Se (mp-570481) with band gap -1.7696 eV. This note is intentionally marked for human review as outdated_or_incorrect.",-1.390199999999999 eV,outdated_or_incorrect,,0.0,qwen_judge,"The answer provided (-1.390199999999999 eV) is taken from a retrieved note that is explicitly marked as 'outdated_or_incorrect' and requires human review. Therefore, the answer is not supported by reliable context.",391,459,naive_context
rag_mpc_0047_incorrect_gap,materials,qwen_output,What is the band gap of Se?,"[rank=1 score=26.5640 doc_id=h1ctx_0134_mpc_0045_incorrect_gap] A noisy retrieved note reports Se (mp-542605) with band gap -1.390199999999999 eV. This note is intentionally marked for human review as outdated_or_incorrect.

[rank=2 score=26.5640 doc_id=h1ctx_0140_mpc_0047_incorrect_gap] A noisy retrieved note reports Se (mp-542461) with band gap -1.5703 eV. This note is intentionally marked for human review as outdated_or_incorrect.

[rank=3 score=26.5640 doc_id=h1ctx_0143_mpc_0048_incorrect_gap] A noisy retrieved note reports Se (mp-570481) with band gap -1.7696 eV. This note is intentionally marked for human review as outdated_or_incorrect.",-1.390199999999999 eV,outdated_or_incorrect,,0.0,qwen_judge,"The answer provided (-1.390199999999999 eV) is taken from a retrieved note that is explicitly marked as 'outdated_or_incorrect' and requires human review. Therefore, the answer is not supported by reliable context.",391,459,naive_context
rag_mpc_0047_incomplete_stability,materials,qwen_output,Is Se thermodynamically stable?,"[rank=1 score=25.9335 doc_id=h1ctx_0134_mpc_0045_incorrect_gap] A noisy retrieved note reports Se (mp-542605) with band gap -1.390199999999999 eV. This note is intentionally marked for human review as outdated_or_incorrect.

[rank=2 score=25.9335 doc_id=h1ctx_0140_mpc_0047_incorrect_gap] A noisy retrieved note reports Se (mp-542461) with band gap -1.5703 eV. This note is intentionally marked for human review as outdated_or_incorrect.

[rank=3 score=25.9335 doc_id=h1ctx_0143_mpc_0048_incorrect_gap] A noisy retrieved note reports Se (mp-570481) with band gap -1.7696 eV. This note is intentionally marked for human review as outdated_or_incorrect.",The retrieved context does not provide information about the thermodynamic stability of Se. It only provides band gap values which are marked as outdated or incorrect.,outdated_or_incorrect,,1.0,qwen_judge,"The answer correctly states that the retrieved context does not provide information about the thermodynamic stability of Se, and it only contains band gap values which are marked as outdated or incorrect. This is a faithful representation of the provided context.",399,453,naive_context
rag_mpc_0048_current_gap,materials,qwen_output,What is the band gap of Se?,"[rank=1 score=26.5640 doc_id=h1ctx_0134_mpc_0045_incorrect_gap] A noisy retrieved note reports Se (mp-542605) with band gap -1.390199999999999 eV. This note is intentionally marked for human review as outdated_or_incorrect.

[rank=2 score=26.5640 doc_id=h1ctx_0140_mpc_0047_incorrect_gap] A noisy retrieved note reports Se (mp-542461) with band gap -1.5703 eV. This note is intentionally marked for human review as outdated_or_incorrect.

[rank=3 score=26.5640 doc_id=h1ctx_0143_mpc_0048_incorrect_gap] A noisy retrieved note reports Se (mp-570481) with band gap -1.7696 eV. This note is intentionally marked for human review as outdated_or_incorrect.",-1.390199999999999 eV,outdated_or_incorrect,,0.0,qwen_judge,"The answer provided (-1.390199999999999 eV) is taken from a retrieved note that is explicitly marked as 'outdated_or_incorrect' and requires human review. Therefore, the answer is not supported by reliable context.",391,459,naive_context
rag_mpc_0048_incorrect_gap,materials,qwen_output,What is the band gap of Se?,"[rank=1 score=26.5640 doc_id=h1ctx_0134_mpc_0045_incorrect_gap] A noisy retrieved note reports Se (mp-542605) with band gap -1.390199999999999 eV. This note is intentionally marked for human review as outdated_or_incorrect.

[rank=2 score=26.5640 doc_id=h1ctx_0140_mpc_0047_incorrect_gap] A noisy retrieved note reports Se (mp-542461) with band gap -1.5703 eV. This note is intentionally marked for human review as outdated_or_incorrect.

[rank=3 score=26.5640 doc_id=h1ctx_0143_mpc_0048_incorrect_gap] A noisy retrieved note reports Se (mp-570481) with band gap -1.7696 eV. This note is intentionally marked for human review as outdated_or_incorrect.",-1.390199999999999 eV,outdated_or_incorrect,,0.0,qwen_judge,"The answer provided (-1.390199999999999 eV) is taken from a retrieved note that is explicitly marked as 'outdated_or_incorrect' and requires human review. Therefore, the answer is not supported by reliable context.",391,459,naive_context
rag_mpc_0048_incomplete_stability,materials,qwen_output,Is Se thermodynamically stable?,"[rank=1 score=25.9335 doc_id=h1ctx_0134_mpc_0045_incorrect_gap] A noisy retrieved note reports Se (mp-542605) with band gap -1.390199999999999 eV. This note is intentionally marked for human review as outdated_or_incorrect.

[rank=2 score=25.9335 doc_id=h1ctx_0140_mpc_0047_incorrect_gap] A noisy retrieved note reports Se (mp-542461) with band gap -1.5703 eV. This note is intentionally marked for human review as outdated_or_incorrect.

[rank=3 score=25.9335 doc_id=h1ctx_0143_mpc_0048_incorrect_gap] A noisy retrieved note reports Se (mp-570481) with band gap -1.7696 eV. This note is intentionally marked for human review as outdated_or_incorrect.",The retrieved context does not provide information about the thermodynamic stability of Se. It only provides band gap values which are marked as outdated or incorrect.,outdated_or_incorrect,,1.0,qwen_judge,"The answer correctly states that the retrieved context does not provide information about the thermodynamic stability of Se, and it only contains band gap values which are marked as outdated or incorrect. This is a faithful representation of the provided context.",399,453,naive_context
rag_mpc_0049_current_gap,materials,qwen_output,What is the band gap of S?,"[rank=1 score=25.2867 doc_id=h1ctx_0068_mpc_0023_incorrect_gap] A noisy retrieved note reports S (mp-96) with band gap -2.748 eV. This note is intentionally marked for human review as outdated_or_incorrect.

[rank=2 score=25.2867 doc_id=h1ctx_0116_mpc_0039_incorrect_gap] A noisy retrieved note reports S (mp-556269) with band gap -2.3783 eV. This note is intentionally marked for human review as outdated_or_incorrect.

[rank=3 score=25.2867 doc_id=h1ctx_0119_mpc_0040_incorrect_gap] A noisy retrieved note reports S (mp-557559) with band gap -2.496299999999999 eV. This note is intentionally marked for human review as outdated_or_incorrect.",-2.748 eV,outdated_or_incorrect,,0.0,qwen_judge,"The answer provided, -2.748 eV, is taken from a retrieved note that is explicitly marked as outdated_or_incorrect and requires human review. Since the context indicates that this information is not reliable, the answer cannot be considered supported by the given context.",371,439,naive_context
rag_mpc_0049_incorrect_gap,materials,qwen_output,What is the band gap of S?,"[rank=1 score=25.2867 doc_id=h1ctx_0068_mpc_0023_incorrect_gap] A noisy retrieved note reports S (mp-96) with band gap -2.748 eV. This note is intentionally marked for human review as outdated_or_incorrect.

[rank=2 score=25.2867 doc_id=h1ctx_0116_mpc_0039_incorrect_gap] A noisy retrieved note reports S (mp-556269) with band gap -2.3783 eV. This note is intentionally marked for human review as outdated_or_incorrect.

[rank=3 score=25.2867 doc_id=h1ctx_0119_mpc_0040_incorrect_gap] A noisy retrieved note reports S (mp-557559) with band gap -2.496299999999999 eV. This note is intentionally marked for human review as outdated_or_incorrect.",-2.748 eV,outdated_or_incorrect,,0.0,qwen_judge,"The answer provided, -2.748 eV, is taken from a retrieved note that is explicitly marked as outdated_or_incorrect and requires human review. Since the context indicates that this information is not reliable, the answer cannot be considered supported by the given context.",371,439,naive_context
rag_mpc_0049_incomplete_stability,materials,qwen_output,Is S thermodynamically stable?,"[rank=1 score=24.6562 doc_id=h1ctx_0068_mpc_0023_incorrect_gap] A noisy retrieved note reports S (mp-96) with band gap -2.748 eV. This note is intentionally marked for human review as outdated_or_incorrect.

[rank=2 score=24.6562 doc_id=h1ctx_0116_mpc_0039_incorrect_gap] A noisy retrieved note reports S (mp-556269) with band gap -2.3783 eV. This note is intentionally marked for human review as outdated_or_incorrect.

[rank=3 score=24.6562 doc_id=h1ctx_0119_mpc_0040_incorrect_gap] A noisy retrieved note reports S (mp-557559) with band gap -2.496299999999999 eV. This note is intentionally marked for human review as outdated_or_incorrect.","The retrieved context does not provide information about the thermodynamic stability of S, only about its band gap values.",outdated_or_incorrect,,1.0,qwen_judge,"The answer correctly states that the provided context does not contain information about the thermodynamic stability of S, but only about its band gap values. This is an accurate representation of the given context.",387,434,naive_context
rag_mpc_0050_current_gap,materials,qwen_output,What is the band gap of S?,"[rank=1 score=25.2867 doc_id=h1ctx_0068_mpc_0023_incorrect_gap] A noisy retrieved note reports S (mp-96) with band gap -2.748 eV. This note is intentionally marked for human review as outdated_or_incorrect.

[rank=2 score=25.2867 doc_id=h1ctx_0116_mpc_0039_incorrect_gap] A noisy retrieved note reports S (mp-556269) with band gap -2.3783 eV. This note is intentionally marked for human review as outdated_or_incorrect.

[rank=3 score=25.2867 doc_id=h1ctx_0119_mpc_0040_incorrect_gap] A noisy retrieved note reports S (mp-557559) with band gap -2.496299999999999 eV. This note is intentionally marked for human review as outdated_or_incorrect.",-2.748 eV,outdated_or_incorrect,,0.0,qwen_judge,"The answer provided, -2.748 eV, is taken from a retrieved note that is explicitly marked as outdated_or_incorrect and requires human review. Since the context indicates that this information is not reliable, the answer cannot be considered supported by the given context.",371,439,naive_context
rag_mpc_0050_incorrect_gap,materials,qwen_output,What is the band gap of S?,"[rank=1 score=25.2867 doc_id=h1ctx_0068_mpc_0023_incorrect_gap] A noisy retrieved note reports S (mp-96) with band gap -2.748 eV. This note is intentionally marked for human review as outdated_or_incorrect.

[rank=2 score=25.2867 doc_id=h1ctx_0116_mpc_0039_incorrect_gap] A noisy retrieved note reports S (mp-556269) with band gap -2.3783 eV. This note is intentionally marked for human review as outdated_or_incorrect.

[rank=3 score=25.2867 doc_id=h1ctx_0119_mpc_0040_incorrect_gap] A noisy retrieved note reports S (mp-557559) with band gap -2.496299999999999 eV. This note is intentionally marked for human review as outdated_or_incorrect.",-2.748 eV,outdated_or_incorrect,,0.0,qwen_judge,"The answer provided, -2.748 eV, is taken from a retrieved note that is explicitly marked as outdated_or_incorrect and requires human review. Since the context indicates that this information is not reliable, the answer cannot be considered supported by the given context.",371,439,naive_context
rag_mpc_0050_incomplete_stability,materials,qwen_output,Is S thermodynamically stable?,"[rank=1 score=24.6562 doc_id=h1ctx_0068_mpc_0023_incorrect_gap] A noisy retrieved note reports S (mp-96) with band gap -2.748 eV. This note is intentionally marked for human review as outdated_or_incorrect.

[rank=2 score=24.6562 doc_id=h1ctx_0116_mpc_0039_incorrect_gap] A noisy retrieved note reports S (mp-556269) with band gap -2.3783 eV. This note is intentionally marked for human review as outdated_or_incorrect.

[rank=3 score=24.6562 doc_id=h1ctx_0119_mpc_0040_incorrect_gap] A noisy retrieved note reports S (mp-557559) with band gap -2.496299999999999 eV. This note is intentionally marked for human review as outdated_or_incorrect.","The retrieved context does not provide information about the thermodynamic stability of S, only about its band gap values.",outdated_or_incorrect,,1.0,qwen_judge,"The answer correctly states that the provided context does not contain information about the thermodynamic stability of S, but only about its band gap values. This is an accurate representation of the given context.",387,434,naive_context
rag_mpc_0051_current_gap,materials,qwen_output,What is the band gap of S?,"[rank=1 score=25.2867 doc_id=h1ctx_0068_mpc_0023_incorrect_gap] A noisy retrieved note reports S (mp-96) with band gap -2.748 eV. This note is intentionally marked for human review as outdated_or_incorrect.

[rank=2 score=25.2867 doc_id=h1ctx_0116_mpc_0039_incorrect_gap] A noisy retrieved note reports S (mp-556269) with band gap -2.3783 eV. This note is intentionally marked for human review as outdated_or_incorrect.

[rank=3 score=25.2867 doc_id=h1ctx_0119_mpc_0040_incorrect_gap] A noisy retrieved note reports S (mp-557559) with band gap -2.496299999999999 eV. This note is intentionally marked for human review as outdated_or_incorrect.",-2.748 eV,outdated_or_incorrect,,0.0,qwen_judge,"The answer provided, -2.748 eV, is taken from a retrieved note that is explicitly marked as outdated_or_incorrect and requires human review. Since the context indicates that this information is not reliable, the answer cannot be considered supported by the given context.",371,439,naive_context
rag_mpc_0051_incorrect_gap,materials,qwen_output,What is the band gap of S?,"[rank=1 score=25.2867 doc_id=h1ctx_0068_mpc_0023_incorrect_gap] A noisy retrieved note reports S (mp-96) with band gap -2.748 eV. This note is intentionally marked for human review as outdated_or_incorrect.

[rank=2 score=25.2867 doc_id=h1ctx_0116_mpc_0039_incorrect_gap] A noisy retrieved note reports S (mp-556269) with band gap -2.3783 eV. This note is intentionally marked for human review as outdated_or_incorrect.

[rank=3 score=25.2867 doc_id=h1ctx_0119_mpc_0040_incorrect_gap] A noisy retrieved note reports S (mp-557559) with band gap -2.496299999999999 eV. This note is intentionally marked for human review as outdated_or_incorrect.",-2.748 eV,outdated_or_incorrect,,0.0,qwen_judge,"The answer provided, -2.748 eV, is taken from a retrieved note that is explicitly marked as outdated_or_incorrect and requires human review. Since the context indicates that this information is not reliable, the answer cannot be considered supported by the given context.",371,439,naive_context
rag_mpc_0051_incomplete_stability,materials,qwen_output,Is S thermodynamically stable?,"[rank=1 score=24.6562 doc_id=h1ctx_0068_mpc_0023_incorrect_gap] A noisy retrieved note reports S (mp-96) with band gap -2.748 eV. This note is intentionally marked for human review as outdated_or_incorrect.

[rank=2 score=24.6562 doc_id=h1ctx_0116_mpc_0039_incorrect_gap] A noisy retrieved note reports S (mp-556269) with band gap -2.3783 eV. This note is intentionally marked for human review as outdated_or_incorrect.

[rank=3 score=24.6562 doc_id=h1ctx_0119_mpc_0040_incorrect_gap] A noisy retrieved note reports S (mp-557559) with band gap -2.496299999999999 eV. This note is intentionally marked for human review as outdated_or_incorrect.","The retrieved context does not provide information about the thermodynamic stability of S, only about its band gap values.",outdated_or_incorrect,,1.0,qwen_judge,"The answer correctly states that the provided context does not contain information about the thermodynamic stability of S, but only about its band gap values. This is an accurate representation of the given context.",387,434,naive_context
rag_mpc_0052_current_gap,materials,qwen_output,What is the band gap of Se?,"[rank=1 score=26.5640 doc_id=h1ctx_0134_mpc_0045_incorrect_gap] A noisy retrieved note reports Se (mp-542605) with band gap -1.390199999999999 eV. This note is intentionally marked for human review as outdated_or_incorrect.

[rank=2 score=26.5640 doc_id=h1ctx_0140_mpc_0047_incorrect_gap] A noisy retrieved note reports Se (mp-542461) with band gap -1.5703 eV. This note is intentionally marked for human review as outdated_or_incorrect.

[rank=3 score=26.5640 doc_id=h1ctx_0143_mpc_0048_incorrect_gap] A noisy retrieved note reports Se (mp-570481) with band gap -1.7696 eV. This note is intentionally marked for human review as outdated_or_incorrect.",-1.390199999999999 eV,outdated_or_incorrect,,0.0,qwen_judge,"The answer provided (-1.390199999999999 eV) is taken from a retrieved note that is explicitly marked as 'outdated_or_incorrect' and requires human review. Therefore, the answer is not supported by reliable context.",391,459,naive_context
rag_mpc_0052_incorrect_gap,materials,qwen_output,What is the band gap of Se?,"[rank=1 score=26.5640 doc_id=h1ctx_0134_mpc_0045_incorrect_gap] A noisy retrieved note reports Se (mp-542605) with band gap -1.390199999999999 eV. This note is intentionally marked for human review as outdated_or_incorrect.

[rank=2 score=26.5640 doc_id=h1ctx_0140_mpc_0047_incorrect_gap] A noisy retrieved note reports Se (mp-542461) with band gap -1.5703 eV. This note is intentionally marked for human review as outdated_or_incorrect.

[rank=3 score=26.5640 doc_id=h1ctx_0143_mpc_0048_incorrect_gap] A noisy retrieved note reports Se (mp-570481) with band gap -1.7696 eV. This note is intentionally marked for human review as outdated_or_incorrect.",-1.390199999999999 eV,outdated_or_incorrect,,0.0,qwen_judge,"The answer provided (-1.390199999999999 eV) is taken from a retrieved note that is explicitly marked as 'outdated_or_incorrect' and requires human review. Therefore, the answer is not supported by reliable context.",391,459,naive_context
rag_mpc_0052_incomplete_stability,materials,qwen_output,Is Se thermodynamically stable?,"[rank=1 score=25.9335 doc_id=h1ctx_0134_mpc_0045_incorrect_gap] A noisy retrieved note reports Se (mp-542605) with band gap -1.390199999999999 eV. This note is intentionally marked for human review as outdated_or_incorrect.

[rank=2 score=25.9335 doc_id=h1ctx_0140_mpc_0047_incorrect_gap] A noisy retrieved note reports Se (mp-542461) with band gap -1.5703 eV. This note is intentionally marked for human review as outdated_or_incorrect.

[rank=3 score=25.9335 doc_id=h1ctx_0143_mpc_0048_incorrect_gap] A noisy retrieved note reports Se (mp-570481) with band gap -1.7696 eV. This note is intentionally marked for human review as outdated_or_incorrect.",The retrieved context does not provide information about the thermodynamic stability of Se. It only provides band gap values which are marked as outdated or incorrect.,outdated_or_incorrect,,1.0,qwen_judge,"The answer correctly states that the retrieved context does not provide information about the thermodynamic stability of Se, and it only contains band gap values which are marked as outdated or incorrect. This is a faithful representation of the provided context.",399,453,naive_context
rag_mpc_0053_current_gap,materials,qwen_output,What is the band gap of F2?,"[rank=1 score=27.0979 doc_id=h1ctx_0047_mpc_0016_incorrect_gap] A noisy retrieved note reports F2 (mp-561367) with band gap -2.3942 eV. This note is intentionally marked for human review as outdated_or_incorrect.

[rank=2 score=27.0979 doc_id=h1ctx_0158_mpc_0053_incorrect_gap] A noisy retrieved note reports F2 (mp-561203) with band gap -2.8962 eV. This note is intentionally marked for human review as outdated_or_incorrect.

[rank=3 score=27.0979 doc_id=h1ctx_0161_mpc_0054_incorrect_gap] A noisy retrieved note reports F2 (mp-1523415) with band gap -0.4797 eV. This note is intentionally marked for human review as outdated_or_incorrect.",-2.3942 eV,outdated_or_incorrect,,0.5,qwen_judge,"The answer -2.3942 eV is directly reported in one of the retrieved contexts for F2 (mp-561367). However, this context is marked as 'outdated_or_incorrect' and intended for human review, which means that while the value is present, its accuracy and reliability are questionable. Thus, the information is only partially supported by the provided context.",371,466,naive_context
rag_mpc_0053_incorrect_gap,materials,qwen_output,What is the band gap of F2?,"[rank=1 score=27.0979 doc_id=h1ctx_0047_mpc_0016_incorrect_gap] A noisy retrieved note reports F2 (mp-561367) with band gap -2.3942 eV. This note is intentionally marked for human review as outdated_or_incorrect.

[rank=2 score=27.0979 doc_id=h1ctx_0158_mpc_0053_incorrect_gap] A noisy retrieved note reports F2 (mp-561203) with band gap -2.8962 eV. This note is intentionally marked for human review as outdated_or_incorrect.

[rank=3 score=27.0979 doc_id=h1ctx_0161_mpc_0054_incorrect_gap] A noisy retrieved note reports F2 (mp-1523415) with band gap -0.4797 eV. This note is intentionally marked for human review as outdated_or_incorrect.",-2.3942 eV,outdated_or_incorrect,,0.5,qwen_judge,"The answer -2.3942 eV is directly reported in one of the retrieved contexts for F2 (mp-561367). However, this context is marked as 'outdated_or_incorrect' and intended for human review, which means that while the value is present, its accuracy and reliability are questionable. Thus, the information is only partially supported by the provided context.",371,466,naive_context
rag_mpc_0053_incomplete_stability,materials,qwen_output,Is F2 thermodynamically stable?,"[rank=1 score=26.4674 doc_id=h1ctx_0047_mpc_0016_incorrect_gap] A noisy retrieved note reports F2 (mp-561367) with band gap -2.3942 eV. This note is intentionally marked for human review as outdated_or_incorrect.

[rank=2 score=26.4674 doc_id=h1ctx_0158_mpc_0053_incorrect_gap] A noisy retrieved note reports F2 (mp-561203) with band gap -2.8962 eV. This note is intentionally marked for human review as outdated_or_incorrect.

[rank=3 score=26.4674 doc_id=h1ctx_0161_mpc_0054_incorrect_gap] A noisy retrieved note reports F2 (mp-1523415) with band gap -0.4797 eV. This note is intentionally marked for human review as outdated_or_incorrect.","The retrieved context does not provide a direct statement about the thermodynamic stability of F2. The information provided is about the band gap values, which are negative, but this alone does not determine thermodynamic stability.",outdated_or_incorrect,,0.5,qwen_judge,"The answer correctly states that the retrieved context does not provide a direct statement about the thermodynamic stability of F2. The provided information is about band gap values, which are not sufficient to determine thermodynamic stability. However, the answer could have been more specific in noting that the documents are marked as 'outdated_or_incorrect' and thus may not be reliable for making any claims about F2's properties.",406,497,naive_context
rag_mpc_0054_current_gap,materials,qwen_output,What is the band gap of F2?,"[rank=1 score=27.0979 doc_id=h1ctx_0047_mpc_0016_incorrect_gap] A noisy retrieved note reports F2 (mp-561367) with band gap -2.3942 eV. This note is intentionally marked for human review as outdated_or_incorrect.

[rank=2 score=27.0979 doc_id=h1ctx_0158_mpc_0053_incorrect_gap] A noisy retrieved note reports F2 (mp-561203) with band gap -2.8962 eV. This note is intentionally marked for human review as outdated_or_incorrect.

[rank=3 score=27.0979 doc_id=h1ctx_0161_mpc_0054_incorrect_gap] A noisy retrieved note reports F2 (mp-1523415) with band gap -0.4797 eV. This note is intentionally marked for human review as outdated_or_incorrect.",-2.3942 eV,outdated_or_incorrect,,0.5,qwen_judge,"The answer -2.3942 eV is directly reported in one of the retrieved contexts for F2 (mp-561367). However, this context is marked as 'outdated_or_incorrect' and intended for human review, which means that while the value is present, its accuracy and reliability are questionable. Thus, the information is only partially supported by the provided context.",371,466,naive_context
rag_mpc_0054_incorrect_gap,materials,qwen_output,What is the band gap of F2?,"[rank=1 score=27.0979 doc_id=h1ctx_0047_mpc_0016_incorrect_gap] A noisy retrieved note reports F2 (mp-561367) with band gap -2.3942 eV. This note is intentionally marked for human review as outdated_or_incorrect.

[rank=2 score=27.0979 doc_id=h1ctx_0158_mpc_0053_incorrect_gap] A noisy retrieved note reports F2 (mp-561203) with band gap -2.8962 eV. This note is intentionally marked for human review as outdated_or_incorrect.

[rank=3 score=27.0979 doc_id=h1ctx_0161_mpc_0054_incorrect_gap] A noisy retrieved note reports F2 (mp-1523415) with band gap -0.4797 eV. This note is intentionally marked for human review as outdated_or_incorrect.",-2.3942 eV,outdated_or_incorrect,,0.5,qwen_judge,"The answer -2.3942 eV is directly reported in one of the retrieved contexts for F2 (mp-561367). However, this context is marked as 'outdated_or_incorrect' and intended for human review, which means that while the value is present, its accuracy and reliability are questionable. Thus, the information is only partially supported by the provided context.",371,466,naive_context
rag_mpc_0054_incomplete_stability,materials,qwen_output,Is F2 thermodynamically stable?,"[rank=1 score=26.4674 doc_id=h1ctx_0047_mpc_0016_incorrect_gap] A noisy retrieved note reports F2 (mp-561367) with band gap -2.3942 eV. This note is intentionally marked for human review as outdated_or_incorrect.

[rank=2 score=26.4674 doc_id=h1ctx_0158_mpc_0053_incorrect_gap] A noisy retrieved note reports F2 (mp-561203) with band gap -2.8962 eV. This note is intentionally marked for human review as outdated_or_incorrect.

[rank=3 score=26.4674 doc_id=h1ctx_0161_mpc_0054_incorrect_gap] A noisy retrieved note reports F2 (mp-1523415) with band gap -0.4797 eV. This note is intentionally marked for human review as outdated_or_incorrect.","The retrieved context does not provide a direct statement about the thermodynamic stability of F2. The information provided is about the band gap values, which are negative, but this alone does not determine thermodynamic stability.",outdated_or_incorrect,,0.5,qwen_judge,"The answer correctly states that the retrieved context does not provide a direct statement about the thermodynamic stability of F2. The provided information is about band gap values, which are not sufficient to determine thermodynamic stability. However, the answer could have been more specific in noting that the documents are marked as 'outdated_or_incorrect' and thus may not be reliable for making any claims about F2's properties.",406,497,naive_context
rag_mpc_0055_current_gap,materials,qwen_output,What is the band gap of S?,"[rank=1 score=25.2867 doc_id=h1ctx_0068_mpc_0023_incorrect_gap] A noisy retrieved note reports S (mp-96) with band gap -2.748 eV. This note is intentionally marked for human review as outdated_or_incorrect.

[rank=2 score=25.2867 doc_id=h1ctx_0116_mpc_0039_incorrect_gap] A noisy retrieved note reports S (mp-556269) with band gap -2.3783 eV. This note is intentionally marked for human review as outdated_or_incorrect.

[rank=3 score=25.2867 doc_id=h1ctx_0119_mpc_0040_incorrect_gap] A noisy retrieved note reports S (mp-557559) with band gap -2.496299999999999 eV. This note is intentionally marked for human review as outdated_or_incorrect.",-2.748 eV,outdated_or_incorrect,,0.0,qwen_judge,"The answer provided, -2.748 eV, is taken from a retrieved note that is explicitly marked as outdated_or_incorrect and requires human review. Since the context indicates that this information is not reliable, the answer cannot be considered supported by the given context.",371,439,naive_context
rag_mpc_0055_incorrect_gap,materials,qwen_output,What is the band gap of S?,"[rank=1 score=25.2867 doc_id=h1ctx_0068_mpc_0023_incorrect_gap] A noisy retrieved note reports S (mp-96) with band gap -2.748 eV. This note is intentionally marked for human review as outdated_or_incorrect.

[rank=2 score=25.2867 doc_id=h1ctx_0116_mpc_0039_incorrect_gap] A noisy retrieved note reports S (mp-556269) with band gap -2.3783 eV. This note is intentionally marked for human review as outdated_or_incorrect.

[rank=3 score=25.2867 doc_id=h1ctx_0119_mpc_0040_incorrect_gap] A noisy retrieved note reports S (mp-557559) with band gap -2.496299999999999 eV. This note is intentionally marked for human review as outdated_or_incorrect.",-2.748 eV,outdated_or_incorrect,,0.0,qwen_judge,"The answer provided, -2.748 eV, is taken from a retrieved note that is explicitly marked as outdated_or_incorrect and requires human review. Since the context indicates that this information is not reliable, the answer cannot be considered supported by the given context.",371,439,naive_context
rag_mpc_0055_incomplete_stability,materials,qwen_output,Is S thermodynamically stable?,"[rank=1 score=24.6562 doc_id=h1ctx_0068_mpc_0023_incorrect_gap] A noisy retrieved note reports S (mp-96) with band gap -2.748 eV. This note is intentionally marked for human review as outdated_or_incorrect.

[rank=2 score=24.6562 doc_id=h1ctx_0116_mpc_0039_incorrect_gap] A noisy retrieved note reports S (mp-556269) with band gap -2.3783 eV. This note is intentionally marked for human review as outdated_or_incorrect.

[rank=3 score=24.6562 doc_id=h1ctx_0119_mpc_0040_incorrect_gap] A noisy retrieved note reports S (mp-557559) with band gap -2.496299999999999 eV. This note is intentionally marked for human review as outdated_or_incorrect.","The retrieved context does not provide information about the thermodynamic stability of S, only about its band gap values.",outdated_or_incorrect,,1.0,qwen_judge,"The answer correctly states that the provided context does not contain information about the thermodynamic stability of S, but only about its band gap values. This is an accurate representation of the given context.",387,434,naive_context
rag_mpc_0056_current_gap,materials,qwen_output,What is the band gap of S?,"[rank=1 score=25.2867 doc_id=h1ctx_0068_mpc_0023_incorrect_gap] A noisy retrieved note reports S (mp-96) with band gap -2.748 eV. This note is intentionally marked for human review as outdated_or_incorrect.

[rank=2 score=25.2867 doc_id=h1ctx_0116_mpc_0039_incorrect_gap] A noisy retrieved note reports S (mp-556269) with band gap -2.3783 eV. This note is intentionally marked for human review as outdated_or_incorrect.

[rank=3 score=25.2867 doc_id=h1ctx_0119_mpc_0040_incorrect_gap] A noisy retrieved note reports S (mp-557559) with band gap -2.496299999999999 eV. This note is intentionally marked for human review as outdated_or_incorrect.",-2.748 eV,outdated_or_incorrect,,0.0,qwen_judge,"The answer provided, -2.748 eV, is taken from a retrieved note that is explicitly marked as outdated_or_incorrect and requires human review. Since the context indicates that this information is not reliable, the answer cannot be considered supported by the given context.",371,439,naive_context
rag_mpc_0056_incorrect_gap,materials,qwen_output,What is the band gap of S?,"[rank=1 score=25.2867 doc_id=h1ctx_0068_mpc_0023_incorrect_gap] A noisy retrieved note reports S (mp-96) with band gap -2.748 eV. This note is intentionally marked for human review as outdated_or_incorrect.

[rank=2 score=25.2867 doc_id=h1ctx_0116_mpc_0039_incorrect_gap] A noisy retrieved note reports S (mp-556269) with band gap -2.3783 eV. This note is intentionally marked for human review as outdated_or_incorrect.

[rank=3 score=25.2867 doc_id=h1ctx_0119_mpc_0040_incorrect_gap] A noisy retrieved note reports S (mp-557559) with band gap -2.496299999999999 eV. This note is intentionally marked for human review as outdated_or_incorrect.",-2.748 eV,outdated_or_incorrect,,0.0,qwen_judge,"The answer provided, -2.748 eV, is taken from a retrieved note that is explicitly marked as outdated_or_incorrect and requires human review. Since the context indicates that this information is not reliable, the answer cannot be considered supported by the given context.",371,439,naive_context
rag_mpc_0056_incomplete_stability,materials,qwen_output,Is S thermodynamically stable?,"[rank=1 score=24.6562 doc_id=h1ctx_0068_mpc_0023_incorrect_gap] A noisy retrieved note reports S (mp-96) with band gap -2.748 eV. This note is intentionally marked for human review as outdated_or_incorrect.

[rank=2 score=24.6562 doc_id=h1ctx_0116_mpc_0039_incorrect_gap] A noisy retrieved note reports S (mp-556269) with band gap -2.3783 eV. This note is intentionally marked for human review as outdated_or_incorrect.

[rank=3 score=24.6562 doc_id=h1ctx_0119_mpc_0040_incorrect_gap] A noisy retrieved note reports S (mp-557559) with band gap -2.496299999999999 eV. This note is intentionally marked for human review as outdated_or_incorrect.","The retrieved context does not provide information about the thermodynamic stability of S, only about its band gap values.",outdated_or_incorrect,,1.0,qwen_judge,"The answer correctly states that the provided context does not contain information about the thermodynamic stability of S, but only about its band gap values. This is an accurate representation of the given context.",387,434,naive_context
rag_mpc_0057_current_gap,materials,qwen_output,What is the band gap of Si?,"[rank=1 score=25.8113 doc_id=h1ctx_0050_mpc_0017_incorrect_gap] A noisy retrieved note reports Si (mp-1079297) with band gap -0.2735 eV. This note is intentionally marked for human review as outdated_or_incorrect.

[rank=2 score=25.8113 doc_id=h1ctx_0080_mpc_0027_incorrect_gap] A noisy retrieved note reports Si (mp-1204046) with band gap -0.15080000000000002 eV. This note is intentionally marked for human review as outdated_or_incorrect.

[rank=3 score=25.8113 doc_id=h1ctx_0113_mpc_0038_incorrect_gap] A noisy retrieved note reports Si (mp-999200) with band gap -0.439799999999999 eV. This note is intentionally marked for human review as outdated_or_incorrect.",-0.2735 eV,outdated_or_incorrect,,0.5,qwen_judge,"The answer of -0.2735 eV is directly taken from one of the retrieved contexts, which reports Si (mp-1079297) with a band gap of -0.2735 eV. However, this context is marked as 'outdated_or_incorrect', indicating that the information might not be reliable or accurate. Therefore, while the value is present in the context, it is also flagged as potentially incorrect, leading to a partial support score.",392,507,naive_context
rag_mpc_0057_incorrect_gap,materials,qwen_output,What is the band gap of Si?,"[rank=1 score=25.8113 doc_id=h1ctx_0050_mpc_0017_incorrect_gap] A noisy retrieved note reports Si (mp-1079297) with band gap -0.2735 eV. This note is intentionally marked for human review as outdated_or_incorrect.

[rank=2 score=25.8113 doc_id=h1ctx_0080_mpc_0027_incorrect_gap] A noisy retrieved note reports Si (mp-1204046) with band gap -0.15080000000000002 eV. This note is intentionally marked for human review as outdated_or_incorrect.

[rank=3 score=25.8113 doc_id=h1ctx_0113_mpc_0038_incorrect_gap] A noisy retrieved note reports Si (mp-999200) with band gap -0.439799999999999 eV. This note is intentionally marked for human review as outdated_or_incorrect.",-0.2735 eV,outdated_or_incorrect,,0.5,qwen_judge,"The answer of -0.2735 eV is directly taken from one of the retrieved contexts, which reports Si (mp-1079297) with a band gap of -0.2735 eV. However, this context is marked as 'outdated_or_incorrect', indicating that the information might not be reliable or accurate. Therefore, while the value is present in the context, it is also flagged as potentially incorrect, leading to a partial support score.",392,507,naive_context
rag_mpc_0057_incomplete_stability,materials,qwen_output,Is Si thermodynamically stable?,"[rank=1 score=25.1808 doc_id=h1ctx_0050_mpc_0017_incorrect_gap] A noisy retrieved note reports Si (mp-1079297) with band gap -0.2735 eV. This note is intentionally marked for human review as outdated_or_incorrect.

[rank=2 score=25.1808 doc_id=h1ctx_0080_mpc_0027_incorrect_gap] A noisy retrieved note reports Si (mp-1204046) with band gap -0.15080000000000002 eV. This note is intentionally marked for human review as outdated_or_incorrect.

[rank=3 score=25.1808 doc_id=h1ctx_0113_mpc_0038_incorrect_gap] A noisy retrieved note reports Si (mp-999200) with band gap -0.439799999999999 eV. This note is intentionally marked for human review as outdated_or_incorrect.","The retrieved context does not provide information on the thermodynamic stability of Si. It only provides data on the band gap, which is marked as outdated or incorrect.",outdated_or_incorrect,,1.0,qwen_judge,"The answer accurately reflects that the provided context does not contain information about the thermodynamic stability of Si, and it correctly points out that the data on the band gap is marked as outdated or incorrect. The response is fully aligned with the content of the retrieved context.",417,478,naive_context
rag_mpc_0058_current_gap,materials,qwen_output,What is the band gap of O2?,"[rank=1 score=25.3749 doc_id=h1ctx_0008_mpc_0003_incorrect_gap] A noisy retrieved note reports O2 (mp-1180008) with band gap -1.277299999999999 eV. This note is intentionally marked for human review as outdated_or_incorrect.

[rank=2 score=25.3749 doc_id=h1ctx_0023_mpc_0008_incorrect_gap] A noisy retrieved note reports O2 (mp-12957) with band gap -1.0933 eV. This note is intentionally marked for human review as outdated_or_incorrect.

[rank=3 score=25.3749 doc_id=h1ctx_0026_mpc_0009_incorrect_gap] A noisy retrieved note reports O2 (mp-2204849) with band gap -2.720399999999999 eV. This note is intentionally marked for human review as outdated_or_incorrect.",-1.277299999999999 eV,outdated_or_incorrect,,0.5,qwen_judge,"The answer is partially supported by the context, specifically by the first retrieved note which reports a band gap of -1.277299999999999 eV for O2. However, this note, along with the other two, is marked as 'outdated_or_incorrect', indicating that the information may not be reliable or accurate.",404,494,naive_context
rag_mpc_0058_incorrect_gap,materials,qwen_output,What is the band gap of O2?,"[rank=1 score=25.3749 doc_id=h1ctx_0008_mpc_0003_incorrect_gap] A noisy retrieved note reports O2 (mp-1180008) with band gap -1.277299999999999 eV. This note is intentionally marked for human review as outdated_or_incorrect.

[rank=2 score=25.3749 doc_id=h1ctx_0023_mpc_0008_incorrect_gap] A noisy retrieved note reports O2 (mp-12957) with band gap -1.0933 eV. This note is intentionally marked for human review as outdated_or_incorrect.

[rank=3 score=25.3749 doc_id=h1ctx_0026_mpc_0009_incorrect_gap] A noisy retrieved note reports O2 (mp-2204849) with band gap -2.720399999999999 eV. This note is intentionally marked for human review as outdated_or_incorrect.",-1.277299999999999 eV,outdated_or_incorrect,,0.5,qwen_judge,"The answer is partially supported by the context, specifically by the first retrieved note which reports a band gap of -1.277299999999999 eV for O2. However, this note, along with the other two, is marked as 'outdated_or_incorrect', indicating that the information may not be reliable or accurate.",404,494,naive_context
rag_mpc_0058_incomplete_stability,materials,qwen_output,Is O2 thermodynamically stable?,"[rank=1 score=24.7444 doc_id=h1ctx_0008_mpc_0003_incorrect_gap] A noisy retrieved note reports O2 (mp-1180008) with band gap -1.277299999999999 eV. This note is intentionally marked for human review as outdated_or_incorrect.

[rank=2 score=24.7444 doc_id=h1ctx_0023_mpc_0008_incorrect_gap] A noisy retrieved note reports O2 (mp-12957) with band gap -1.0933 eV. This note is intentionally marked for human review as outdated_or_incorrect.

[rank=3 score=24.7444 doc_id=h1ctx_0026_mpc_0009_incorrect_gap] A noisy retrieved note reports O2 (mp-2204849) with band gap -2.720399999999999 eV. This note is intentionally marked for human review as outdated_or_incorrect.","The retrieved context does not provide a direct answer about the thermodynamic stability of O2. The information provided is related to the band gap, which is marked as outdated or incorrect and does not directly indicate stability.",outdated_or_incorrect,,0.5,qwen_judge,"The answer correctly states that the retrieved context does not provide a direct answer about the thermodynamic stability of O2 and that the information provided is related to the band gap, which is marked as outdated or incorrect. However, it does not fully utilize the given context to explain how band gap information, even if incorrect, might relate to or be insufficient for determining thermodynamic stability. The response is partially supported by the context but could have been more thorough in explaining the relevance (or lack thereof) of the provided data to the question.",428,543,naive_context
rag_mpc_0059_current_gap,materials,qwen_output,What is the band gap of Se?,"[rank=1 score=26.5640 doc_id=h1ctx_0134_mpc_0045_incorrect_gap] A noisy retrieved note reports Se (mp-542605) with band gap -1.390199999999999 eV. This note is intentionally marked for human review as outdated_or_incorrect.

[rank=2 score=26.5640 doc_id=h1ctx_0140_mpc_0047_incorrect_gap] A noisy retrieved note reports Se (mp-542461) with band gap -1.5703 eV. This note is intentionally marked for human review as outdated_or_incorrect.

[rank=3 score=26.5640 doc_id=h1ctx_0143_mpc_0048_incorrect_gap] A noisy retrieved note reports Se (mp-570481) with band gap -1.7696 eV. This note is intentionally marked for human review as outdated_or_incorrect.",-1.390199999999999 eV,outdated_or_incorrect,,0.0,qwen_judge,"The answer provided (-1.390199999999999 eV) is taken from a retrieved note that is explicitly marked as 'outdated_or_incorrect' and requires human review. Therefore, the answer is not supported by reliable context.",391,459,naive_context
rag_mpc_0059_incorrect_gap,materials,qwen_output,What is the band gap of Se?,"[rank=1 score=26.5640 doc_id=h1ctx_0134_mpc_0045_incorrect_gap] A noisy retrieved note reports Se (mp-542605) with band gap -1.390199999999999 eV. This note is intentionally marked for human review as outdated_or_incorrect.

[rank=2 score=26.5640 doc_id=h1ctx_0140_mpc_0047_incorrect_gap] A noisy retrieved note reports Se (mp-542461) with band gap -1.5703 eV. This note is intentionally marked for human review as outdated_or_incorrect.

[rank=3 score=26.5640 doc_id=h1ctx_0143_mpc_0048_incorrect_gap] A noisy retrieved note reports Se (mp-570481) with band gap -1.7696 eV. This note is intentionally marked for human review as outdated_or_incorrect.",-1.390199999999999 eV,outdated_or_incorrect,,0.0,qwen_judge,"The answer provided (-1.390199999999999 eV) is taken from a retrieved note that is explicitly marked as 'outdated_or_incorrect' and requires human review. Therefore, the answer is not supported by reliable context.",391,459,naive_context
rag_mpc_0059_incomplete_stability,materials,qwen_output,Is Se thermodynamically stable?,"[rank=1 score=25.9335 doc_id=h1ctx_0134_mpc_0045_incorrect_gap] A noisy retrieved note reports Se (mp-542605) with band gap -1.390199999999999 eV. This note is intentionally marked for human review as outdated_or_incorrect.

[rank=2 score=25.9335 doc_id=h1ctx_0140_mpc_0047_incorrect_gap] A noisy retrieved note reports Se (mp-542461) with band gap -1.5703 eV. This note is intentionally marked for human review as outdated_or_incorrect.

[rank=3 score=25.9335 doc_id=h1ctx_0143_mpc_0048_incorrect_gap] A noisy retrieved note reports Se (mp-570481) with band gap -1.7696 eV. This note is intentionally marked for human review as outdated_or_incorrect.",The retrieved context does not provide information about the thermodynamic stability of Se. It only provides band gap values which are marked as outdated or incorrect.,outdated_or_incorrect,,1.0,qwen_judge,"The answer correctly states that the retrieved context does not provide information about the thermodynamic stability of Se, and it only contains band gap values which are marked as outdated or incorrect. This is a faithful representation of the provided context.",399,453,naive_context
rag_mpc_0060_current_gap,materials,qwen_output,What is the band gap of Te?,"[rank=1 score=27.0055 doc_id=h1ctx_0179_mpc_0060_incorrect_gap] A noisy retrieved note reports Te (mp-19) with band gap -0.18560000000000001 eV. This note is intentionally marked for human review as outdated_or_incorrect.

[rank=2 score=27.0055 doc_id=h1ctx_0182_mpc_0061_incorrect_gap] A noisy retrieved note reports Te (mp-567313) with band gap -0.5606 eV. This note is intentionally marked for human review as outdated_or_incorrect.

[rank=3 score=25.0654 doc_id=mp_0078] Materials Project reports Te (mp-570459). Band gap: 0.0 eV. Formation energy per atom: 0.072546299999999 eV/atom. Energy above hull: 0.072546299999999 eV/atom. Stable: False.",0.0 eV,outdated_or_incorrect,,1.0,qwen_judge,"The answer provided, 0.0 eV, is directly supported by the context from the Materials Project (mp_0078) which reports the band gap of Te (mp-570459) as 0.0 eV. The other retrieved contexts are marked as outdated or incorrect and therefore not considered for this evaluation.",404,485,naive_context
rag_mpc_0060_incorrect_gap,materials,qwen_output,What is the band gap of Te?,"[rank=1 score=27.0055 doc_id=h1ctx_0179_mpc_0060_incorrect_gap] A noisy retrieved note reports Te (mp-19) with band gap -0.18560000000000001 eV. This note is intentionally marked for human review as outdated_or_incorrect.

[rank=2 score=27.0055 doc_id=h1ctx_0182_mpc_0061_incorrect_gap] A noisy retrieved note reports Te (mp-567313) with band gap -0.5606 eV. This note is intentionally marked for human review as outdated_or_incorrect.

[rank=3 score=25.0654 doc_id=mp_0078] Materials Project reports Te (mp-570459). Band gap: 0.0 eV. Formation energy per atom: 0.072546299999999 eV/atom. Energy above hull: 0.072546299999999 eV/atom. Stable: False.",0.0 eV,outdated_or_incorrect,,1.0,qwen_judge,"The answer provided, 0.0 eV, is directly supported by the context from the Materials Project (mp_0078) which reports the band gap of Te (mp-570459) as 0.0 eV. The other retrieved contexts are marked as outdated or incorrect and therefore not considered for this evaluation.",404,485,naive_context
rag_mpc_0060_incomplete_stability,materials,qwen_output,Is Te thermodynamically stable?,"[rank=1 score=26.3750 doc_id=h1ctx_0179_mpc_0060_incorrect_gap] A noisy retrieved note reports Te (mp-19) with band gap -0.18560000000000001 eV. This note is intentionally marked for human review as outdated_or_incorrect.

[rank=2 score=26.3750 doc_id=h1ctx_0182_mpc_0061_incorrect_gap] A noisy retrieved note reports Te (mp-567313) with band gap -0.5606 eV. This note is intentionally marked for human review as outdated_or_incorrect.

[rank=3 score=25.2736 doc_id=h1ctx_0180_mpc_0060_incomplete_stability] A short retrieved snippet mentions Te (mp-19) as stable, but omits formation energy, hull distance, and thermodynamic qualification.","Te is stable, but the thermodynamic qualification is omitted.",outdated_or_incorrect,,0.5,qwen_judge,"The answer claims that Te is stable, which is partially supported by the context as one of the retrieved snippets mentions Te (mp-19) as stable. However, the thermodynamic qualification is indeed omitted in the context, making the claim about stability not fully grounded. The context does not provide a complete picture regarding the thermodynamic stability of Te, such as formation energy and hull distance.",365,454,naive_context
rag_mpc_0061_current_gap,materials,qwen_output,What is the band gap of Te?,"[rank=1 score=27.0055 doc_id=h1ctx_0179_mpc_0060_incorrect_gap] A noisy retrieved note reports Te (mp-19) with band gap -0.18560000000000001 eV. This note is intentionally marked for human review as outdated_or_incorrect.

[rank=2 score=27.0055 doc_id=h1ctx_0182_mpc_0061_incorrect_gap] A noisy retrieved note reports Te (mp-567313) with band gap -0.5606 eV. This note is intentionally marked for human review as outdated_or_incorrect.

[rank=3 score=25.0654 doc_id=mp_0078] Materials Project reports Te (mp-570459). Band gap: 0.0 eV. Formation energy per atom: 0.072546299999999 eV/atom. Energy above hull: 0.072546299999999 eV/atom. Stable: False.",0.0 eV,outdated_or_incorrect,,1.0,qwen_judge,"The answer provided, 0.0 eV, is directly supported by the context from the Materials Project (mp_0078) which reports the band gap of Te (mp-570459) as 0.0 eV. The other retrieved contexts are marked as outdated or incorrect and therefore not considered for this evaluation.",404,485,naive_context
rag_mpc_0061_incorrect_gap,materials,qwen_output,What is the band gap of Te?,"[rank=1 score=27.0055 doc_id=h1ctx_0179_mpc_0060_incorrect_gap] A noisy retrieved note reports Te (mp-19) with band gap -0.18560000000000001 eV. This note is intentionally marked for human review as outdated_or_incorrect.

[rank=2 score=27.0055 doc_id=h1ctx_0182_mpc_0061_incorrect_gap] A noisy retrieved note reports Te (mp-567313) with band gap -0.5606 eV. This note is intentionally marked for human review as outdated_or_incorrect.

[rank=3 score=25.0654 doc_id=mp_0078] Materials Project reports Te (mp-570459). Band gap: 0.0 eV. Formation energy per atom: 0.072546299999999 eV/atom. Energy above hull: 0.072546299999999 eV/atom. Stable: False.",0.0 eV,outdated_or_incorrect,,1.0,qwen_judge,"The answer provided, 0.0 eV, is directly supported by the context from the Materials Project (mp_0078) which reports the band gap of Te (mp-570459) as 0.0 eV. The other retrieved contexts are marked as outdated or incorrect and therefore not considered for this evaluation.",404,485,naive_context
rag_mpc_0061_incomplete_stability,materials,qwen_output,Is Te thermodynamically stable?,"[rank=1 score=26.3750 doc_id=h1ctx_0179_mpc_0060_incorrect_gap] A noisy retrieved note reports Te (mp-19) with band gap -0.18560000000000001 eV. This note is intentionally marked for human review as outdated_or_incorrect.

[rank=2 score=26.3750 doc_id=h1ctx_0182_mpc_0061_incorrect_gap] A noisy retrieved note reports Te (mp-567313) with band gap -0.5606 eV. This note is intentionally marked for human review as outdated_or_incorrect.

[rank=3 score=25.2736 doc_id=h1ctx_0180_mpc_0060_incomplete_stability] A short retrieved snippet mentions Te (mp-19) as stable, but omits formation energy, hull distance, and thermodynamic qualification.","Te is stable, but the thermodynamic qualification is omitted.",outdated_or_incorrect,,0.5,qwen_judge,"The answer claims that Te is stable, which is partially supported by the context as one of the retrieved snippets mentions Te (mp-19) as stable. However, the thermodynamic qualification is indeed omitted in the context, making the claim about stability not fully grounded. The context does not provide a complete picture regarding the thermodynamic stability of Te, such as formation energy and hull distance.",365,454,naive_context
rag_mpc_0062_current_gap,materials,qwen_output,What is the band gap of S?,"[rank=1 score=25.2867 doc_id=h1ctx_0068_mpc_0023_incorrect_gap] A noisy retrieved note reports S (mp-96) with band gap -2.748 eV. This note is intentionally marked for human review as outdated_or_incorrect.

[rank=2 score=25.2867 doc_id=h1ctx_0116_mpc_0039_incorrect_gap] A noisy retrieved note reports S (mp-556269) with band gap -2.3783 eV. This note is intentionally marked for human review as outdated_or_incorrect.

[rank=3 score=25.2867 doc_id=h1ctx_0119_mpc_0040_incorrect_gap] A noisy retrieved note reports S (mp-557559) with band gap -2.496299999999999 eV. This note is intentionally marked for human review as outdated_or_incorrect.",-2.748 eV,outdated_or_incorrect,,0.0,qwen_judge,"The answer provided, -2.748 eV, is taken from a retrieved note that is explicitly marked as outdated_or_incorrect and requires human review. Since the context indicates that this information is not reliable, the answer cannot be considered supported by the given context.",371,439,naive_context
rag_mpc_0062_incorrect_gap,materials,qwen_output,What is the band gap of S?,"[rank=1 score=25.2867 doc_id=h1ctx_0068_mpc_0023_incorrect_gap] A noisy retrieved note reports S (mp-96) with band gap -2.748 eV. This note is intentionally marked for human review as outdated_or_incorrect.

[rank=2 score=25.2867 doc_id=h1ctx_0116_mpc_0039_incorrect_gap] A noisy retrieved note reports S (mp-556269) with band gap -2.3783 eV. This note is intentionally marked for human review as outdated_or_incorrect.

[rank=3 score=25.2867 doc_id=h1ctx_0119_mpc_0040_incorrect_gap] A noisy retrieved note reports S (mp-557559) with band gap -2.496299999999999 eV. This note is intentionally marked for human review as outdated_or_incorrect.",-2.748 eV,outdated_or_incorrect,,0.0,qwen_judge,"The answer provided, -2.748 eV, is taken from a retrieved note that is explicitly marked as outdated_or_incorrect and requires human review. Since the context indicates that this information is not reliable, the answer cannot be considered supported by the given context.",371,439,naive_context
rag_mpc_0062_incomplete_stability,materials,qwen_output,Is S thermodynamically stable?,"[rank=1 score=24.6562 doc_id=h1ctx_0068_mpc_0023_incorrect_gap] A noisy retrieved note reports S (mp-96) with band gap -2.748 eV. This note is intentionally marked for human review as outdated_or_incorrect.

[rank=2 score=24.6562 doc_id=h1ctx_0116_mpc_0039_incorrect_gap] A noisy retrieved note reports S (mp-556269) with band gap -2.3783 eV. This note is intentionally marked for human review as outdated_or_incorrect.

[rank=3 score=24.6562 doc_id=h1ctx_0119_mpc_0040_incorrect_gap] A noisy retrieved note reports S (mp-557559) with band gap -2.496299999999999 eV. This note is intentionally marked for human review as outdated_or_incorrect.","The retrieved context does not provide information about the thermodynamic stability of S, only about its band gap values.",outdated_or_incorrect,,1.0,qwen_judge,"The answer correctly states that the provided context does not contain information about the thermodynamic stability of S, but only about its band gap values. This is an accurate representation of the given context.",387,434,naive_context
rag_mpc_0063_current_gap,materials,qwen_output,What is the band gap of O2?,"[rank=1 score=25.3749 doc_id=h1ctx_0008_mpc_0003_incorrect_gap] A noisy retrieved note reports O2 (mp-1180008) with band gap -1.277299999999999 eV. This note is intentionally marked for human review as outdated_or_incorrect.

[rank=2 score=25.3749 doc_id=h1ctx_0023_mpc_0008_incorrect_gap] A noisy retrieved note reports O2 (mp-12957) with band gap -1.0933 eV. This note is intentionally marked for human review as outdated_or_incorrect.

[rank=3 score=25.3749 doc_id=h1ctx_0026_mpc_0009_incorrect_gap] A noisy retrieved note reports O2 (mp-2204849) with band gap -2.720399999999999 eV. This note is intentionally marked for human review as outdated_or_incorrect.",-1.277299999999999 eV,outdated_or_incorrect,,0.5,qwen_judge,"The answer is partially supported by the context, specifically by the first retrieved note which reports a band gap of -1.277299999999999 eV for O2. However, this note, along with the other two, is marked as 'outdated_or_incorrect', indicating that the information may not be reliable or accurate.",404,494,naive_context
rag_mpc_0063_incorrect_gap,materials,qwen_output,What is the band gap of O2?,"[rank=1 score=25.3749 doc_id=h1ctx_0008_mpc_0003_incorrect_gap] A noisy retrieved note reports O2 (mp-1180008) with band gap -1.277299999999999 eV. This note is intentionally marked for human review as outdated_or_incorrect.

[rank=2 score=25.3749 doc_id=h1ctx_0023_mpc_0008_incorrect_gap] A noisy retrieved note reports O2 (mp-12957) with band gap -1.0933 eV. This note is intentionally marked for human review as outdated_or_incorrect.

[rank=3 score=25.3749 doc_id=h1ctx_0026_mpc_0009_incorrect_gap] A noisy retrieved note reports O2 (mp-2204849) with band gap -2.720399999999999 eV. This note is intentionally marked for human review as outdated_or_incorrect.",-1.277299999999999 eV,outdated_or_incorrect,,0.5,qwen_judge,"The answer is partially supported by the context, specifically by the first retrieved note which reports a band gap of -1.277299999999999 eV for O2. However, this note, along with the other two, is marked as 'outdated_or_incorrect', indicating that the information may not be reliable or accurate.",404,494,naive_context
rag_mpc_0063_incomplete_stability,materials,qwen_output,Is O2 thermodynamically stable?,"[rank=1 score=24.7444 doc_id=h1ctx_0008_mpc_0003_incorrect_gap] A noisy retrieved note reports O2 (mp-1180008) with band gap -1.277299999999999 eV. This note is intentionally marked for human review as outdated_or_incorrect.

[rank=2 score=24.7444 doc_id=h1ctx_0023_mpc_0008_incorrect_gap] A noisy retrieved note reports O2 (mp-12957) with band gap -1.0933 eV. This note is intentionally marked for human review as outdated_or_incorrect.

[rank=3 score=24.7444 doc_id=h1ctx_0026_mpc_0009_incorrect_gap] A noisy retrieved note reports O2 (mp-2204849) with band gap -2.720399999999999 eV. This note is intentionally marked for human review as outdated_or_incorrect.","The retrieved context does not provide a direct answer about the thermodynamic stability of O2. The information provided is related to the band gap, which is marked as outdated or incorrect and does not directly indicate stability.",outdated_or_incorrect,,0.5,qwen_judge,"The answer correctly states that the retrieved context does not provide a direct answer about the thermodynamic stability of O2 and that the information provided is related to the band gap, which is marked as outdated or incorrect. However, it does not fully utilize the given context to explain how band gap information, even if incorrect, might relate to or be insufficient for determining thermodynamic stability. The response is partially supported by the context but could have been more thorough in explaining the relevance (or lack thereof) of the provided data to the question.",428,543,naive_context
rag_mpc_0064_current_gap,materials,qwen_output,What is the band gap of O2?,"[rank=1 score=25.3749 doc_id=h1ctx_0008_mpc_0003_incorrect_gap] A noisy retrieved note reports O2 (mp-1180008) with band gap -1.277299999999999 eV. This note is intentionally marked for human review as outdated_or_incorrect.

[rank=2 score=25.3749 doc_id=h1ctx_0023_mpc_0008_incorrect_gap] A noisy retrieved note reports O2 (mp-12957) with band gap -1.0933 eV. This note is intentionally marked for human review as outdated_or_incorrect.

[rank=3 score=25.3749 doc_id=h1ctx_0026_mpc_0009_incorrect_gap] A noisy retrieved note reports O2 (mp-2204849) with band gap -2.720399999999999 eV. This note is intentionally marked for human review as outdated_or_incorrect.",-1.277299999999999 eV,outdated_or_incorrect,,0.5,qwen_judge,"The answer is partially supported by the context, specifically by the first retrieved note which reports a band gap of -1.277299999999999 eV for O2. However, this note, along with the other two, is marked as 'outdated_or_incorrect', indicating that the information may not be reliable or accurate.",404,494,naive_context
rag_mpc_0064_incorrect_gap,materials,qwen_output,What is the band gap of O2?,"[rank=1 score=25.3749 doc_id=h1ctx_0008_mpc_0003_incorrect_gap] A noisy retrieved note reports O2 (mp-1180008) with band gap -1.277299999999999 eV. This note is intentionally marked for human review as outdated_or_incorrect.

[rank=2 score=25.3749 doc_id=h1ctx_0023_mpc_0008_incorrect_gap] A noisy retrieved note reports O2 (mp-12957) with band gap -1.0933 eV. This note is intentionally marked for human review as outdated_or_incorrect.

[rank=3 score=25.3749 doc_id=h1ctx_0026_mpc_0009_incorrect_gap] A noisy retrieved note reports O2 (mp-2204849) with band gap -2.720399999999999 eV. This note is intentionally marked for human review as outdated_or_incorrect.",-1.277299999999999 eV,outdated_or_incorrect,,0.5,qwen_judge,"The answer is partially supported by the context, specifically by the first retrieved note which reports a band gap of -1.277299999999999 eV for O2. However, this note, along with the other two, is marked as 'outdated_or_incorrect', indicating that the information may not be reliable or accurate.",404,494,naive_context
rag_mpc_0064_incomplete_stability,materials,qwen_output,Is O2 thermodynamically stable?,"[rank=1 score=24.7444 doc_id=h1ctx_0008_mpc_0003_incorrect_gap] A noisy retrieved note reports O2 (mp-1180008) with band gap -1.277299999999999 eV. This note is intentionally marked for human review as outdated_or_incorrect.

[rank=2 score=24.7444 doc_id=h1ctx_0023_mpc_0008_incorrect_gap] A noisy retrieved note reports O2 (mp-12957) with band gap -1.0933 eV. This note is intentionally marked for human review as outdated_or_incorrect.

[rank=3 score=24.7444 doc_id=h1ctx_0026_mpc_0009_incorrect_gap] A noisy retrieved note reports O2 (mp-2204849) with band gap -2.720399999999999 eV. This note is intentionally marked for human review as outdated_or_incorrect.","The retrieved context does not provide a direct answer about the thermodynamic stability of O2. The information provided is related to the band gap, which is marked as outdated or incorrect and does not directly indicate stability.",outdated_or_incorrect,,0.5,qwen_judge,"The answer correctly states that the retrieved context does not provide a direct answer about the thermodynamic stability of O2 and that the information provided is related to the band gap, which is marked as outdated or incorrect. However, it does not fully utilize the given context to explain how band gap information, even if incorrect, might relate to or be insufficient for determining thermodynamic stability. The response is partially supported by the context but could have been more thorough in explaining the relevance (or lack thereof) of the provided data to the question.",428,543,naive_context
rag_mpc_0065_current_gap,materials,qwen_output,What is the band gap of Si?,"[rank=1 score=25.8113 doc_id=h1ctx_0050_mpc_0017_incorrect_gap] A noisy retrieved note reports Si (mp-1079297) with band gap -0.2735 eV. This note is intentionally marked for human review as outdated_or_incorrect.

[rank=2 score=25.8113 doc_id=h1ctx_0080_mpc_0027_incorrect_gap] A noisy retrieved note reports Si (mp-1204046) with band gap -0.15080000000000002 eV. This note is intentionally marked for human review as outdated_or_incorrect.

[rank=3 score=25.8113 doc_id=h1ctx_0113_mpc_0038_incorrect_gap] A noisy retrieved note reports Si (mp-999200) with band gap -0.439799999999999 eV. This note is intentionally marked for human review as outdated_or_incorrect.",-0.2735 eV,outdated_or_incorrect,,0.5,qwen_judge,"The answer of -0.2735 eV is directly taken from one of the retrieved contexts, which reports Si (mp-1079297) with a band gap of -0.2735 eV. However, this context is marked as 'outdated_or_incorrect', indicating that the information might not be reliable or accurate. Therefore, while the value is present in the context, it is also flagged as potentially incorrect, leading to a partial support score.",392,507,naive_context
rag_mpc_0065_incorrect_gap,materials,qwen_output,What is the band gap of Si?,"[rank=1 score=25.8113 doc_id=h1ctx_0050_mpc_0017_incorrect_gap] A noisy retrieved note reports Si (mp-1079297) with band gap -0.2735 eV. This note is intentionally marked for human review as outdated_or_incorrect.

[rank=2 score=25.8113 doc_id=h1ctx_0080_mpc_0027_incorrect_gap] A noisy retrieved note reports Si (mp-1204046) with band gap -0.15080000000000002 eV. This note is intentionally marked for human review as outdated_or_incorrect.

[rank=3 score=25.8113 doc_id=h1ctx_0113_mpc_0038_incorrect_gap] A noisy retrieved note reports Si (mp-999200) with band gap -0.439799999999999 eV. This note is intentionally marked for human review as outdated_or_incorrect.",-0.2735 eV,outdated_or_incorrect,,0.5,qwen_judge,"The answer of -0.2735 eV is directly taken from one of the retrieved contexts, which reports Si (mp-1079297) with a band gap of -0.2735 eV. However, this context is marked as 'outdated_or_incorrect', indicating that the information might not be reliable or accurate. Therefore, while the value is present in the context, it is also flagged as potentially incorrect, leading to a partial support score.",392,507,naive_context
rag_mpc_0065_incomplete_stability,materials,qwen_output,Is Si thermodynamically stable?,"[rank=1 score=25.1808 doc_id=h1ctx_0050_mpc_0017_incorrect_gap] A noisy retrieved note reports Si (mp-1079297) with band gap -0.2735 eV. This note is intentionally marked for human review as outdated_or_incorrect.

[rank=2 score=25.1808 doc_id=h1ctx_0080_mpc_0027_incorrect_gap] A noisy retrieved note reports Si (mp-1204046) with band gap -0.15080000000000002 eV. This note is intentionally marked for human review as outdated_or_incorrect.

[rank=3 score=25.1808 doc_id=h1ctx_0113_mpc_0038_incorrect_gap] A noisy retrieved note reports Si (mp-999200) with band gap -0.439799999999999 eV. This note is intentionally marked for human review as outdated_or_incorrect.","The retrieved context does not provide information on the thermodynamic stability of Si. It only provides data on the band gap, which is marked as outdated or incorrect.",outdated_or_incorrect,,1.0,qwen_judge,"The answer accurately reflects that the provided context does not contain information about the thermodynamic stability of Si, and it correctly points out that the data on the band gap is marked as outdated or incorrect. The response is fully aligned with the content of the retrieved context.",417,478,naive_context
rag_mpc_0066_current_gap,materials,qwen_output,What is the band gap of B?,"[rank=1 score=26.7646 doc_id=h1ctx_0071_mpc_0024_incorrect_gap] A noisy retrieved note reports B (mp-729184) with band gap -0.5081 eV. This note is intentionally marked for human review as outdated_or_incorrect.

[rank=2 score=26.7646 doc_id=h1ctx_0197_mpc_0066_incorrect_gap] A noisy retrieved note reports B (mp-160) with band gap -1.433399999999999 eV. This note is intentionally marked for human review as outdated_or_incorrect.

[rank=3 score=24.8278 doc_id=mp_0036] Materials Project reports B (mp-632401). Band gap: 0.0 eV. Formation energy per atom: 0.291535708333333 eV/atom. Energy above hull: 0.291535708333333 eV/atom. Stable: False.",0.0 eV,outdated_or_incorrect,,1.0,qwen_judge,"The answer provided, 0.0 eV, is directly supported by the context from the Materials Project report (mp-632401) which states 'Band gap: 0.0 eV' for B.",403,460,naive_context
rag_mpc_0066_incorrect_gap,materials,qwen_output,What is the band gap of B?,"[rank=1 score=26.7646 doc_id=h1ctx_0071_mpc_0024_incorrect_gap] A noisy retrieved note reports B (mp-729184) with band gap -0.5081 eV. This note is intentionally marked for human review as outdated_or_incorrect.

[rank=2 score=26.7646 doc_id=h1ctx_0197_mpc_0066_incorrect_gap] A noisy retrieved note reports B (mp-160) with band gap -1.433399999999999 eV. This note is intentionally marked for human review as outdated_or_incorrect.

[rank=3 score=24.8278 doc_id=mp_0036] Materials Project reports B (mp-632401). Band gap: 0.0 eV. Formation energy per atom: 0.291535708333333 eV/atom. Energy above hull: 0.291535708333333 eV/atom. Stable: False.",0.0 eV,outdated_or_incorrect,,1.0,qwen_judge,"The answer provided, 0.0 eV, is directly supported by the context from the Materials Project report (mp-632401) which states 'Band gap: 0.0 eV' for B.",403,460,naive_context
rag_mpc_0066_incomplete_stability,materials,qwen_output,Is B thermodynamically stable?,"[rank=1 score=26.1341 doc_id=h1ctx_0071_mpc_0024_incorrect_gap] A noisy retrieved note reports B (mp-729184) with band gap -0.5081 eV. This note is intentionally marked for human review as outdated_or_incorrect.

[rank=2 score=26.1341 doc_id=h1ctx_0197_mpc_0066_incorrect_gap] A noisy retrieved note reports B (mp-160) with band gap -1.433399999999999 eV. This note is intentionally marked for human review as outdated_or_incorrect.

[rank=3 score=25.0103 doc_id=h1ctx_0072_mpc_0024_incomplete_stability] A short retrieved snippet mentions B (mp-729184) as stable, but omits formation energy, hull distance, and thermodynamic qualification.","B (mp-729184) is stable, but the thermodynamic qualification is omitted.",outdated_or_incorrect,,0.5,qwen_judge,"The answer states that B (mp-729184) is stable, which is supported by the context. However, the context specifically mentions that the thermodynamic qualification is omitted, which means the full thermodynamic stability information is not provided. Therefore, while the claim of stability is present, the omission of the thermodynamic qualification makes the answer only partially supported.",380,464,naive_context
rag_mpc_0067_current_gap,materials,qwen_output,What is the band gap of Xe?,"[rank=1 score=27.4274 doc_id=h1ctx_0200_mpc_0067_incorrect_gap] A noisy retrieved note reports Xe (mp-1187769) with band gap -6.2294 eV. This note is intentionally marked for human review as outdated_or_incorrect.

[rank=2 score=27.4274 doc_id=h1ctx_0230_mpc_0077_incorrect_gap] A noisy retrieved note reports Xe (mp-972256) with band gap -6.1673 eV. This note is intentionally marked for human review as outdated_or_incorrect.

[rank=3 score=27.4274 doc_id=h1ctx_0233_mpc_0078_incorrect_gap] A noisy retrieved note reports Xe (mp-979286) with band gap -6.1713000000000005 eV. This note is intentionally marked for human review as outdated_or_incorrect.",-6.2294 eV,outdated_or_incorrect,,0.0,qwen_judge,"The answer provided, -6.2294 eV, is taken from a context that is explicitly marked as outdated or incorrect. Therefore, the information used to form the answer is not considered reliable or valid based on the given context.",386,445,naive_context
rag_mpc_0067_incorrect_gap,materials,qwen_output,What is the band gap of Xe?,"[rank=1 score=27.4274 doc_id=h1ctx_0200_mpc_0067_incorrect_gap] A noisy retrieved note reports Xe (mp-1187769) with band gap -6.2294 eV. This note is intentionally marked for human review as outdated_or_incorrect.

[rank=2 score=27.4274 doc_id=h1ctx_0230_mpc_0077_incorrect_gap] A noisy retrieved note reports Xe (mp-972256) with band gap -6.1673 eV. This note is intentionally marked for human review as outdated_or_incorrect.

[rank=3 score=27.4274 doc_id=h1ctx_0233_mpc_0078_incorrect_gap] A noisy retrieved note reports Xe (mp-979286) with band gap -6.1713000000000005 eV. This note is intentionally marked for human review as outdated_or_incorrect.",-6.2294 eV,outdated_or_incorrect,,0.0,qwen_judge,"The answer provided, -6.2294 eV, is taken from a context that is explicitly marked as outdated or incorrect. Therefore, the information used to form the answer is not considered reliable or valid based on the given context.",386,445,naive_context
rag_mpc_0067_incomplete_stability,materials,qwen_output,Is Xe thermodynamically stable?,"[rank=1 score=26.7969 doc_id=h1ctx_0200_mpc_0067_incorrect_gap] A noisy retrieved note reports Xe (mp-1187769) with band gap -6.2294 eV. This note is intentionally marked for human review as outdated_or_incorrect.

[rank=2 score=26.7969 doc_id=h1ctx_0230_mpc_0077_incorrect_gap] A noisy retrieved note reports Xe (mp-972256) with band gap -6.1673 eV. This note is intentionally marked for human review as outdated_or_incorrect.

[rank=3 score=26.7969 doc_id=h1ctx_0233_mpc_0078_incorrect_gap] A noisy retrieved note reports Xe (mp-979286) with band gap -6.1713000000000005 eV. This note is intentionally marked for human review as outdated_or_incorrect.","The retrieved context does not provide information on the thermodynamic stability of Xe, only data about its band gap which is marked as outdated or incorrect.",outdated_or_incorrect,,1.0,qwen_judge,"The answer correctly states that the provided context does not contain information regarding the thermodynamic stability of Xe, and it notes that the band gap data given is marked as outdated or incorrect. There are no unsupported claims made in the answer.",406,462,naive_context
rag_mpc_0068_current_gap,materials,qwen_output,What is the band gap of C?,"[rank=1 score=24.9072 doc_id=h1ctx_0002_mpc_0001_incorrect_gap] A noisy retrieved note reports C (mp-1197903) with band gap -0.07970000000000001 eV. This note is intentionally marked for human review as outdated_or_incorrect.

[rank=2 score=24.9072 doc_id=h1ctx_0005_mpc_0002_incorrect_gap] A noisy retrieved note reports C (mp-1244964) with band gap -0.0724 eV. This note is intentionally marked for human review as outdated_or_incorrect.

[rank=3 score=24.9072 doc_id=h1ctx_0011_mpc_0004_incorrect_gap] A noisy retrieved note reports C (mp-1244913) with band gap -0.10600000000000001 eV. This note is intentionally marked for human review as outdated_or_incorrect.",-0.07970000000000001 eV,outdated_or_incorrect,,0.0,qwen_judge,"The answer provided (-0.07970000000000001 eV) is based on a retrieved context that is explicitly marked as 'outdated_or_incorrect' and requires human review. Since the source of the information is not reliable, the answer cannot be considered supported by the context.",411,490,naive_context
rag_mpc_0068_incorrect_gap,materials,qwen_output,What is the band gap of C?,"[rank=1 score=24.9072 doc_id=h1ctx_0002_mpc_0001_incorrect_gap] A noisy retrieved note reports C (mp-1197903) with band gap -0.07970000000000001 eV. This note is intentionally marked for human review as outdated_or_incorrect.

[rank=2 score=24.9072 doc_id=h1ctx_0005_mpc_0002_incorrect_gap] A noisy retrieved note reports C (mp-1244964) with band gap -0.0724 eV. This note is intentionally marked for human review as outdated_or_incorrect.

[rank=3 score=24.9072 doc_id=h1ctx_0011_mpc_0004_incorrect_gap] A noisy retrieved note reports C (mp-1244913) with band gap -0.10600000000000001 eV. This note is intentionally marked for human review as outdated_or_incorrect.",-0.07970000000000001 eV,outdated_or_incorrect,,0.0,qwen_judge,"The answer provided (-0.07970000000000001 eV) is based on a retrieved context that is explicitly marked as 'outdated_or_incorrect' and requires human review. Since the source of the information is not reliable, the answer cannot be considered supported by the context.",411,490,naive_context
rag_mpc_0068_incomplete_stability,materials,qwen_output,Is C thermodynamically stable?,"[rank=1 score=24.2768 doc_id=h1ctx_0002_mpc_0001_incorrect_gap] A noisy retrieved note reports C (mp-1197903) with band gap -0.07970000000000001 eV. This note is intentionally marked for human review as outdated_or_incorrect.

[rank=2 score=24.2768 doc_id=h1ctx_0005_mpc_0002_incorrect_gap] A noisy retrieved note reports C (mp-1244964) with band gap -0.0724 eV. This note is intentionally marked for human review as outdated_or_incorrect.

[rank=3 score=24.2768 doc_id=h1ctx_0011_mpc_0004_incorrect_gap] A noisy retrieved note reports C (mp-1244913) with band gap -0.10600000000000001 eV. This note is intentionally marked for human review as outdated_or_incorrect.","The retrieved context does not provide a direct answer to the thermodynamic stability of C. The information provided is about the band gap, which is negative for all reported cases, but this alone does not determine thermodynamic stability.",outdated_or_incorrect,,0.5,qwen_judge,"The answer correctly points out that the provided context does not directly address the thermodynamic stability of C and instead provides information about the band gap. However, it does not fully utilize the context to explain why the negative band gaps do not necessarily imply instability, which could have been a more complete response based on the given information.",432,505,naive_context
rag_mpc_0069_current_gap,materials,qwen_output,What is the band gap of C?,"[rank=1 score=24.9072 doc_id=h1ctx_0002_mpc_0001_incorrect_gap] A noisy retrieved note reports C (mp-1197903) with band gap -0.07970000000000001 eV. This note is intentionally marked for human review as outdated_or_incorrect.

[rank=2 score=24.9072 doc_id=h1ctx_0005_mpc_0002_incorrect_gap] A noisy retrieved note reports C (mp-1244964) with band gap -0.0724 eV. This note is intentionally marked for human review as outdated_or_incorrect.

[rank=3 score=24.9072 doc_id=h1ctx_0011_mpc_0004_incorrect_gap] A noisy retrieved note reports C (mp-1244913) with band gap -0.10600000000000001 eV. This note is intentionally marked for human review as outdated_or_incorrect.",-0.07970000000000001 eV,outdated_or_incorrect,,0.0,qwen_judge,"The answer provided (-0.07970000000000001 eV) is based on a retrieved context that is explicitly marked as 'outdated_or_incorrect' and requires human review. Since the source of the information is not reliable, the answer cannot be considered supported by the context.",411,490,naive_context
rag_mpc_0069_incorrect_gap,materials,qwen_output,What is the band gap of C?,"[rank=1 score=24.9072 doc_id=h1ctx_0002_mpc_0001_incorrect_gap] A noisy retrieved note reports C (mp-1197903) with band gap -0.07970000000000001 eV. This note is intentionally marked for human review as outdated_or_incorrect.

[rank=2 score=24.9072 doc_id=h1ctx_0005_mpc_0002_incorrect_gap] A noisy retrieved note reports C (mp-1244964) with band gap -0.0724 eV. This note is intentionally marked for human review as outdated_or_incorrect.

[rank=3 score=24.9072 doc_id=h1ctx_0011_mpc_0004_incorrect_gap] A noisy retrieved note reports C (mp-1244913) with band gap -0.10600000000000001 eV. This note is intentionally marked for human review as outdated_or_incorrect.",-0.07970000000000001 eV,outdated_or_incorrect,,0.0,qwen_judge,"The answer provided (-0.07970000000000001 eV) is based on a retrieved context that is explicitly marked as 'outdated_or_incorrect' and requires human review. Since the source of the information is not reliable, the answer cannot be considered supported by the context.",411,490,naive_context
rag_mpc_0069_incomplete_stability,materials,qwen_output,Is C thermodynamically stable?,"[rank=1 score=24.2768 doc_id=h1ctx_0002_mpc_0001_incorrect_gap] A noisy retrieved note reports C (mp-1197903) with band gap -0.07970000000000001 eV. This note is intentionally marked for human review as outdated_or_incorrect.

[rank=2 score=24.2768 doc_id=h1ctx_0005_mpc_0002_incorrect_gap] A noisy retrieved note reports C (mp-1244964) with band gap -0.0724 eV. This note is intentionally marked for human review as outdated_or_incorrect.

[rank=3 score=24.2768 doc_id=h1ctx_0011_mpc_0004_incorrect_gap] A noisy retrieved note reports C (mp-1244913) with band gap -0.10600000000000001 eV. This note is intentionally marked for human review as outdated_or_incorrect.","The retrieved context does not provide a direct answer to the thermodynamic stability of C. The information provided is about the band gap, which is negative for all reported cases, but this alone does not determine thermodynamic stability.",outdated_or_incorrect,,0.5,qwen_judge,"The answer correctly points out that the provided context does not directly address the thermodynamic stability of C and instead provides information about the band gap. However, it does not fully utilize the context to explain why the negative band gaps do not necessarily imply instability, which could have been a more complete response based on the given information.",432,505,naive_context
rag_mpc_0070_current_gap,materials,qwen_output,What is the band gap of C?,"[rank=1 score=24.9072 doc_id=h1ctx_0002_mpc_0001_incorrect_gap] A noisy retrieved note reports C (mp-1197903) with band gap -0.07970000000000001 eV. This note is intentionally marked for human review as outdated_or_incorrect.

[rank=2 score=24.9072 doc_id=h1ctx_0005_mpc_0002_incorrect_gap] A noisy retrieved note reports C (mp-1244964) with band gap -0.0724 eV. This note is intentionally marked for human review as outdated_or_incorrect.

[rank=3 score=24.9072 doc_id=h1ctx_0011_mpc_0004_incorrect_gap] A noisy retrieved note reports C (mp-1244913) with band gap -0.10600000000000001 eV. This note is intentionally marked for human review as outdated_or_incorrect.",-0.07970000000000001 eV,outdated_or_incorrect,,0.0,qwen_judge,"The answer provided (-0.07970000000000001 eV) is based on a retrieved context that is explicitly marked as 'outdated_or_incorrect' and requires human review. Since the source of the information is not reliable, the answer cannot be considered supported by the context.",411,490,naive_context
rag_mpc_0070_incorrect_gap,materials,qwen_output,What is the band gap of C?,"[rank=1 score=24.9072 doc_id=h1ctx_0002_mpc_0001_incorrect_gap] A noisy retrieved note reports C (mp-1197903) with band gap -0.07970000000000001 eV. This note is intentionally marked for human review as outdated_or_incorrect.

[rank=2 score=24.9072 doc_id=h1ctx_0005_mpc_0002_incorrect_gap] A noisy retrieved note reports C (mp-1244964) with band gap -0.0724 eV. This note is intentionally marked for human review as outdated_or_incorrect.

[rank=3 score=24.9072 doc_id=h1ctx_0011_mpc_0004_incorrect_gap] A noisy retrieved note reports C (mp-1244913) with band gap -0.10600000000000001 eV. This note is intentionally marked for human review as outdated_or_incorrect.",-0.07970000000000001 eV,outdated_or_incorrect,,0.0,qwen_judge,"The answer provided (-0.07970000000000001 eV) is based on a retrieved context that is explicitly marked as 'outdated_or_incorrect' and requires human review. Since the source of the information is not reliable, the answer cannot be considered supported by the context.",411,490,naive_context
rag_mpc_0070_incomplete_stability,materials,qwen_output,Is C thermodynamically stable?,"[rank=1 score=24.2768 doc_id=h1ctx_0002_mpc_0001_incorrect_gap] A noisy retrieved note reports C (mp-1197903) with band gap -0.07970000000000001 eV. This note is intentionally marked for human review as outdated_or_incorrect.

[rank=2 score=24.2768 doc_id=h1ctx_0005_mpc_0002_incorrect_gap] A noisy retrieved note reports C (mp-1244964) with band gap -0.0724 eV. This note is intentionally marked for human review as outdated_or_incorrect.

[rank=3 score=24.2768 doc_id=h1ctx_0011_mpc_0004_incorrect_gap] A noisy retrieved note reports C (mp-1244913) with band gap -0.10600000000000001 eV. This note is intentionally marked for human review as outdated_or_incorrect.","The retrieved context does not provide a direct answer to the thermodynamic stability of C. The information provided is about the band gap, which is negative for all reported cases, but this alone does not determine thermodynamic stability.",outdated_or_incorrect,,0.5,qwen_judge,"The answer correctly points out that the provided context does not directly address the thermodynamic stability of C and instead provides information about the band gap. However, it does not fully utilize the context to explain why the negative band gaps do not necessarily imply instability, which could have been a more complete response based on the given information.",432,505,naive_context
rag_mpc_0071_current_gap,materials,qwen_output,What is the band gap of C?,"[rank=1 score=24.9072 doc_id=h1ctx_0002_mpc_0001_incorrect_gap] A noisy retrieved note reports C (mp-1197903) with band gap -0.07970000000000001 eV. This note is intentionally marked for human review as outdated_or_incorrect.

[rank=2 score=24.9072 doc_id=h1ctx_0005_mpc_0002_incorrect_gap] A noisy retrieved note reports C (mp-1244964) with band gap -0.0724 eV. This note is intentionally marked for human review as outdated_or_incorrect.

[rank=3 score=24.9072 doc_id=h1ctx_0011_mpc_0004_incorrect_gap] A noisy retrieved note reports C (mp-1244913) with band gap -0.10600000000000001 eV. This note is intentionally marked for human review as outdated_or_incorrect.",-0.07970000000000001 eV,outdated_or_incorrect,,0.0,qwen_judge,"The answer provided (-0.07970000000000001 eV) is based on a retrieved context that is explicitly marked as 'outdated_or_incorrect' and requires human review. Since the source of the information is not reliable, the answer cannot be considered supported by the context.",411,490,naive_context
rag_mpc_0071_incorrect_gap,materials,qwen_output,What is the band gap of C?,"[rank=1 score=24.9072 doc_id=h1ctx_0002_mpc_0001_incorrect_gap] A noisy retrieved note reports C (mp-1197903) with band gap -0.07970000000000001 eV. This note is intentionally marked for human review as outdated_or_incorrect.

[rank=2 score=24.9072 doc_id=h1ctx_0005_mpc_0002_incorrect_gap] A noisy retrieved note reports C (mp-1244964) with band gap -0.0724 eV. This note is intentionally marked for human review as outdated_or_incorrect.

[rank=3 score=24.9072 doc_id=h1ctx_0011_mpc_0004_incorrect_gap] A noisy retrieved note reports C (mp-1244913) with band gap -0.10600000000000001 eV. This note is intentionally marked for human review as outdated_or_incorrect.",-0.07970000000000001 eV,outdated_or_incorrect,,0.0,qwen_judge,"The answer provided (-0.07970000000000001 eV) is based on a retrieved context that is explicitly marked as 'outdated_or_incorrect' and requires human review. Since the source of the information is not reliable, the answer cannot be considered supported by the context.",411,490,naive_context
rag_mpc_0071_incomplete_stability,materials,qwen_output,Is C thermodynamically stable?,"[rank=1 score=24.2768 doc_id=h1ctx_0002_mpc_0001_incorrect_gap] A noisy retrieved note reports C (mp-1197903) with band gap -0.07970000000000001 eV. This note is intentionally marked for human review as outdated_or_incorrect.

[rank=2 score=24.2768 doc_id=h1ctx_0005_mpc_0002_incorrect_gap] A noisy retrieved note reports C (mp-1244964) with band gap -0.0724 eV. This note is intentionally marked for human review as outdated_or_incorrect.

[rank=3 score=24.2768 doc_id=h1ctx_0011_mpc_0004_incorrect_gap] A noisy retrieved note reports C (mp-1244913) with band gap -0.10600000000000001 eV. This note is intentionally marked for human review as outdated_or_incorrect.","The retrieved context does not provide a direct answer to the thermodynamic stability of C. The information provided is about the band gap, which is negative for all reported cases, but this alone does not determine thermodynamic stability.",outdated_or_incorrect,,0.5,qwen_judge,"The answer correctly points out that the provided context does not directly address the thermodynamic stability of C and instead provides information about the band gap. However, it does not fully utilize the context to explain why the negative band gaps do not necessarily imply instability, which could have been a more complete response based on the given information.",432,505,naive_context
rag_mpc_0072_current_gap,materials,qwen_output,What is the band gap of C?,"[rank=1 score=24.9072 doc_id=h1ctx_0002_mpc_0001_incorrect_gap] A noisy retrieved note reports C (mp-1197903) with band gap -0.07970000000000001 eV. This note is intentionally marked for human review as outdated_or_incorrect.

[rank=2 score=24.9072 doc_id=h1ctx_0005_mpc_0002_incorrect_gap] A noisy retrieved note reports C (mp-1244964) with band gap -0.0724 eV. This note is intentionally marked for human review as outdated_or_incorrect.

[rank=3 score=24.9072 doc_id=h1ctx_0011_mpc_0004_incorrect_gap] A noisy retrieved note reports C (mp-1244913) with band gap -0.10600000000000001 eV. This note is intentionally marked for human review as outdated_or_incorrect.",-0.07970000000000001 eV,outdated_or_incorrect,,0.0,qwen_judge,"The answer provided (-0.07970000000000001 eV) is based on a retrieved context that is explicitly marked as 'outdated_or_incorrect' and requires human review. Since the source of the information is not reliable, the answer cannot be considered supported by the context.",411,490,naive_context
rag_mpc_0072_incorrect_gap,materials,qwen_output,What is the band gap of C?,"[rank=1 score=24.9072 doc_id=h1ctx_0002_mpc_0001_incorrect_gap] A noisy retrieved note reports C (mp-1197903) with band gap -0.07970000000000001 eV. This note is intentionally marked for human review as outdated_or_incorrect.

[rank=2 score=24.9072 doc_id=h1ctx_0005_mpc_0002_incorrect_gap] A noisy retrieved note reports C (mp-1244964) with band gap -0.0724 eV. This note is intentionally marked for human review as outdated_or_incorrect.

[rank=3 score=24.9072 doc_id=h1ctx_0011_mpc_0004_incorrect_gap] A noisy retrieved note reports C (mp-1244913) with band gap -0.10600000000000001 eV. This note is intentionally marked for human review as outdated_or_incorrect.",-0.07970000000000001 eV,outdated_or_incorrect,,0.0,qwen_judge,"The answer provided (-0.07970000000000001 eV) is based on a retrieved context that is explicitly marked as 'outdated_or_incorrect' and requires human review. Since the source of the information is not reliable, the answer cannot be considered supported by the context.",411,490,naive_context
rag_mpc_0072_incomplete_stability,materials,qwen_output,Is C thermodynamically stable?,"[rank=1 score=24.2768 doc_id=h1ctx_0002_mpc_0001_incorrect_gap] A noisy retrieved note reports C (mp-1197903) with band gap -0.07970000000000001 eV. This note is intentionally marked for human review as outdated_or_incorrect.

[rank=2 score=24.2768 doc_id=h1ctx_0005_mpc_0002_incorrect_gap] A noisy retrieved note reports C (mp-1244964) with band gap -0.0724 eV. This note is intentionally marked for human review as outdated_or_incorrect.

[rank=3 score=24.2768 doc_id=h1ctx_0011_mpc_0004_incorrect_gap] A noisy retrieved note reports C (mp-1244913) with band gap -0.10600000000000001 eV. This note is intentionally marked for human review as outdated_or_incorrect.","The retrieved context does not provide a direct answer to the thermodynamic stability of C. The information provided is about the band gap, which is negative for all reported cases, but this alone does not determine thermodynamic stability.",outdated_or_incorrect,,0.5,qwen_judge,"The answer correctly points out that the provided context does not directly address the thermodynamic stability of C and instead provides information about the band gap. However, it does not fully utilize the context to explain why the negative band gaps do not necessarily imply instability, which could have been a more complete response based on the given information.",432,505,naive_context
rag_mpc_0073_current_gap,materials,qwen_output,What is the band gap of C?,"[rank=1 score=24.9072 doc_id=h1ctx_0002_mpc_0001_incorrect_gap] A noisy retrieved note reports C (mp-1197903) with band gap -0.07970000000000001 eV. This note is intentionally marked for human review as outdated_or_incorrect.

[rank=2 score=24.9072 doc_id=h1ctx_0005_mpc_0002_incorrect_gap] A noisy retrieved note reports C (mp-1244964) with band gap -0.0724 eV. This note is intentionally marked for human review as outdated_or_incorrect.

[rank=3 score=24.9072 doc_id=h1ctx_0011_mpc_0004_incorrect_gap] A noisy retrieved note reports C (mp-1244913) with band gap -0.10600000000000001 eV. This note is intentionally marked for human review as outdated_or_incorrect.",-0.07970000000000001 eV,outdated_or_incorrect,,0.0,qwen_judge,"The answer provided (-0.07970000000000001 eV) is based on a retrieved context that is explicitly marked as 'outdated_or_incorrect' and requires human review. Since the source of the information is not reliable, the answer cannot be considered supported by the context.",411,490,naive_context
rag_mpc_0073_incorrect_gap,materials,qwen_output,What is the band gap of C?,"[rank=1 score=24.9072 doc_id=h1ctx_0002_mpc_0001_incorrect_gap] A noisy retrieved note reports C (mp-1197903) with band gap -0.07970000000000001 eV. This note is intentionally marked for human review as outdated_or_incorrect.

[rank=2 score=24.9072 doc_id=h1ctx_0005_mpc_0002_incorrect_gap] A noisy retrieved note reports C (mp-1244964) with band gap -0.0724 eV. This note is intentionally marked for human review as outdated_or_incorrect.

[rank=3 score=24.9072 doc_id=h1ctx_0011_mpc_0004_incorrect_gap] A noisy retrieved note reports C (mp-1244913) with band gap -0.10600000000000001 eV. This note is intentionally marked for human review as outdated_or_incorrect.",-0.07970000000000001 eV,outdated_or_incorrect,,0.0,qwen_judge,"The answer provided (-0.07970000000000001 eV) is based on a retrieved context that is explicitly marked as 'outdated_or_incorrect' and requires human review. Since the source of the information is not reliable, the answer cannot be considered supported by the context.",411,490,naive_context
rag_mpc_0073_incomplete_stability,materials,qwen_output,Is C thermodynamically stable?,"[rank=1 score=24.2768 doc_id=h1ctx_0002_mpc_0001_incorrect_gap] A noisy retrieved note reports C (mp-1197903) with band gap -0.07970000000000001 eV. This note is intentionally marked for human review as outdated_or_incorrect.

[rank=2 score=24.2768 doc_id=h1ctx_0005_mpc_0002_incorrect_gap] A noisy retrieved note reports C (mp-1244964) with band gap -0.0724 eV. This note is intentionally marked for human review as outdated_or_incorrect.

[rank=3 score=24.2768 doc_id=h1ctx_0011_mpc_0004_incorrect_gap] A noisy retrieved note reports C (mp-1244913) with band gap -0.10600000000000001 eV. This note is intentionally marked for human review as outdated_or_incorrect.","The retrieved context does not provide a direct answer to the thermodynamic stability of C. The information provided is about the band gap, which is negative for all reported cases, but this alone does not determine thermodynamic stability.",outdated_or_incorrect,,0.5,qwen_judge,"The answer correctly points out that the provided context does not directly address the thermodynamic stability of C and instead provides information about the band gap. However, it does not fully utilize the context to explain why the negative band gaps do not necessarily imply instability, which could have been a more complete response based on the given information.",432,505,naive_context
rag_mpc_0074_current_gap,materials,qwen_output,What is the band gap of O2?,"[rank=1 score=25.3749 doc_id=h1ctx_0008_mpc_0003_incorrect_gap] A noisy retrieved note reports O2 (mp-1180008) with band gap -1.277299999999999 eV. This note is intentionally marked for human review as outdated_or_incorrect.

[rank=2 score=25.3749 doc_id=h1ctx_0023_mpc_0008_incorrect_gap] A noisy retrieved note reports O2 (mp-12957) with band gap -1.0933 eV. This note is intentionally marked for human review as outdated_or_incorrect.

[rank=3 score=25.3749 doc_id=h1ctx_0026_mpc_0009_incorrect_gap] A noisy retrieved note reports O2 (mp-2204849) with band gap -2.720399999999999 eV. This note is intentionally marked for human review as outdated_or_incorrect.",-1.277299999999999 eV,outdated_or_incorrect,,0.5,qwen_judge,"The answer is partially supported by the context, specifically by the first retrieved note which reports a band gap of -1.277299999999999 eV for O2. However, this note, along with the other two, is marked as 'outdated_or_incorrect', indicating that the information may not be reliable or accurate.",404,494,naive_context
rag_mpc_0074_incorrect_gap,materials,qwen_output,What is the band gap of O2?,"[rank=1 score=25.3749 doc_id=h1ctx_0008_mpc_0003_incorrect_gap] A noisy retrieved note reports O2 (mp-1180008) with band gap -1.277299999999999 eV. This note is intentionally marked for human review as outdated_or_incorrect.

[rank=2 score=25.3749 doc_id=h1ctx_0023_mpc_0008_incorrect_gap] A noisy retrieved note reports O2 (mp-12957) with band gap -1.0933 eV. This note is intentionally marked for human review as outdated_or_incorrect.

[rank=3 score=25.3749 doc_id=h1ctx_0026_mpc_0009_incorrect_gap] A noisy retrieved note reports O2 (mp-2204849) with band gap -2.720399999999999 eV. This note is intentionally marked for human review as outdated_or_incorrect.",-1.277299999999999 eV,outdated_or_incorrect,,0.5,qwen_judge,"The answer is partially supported by the context, specifically by the first retrieved note which reports a band gap of -1.277299999999999 eV for O2. However, this note, along with the other two, is marked as 'outdated_or_incorrect', indicating that the information may not be reliable or accurate.",404,494,naive_context
rag_mpc_0074_incomplete_stability,materials,qwen_output,Is O2 thermodynamically stable?,"[rank=1 score=24.7444 doc_id=h1ctx_0008_mpc_0003_incorrect_gap] A noisy retrieved note reports O2 (mp-1180008) with band gap -1.277299999999999 eV. This note is intentionally marked for human review as outdated_or_incorrect.

[rank=2 score=24.7444 doc_id=h1ctx_0023_mpc_0008_incorrect_gap] A noisy retrieved note reports O2 (mp-12957) with band gap -1.0933 eV. This note is intentionally marked for human review as outdated_or_incorrect.

[rank=3 score=24.7444 doc_id=h1ctx_0026_mpc_0009_incorrect_gap] A noisy retrieved note reports O2 (mp-2204849) with band gap -2.720399999999999 eV. This note is intentionally marked for human review as outdated_or_incorrect.","The retrieved context does not provide a direct answer about the thermodynamic stability of O2. The information provided is related to the band gap, which is marked as outdated or incorrect and does not directly indicate stability.",outdated_or_incorrect,,0.5,qwen_judge,"The answer correctly states that the retrieved context does not provide a direct answer about the thermodynamic stability of O2 and that the information provided is related to the band gap, which is marked as outdated or incorrect. However, it does not fully utilize the given context to explain how band gap information, even if incorrect, might relate to or be insufficient for determining thermodynamic stability. The response is partially supported by the context but could have been more thorough in explaining the relevance (or lack thereof) of the provided data to the question.",428,543,naive_context
rag_mpc_0075_current_gap,materials,qwen_output,What is the band gap of Hg?,"[rank=1 score=26.3922 doc_id=h1ctx_0044_mpc_0015_incorrect_gap] A noisy retrieved note reports Hg (mp-569360) with band gap -0.09670000000000001 eV. This note is intentionally marked for human review as outdated_or_incorrect.

[rank=2 score=26.3922 doc_id=h1ctx_0131_mpc_0044_incorrect_gap] A noisy retrieved note reports Hg (mp-1077098) with band gap -1.0394 eV. This note is intentionally marked for human review as outdated_or_incorrect.

[rank=3 score=26.3922 doc_id=h1ctx_0224_mpc_0075_incorrect_gap] A noisy retrieved note reports Hg (mp-2629196) with band gap -0.40890000000000004 eV. This note is intentionally marked for human review as outdated_or_incorrect.",-0.09670000000000001 eV,outdated_or_incorrect,,0.5,qwen_judge,"The answer provided, -0.09670000000000001 eV, is directly taken from the retrieved context. However, the context explicitly states that this information is marked for human review as outdated_or_incorrect, indicating that it may not be a reliable or accurate source of information. Therefore, while the value is present in the context, its use as an answer is only partially supported due to the noted concerns about its accuracy.",414,522,naive_context
rag_mpc_0075_incorrect_gap,materials,qwen_output,What is the band gap of Hg?,"[rank=1 score=26.3922 doc_id=h1ctx_0044_mpc_0015_incorrect_gap] A noisy retrieved note reports Hg (mp-569360) with band gap -0.09670000000000001 eV. This note is intentionally marked for human review as outdated_or_incorrect.

[rank=2 score=26.3922 doc_id=h1ctx_0131_mpc_0044_incorrect_gap] A noisy retrieved note reports Hg (mp-1077098) with band gap -1.0394 eV. This note is intentionally marked for human review as outdated_or_incorrect.

[rank=3 score=26.3922 doc_id=h1ctx_0224_mpc_0075_incorrect_gap] A noisy retrieved note reports Hg (mp-2629196) with band gap -0.40890000000000004 eV. This note is intentionally marked for human review as outdated_or_incorrect.",-0.09670000000000001 eV,outdated_or_incorrect,,0.5,qwen_judge,"The answer provided, -0.09670000000000001 eV, is directly taken from the retrieved context. However, the context explicitly states that this information is marked for human review as outdated_or_incorrect, indicating that it may not be a reliable or accurate source of information. Therefore, while the value is present in the context, its use as an answer is only partially supported due to the noted concerns about its accuracy.",414,522,naive_context
rag_mpc_0075_incomplete_stability,materials,qwen_output,Is Hg thermodynamically stable?,"[rank=1 score=25.7617 doc_id=h1ctx_0044_mpc_0015_incorrect_gap] A noisy retrieved note reports Hg (mp-569360) with band gap -0.09670000000000001 eV. This note is intentionally marked for human review as outdated_or_incorrect.

[rank=2 score=25.7617 doc_id=h1ctx_0131_mpc_0044_incorrect_gap] A noisy retrieved note reports Hg (mp-1077098) with band gap -1.0394 eV. This note is intentionally marked for human review as outdated_or_incorrect.

[rank=3 score=25.7617 doc_id=h1ctx_0224_mpc_0075_incorrect_gap] A noisy retrieved note reports Hg (mp-2629196) with band gap -0.40890000000000004 eV. This note is intentionally marked for human review as outdated_or_incorrect.","The retrieved context does not provide a direct statement about the thermodynamic stability of Hg. It only provides information regarding the band gap, which is marked as outdated or incorrect and does not directly indicate thermodynamic stability.",outdated_or_incorrect,,0.5,qwen_judge,"The answer correctly states that the retrieved context does not provide a direct statement about the thermodynamic stability of Hg. However, it also includes information about the band gap, which is marked as outdated or incorrect and is not relevant to the question of thermodynamic stability. Since there is no information in the provided context that supports or refutes the thermodynamic stability of Hg, the answer is only partially supported by the context.",434,528,naive_context
rag_mpc_0076_current_gap,materials,qwen_output,What is the band gap of Hg?,"[rank=1 score=26.3922 doc_id=h1ctx_0044_mpc_0015_incorrect_gap] A noisy retrieved note reports Hg (mp-569360) with band gap -0.09670000000000001 eV. This note is intentionally marked for human review as outdated_or_incorrect.

[rank=2 score=26.3922 doc_id=h1ctx_0131_mpc_0044_incorrect_gap] A noisy retrieved note reports Hg (mp-1077098) with band gap -1.0394 eV. This note is intentionally marked for human review as outdated_or_incorrect.

[rank=3 score=26.3922 doc_id=h1ctx_0224_mpc_0075_incorrect_gap] A noisy retrieved note reports Hg (mp-2629196) with band gap -0.40890000000000004 eV. This note is intentionally marked for human review as outdated_or_incorrect.",-0.09670000000000001 eV,outdated_or_incorrect,,0.5,qwen_judge,"The answer provided, -0.09670000000000001 eV, is directly taken from the retrieved context. However, the context explicitly states that this information is marked for human review as outdated_or_incorrect, indicating that it may not be a reliable or accurate source of information. Therefore, while the value is present in the context, its use as an answer is only partially supported due to the noted concerns about its accuracy.",414,522,naive_context
rag_mpc_0076_incorrect_gap,materials,qwen_output,What is the band gap of Hg?,"[rank=1 score=26.3922 doc_id=h1ctx_0044_mpc_0015_incorrect_gap] A noisy retrieved note reports Hg (mp-569360) with band gap -0.09670000000000001 eV. This note is intentionally marked for human review as outdated_or_incorrect.

[rank=2 score=26.3922 doc_id=h1ctx_0131_mpc_0044_incorrect_gap] A noisy retrieved note reports Hg (mp-1077098) with band gap -1.0394 eV. This note is intentionally marked for human review as outdated_or_incorrect.

[rank=3 score=26.3922 doc_id=h1ctx_0224_mpc_0075_incorrect_gap] A noisy retrieved note reports Hg (mp-2629196) with band gap -0.40890000000000004 eV. This note is intentionally marked for human review as outdated_or_incorrect.",-0.09670000000000001 eV,outdated_or_incorrect,,0.5,qwen_judge,"The answer provided, -0.09670000000000001 eV, is directly taken from the retrieved context. However, the context explicitly states that this information is marked for human review as outdated_or_incorrect, indicating that it may not be a reliable or accurate source of information. Therefore, while the value is present in the context, its use as an answer is only partially supported due to the noted concerns about its accuracy.",414,522,naive_context
rag_mpc_0076_incomplete_stability,materials,qwen_output,Is Hg thermodynamically stable?,"[rank=1 score=25.7617 doc_id=h1ctx_0044_mpc_0015_incorrect_gap] A noisy retrieved note reports Hg (mp-569360) with band gap -0.09670000000000001 eV. This note is intentionally marked for human review as outdated_or_incorrect.

[rank=2 score=25.7617 doc_id=h1ctx_0131_mpc_0044_incorrect_gap] A noisy retrieved note reports Hg (mp-1077098) with band gap -1.0394 eV. This note is intentionally marked for human review as outdated_or_incorrect.

[rank=3 score=25.7617 doc_id=h1ctx_0224_mpc_0075_incorrect_gap] A noisy retrieved note reports Hg (mp-2629196) with band gap -0.40890000000000004 eV. This note is intentionally marked for human review as outdated_or_incorrect.","The retrieved context does not provide a direct statement about the thermodynamic stability of Hg. It only provides information regarding the band gap, which is marked as outdated or incorrect and does not directly indicate thermodynamic stability.",outdated_or_incorrect,,0.5,qwen_judge,"The answer correctly states that the retrieved context does not provide a direct statement about the thermodynamic stability of Hg. However, it also includes information about the band gap, which is marked as outdated or incorrect and is not relevant to the question of thermodynamic stability. Since there is no information in the provided context that supports or refutes the thermodynamic stability of Hg, the answer is only partially supported by the context.",434,528,naive_context
rag_mpc_0077_current_gap,materials,qwen_output,What is the band gap of Xe?,"[rank=1 score=27.4274 doc_id=h1ctx_0200_mpc_0067_incorrect_gap] A noisy retrieved note reports Xe (mp-1187769) with band gap -6.2294 eV. This note is intentionally marked for human review as outdated_or_incorrect.

[rank=2 score=27.4274 doc_id=h1ctx_0230_mpc_0077_incorrect_gap] A noisy retrieved note reports Xe (mp-972256) with band gap -6.1673 eV. This note is intentionally marked for human review as outdated_or_incorrect.

[rank=3 score=27.4274 doc_id=h1ctx_0233_mpc_0078_incorrect_gap] A noisy retrieved note reports Xe (mp-979286) with band gap -6.1713000000000005 eV. This note is intentionally marked for human review as outdated_or_incorrect.",-6.2294 eV,outdated_or_incorrect,,0.0,qwen_judge,"The answer provided, -6.2294 eV, is taken from a context that is explicitly marked as outdated or incorrect. Therefore, the information used to form the answer is not considered reliable or valid based on the given context.",386,445,naive_context
rag_mpc_0077_incorrect_gap,materials,qwen_output,What is the band gap of Xe?,"[rank=1 score=27.4274 doc_id=h1ctx_0200_mpc_0067_incorrect_gap] A noisy retrieved note reports Xe (mp-1187769) with band gap -6.2294 eV. This note is intentionally marked for human review as outdated_or_incorrect.

[rank=2 score=27.4274 doc_id=h1ctx_0230_mpc_0077_incorrect_gap] A noisy retrieved note reports Xe (mp-972256) with band gap -6.1673 eV. This note is intentionally marked for human review as outdated_or_incorrect.

[rank=3 score=27.4274 doc_id=h1ctx_0233_mpc_0078_incorrect_gap] A noisy retrieved note reports Xe (mp-979286) with band gap -6.1713000000000005 eV. This note is intentionally marked for human review as outdated_or_incorrect.",-6.2294 eV,outdated_or_incorrect,,0.0,qwen_judge,"The answer provided, -6.2294 eV, is taken from a context that is explicitly marked as outdated or incorrect. Therefore, the information used to form the answer is not considered reliable or valid based on the given context.",386,445,naive_context
rag_mpc_0077_incomplete_stability,materials,qwen_output,Is Xe thermodynamically stable?,"[rank=1 score=26.7969 doc_id=h1ctx_0200_mpc_0067_incorrect_gap] A noisy retrieved note reports Xe (mp-1187769) with band gap -6.2294 eV. This note is intentionally marked for human review as outdated_or_incorrect.

[rank=2 score=26.7969 doc_id=h1ctx_0230_mpc_0077_incorrect_gap] A noisy retrieved note reports Xe (mp-972256) with band gap -6.1673 eV. This note is intentionally marked for human review as outdated_or_incorrect.

[rank=3 score=26.7969 doc_id=h1ctx_0233_mpc_0078_incorrect_gap] A noisy retrieved note reports Xe (mp-979286) with band gap -6.1713000000000005 eV. This note is intentionally marked for human review as outdated_or_incorrect.","The retrieved context does not provide information on the thermodynamic stability of Xe, only data about its band gap which is marked as outdated or incorrect.",outdated_or_incorrect,,1.0,qwen_judge,"The answer correctly states that the provided context does not contain information regarding the thermodynamic stability of Xe, and it notes that the band gap data given is marked as outdated or incorrect. There are no unsupported claims made in the answer.",406,462,naive_context
rag_mpc_0078_current_gap,materials,qwen_output,What is the band gap of Xe?,"[rank=1 score=27.4274 doc_id=h1ctx_0200_mpc_0067_incorrect_gap] A noisy retrieved note reports Xe (mp-1187769) with band gap -6.2294 eV. This note is intentionally marked for human review as outdated_or_incorrect.

[rank=2 score=27.4274 doc_id=h1ctx_0230_mpc_0077_incorrect_gap] A noisy retrieved note reports Xe (mp-972256) with band gap -6.1673 eV. This note is intentionally marked for human review as outdated_or_incorrect.

[rank=3 score=27.4274 doc_id=h1ctx_0233_mpc_0078_incorrect_gap] A noisy retrieved note reports Xe (mp-979286) with band gap -6.1713000000000005 eV. This note is intentionally marked for human review as outdated_or_incorrect.",-6.2294 eV,outdated_or_incorrect,,0.0,qwen_judge,"The answer provided, -6.2294 eV, is taken from a context that is explicitly marked as outdated or incorrect. Therefore, the information used to form the answer is not considered reliable or valid based on the given context.",386,445,naive_context
rag_mpc_0078_incorrect_gap,materials,qwen_output,What is the band gap of Xe?,"[rank=1 score=27.4274 doc_id=h1ctx_0200_mpc_0067_incorrect_gap] A noisy retrieved note reports Xe (mp-1187769) with band gap -6.2294 eV. This note is intentionally marked for human review as outdated_or_incorrect.

[rank=2 score=27.4274 doc_id=h1ctx_0230_mpc_0077_incorrect_gap] A noisy retrieved note reports Xe (mp-972256) with band gap -6.1673 eV. This note is intentionally marked for human review as outdated_or_incorrect.

[rank=3 score=27.4274 doc_id=h1ctx_0233_mpc_0078_incorrect_gap] A noisy retrieved note reports Xe (mp-979286) with band gap -6.1713000000000005 eV. This note is intentionally marked for human review as outdated_or_incorrect.",-6.2294 eV,outdated_or_incorrect,,0.0,qwen_judge,"The answer provided, -6.2294 eV, is taken from a context that is explicitly marked as outdated or incorrect. Therefore, the information used to form the answer is not considered reliable or valid based on the given context.",386,445,naive_context
rag_mpc_0078_incomplete_stability,materials,qwen_output,Is Xe thermodynamically stable?,"[rank=1 score=26.7969 doc_id=h1ctx_0200_mpc_0067_incorrect_gap] A noisy retrieved note reports Xe (mp-1187769) with band gap -6.2294 eV. This note is intentionally marked for human review as outdated_or_incorrect.

[rank=2 score=26.7969 doc_id=h1ctx_0230_mpc_0077_incorrect_gap] A noisy retrieved note reports Xe (mp-972256) with band gap -6.1673 eV. This note is intentionally marked for human review as outdated_or_incorrect.

[rank=3 score=26.7969 doc_id=h1ctx_0233_mpc_0078_incorrect_gap] A noisy retrieved note reports Xe (mp-979286) with band gap -6.1713000000000005 eV. This note is intentionally marked for human review as outdated_or_incorrect.","The retrieved context does not provide information on the thermodynamic stability of Xe, only data about its band gap which is marked as outdated or incorrect.",outdated_or_incorrect,,1.0,qwen_judge,"The answer correctly states that the provided context does not contain information regarding the thermodynamic stability of Xe, and it notes that the band gap data given is marked as outdated or incorrect. There are no unsupported claims made in the answer.",406,462,naive_context
rag_mpc_0079_current_gap,materials,qwen_output,What is the band gap of Kr?,"[rank=1 score=28.6263 doc_id=h1ctx_0236_mpc_0079_incorrect_gap] A noisy retrieved note reports Kr (mp-975590) with band gap -7.174799999999999 eV. This note is intentionally marked for human review as outdated_or_incorrect.

[rank=2 score=26.6959 doc_id=h1ctx_0237_mpc_0079_incomplete_stability] A short retrieved snippet mentions Kr (mp-975590) as stable, but omits formation energy, hull distance, and thermodynamic qualification.

[rank=3 score=26.6635 doc_id=mp_0276] Materials Project reports Kr (mp-975590). Band gap: 7.174799999999999 eV. Formation energy per atom: 0.0 eV/atom. Energy above hull: 0.0 eV/atom. Stable: True.",7.174799999999999 eV,outdated_or_incorrect,,1.0,qwen_judge,"The answer provided, 7.174799999999999 eV, is directly supported by the context from the Materials Project (doc_id=mp_0276) which reports the band gap of Kr (mp-975590) as 7.174799999999999 eV.",394,491,naive_context
rag_mpc_0079_incorrect_gap,materials,qwen_output,What is the band gap of Kr?,"[rank=1 score=28.6263 doc_id=h1ctx_0236_mpc_0079_incorrect_gap] A noisy retrieved note reports Kr (mp-975590) with band gap -7.174799999999999 eV. This note is intentionally marked for human review as outdated_or_incorrect.

[rank=2 score=26.6959 doc_id=h1ctx_0237_mpc_0079_incomplete_stability] A short retrieved snippet mentions Kr (mp-975590) as stable, but omits formation energy, hull distance, and thermodynamic qualification.

[rank=3 score=26.6635 doc_id=mp_0276] Materials Project reports Kr (mp-975590). Band gap: 7.174799999999999 eV. Formation energy per atom: 0.0 eV/atom. Energy above hull: 0.0 eV/atom. Stable: True.",7.174799999999999 eV,outdated_or_incorrect,,1.0,qwen_judge,"The answer provided, 7.174799999999999 eV, is directly supported by the context from the Materials Project (doc_id=mp_0276) which reports the band gap of Kr (mp-975590) as 7.174799999999999 eV.",394,491,naive_context
rag_mpc_0079_incomplete_stability,materials,qwen_output,Is Kr thermodynamically stable?,"[rank=1 score=27.9958 doc_id=h1ctx_0236_mpc_0079_incorrect_gap] A noisy retrieved note reports Kr (mp-975590) with band gap -7.174799999999999 eV. This note is intentionally marked for human review as outdated_or_incorrect.

[rank=2 score=27.0448 doc_id=h1ctx_0237_mpc_0079_incomplete_stability] A short retrieved snippet mentions Kr (mp-975590) as stable, but omits formation energy, hull distance, and thermodynamic qualification.

[rank=3 score=26.3567 doc_id=mp_0276] Materials Project reports Kr (mp-975590). Band gap: 7.174799999999999 eV. Formation energy per atom: 0.0 eV/atom. Energy above hull: 0.0 eV/atom. Stable: True.",True,outdated_or_incorrect,,1.0,qwen_judge,"The answer is fully supported by the context, specifically by the third retrieved document (mp_0276) which states that Kr (mp-975590) is stable and provides a formation energy per atom of 0.0 eV/atom and an energy above hull of 0.0 eV/atom, both indicators of thermodynamic stability.",378,464,naive_context
rag_mpc_0080_current_gap,materials,qwen_output,What is the band gap of N2?,"[rank=1 score=27.5610 doc_id=h1ctx_0077_mpc_0026_incorrect_gap] A noisy retrieved note reports N2 (mp-570747) with band gap -6.739 eV. This note is intentionally marked for human review as outdated_or_incorrect.

[rank=2 score=27.5610 doc_id=h1ctx_0239_mpc_0080_incorrect_gap] A noisy retrieved note reports N2 (mp-568584) with band gap -6.9553 eV. This note is intentionally marked for human review as outdated_or_incorrect.

[rank=3 score=25.6131 doc_id=mp_0108] Materials Project reports N2 (mp-570747). Band gap: 6.739 eV. Formation energy per atom: 0.002401956249999 eV/atom. Energy above hull: 0.002401956249999 eV/atom. Stable: False.",6.739 eV,outdated_or_incorrect,,1.0,qwen_judge,"The answer of 6.739 eV for the band gap of N2 is directly supported by the context provided in the third retrieved document, which states 'Materials Project reports N2 (mp-570747). Band gap: 6.739 eV.' The first two documents are marked as outdated or incorrect, so they do not influence the faithfulness score.",399,493,naive_context
rag_mpc_0080_incorrect_gap,materials,qwen_output,What is the band gap of N2?,"[rank=1 score=27.5610 doc_id=h1ctx_0077_mpc_0026_incorrect_gap] A noisy retrieved note reports N2 (mp-570747) with band gap -6.739 eV. This note is intentionally marked for human review as outdated_or_incorrect.

[rank=2 score=27.5610 doc_id=h1ctx_0239_mpc_0080_incorrect_gap] A noisy retrieved note reports N2 (mp-568584) with band gap -6.9553 eV. This note is intentionally marked for human review as outdated_or_incorrect.

[rank=3 score=25.6131 doc_id=mp_0108] Materials Project reports N2 (mp-570747). Band gap: 6.739 eV. Formation energy per atom: 0.002401956249999 eV/atom. Energy above hull: 0.002401956249999 eV/atom. Stable: False.",6.739 eV,outdated_or_incorrect,,1.0,qwen_judge,"The answer of 6.739 eV for the band gap of N2 is directly supported by the context provided in the third retrieved document, which states 'Materials Project reports N2 (mp-570747). Band gap: 6.739 eV.' The first two documents are marked as outdated or incorrect, so they do not influence the faithfulness score.",399,493,naive_context
rag_mpc_0080_incomplete_stability,materials,qwen_output,Is N2 thermodynamically stable?,"[rank=1 score=26.9305 doc_id=h1ctx_0077_mpc_0026_incorrect_gap] A noisy retrieved note reports N2 (mp-570747) with band gap -6.739 eV. This note is intentionally marked for human review as outdated_or_incorrect.

[rank=2 score=26.9305 doc_id=h1ctx_0239_mpc_0080_incorrect_gap] A noisy retrieved note reports N2 (mp-568584) with band gap -6.9553 eV. This note is intentionally marked for human review as outdated_or_incorrect.

[rank=3 score=25.8806 doc_id=h1ctx_0078_mpc_0026_incomplete_stability] A short retrieved snippet mentions N2 (mp-570747) as stable, but omits formation energy, hull distance, and thermodynamic qualification.","N2 is stable, but the thermodynamic qualification is omitted.",outdated_or_incorrect,,0.5,qwen_judge,"The answer states that N2 is stable, which is partially supported by the context from rank=3, mentioning N2 as stable. However, the context does not provide a specific thermodynamic qualification, and the answer correctly points out this omission. The stability claim is not fully grounded in the given context since it lacks detailed thermodynamic information.",366,443,naive_context
rag_mpc_0081_current_gap,materials,qwen_output,What is the band gap of S?,"[rank=1 score=25.2867 doc_id=h1ctx_0068_mpc_0023_incorrect_gap] A noisy retrieved note reports S (mp-96) with band gap -2.748 eV. This note is intentionally marked for human review as outdated_or_incorrect.

[rank=2 score=25.2867 doc_id=h1ctx_0116_mpc_0039_incorrect_gap] A noisy retrieved note reports S (mp-556269) with band gap -2.3783 eV. This note is intentionally marked for human review as outdated_or_incorrect.

[rank=3 score=25.2867 doc_id=h1ctx_0119_mpc_0040_incorrect_gap] A noisy retrieved note reports S (mp-557559) with band gap -2.496299999999999 eV. This note is intentionally marked for human review as outdated_or_incorrect.",-2.748 eV,outdated_or_incorrect,,0.0,qwen_judge,"The answer provided, -2.748 eV, is taken from a retrieved note that is explicitly marked as outdated_or_incorrect and requires human review. Since the context indicates that this information is not reliable, the answer cannot be considered supported by the given context.",371,439,naive_context
rag_mpc_0081_incorrect_gap,materials,qwen_output,What is the band gap of S?,"[rank=1 score=25.2867 doc_id=h1ctx_0068_mpc_0023_incorrect_gap] A noisy retrieved note reports S (mp-96) with band gap -2.748 eV. This note is intentionally marked for human review as outdated_or_incorrect.

[rank=2 score=25.2867 doc_id=h1ctx_0116_mpc_0039_incorrect_gap] A noisy retrieved note reports S (mp-556269) with band gap -2.3783 eV. This note is intentionally marked for human review as outdated_or_incorrect.

[rank=3 score=25.2867 doc_id=h1ctx_0119_mpc_0040_incorrect_gap] A noisy retrieved note reports S (mp-557559) with band gap -2.496299999999999 eV. This note is intentionally marked for human review as outdated_or_incorrect.",-2.748 eV,outdated_or_incorrect,,0.0,qwen_judge,"The answer provided, -2.748 eV, is taken from a retrieved note that is explicitly marked as outdated_or_incorrect and requires human review. Since the context indicates that this information is not reliable, the answer cannot be considered supported by the given context.",371,439,naive_context
rag_mpc_0081_incomplete_stability,materials,qwen_output,Is S thermodynamically stable?,"[rank=1 score=24.6562 doc_id=h1ctx_0068_mpc_0023_incorrect_gap] A noisy retrieved note reports S (mp-96) with band gap -2.748 eV. This note is intentionally marked for human review as outdated_or_incorrect.

[rank=2 score=24.6562 doc_id=h1ctx_0116_mpc_0039_incorrect_gap] A noisy retrieved note reports S (mp-556269) with band gap -2.3783 eV. This note is intentionally marked for human review as outdated_or_incorrect.

[rank=3 score=24.6562 doc_id=h1ctx_0119_mpc_0040_incorrect_gap] A noisy retrieved note reports S (mp-557559) with band gap -2.496299999999999 eV. This note is intentionally marked for human review as outdated_or_incorrect.","The retrieved context does not provide information about the thermodynamic stability of S, only about its band gap values.",outdated_or_incorrect,,1.0,qwen_judge,"The answer correctly states that the provided context does not contain information about the thermodynamic stability of S, but only about its band gap values. This is an accurate representation of the given context.",387,434,naive_context
rag_mpc_0082_current_gap,materials,qwen_output,What is the band gap of C?,"[rank=1 score=24.9072 doc_id=h1ctx_0002_mpc_0001_incorrect_gap] A noisy retrieved note reports C (mp-1197903) with band gap -0.07970000000000001 eV. This note is intentionally marked for human review as outdated_or_incorrect.

[rank=2 score=24.9072 doc_id=h1ctx_0005_mpc_0002_incorrect_gap] A noisy retrieved note reports C (mp-1244964) with band gap -0.0724 eV. This note is intentionally marked for human review as outdated_or_incorrect.

[rank=3 score=24.9072 doc_id=h1ctx_0011_mpc_0004_incorrect_gap] A noisy retrieved note reports C (mp-1244913) with band gap -0.10600000000000001 eV. This note is intentionally marked for human review as outdated_or_incorrect.",-0.07970000000000001 eV,outdated_or_incorrect,,0.0,qwen_judge,"The answer provided (-0.07970000000000001 eV) is based on a retrieved context that is explicitly marked as 'outdated_or_incorrect' and requires human review. Since the source of the information is not reliable, the answer cannot be considered supported by the context.",411,490,naive_context
rag_mpc_0082_incorrect_gap,materials,qwen_output,What is the band gap of C?,"[rank=1 score=24.9072 doc_id=h1ctx_0002_mpc_0001_incorrect_gap] A noisy retrieved note reports C (mp-1197903) with band gap -0.07970000000000001 eV. This note is intentionally marked for human review as outdated_or_incorrect.

[rank=2 score=24.9072 doc_id=h1ctx_0005_mpc_0002_incorrect_gap] A noisy retrieved note reports C (mp-1244964) with band gap -0.0724 eV. This note is intentionally marked for human review as outdated_or_incorrect.

[rank=3 score=24.9072 doc_id=h1ctx_0011_mpc_0004_incorrect_gap] A noisy retrieved note reports C (mp-1244913) with band gap -0.10600000000000001 eV. This note is intentionally marked for human review as outdated_or_incorrect.",-0.07970000000000001 eV,outdated_or_incorrect,,0.0,qwen_judge,"The answer provided (-0.07970000000000001 eV) is based on a retrieved context that is explicitly marked as 'outdated_or_incorrect' and requires human review. Since the source of the information is not reliable, the answer cannot be considered supported by the context.",411,490,naive_context
rag_mpc_0082_incomplete_stability,materials,qwen_output,Is C thermodynamically stable?,"[rank=1 score=24.2768 doc_id=h1ctx_0002_mpc_0001_incorrect_gap] A noisy retrieved note reports C (mp-1197903) with band gap -0.07970000000000001 eV. This note is intentionally marked for human review as outdated_or_incorrect.

[rank=2 score=24.2768 doc_id=h1ctx_0005_mpc_0002_incorrect_gap] A noisy retrieved note reports C (mp-1244964) with band gap -0.0724 eV. This note is intentionally marked for human review as outdated_or_incorrect.

[rank=3 score=24.2768 doc_id=h1ctx_0011_mpc_0004_incorrect_gap] A noisy retrieved note reports C (mp-1244913) with band gap -0.10600000000000001 eV. This note is intentionally marked for human review as outdated_or_incorrect.","The retrieved context does not provide a direct answer to the thermodynamic stability of C. The information provided is about the band gap, which is negative for all reported cases, but this alone does not determine thermodynamic stability.",outdated_or_incorrect,,0.5,qwen_judge,"The answer correctly points out that the provided context does not directly address the thermodynamic stability of C and instead provides information about the band gap. However, it does not fully utilize the context to explain why the negative band gaps do not necessarily imply instability, which could have been a more complete response based on the given information.",432,505,naive_context
rag_mpc_0083_current_gap,materials,qwen_output,What is the band gap of H2?,"[rank=1 score=26.5640 doc_id=h1ctx_0086_mpc_0029_incorrect_gap] A noisy retrieved note reports H2 (mp-2739136) with band gap -10.5108 eV. This note is intentionally marked for human review as outdated_or_incorrect.

[rank=2 score=26.5640 doc_id=h1ctx_0092_mpc_0031_incorrect_gap] A noisy retrieved note reports H2 (mp-632172) with band gap -9.328899999999999 eV. This note is intentionally marked for human review as outdated_or_incorrect.

[rank=3 score=26.5640 doc_id=h1ctx_0104_mpc_0035_incorrect_gap] A noisy retrieved note reports H2 (mp-632291) with band gap -8.8499 eV. This note is intentionally marked for human review as outdated_or_incorrect.",-10.5108 eV,outdated_or_incorrect,,0.5,qwen_judge,"The answer of -10.5108 eV for the band gap of H2 is directly supported by one of the retrieved contexts. However, all three contexts are marked as 'outdated_or_incorrect' and intended for human review, which indicates that the information provided may not be reliable. Given this, the answer is partially supported by the context but with a significant caveat regarding the accuracy of the source.",384,482,naive_context
rag_mpc_0083_incorrect_gap,materials,qwen_output,What is the band gap of H2?,"[rank=1 score=26.5640 doc_id=h1ctx_0086_mpc_0029_incorrect_gap] A noisy retrieved note reports H2 (mp-2739136) with band gap -10.5108 eV. This note is intentionally marked for human review as outdated_or_incorrect.

[rank=2 score=26.5640 doc_id=h1ctx_0092_mpc_0031_incorrect_gap] A noisy retrieved note reports H2 (mp-632172) with band gap -9.328899999999999 eV. This note is intentionally marked for human review as outdated_or_incorrect.

[rank=3 score=26.5640 doc_id=h1ctx_0104_mpc_0035_incorrect_gap] A noisy retrieved note reports H2 (mp-632291) with band gap -8.8499 eV. This note is intentionally marked for human review as outdated_or_incorrect.",-10.5108 eV,outdated_or_incorrect,,0.5,qwen_judge,"The answer of -10.5108 eV for the band gap of H2 is directly supported by one of the retrieved contexts. However, all three contexts are marked as 'outdated_or_incorrect' and intended for human review, which indicates that the information provided may not be reliable. Given this, the answer is partially supported by the context but with a significant caveat regarding the accuracy of the source.",384,482,naive_context
rag_mpc_0083_incomplete_stability,materials,qwen_output,Is H2 thermodynamically stable?,"[rank=1 score=25.9335 doc_id=h1ctx_0086_mpc_0029_incorrect_gap] A noisy retrieved note reports H2 (mp-2739136) with band gap -10.5108 eV. This note is intentionally marked for human review as outdated_or_incorrect.

[rank=2 score=25.9335 doc_id=h1ctx_0092_mpc_0031_incorrect_gap] A noisy retrieved note reports H2 (mp-632172) with band gap -9.328899999999999 eV. This note is intentionally marked for human review as outdated_or_incorrect.

[rank=3 score=25.9335 doc_id=h1ctx_0104_mpc_0035_incorrect_gap] A noisy retrieved note reports H2 (mp-632291) with band gap -8.8499 eV. This note is intentionally marked for human review as outdated_or_incorrect.","The retrieved context does not provide information on the thermodynamic stability of H2. It only provides data about band gaps, which are marked as outdated or incorrect.",outdated_or_incorrect,,1.0,qwen_judge,"The answer correctly states that the retrieved context does not provide information on the thermodynamic stability of H2, and only contains data about band gaps, which are marked as outdated or incorrect. This is fully supported by the given context.",408,463,naive_context
rag_mpc_0084_current_gap,materials,qwen_output,What is the band gap of He?,"[rank=1 score=28.3246 doc_id=h1ctx_0251_mpc_0084_incorrect_gap] A noisy retrieved note reports He (mp-754382) with band gap -16.586399999999998 eV. This note is intentionally marked for human review as outdated_or_incorrect.

[rank=2 score=26.3662 doc_id=h1ctx_0252_mpc_0084_incomplete_stability] A short retrieved snippet mentions He (mp-754382) as stable, but omits formation energy, hull distance, and thermodynamic qualification.

[rank=3 score=26.3660 doc_id=mp_0300] Materials Project reports He (mp-754382). Band gap: 16.586399999999998 eV. Formation energy per atom: 0.003566589999999 eV/atom. Energy above hull: 0.003566589999999 eV/atom. Stable: False.",16.586399999999998 eV,outdated_or_incorrect,,1.0,qwen_judge,"The answer provided, 16.586399999999998 eV, is directly supported by the context from the Materials Project (mp_0300) which reports the band gap of He (mp-754382) as 16.586399999999998 eV.",428,521,naive_context
rag_mpc_0084_incorrect_gap,materials,qwen_output,What is the band gap of He?,"[rank=1 score=28.3246 doc_id=h1ctx_0251_mpc_0084_incorrect_gap] A noisy retrieved note reports He (mp-754382) with band gap -16.586399999999998 eV. This note is intentionally marked for human review as outdated_or_incorrect.

[rank=2 score=26.3662 doc_id=h1ctx_0252_mpc_0084_incomplete_stability] A short retrieved snippet mentions He (mp-754382) as stable, but omits formation energy, hull distance, and thermodynamic qualification.

[rank=3 score=26.3660 doc_id=mp_0300] Materials Project reports He (mp-754382). Band gap: 16.586399999999998 eV. Formation energy per atom: 0.003566589999999 eV/atom. Energy above hull: 0.003566589999999 eV/atom. Stable: False.",16.586399999999998 eV,outdated_or_incorrect,,1.0,qwen_judge,"The answer provided, 16.586399999999998 eV, is directly supported by the context from the Materials Project (mp_0300) which reports the band gap of He (mp-754382) as 16.586399999999998 eV.",428,521,naive_context
rag_mpc_0084_incomplete_stability,materials,qwen_output,Is He thermodynamically stable?,"[rank=1 score=27.6941 doc_id=h1ctx_0251_mpc_0084_incorrect_gap] A noisy retrieved note reports He (mp-754382) with band gap -16.586399999999998 eV. This note is intentionally marked for human review as outdated_or_incorrect.

[rank=2 score=26.7151 doc_id=h1ctx_0252_mpc_0084_incomplete_stability] A short retrieved snippet mentions He (mp-754382) as stable, but omits formation energy, hull distance, and thermodynamic qualification.

[rank=3 score=26.0592 doc_id=mp_0300] Materials Project reports He (mp-754382). Band gap: 16.586399999999998 eV. Formation energy per atom: 0.003566589999999 eV/atom. Energy above hull: 0.003566589999999 eV/atom. Stable: False.",False,outdated_or_incorrect,,1.0,qwen_judge,"The answer 'False' is directly supported by the context from Materials Project (mp_0300), which explicitly states that He (mp-754382) is not stable ('Stable: False').",408,464,naive_context
rag_cov_01_01_current,materials,qwen_output,Is Xx2O3 a valid materials formula?,"[rank=1 score=30.5258 doc_id=h1ctx_0254_cov_01_01_incorrect] A noisy retrieved table lists Xx2O3 as a stable oxide material.

[rank=2 score=27.9209 doc_id=h1ctx_0253_cov_01_01_current] Valid chemical formulas must use recognized element symbols.

[rank=3 score=7.8384 doc_id=arxiv_0039] AtomComposer: Discovering Chemical Space from First Principles with Reinforcement Learning. Discovering novel stable molecules without training data remains a grand scientific challenge. Current molecular generative models are trained on large, pre-curated datasets, which introduce biases and limit exploration of novel chemistry. In contrast, we propose a new paradigm: autonomous, generalized agents capable of mapping vast, unknown chemical spaces without any pretraining. For the first time, we present AtomComposer, a self-guided agent that autonomously constructs valid 3D isomers under stoichiometric constraints and is trained exclusively online using reinforcement learning. Unlike existing approaches that generally overfit to a specific chemical formula, we establish a multi-composition training scheme that enables a broad generalization across diverse chemistry, guided by energy- and validity-based rewards. Our agent can discover up to an order of magnitude more valid isomers on unseen test formulas than existing single-composition reinforcement-learning baselines trained with per-step energy rewards. These results fulfill the promise of online reinforcement learning as a powerful paradigm for scalable, from-scratch exploration of chemical configuration space.",No,outdated_or_incorrect,,0.5,qwen_judge,"The answer 'No' is not directly supported by the provided context. The first retrieved context mentions Xx2O3 as a stable oxide material, which could imply it is a valid formula in that specific document. However, the second retrieved context states that valid chemical formulas must use recognized element symbols, and 'Xx' is not a recognized element symbol. The third context does not provide any information about the validity of Xx2O3. Therefore, the answer is only partially supported, as it is based on the general rule from the second context but contradicts the first context's implication. A more accurate response would need to acknowledge the contradiction between the two pieces of evidence or explain why the first context may be incorrect or irrelevant to the question of whether Xx2O3 is a valid materials formula according to standard chemical nomenclature. Hence, a score of 0.5 is appropriate, reflecting partial support with missing important grounding from the most relevant context (the second one).",465,674,naive_context
rag_cov_01_01_incorrect,materials,qwen_output,Is Xx2O3 a valid materials formula?,"[rank=1 score=30.5258 doc_id=h1ctx_0254_cov_01_01_incorrect] A noisy retrieved table lists Xx2O3 as a stable oxide material.

[rank=2 score=27.9209 doc_id=h1ctx_0253_cov_01_01_current] Valid chemical formulas must use recognized element symbols.

[rank=3 score=7.8384 doc_id=arxiv_0039] AtomComposer: Discovering Chemical Space from First Principles with Reinforcement Learning. Discovering novel stable molecules without training data remains a grand scientific challenge. Current molecular generative models are trained on large, pre-curated datasets, which introduce biases and limit exploration of novel chemistry. In contrast, we propose a new paradigm: autonomous, generalized agents capable of mapping vast, unknown chemical spaces without any pretraining. For the first time, we present AtomComposer, a self-guided agent that autonomously constructs valid 3D isomers under stoichiometric constraints and is trained exclusively online using reinforcement learning. Unlike existing approaches that generally overfit to a specific chemical formula, we establish a multi-composition training scheme that enables a broad generalization across diverse chemistry, guided by energy- and validity-based rewards. Our agent can discover up to an order of magnitude more valid isomers on unseen test formulas than existing single-composition reinforcement-learning baselines trained with per-step energy rewards. These results fulfill the promise of online reinforcement learning as a powerful paradigm for scalable, from-scratch exploration of chemical configuration space.",No,outdated_or_incorrect,,0.5,qwen_judge,"The answer 'No' is not directly supported by the provided context. The first retrieved context mentions Xx2O3 as a stable oxide material, which could imply it is a valid formula in that specific document. However, the second retrieved context states that valid chemical formulas must use recognized element symbols, and 'Xx' is not a recognized element symbol. The third context does not provide any information about the validity of Xx2O3. Therefore, the answer is only partially supported, as it is based on the general rule from the second context but contradicts the first context's implication. A more accurate response would need to acknowledge the contradiction between the two pieces of evidence or explain why the first context may be incorrect or irrelevant to the question of whether Xx2O3 is a valid materials formula according to standard chemical nomenclature. Hence, a score of 0.5 is appropriate, reflecting partial support with missing important grounding from the most relevant context (the second one).",465,674,naive_context
rag_cov_01_02_current,materials,qwen_output,Is Xx2O3 a valid materials formula?,"[rank=1 score=30.5258 doc_id=h1ctx_0254_cov_01_01_incorrect] A noisy retrieved table lists Xx2O3 as a stable oxide material.

[rank=2 score=27.9209 doc_id=h1ctx_0253_cov_01_01_current] Valid chemical formulas must use recognized element symbols.

[rank=3 score=7.8384 doc_id=arxiv_0039] AtomComposer: Discovering Chemical Space from First Principles with Reinforcement Learning. Discovering novel stable molecules without training data remains a grand scientific challenge. Current molecular generative models are trained on large, pre-curated datasets, which introduce biases and limit exploration of novel chemistry. In contrast, we propose a new paradigm: autonomous, generalized agents capable of mapping vast, unknown chemical spaces without any pretraining. For the first time, we present AtomComposer, a self-guided agent that autonomously constructs valid 3D isomers under stoichiometric constraints and is trained exclusively online using reinforcement learning. Unlike existing approaches that generally overfit to a specific chemical formula, we establish a multi-composition training scheme that enables a broad generalization across diverse chemistry, guided by energy- and validity-based rewards. Our agent can discover up to an order of magnitude more valid isomers on unseen test formulas than existing single-composition reinforcement-learning baselines trained with per-step energy rewards. These results fulfill the promise of online reinforcement learning as a powerful paradigm for scalable, from-scratch exploration of chemical configuration space.",No,outdated_or_incorrect,,0.5,qwen_judge,"The answer 'No' is not directly supported by the provided context. The first retrieved context mentions Xx2O3 as a stable oxide material, which could imply it is a valid formula in that specific document. However, the second retrieved context states that valid chemical formulas must use recognized element symbols, and 'Xx' is not a recognized element symbol. The third context does not provide any information about the validity of Xx2O3. Therefore, the answer is only partially supported, as it is based on the general rule from the second context but contradicts the first context's implication. A more accurate response would need to acknowledge the contradiction between the two pieces of evidence or explain why the first context may be incorrect or irrelevant to the question of whether Xx2O3 is a valid materials formula according to standard chemical nomenclature. Hence, a score of 0.5 is appropriate, reflecting partial support with missing important grounding from the most relevant context (the second one).",465,674,naive_context
rag_cov_01_02_incorrect,materials,qwen_output,Is Xx2O3 a valid materials formula?,"[rank=1 score=30.5258 doc_id=h1ctx_0254_cov_01_01_incorrect] A noisy retrieved table lists Xx2O3 as a stable oxide material.

[rank=2 score=27.9209 doc_id=h1ctx_0253_cov_01_01_current] Valid chemical formulas must use recognized element symbols.

[rank=3 score=7.8384 doc_id=arxiv_0039] AtomComposer: Discovering Chemical Space from First Principles with Reinforcement Learning. Discovering novel stable molecules without training data remains a grand scientific challenge. Current molecular generative models are trained on large, pre-curated datasets, which introduce biases and limit exploration of novel chemistry. In contrast, we propose a new paradigm: autonomous, generalized agents capable of mapping vast, unknown chemical spaces without any pretraining. For the first time, we present AtomComposer, a self-guided agent that autonomously constructs valid 3D isomers under stoichiometric constraints and is trained exclusively online using reinforcement learning. Unlike existing approaches that generally overfit to a specific chemical formula, we establish a multi-composition training scheme that enables a broad generalization across diverse chemistry, guided by energy- and validity-based rewards. Our agent can discover up to an order of magnitude more valid isomers on unseen test formulas than existing single-composition reinforcement-learning baselines trained with per-step energy rewards. These results fulfill the promise of online reinforcement learning as a powerful paradigm for scalable, from-scratch exploration of chemical configuration space.",No,outdated_or_incorrect,,0.5,qwen_judge,"The answer 'No' is not directly supported by the provided context. The first retrieved context mentions Xx2O3 as a stable oxide material, which could imply it is a valid formula in that specific document. However, the second retrieved context states that valid chemical formulas must use recognized element symbols, and 'Xx' is not a recognized element symbol. The third context does not provide any information about the validity of Xx2O3. Therefore, the answer is only partially supported, as it is based on the general rule from the second context but contradicts the first context's implication. A more accurate response would need to acknowledge the contradiction between the two pieces of evidence or explain why the first context may be incorrect or irrelevant to the question of whether Xx2O3 is a valid materials formula according to standard chemical nomenclature. Hence, a score of 0.5 is appropriate, reflecting partial support with missing important grounding from the most relevant context (the second one).",465,674,naive_context
rag_cov_01_03_current,materials,qwen_output,Is Xx2O3 a valid materials formula?,"[rank=1 score=30.5258 doc_id=h1ctx_0254_cov_01_01_incorrect] A noisy retrieved table lists Xx2O3 as a stable oxide material.

[rank=2 score=27.9209 doc_id=h1ctx_0253_cov_01_01_current] Valid chemical formulas must use recognized element symbols.

[rank=3 score=7.8384 doc_id=arxiv_0039] AtomComposer: Discovering Chemical Space from First Principles with Reinforcement Learning. Discovering novel stable molecules without training data remains a grand scientific challenge. Current molecular generative models are trained on large, pre-curated datasets, which introduce biases and limit exploration of novel chemistry. In contrast, we propose a new paradigm: autonomous, generalized agents capable of mapping vast, unknown chemical spaces without any pretraining. For the first time, we present AtomComposer, a self-guided agent that autonomously constructs valid 3D isomers under stoichiometric constraints and is trained exclusively online using reinforcement learning. Unlike existing approaches that generally overfit to a specific chemical formula, we establish a multi-composition training scheme that enables a broad generalization across diverse chemistry, guided by energy- and validity-based rewards. Our agent can discover up to an order of magnitude more valid isomers on unseen test formulas than existing single-composition reinforcement-learning baselines trained with per-step energy rewards. These results fulfill the promise of online reinforcement learning as a powerful paradigm for scalable, from-scratch exploration of chemical configuration space.",No,outdated_or_incorrect,,0.5,qwen_judge,"The answer 'No' is not directly supported by the provided context. The first retrieved context mentions Xx2O3 as a stable oxide material, which could imply it is a valid formula in that specific document. However, the second retrieved context states that valid chemical formulas must use recognized element symbols, and 'Xx' is not a recognized element symbol. The third context does not provide any information about the validity of Xx2O3. Therefore, the answer is only partially supported, as it is based on the general rule from the second context but contradicts the first context's implication. A more accurate response would need to acknowledge the contradiction between the two pieces of evidence or explain why the first context may be incorrect or irrelevant to the question of whether Xx2O3 is a valid materials formula according to standard chemical nomenclature. Hence, a score of 0.5 is appropriate, reflecting partial support with missing important grounding from the most relevant context (the second one).",465,674,naive_context
rag_cov_01_03_incorrect,materials,qwen_output,Is Xx2O3 a valid materials formula?,"[rank=1 score=30.5258 doc_id=h1ctx_0254_cov_01_01_incorrect] A noisy retrieved table lists Xx2O3 as a stable oxide material.

[rank=2 score=27.9209 doc_id=h1ctx_0253_cov_01_01_current] Valid chemical formulas must use recognized element symbols.

[rank=3 score=7.8384 doc_id=arxiv_0039] AtomComposer: Discovering Chemical Space from First Principles with Reinforcement Learning. Discovering novel stable molecules without training data remains a grand scientific challenge. Current molecular generative models are trained on large, pre-curated datasets, which introduce biases and limit exploration of novel chemistry. In contrast, we propose a new paradigm: autonomous, generalized agents capable of mapping vast, unknown chemical spaces without any pretraining. For the first time, we present AtomComposer, a self-guided agent that autonomously constructs valid 3D isomers under stoichiometric constraints and is trained exclusively online using reinforcement learning. Unlike existing approaches that generally overfit to a specific chemical formula, we establish a multi-composition training scheme that enables a broad generalization across diverse chemistry, guided by energy- and validity-based rewards. Our agent can discover up to an order of magnitude more valid isomers on unseen test formulas than existing single-composition reinforcement-learning baselines trained with per-step energy rewards. These results fulfill the promise of online reinforcement learning as a powerful paradigm for scalable, from-scratch exploration of chemical configuration space.",No,outdated_or_incorrect,,0.5,qwen_judge,"The answer 'No' is not directly supported by the provided context. The first retrieved context mentions Xx2O3 as a stable oxide material, which could imply it is a valid formula in that specific document. However, the second retrieved context states that valid chemical formulas must use recognized element symbols, and 'Xx' is not a recognized element symbol. The third context does not provide any information about the validity of Xx2O3. Therefore, the answer is only partially supported, as it is based on the general rule from the second context but contradicts the first context's implication. A more accurate response would need to acknowledge the contradiction between the two pieces of evidence or explain why the first context may be incorrect or irrelevant to the question of whether Xx2O3 is a valid materials formula according to standard chemical nomenclature. Hence, a score of 0.5 is appropriate, reflecting partial support with missing important grounding from the most relevant context (the second one).",465,674,naive_context
rag_cov_01_04_current,materials,qwen_output,Is Xx2O3 a valid materials formula?,"[rank=1 score=30.5258 doc_id=h1ctx_0254_cov_01_01_incorrect] A noisy retrieved table lists Xx2O3 as a stable oxide material.

[rank=2 score=27.9209 doc_id=h1ctx_0253_cov_01_01_current] Valid chemical formulas must use recognized element symbols.

[rank=3 score=7.8384 doc_id=arxiv_0039] AtomComposer: Discovering Chemical Space from First Principles with Reinforcement Learning. Discovering novel stable molecules without training data remains a grand scientific challenge. Current molecular generative models are trained on large, pre-curated datasets, which introduce biases and limit exploration of novel chemistry. In contrast, we propose a new paradigm: autonomous, generalized agents capable of mapping vast, unknown chemical spaces without any pretraining. For the first time, we present AtomComposer, a self-guided agent that autonomously constructs valid 3D isomers under stoichiometric constraints and is trained exclusively online using reinforcement learning. Unlike existing approaches that generally overfit to a specific chemical formula, we establish a multi-composition training scheme that enables a broad generalization across diverse chemistry, guided by energy- and validity-based rewards. Our agent can discover up to an order of magnitude more valid isomers on unseen test formulas than existing single-composition reinforcement-learning baselines trained with per-step energy rewards. These results fulfill the promise of online reinforcement learning as a powerful paradigm for scalable, from-scratch exploration of chemical configuration space.",No,outdated_or_incorrect,,0.5,qwen_judge,"The answer 'No' is not directly supported by the provided context. The first retrieved context mentions Xx2O3 as a stable oxide material, which could imply it is a valid formula in that specific document. However, the second retrieved context states that valid chemical formulas must use recognized element symbols, and 'Xx' is not a recognized element symbol. The third context does not provide any information about the validity of Xx2O3. Therefore, the answer is only partially supported, as it is based on the general rule from the second context but contradicts the first context's implication. A more accurate response would need to acknowledge the contradiction between the two pieces of evidence or explain why the first context may be incorrect or irrelevant to the question of whether Xx2O3 is a valid materials formula according to standard chemical nomenclature. Hence, a score of 0.5 is appropriate, reflecting partial support with missing important grounding from the most relevant context (the second one).",465,674,naive_context
rag_cov_01_04_incorrect,materials,qwen_output,Is Xx2O3 a valid materials formula?,"[rank=1 score=30.5258 doc_id=h1ctx_0254_cov_01_01_incorrect] A noisy retrieved table lists Xx2O3 as a stable oxide material.

[rank=2 score=27.9209 doc_id=h1ctx_0253_cov_01_01_current] Valid chemical formulas must use recognized element symbols.

[rank=3 score=7.8384 doc_id=arxiv_0039] AtomComposer: Discovering Chemical Space from First Principles with Reinforcement Learning. Discovering novel stable molecules without training data remains a grand scientific challenge. Current molecular generative models are trained on large, pre-curated datasets, which introduce biases and limit exploration of novel chemistry. In contrast, we propose a new paradigm: autonomous, generalized agents capable of mapping vast, unknown chemical spaces without any pretraining. For the first time, we present AtomComposer, a self-guided agent that autonomously constructs valid 3D isomers under stoichiometric constraints and is trained exclusively online using reinforcement learning. Unlike existing approaches that generally overfit to a specific chemical formula, we establish a multi-composition training scheme that enables a broad generalization across diverse chemistry, guided by energy- and validity-based rewards. Our agent can discover up to an order of magnitude more valid isomers on unseen test formulas than existing single-composition reinforcement-learning baselines trained with per-step energy rewards. These results fulfill the promise of online reinforcement learning as a powerful paradigm for scalable, from-scratch exploration of chemical configuration space.",No,outdated_or_incorrect,,0.5,qwen_judge,"The answer 'No' is not directly supported by the provided context. The first retrieved context mentions Xx2O3 as a stable oxide material, which could imply it is a valid formula in that specific document. However, the second retrieved context states that valid chemical formulas must use recognized element symbols, and 'Xx' is not a recognized element symbol. The third context does not provide any information about the validity of Xx2O3. Therefore, the answer is only partially supported, as it is based on the general rule from the second context but contradicts the first context's implication. A more accurate response would need to acknowledge the contradiction between the two pieces of evidence or explain why the first context may be incorrect or irrelevant to the question of whether Xx2O3 is a valid materials formula according to standard chemical nomenclature. Hence, a score of 0.5 is appropriate, reflecting partial support with missing important grounding from the most relevant context (the second one).",465,674,naive_context
rag_cov_01_05_current,materials,qwen_output,Is Xx2O3 a valid materials formula?,"[rank=1 score=30.5258 doc_id=h1ctx_0254_cov_01_01_incorrect] A noisy retrieved table lists Xx2O3 as a stable oxide material.

[rank=2 score=27.9209 doc_id=h1ctx_0253_cov_01_01_current] Valid chemical formulas must use recognized element symbols.

[rank=3 score=7.8384 doc_id=arxiv_0039] AtomComposer: Discovering Chemical Space from First Principles with Reinforcement Learning. Discovering novel stable molecules without training data remains a grand scientific challenge. Current molecular generative models are trained on large, pre-curated datasets, which introduce biases and limit exploration of novel chemistry. In contrast, we propose a new paradigm: autonomous, generalized agents capable of mapping vast, unknown chemical spaces without any pretraining. For the first time, we present AtomComposer, a self-guided agent that autonomously constructs valid 3D isomers under stoichiometric constraints and is trained exclusively online using reinforcement learning. Unlike existing approaches that generally overfit to a specific chemical formula, we establish a multi-composition training scheme that enables a broad generalization across diverse chemistry, guided by energy- and validity-based rewards. Our agent can discover up to an order of magnitude more valid isomers on unseen test formulas than existing single-composition reinforcement-learning baselines trained with per-step energy rewards. These results fulfill the promise of online reinforcement learning as a powerful paradigm for scalable, from-scratch exploration of chemical configuration space.",No,outdated_or_incorrect,,0.5,qwen_judge,"The answer 'No' is not directly supported by the provided context. The first retrieved context mentions Xx2O3 as a stable oxide material, which could imply it is a valid formula in that specific document. However, the second retrieved context states that valid chemical formulas must use recognized element symbols, and 'Xx' is not a recognized element symbol. The third context does not provide any information about the validity of Xx2O3. Therefore, the answer is only partially supported, as it is based on the general rule from the second context but contradicts the first context's implication. A more accurate response would need to acknowledge the contradiction between the two pieces of evidence or explain why the first context may be incorrect or irrelevant to the question of whether Xx2O3 is a valid materials formula according to standard chemical nomenclature. Hence, a score of 0.5 is appropriate, reflecting partial support with missing important grounding from the most relevant context (the second one).",465,674,naive_context
rag_cov_01_05_incorrect,materials,qwen_output,Is Xx2O3 a valid materials formula?,"[rank=1 score=30.5258 doc_id=h1ctx_0254_cov_01_01_incorrect] A noisy retrieved table lists Xx2O3 as a stable oxide material.

[rank=2 score=27.9209 doc_id=h1ctx_0253_cov_01_01_current] Valid chemical formulas must use recognized element symbols.

[rank=3 score=7.8384 doc_id=arxiv_0039] AtomComposer: Discovering Chemical Space from First Principles with Reinforcement Learning. Discovering novel stable molecules without training data remains a grand scientific challenge. Current molecular generative models are trained on large, pre-curated datasets, which introduce biases and limit exploration of novel chemistry. In contrast, we propose a new paradigm: autonomous, generalized agents capable of mapping vast, unknown chemical spaces without any pretraining. For the first time, we present AtomComposer, a self-guided agent that autonomously constructs valid 3D isomers under stoichiometric constraints and is trained exclusively online using reinforcement learning. Unlike existing approaches that generally overfit to a specific chemical formula, we establish a multi-composition training scheme that enables a broad generalization across diverse chemistry, guided by energy- and validity-based rewards. Our agent can discover up to an order of magnitude more valid isomers on unseen test formulas than existing single-composition reinforcement-learning baselines trained with per-step energy rewards. These results fulfill the promise of online reinforcement learning as a powerful paradigm for scalable, from-scratch exploration of chemical configuration space.",No,outdated_or_incorrect,,0.5,qwen_judge,"The answer 'No' is not directly supported by the provided context. The first retrieved context mentions Xx2O3 as a stable oxide material, which could imply it is a valid formula in that specific document. However, the second retrieved context states that valid chemical formulas must use recognized element symbols, and 'Xx' is not a recognized element symbol. The third context does not provide any information about the validity of Xx2O3. Therefore, the answer is only partially supported, as it is based on the general rule from the second context but contradicts the first context's implication. A more accurate response would need to acknowledge the contradiction between the two pieces of evidence or explain why the first context may be incorrect or irrelevant to the question of whether Xx2O3 is a valid materials formula according to standard chemical nomenclature. Hence, a score of 0.5 is appropriate, reflecting partial support with missing important grounding from the most relevant context (the second one).",465,674,naive_context
rag_cov_01_06_current,materials,qwen_output,Is Xx2O3 a valid materials formula?,"[rank=1 score=30.5258 doc_id=h1ctx_0254_cov_01_01_incorrect] A noisy retrieved table lists Xx2O3 as a stable oxide material.

[rank=2 score=27.9209 doc_id=h1ctx_0253_cov_01_01_current] Valid chemical formulas must use recognized element symbols.

[rank=3 score=7.8384 doc_id=arxiv_0039] AtomComposer: Discovering Chemical Space from First Principles with Reinforcement Learning. Discovering novel stable molecules without training data remains a grand scientific challenge. Current molecular generative models are trained on large, pre-curated datasets, which introduce biases and limit exploration of novel chemistry. In contrast, we propose a new paradigm: autonomous, generalized agents capable of mapping vast, unknown chemical spaces without any pretraining. For the first time, we present AtomComposer, a self-guided agent that autonomously constructs valid 3D isomers under stoichiometric constraints and is trained exclusively online using reinforcement learning. Unlike existing approaches that generally overfit to a specific chemical formula, we establish a multi-composition training scheme that enables a broad generalization across diverse chemistry, guided by energy- and validity-based rewards. Our agent can discover up to an order of magnitude more valid isomers on unseen test formulas than existing single-composition reinforcement-learning baselines trained with per-step energy rewards. These results fulfill the promise of online reinforcement learning as a powerful paradigm for scalable, from-scratch exploration of chemical configuration space.",No,outdated_or_incorrect,,0.5,qwen_judge,"The answer 'No' is not directly supported by the provided context. The first retrieved context mentions Xx2O3 as a stable oxide material, which could imply it is a valid formula in that specific document. However, the second retrieved context states that valid chemical formulas must use recognized element symbols, and 'Xx' is not a recognized element symbol. The third context does not provide any information about the validity of Xx2O3. Therefore, the answer is only partially supported, as it is based on the general rule from the second context but contradicts the first context's implication. A more accurate response would need to acknowledge the contradiction between the two pieces of evidence or explain why the first context may be incorrect or irrelevant to the question of whether Xx2O3 is a valid materials formula according to standard chemical nomenclature. Hence, a score of 0.5 is appropriate, reflecting partial support with missing important grounding from the most relevant context (the second one).",465,674,naive_context
rag_cov_01_06_incorrect,materials,qwen_output,Is Xx2O3 a valid materials formula?,"[rank=1 score=30.5258 doc_id=h1ctx_0254_cov_01_01_incorrect] A noisy retrieved table lists Xx2O3 as a stable oxide material.

[rank=2 score=27.9209 doc_id=h1ctx_0253_cov_01_01_current] Valid chemical formulas must use recognized element symbols.

[rank=3 score=7.8384 doc_id=arxiv_0039] AtomComposer: Discovering Chemical Space from First Principles with Reinforcement Learning. Discovering novel stable molecules without training data remains a grand scientific challenge. Current molecular generative models are trained on large, pre-curated datasets, which introduce biases and limit exploration of novel chemistry. In contrast, we propose a new paradigm: autonomous, generalized agents capable of mapping vast, unknown chemical spaces without any pretraining. For the first time, we present AtomComposer, a self-guided agent that autonomously constructs valid 3D isomers under stoichiometric constraints and is trained exclusively online using reinforcement learning. Unlike existing approaches that generally overfit to a specific chemical formula, we establish a multi-composition training scheme that enables a broad generalization across diverse chemistry, guided by energy- and validity-based rewards. Our agent can discover up to an order of magnitude more valid isomers on unseen test formulas than existing single-composition reinforcement-learning baselines trained with per-step energy rewards. These results fulfill the promise of online reinforcement learning as a powerful paradigm for scalable, from-scratch exploration of chemical configuration space.",No,outdated_or_incorrect,,0.5,qwen_judge,"The answer 'No' is not directly supported by the provided context. The first retrieved context mentions Xx2O3 as a stable oxide material, which could imply it is a valid formula in that specific document. However, the second retrieved context states that valid chemical formulas must use recognized element symbols, and 'Xx' is not a recognized element symbol. The third context does not provide any information about the validity of Xx2O3. Therefore, the answer is only partially supported, as it is based on the general rule from the second context but contradicts the first context's implication. A more accurate response would need to acknowledge the contradiction between the two pieces of evidence or explain why the first context may be incorrect or irrelevant to the question of whether Xx2O3 is a valid materials formula according to standard chemical nomenclature. Hence, a score of 0.5 is appropriate, reflecting partial support with missing important grounding from the most relevant context (the second one).",465,674,naive_context
rag_cov_01_07_current,materials,qwen_output,Is Xx2O3 a valid materials formula?,"[rank=1 score=30.5258 doc_id=h1ctx_0254_cov_01_01_incorrect] A noisy retrieved table lists Xx2O3 as a stable oxide material.

[rank=2 score=27.9209 doc_id=h1ctx_0253_cov_01_01_current] Valid chemical formulas must use recognized element symbols.

[rank=3 score=7.8384 doc_id=arxiv_0039] AtomComposer: Discovering Chemical Space from First Principles with Reinforcement Learning. Discovering novel stable molecules without training data remains a grand scientific challenge. Current molecular generative models are trained on large, pre-curated datasets, which introduce biases and limit exploration of novel chemistry. In contrast, we propose a new paradigm: autonomous, generalized agents capable of mapping vast, unknown chemical spaces without any pretraining. For the first time, we present AtomComposer, a self-guided agent that autonomously constructs valid 3D isomers under stoichiometric constraints and is trained exclusively online using reinforcement learning. Unlike existing approaches that generally overfit to a specific chemical formula, we establish a multi-composition training scheme that enables a broad generalization across diverse chemistry, guided by energy- and validity-based rewards. Our agent can discover up to an order of magnitude more valid isomers on unseen test formulas than existing single-composition reinforcement-learning baselines trained with per-step energy rewards. These results fulfill the promise of online reinforcement learning as a powerful paradigm for scalable, from-scratch exploration of chemical configuration space.",No,outdated_or_incorrect,,0.5,qwen_judge,"The answer 'No' is not directly supported by the provided context. The first retrieved context mentions Xx2O3 as a stable oxide material, which could imply it is a valid formula in that specific document. However, the second retrieved context states that valid chemical formulas must use recognized element symbols, and 'Xx' is not a recognized element symbol. The third context does not provide any information about the validity of Xx2O3. Therefore, the answer is only partially supported, as it is based on the general rule from the second context but contradicts the first context's implication. A more accurate response would need to acknowledge the contradiction between the two pieces of evidence or explain why the first context may be incorrect or irrelevant to the question of whether Xx2O3 is a valid materials formula according to standard chemical nomenclature. Hence, a score of 0.5 is appropriate, reflecting partial support with missing important grounding from the most relevant context (the second one).",465,674,naive_context
rag_cov_01_07_incorrect,materials,qwen_output,Is Xx2O3 a valid materials formula?,"[rank=1 score=30.5258 doc_id=h1ctx_0254_cov_01_01_incorrect] A noisy retrieved table lists Xx2O3 as a stable oxide material.

[rank=2 score=27.9209 doc_id=h1ctx_0253_cov_01_01_current] Valid chemical formulas must use recognized element symbols.

[rank=3 score=7.8384 doc_id=arxiv_0039] AtomComposer: Discovering Chemical Space from First Principles with Reinforcement Learning. Discovering novel stable molecules without training data remains a grand scientific challenge. Current molecular generative models are trained on large, pre-curated datasets, which introduce biases and limit exploration of novel chemistry. In contrast, we propose a new paradigm: autonomous, generalized agents capable of mapping vast, unknown chemical spaces without any pretraining. For the first time, we present AtomComposer, a self-guided agent that autonomously constructs valid 3D isomers under stoichiometric constraints and is trained exclusively online using reinforcement learning. Unlike existing approaches that generally overfit to a specific chemical formula, we establish a multi-composition training scheme that enables a broad generalization across diverse chemistry, guided by energy- and validity-based rewards. Our agent can discover up to an order of magnitude more valid isomers on unseen test formulas than existing single-composition reinforcement-learning baselines trained with per-step energy rewards. These results fulfill the promise of online reinforcement learning as a powerful paradigm for scalable, from-scratch exploration of chemical configuration space.",No,outdated_or_incorrect,,0.5,qwen_judge,"The answer 'No' is not directly supported by the provided context. The first retrieved context mentions Xx2O3 as a stable oxide material, which could imply it is a valid formula in that specific document. However, the second retrieved context states that valid chemical formulas must use recognized element symbols, and 'Xx' is not a recognized element symbol. The third context does not provide any information about the validity of Xx2O3. Therefore, the answer is only partially supported, as it is based on the general rule from the second context but contradicts the first context's implication. A more accurate response would need to acknowledge the contradiction between the two pieces of evidence or explain why the first context may be incorrect or irrelevant to the question of whether Xx2O3 is a valid materials formula according to standard chemical nomenclature. Hence, a score of 0.5 is appropriate, reflecting partial support with missing important grounding from the most relevant context (the second one).",465,674,naive_context
rag_cov_01_08_current,materials,qwen_output,Is Xx2O3 a valid materials formula?,"[rank=1 score=30.5258 doc_id=h1ctx_0254_cov_01_01_incorrect] A noisy retrieved table lists Xx2O3 as a stable oxide material.

[rank=2 score=27.9209 doc_id=h1ctx_0253_cov_01_01_current] Valid chemical formulas must use recognized element symbols.

[rank=3 score=7.8384 doc_id=arxiv_0039] AtomComposer: Discovering Chemical Space from First Principles with Reinforcement Learning. Discovering novel stable molecules without training data remains a grand scientific challenge. Current molecular generative models are trained on large, pre-curated datasets, which introduce biases and limit exploration of novel chemistry. In contrast, we propose a new paradigm: autonomous, generalized agents capable of mapping vast, unknown chemical spaces without any pretraining. For the first time, we present AtomComposer, a self-guided agent that autonomously constructs valid 3D isomers under stoichiometric constraints and is trained exclusively online using reinforcement learning. Unlike existing approaches that generally overfit to a specific chemical formula, we establish a multi-composition training scheme that enables a broad generalization across diverse chemistry, guided by energy- and validity-based rewards. Our agent can discover up to an order of magnitude more valid isomers on unseen test formulas than existing single-composition reinforcement-learning baselines trained with per-step energy rewards. These results fulfill the promise of online reinforcement learning as a powerful paradigm for scalable, from-scratch exploration of chemical configuration space.",No,outdated_or_incorrect,,0.5,qwen_judge,"The answer 'No' is not directly supported by the provided context. The first retrieved context mentions Xx2O3 as a stable oxide material, which could imply it is a valid formula in that specific document. However, the second retrieved context states that valid chemical formulas must use recognized element symbols, and 'Xx' is not a recognized element symbol. The third context does not provide any information about the validity of Xx2O3. Therefore, the answer is only partially supported, as it is based on the general rule from the second context but contradicts the first context's implication. A more accurate response would need to acknowledge the contradiction between the two pieces of evidence or explain why the first context may be incorrect or irrelevant to the question of whether Xx2O3 is a valid materials formula according to standard chemical nomenclature. Hence, a score of 0.5 is appropriate, reflecting partial support with missing important grounding from the most relevant context (the second one).",465,674,naive_context
rag_cov_01_08_incorrect,materials,qwen_output,Is Xx2O3 a valid materials formula?,"[rank=1 score=30.5258 doc_id=h1ctx_0254_cov_01_01_incorrect] A noisy retrieved table lists Xx2O3 as a stable oxide material.

[rank=2 score=27.9209 doc_id=h1ctx_0253_cov_01_01_current] Valid chemical formulas must use recognized element symbols.

[rank=3 score=7.8384 doc_id=arxiv_0039] AtomComposer: Discovering Chemical Space from First Principles with Reinforcement Learning. Discovering novel stable molecules without training data remains a grand scientific challenge. Current molecular generative models are trained on large, pre-curated datasets, which introduce biases and limit exploration of novel chemistry. In contrast, we propose a new paradigm: autonomous, generalized agents capable of mapping vast, unknown chemical spaces without any pretraining. For the first time, we present AtomComposer, a self-guided agent that autonomously constructs valid 3D isomers under stoichiometric constraints and is trained exclusively online using reinforcement learning. Unlike existing approaches that generally overfit to a specific chemical formula, we establish a multi-composition training scheme that enables a broad generalization across diverse chemistry, guided by energy- and validity-based rewards. Our agent can discover up to an order of magnitude more valid isomers on unseen test formulas than existing single-composition reinforcement-learning baselines trained with per-step energy rewards. These results fulfill the promise of online reinforcement learning as a powerful paradigm for scalable, from-scratch exploration of chemical configuration space.",No,outdated_or_incorrect,,0.5,qwen_judge,"The answer 'No' is not directly supported by the provided context. The first retrieved context mentions Xx2O3 as a stable oxide material, which could imply it is a valid formula in that specific document. However, the second retrieved context states that valid chemical formulas must use recognized element symbols, and 'Xx' is not a recognized element symbol. The third context does not provide any information about the validity of Xx2O3. Therefore, the answer is only partially supported, as it is based on the general rule from the second context but contradicts the first context's implication. A more accurate response would need to acknowledge the contradiction between the two pieces of evidence or explain why the first context may be incorrect or irrelevant to the question of whether Xx2O3 is a valid materials formula according to standard chemical nomenclature. Hence, a score of 0.5 is appropriate, reflecting partial support with missing important grounding from the most relevant context (the second one).",465,674,naive_context
rag_cov_01_09_current,materials,qwen_output,Is Xx2O3 a valid materials formula?,"[rank=1 score=30.5258 doc_id=h1ctx_0254_cov_01_01_incorrect] A noisy retrieved table lists Xx2O3 as a stable oxide material.

[rank=2 score=27.9209 doc_id=h1ctx_0253_cov_01_01_current] Valid chemical formulas must use recognized element symbols.

[rank=3 score=7.8384 doc_id=arxiv_0039] AtomComposer: Discovering Chemical Space from First Principles with Reinforcement Learning. Discovering novel stable molecules without training data remains a grand scientific challenge. Current molecular generative models are trained on large, pre-curated datasets, which introduce biases and limit exploration of novel chemistry. In contrast, we propose a new paradigm: autonomous, generalized agents capable of mapping vast, unknown chemical spaces without any pretraining. For the first time, we present AtomComposer, a self-guided agent that autonomously constructs valid 3D isomers under stoichiometric constraints and is trained exclusively online using reinforcement learning. Unlike existing approaches that generally overfit to a specific chemical formula, we establish a multi-composition training scheme that enables a broad generalization across diverse chemistry, guided by energy- and validity-based rewards. Our agent can discover up to an order of magnitude more valid isomers on unseen test formulas than existing single-composition reinforcement-learning baselines trained with per-step energy rewards. These results fulfill the promise of online reinforcement learning as a powerful paradigm for scalable, from-scratch exploration of chemical configuration space.",No,outdated_or_incorrect,,0.5,qwen_judge,"The answer 'No' is not directly supported by the provided context. The first retrieved context mentions Xx2O3 as a stable oxide material, which could imply it is a valid formula in that specific document. However, the second retrieved context states that valid chemical formulas must use recognized element symbols, and 'Xx' is not a recognized element symbol. The third context does not provide any information about the validity of Xx2O3. Therefore, the answer is only partially supported, as it is based on the general rule from the second context but contradicts the first context's implication. A more accurate response would need to acknowledge the contradiction between the two pieces of evidence or explain why the first context may be incorrect or irrelevant to the question of whether Xx2O3 is a valid materials formula according to standard chemical nomenclature. Hence, a score of 0.5 is appropriate, reflecting partial support with missing important grounding from the most relevant context (the second one).",465,674,naive_context
rag_cov_01_09_incorrect,materials,qwen_output,Is Xx2O3 a valid materials formula?,"[rank=1 score=30.5258 doc_id=h1ctx_0254_cov_01_01_incorrect] A noisy retrieved table lists Xx2O3 as a stable oxide material.

[rank=2 score=27.9209 doc_id=h1ctx_0253_cov_01_01_current] Valid chemical formulas must use recognized element symbols.

[rank=3 score=7.8384 doc_id=arxiv_0039] AtomComposer: Discovering Chemical Space from First Principles with Reinforcement Learning. Discovering novel stable molecules without training data remains a grand scientific challenge. Current molecular generative models are trained on large, pre-curated datasets, which introduce biases and limit exploration of novel chemistry. In contrast, we propose a new paradigm: autonomous, generalized agents capable of mapping vast, unknown chemical spaces without any pretraining. For the first time, we present AtomComposer, a self-guided agent that autonomously constructs valid 3D isomers under stoichiometric constraints and is trained exclusively online using reinforcement learning. Unlike existing approaches that generally overfit to a specific chemical formula, we establish a multi-composition training scheme that enables a broad generalization across diverse chemistry, guided by energy- and validity-based rewards. Our agent can discover up to an order of magnitude more valid isomers on unseen test formulas than existing single-composition reinforcement-learning baselines trained with per-step energy rewards. These results fulfill the promise of online reinforcement learning as a powerful paradigm for scalable, from-scratch exploration of chemical configuration space.",No,outdated_or_incorrect,,0.5,qwen_judge,"The answer 'No' is not directly supported by the provided context. The first retrieved context mentions Xx2O3 as a stable oxide material, which could imply it is a valid formula in that specific document. However, the second retrieved context states that valid chemical formulas must use recognized element symbols, and 'Xx' is not a recognized element symbol. The third context does not provide any information about the validity of Xx2O3. Therefore, the answer is only partially supported, as it is based on the general rule from the second context but contradicts the first context's implication. A more accurate response would need to acknowledge the contradiction between the two pieces of evidence or explain why the first context may be incorrect or irrelevant to the question of whether Xx2O3 is a valid materials formula according to standard chemical nomenclature. Hence, a score of 0.5 is appropriate, reflecting partial support with missing important grounding from the most relevant context (the second one).",465,674,naive_context
rag_cov_01_10_current,materials,qwen_output,Is Xx2O3 a valid materials formula?,"[rank=1 score=30.5258 doc_id=h1ctx_0254_cov_01_01_incorrect] A noisy retrieved table lists Xx2O3 as a stable oxide material.

[rank=2 score=27.9209 doc_id=h1ctx_0253_cov_01_01_current] Valid chemical formulas must use recognized element symbols.

[rank=3 score=7.8384 doc_id=arxiv_0039] AtomComposer: Discovering Chemical Space from First Principles with Reinforcement Learning. Discovering novel stable molecules without training data remains a grand scientific challenge. Current molecular generative models are trained on large, pre-curated datasets, which introduce biases and limit exploration of novel chemistry. In contrast, we propose a new paradigm: autonomous, generalized agents capable of mapping vast, unknown chemical spaces without any pretraining. For the first time, we present AtomComposer, a self-guided agent that autonomously constructs valid 3D isomers under stoichiometric constraints and is trained exclusively online using reinforcement learning. Unlike existing approaches that generally overfit to a specific chemical formula, we establish a multi-composition training scheme that enables a broad generalization across diverse chemistry, guided by energy- and validity-based rewards. Our agent can discover up to an order of magnitude more valid isomers on unseen test formulas than existing single-composition reinforcement-learning baselines trained with per-step energy rewards. These results fulfill the promise of online reinforcement learning as a powerful paradigm for scalable, from-scratch exploration of chemical configuration space.",No,outdated_or_incorrect,,0.5,qwen_judge,"The answer 'No' is not directly supported by the provided context. The first retrieved context mentions Xx2O3 as a stable oxide material, which could imply it is a valid formula in that specific document. However, the second retrieved context states that valid chemical formulas must use recognized element symbols, and 'Xx' is not a recognized element symbol. The third context does not provide any information about the validity of Xx2O3. Therefore, the answer is only partially supported, as it is based on the general rule from the second context but contradicts the first context's implication. A more accurate response would need to acknowledge the contradiction between the two pieces of evidence or explain why the first context may be incorrect or irrelevant to the question of whether Xx2O3 is a valid materials formula according to standard chemical nomenclature. Hence, a score of 0.5 is appropriate, reflecting partial support with missing important grounding from the most relevant context (the second one).",465,674,naive_context
rag_cov_01_10_incorrect,materials,qwen_output,Is Xx2O3 a valid materials formula?,"[rank=1 score=30.5258 doc_id=h1ctx_0254_cov_01_01_incorrect] A noisy retrieved table lists Xx2O3 as a stable oxide material.

[rank=2 score=27.9209 doc_id=h1ctx_0253_cov_01_01_current] Valid chemical formulas must use recognized element symbols.

[rank=3 score=7.8384 doc_id=arxiv_0039] AtomComposer: Discovering Chemical Space from First Principles with Reinforcement Learning. Discovering novel stable molecules without training data remains a grand scientific challenge. Current molecular generative models are trained on large, pre-curated datasets, which introduce biases and limit exploration of novel chemistry. In contrast, we propose a new paradigm: autonomous, generalized agents capable of mapping vast, unknown chemical spaces without any pretraining. For the first time, we present AtomComposer, a self-guided agent that autonomously constructs valid 3D isomers under stoichiometric constraints and is trained exclusively online using reinforcement learning. Unlike existing approaches that generally overfit to a specific chemical formula, we establish a multi-composition training scheme that enables a broad generalization across diverse chemistry, guided by energy- and validity-based rewards. Our agent can discover up to an order of magnitude more valid isomers on unseen test formulas than existing single-composition reinforcement-learning baselines trained with per-step energy rewards. These results fulfill the promise of online reinforcement learning as a powerful paradigm for scalable, from-scratch exploration of chemical configuration space.",No,outdated_or_incorrect,,0.5,qwen_judge,"The answer 'No' is not directly supported by the provided context. The first retrieved context mentions Xx2O3 as a stable oxide material, which could imply it is a valid formula in that specific document. However, the second retrieved context states that valid chemical formulas must use recognized element symbols, and 'Xx' is not a recognized element symbol. The third context does not provide any information about the validity of Xx2O3. Therefore, the answer is only partially supported, as it is based on the general rule from the second context but contradicts the first context's implication. A more accurate response would need to acknowledge the contradiction between the two pieces of evidence or explain why the first context may be incorrect or irrelevant to the question of whether Xx2O3 is a valid materials formula according to standard chemical nomenclature. Hence, a score of 0.5 is appropriate, reflecting partial support with missing important grounding from the most relevant context (the second one).",465,674,naive_context
rag_cov_01_11_current,materials,qwen_output,Is Xx2O3 a valid materials formula?,"[rank=1 score=30.5258 doc_id=h1ctx_0254_cov_01_01_incorrect] A noisy retrieved table lists Xx2O3 as a stable oxide material.

[rank=2 score=27.9209 doc_id=h1ctx_0253_cov_01_01_current] Valid chemical formulas must use recognized element symbols.

[rank=3 score=7.8384 doc_id=arxiv_0039] AtomComposer: Discovering Chemical Space from First Principles with Reinforcement Learning. Discovering novel stable molecules without training data remains a grand scientific challenge. Current molecular generative models are trained on large, pre-curated datasets, which introduce biases and limit exploration of novel chemistry. In contrast, we propose a new paradigm: autonomous, generalized agents capable of mapping vast, unknown chemical spaces without any pretraining. For the first time, we present AtomComposer, a self-guided agent that autonomously constructs valid 3D isomers under stoichiometric constraints and is trained exclusively online using reinforcement learning. Unlike existing approaches that generally overfit to a specific chemical formula, we establish a multi-composition training scheme that enables a broad generalization across diverse chemistry, guided by energy- and validity-based rewards. Our agent can discover up to an order of magnitude more valid isomers on unseen test formulas than existing single-composition reinforcement-learning baselines trained with per-step energy rewards. These results fulfill the promise of online reinforcement learning as a powerful paradigm for scalable, from-scratch exploration of chemical configuration space.",No,outdated_or_incorrect,,0.5,qwen_judge,"The answer 'No' is not directly supported by the provided context. The first retrieved context mentions Xx2O3 as a stable oxide material, which could imply it is a valid formula in that specific document. However, the second retrieved context states that valid chemical formulas must use recognized element symbols, and 'Xx' is not a recognized element symbol. The third context does not provide any information about the validity of Xx2O3. Therefore, the answer is only partially supported, as it is based on the general rule from the second context but contradicts the first context's implication. A more accurate response would need to acknowledge the contradiction between the two pieces of evidence or explain why the first context may be incorrect or irrelevant to the question of whether Xx2O3 is a valid materials formula according to standard chemical nomenclature. Hence, a score of 0.5 is appropriate, reflecting partial support with missing important grounding from the most relevant context (the second one).",465,674,naive_context
rag_cov_01_11_incorrect,materials,qwen_output,Is Xx2O3 a valid materials formula?,"[rank=1 score=30.5258 doc_id=h1ctx_0254_cov_01_01_incorrect] A noisy retrieved table lists Xx2O3 as a stable oxide material.

[rank=2 score=27.9209 doc_id=h1ctx_0253_cov_01_01_current] Valid chemical formulas must use recognized element symbols.

[rank=3 score=7.8384 doc_id=arxiv_0039] AtomComposer: Discovering Chemical Space from First Principles with Reinforcement Learning. Discovering novel stable molecules without training data remains a grand scientific challenge. Current molecular generative models are trained on large, pre-curated datasets, which introduce biases and limit exploration of novel chemistry. In contrast, we propose a new paradigm: autonomous, generalized agents capable of mapping vast, unknown chemical spaces without any pretraining. For the first time, we present AtomComposer, a self-guided agent that autonomously constructs valid 3D isomers under stoichiometric constraints and is trained exclusively online using reinforcement learning. Unlike existing approaches that generally overfit to a specific chemical formula, we establish a multi-composition training scheme that enables a broad generalization across diverse chemistry, guided by energy- and validity-based rewards. Our agent can discover up to an order of magnitude more valid isomers on unseen test formulas than existing single-composition reinforcement-learning baselines trained with per-step energy rewards. These results fulfill the promise of online reinforcement learning as a powerful paradigm for scalable, from-scratch exploration of chemical configuration space.",No,outdated_or_incorrect,,0.5,qwen_judge,"The answer 'No' is not directly supported by the provided context. The first retrieved context mentions Xx2O3 as a stable oxide material, which could imply it is a valid formula in that specific document. However, the second retrieved context states that valid chemical formulas must use recognized element symbols, and 'Xx' is not a recognized element symbol. The third context does not provide any information about the validity of Xx2O3. Therefore, the answer is only partially supported, as it is based on the general rule from the second context but contradicts the first context's implication. A more accurate response would need to acknowledge the contradiction between the two pieces of evidence or explain why the first context may be incorrect or irrelevant to the question of whether Xx2O3 is a valid materials formula according to standard chemical nomenclature. Hence, a score of 0.5 is appropriate, reflecting partial support with missing important grounding from the most relevant context (the second one).",465,674,naive_context
rag_cov_01_12_current,materials,qwen_output,Is Xx2O3 a valid materials formula?,"[rank=1 score=30.5258 doc_id=h1ctx_0254_cov_01_01_incorrect] A noisy retrieved table lists Xx2O3 as a stable oxide material.

[rank=2 score=27.9209 doc_id=h1ctx_0253_cov_01_01_current] Valid chemical formulas must use recognized element symbols.

[rank=3 score=7.8384 doc_id=arxiv_0039] AtomComposer: Discovering Chemical Space from First Principles with Reinforcement Learning. Discovering novel stable molecules without training data remains a grand scientific challenge. Current molecular generative models are trained on large, pre-curated datasets, which introduce biases and limit exploration of novel chemistry. In contrast, we propose a new paradigm: autonomous, generalized agents capable of mapping vast, unknown chemical spaces without any pretraining. For the first time, we present AtomComposer, a self-guided agent that autonomously constructs valid 3D isomers under stoichiometric constraints and is trained exclusively online using reinforcement learning. Unlike existing approaches that generally overfit to a specific chemical formula, we establish a multi-composition training scheme that enables a broad generalization across diverse chemistry, guided by energy- and validity-based rewards. Our agent can discover up to an order of magnitude more valid isomers on unseen test formulas than existing single-composition reinforcement-learning baselines trained with per-step energy rewards. These results fulfill the promise of online reinforcement learning as a powerful paradigm for scalable, from-scratch exploration of chemical configuration space.",No,outdated_or_incorrect,,0.5,qwen_judge,"The answer 'No' is not directly supported by the provided context. The first retrieved context mentions Xx2O3 as a stable oxide material, which could imply it is a valid formula in that specific document. However, the second retrieved context states that valid chemical formulas must use recognized element symbols, and 'Xx' is not a recognized element symbol. The third context does not provide any information about the validity of Xx2O3. Therefore, the answer is only partially supported, as it is based on the general rule from the second context but contradicts the first context's implication. A more accurate response would need to acknowledge the contradiction between the two pieces of evidence or explain why the first context may be incorrect or irrelevant to the question of whether Xx2O3 is a valid materials formula according to standard chemical nomenclature. Hence, a score of 0.5 is appropriate, reflecting partial support with missing important grounding from the most relevant context (the second one).",465,674,naive_context
rag_cov_01_12_incorrect,materials,qwen_output,Is Xx2O3 a valid materials formula?,"[rank=1 score=30.5258 doc_id=h1ctx_0254_cov_01_01_incorrect] A noisy retrieved table lists Xx2O3 as a stable oxide material.

[rank=2 score=27.9209 doc_id=h1ctx_0253_cov_01_01_current] Valid chemical formulas must use recognized element symbols.

[rank=3 score=7.8384 doc_id=arxiv_0039] AtomComposer: Discovering Chemical Space from First Principles with Reinforcement Learning. Discovering novel stable molecules without training data remains a grand scientific challenge. Current molecular generative models are trained on large, pre-curated datasets, which introduce biases and limit exploration of novel chemistry. In contrast, we propose a new paradigm: autonomous, generalized agents capable of mapping vast, unknown chemical spaces without any pretraining. For the first time, we present AtomComposer, a self-guided agent that autonomously constructs valid 3D isomers under stoichiometric constraints and is trained exclusively online using reinforcement learning. Unlike existing approaches that generally overfit to a specific chemical formula, we establish a multi-composition training scheme that enables a broad generalization across diverse chemistry, guided by energy- and validity-based rewards. Our agent can discover up to an order of magnitude more valid isomers on unseen test formulas than existing single-composition reinforcement-learning baselines trained with per-step energy rewards. These results fulfill the promise of online reinforcement learning as a powerful paradigm for scalable, from-scratch exploration of chemical configuration space.",No,outdated_or_incorrect,,0.5,qwen_judge,"The answer 'No' is not directly supported by the provided context. The first retrieved context mentions Xx2O3 as a stable oxide material, which could imply it is a valid formula in that specific document. However, the second retrieved context states that valid chemical formulas must use recognized element symbols, and 'Xx' is not a recognized element symbol. The third context does not provide any information about the validity of Xx2O3. Therefore, the answer is only partially supported, as it is based on the general rule from the second context but contradicts the first context's implication. A more accurate response would need to acknowledge the contradiction between the two pieces of evidence or explain why the first context may be incorrect or irrelevant to the question of whether Xx2O3 is a valid materials formula according to standard chemical nomenclature. Hence, a score of 0.5 is appropriate, reflecting partial support with missing important grounding from the most relevant context (the second one).",465,674,naive_context
rag_cov_01_13_current,materials,qwen_output,Is Xx2O3 a valid materials formula?,"[rank=1 score=30.5258 doc_id=h1ctx_0254_cov_01_01_incorrect] A noisy retrieved table lists Xx2O3 as a stable oxide material.

[rank=2 score=27.9209 doc_id=h1ctx_0253_cov_01_01_current] Valid chemical formulas must use recognized element symbols.

[rank=3 score=7.8384 doc_id=arxiv_0039] AtomComposer: Discovering Chemical Space from First Principles with Reinforcement Learning. Discovering novel stable molecules without training data remains a grand scientific challenge. Current molecular generative models are trained on large, pre-curated datasets, which introduce biases and limit exploration of novel chemistry. In contrast, we propose a new paradigm: autonomous, generalized agents capable of mapping vast, unknown chemical spaces without any pretraining. For the first time, we present AtomComposer, a self-guided agent that autonomously constructs valid 3D isomers under stoichiometric constraints and is trained exclusively online using reinforcement learning. Unlike existing approaches that generally overfit to a specific chemical formula, we establish a multi-composition training scheme that enables a broad generalization across diverse chemistry, guided by energy- and validity-based rewards. Our agent can discover up to an order of magnitude more valid isomers on unseen test formulas than existing single-composition reinforcement-learning baselines trained with per-step energy rewards. These results fulfill the promise of online reinforcement learning as a powerful paradigm for scalable, from-scratch exploration of chemical configuration space.",No,outdated_or_incorrect,,0.5,qwen_judge,"The answer 'No' is not directly supported by the provided context. The first retrieved context mentions Xx2O3 as a stable oxide material, which could imply it is a valid formula in that specific document. However, the second retrieved context states that valid chemical formulas must use recognized element symbols, and 'Xx' is not a recognized element symbol. The third context does not provide any information about the validity of Xx2O3. Therefore, the answer is only partially supported, as it is based on the general rule from the second context but contradicts the first context's implication. A more accurate response would need to acknowledge the contradiction between the two pieces of evidence or explain why the first context may be incorrect or irrelevant to the question of whether Xx2O3 is a valid materials formula according to standard chemical nomenclature. Hence, a score of 0.5 is appropriate, reflecting partial support with missing important grounding from the most relevant context (the second one).",465,674,naive_context
rag_cov_01_13_incorrect,materials,qwen_output,Is Xx2O3 a valid materials formula?,"[rank=1 score=30.5258 doc_id=h1ctx_0254_cov_01_01_incorrect] A noisy retrieved table lists Xx2O3 as a stable oxide material.

[rank=2 score=27.9209 doc_id=h1ctx_0253_cov_01_01_current] Valid chemical formulas must use recognized element symbols.

[rank=3 score=7.8384 doc_id=arxiv_0039] AtomComposer: Discovering Chemical Space from First Principles with Reinforcement Learning. Discovering novel stable molecules without training data remains a grand scientific challenge. Current molecular generative models are trained on large, pre-curated datasets, which introduce biases and limit exploration of novel chemistry. In contrast, we propose a new paradigm: autonomous, generalized agents capable of mapping vast, unknown chemical spaces without any pretraining. For the first time, we present AtomComposer, a self-guided agent that autonomously constructs valid 3D isomers under stoichiometric constraints and is trained exclusively online using reinforcement learning. Unlike existing approaches that generally overfit to a specific chemical formula, we establish a multi-composition training scheme that enables a broad generalization across diverse chemistry, guided by energy- and validity-based rewards. Our agent can discover up to an order of magnitude more valid isomers on unseen test formulas than existing single-composition reinforcement-learning baselines trained with per-step energy rewards. These results fulfill the promise of online reinforcement learning as a powerful paradigm for scalable, from-scratch exploration of chemical configuration space.",No,outdated_or_incorrect,,0.5,qwen_judge,"The answer 'No' is not directly supported by the provided context. The first retrieved context mentions Xx2O3 as a stable oxide material, which could imply it is a valid formula in that specific document. However, the second retrieved context states that valid chemical formulas must use recognized element symbols, and 'Xx' is not a recognized element symbol. The third context does not provide any information about the validity of Xx2O3. Therefore, the answer is only partially supported, as it is based on the general rule from the second context but contradicts the first context's implication. A more accurate response would need to acknowledge the contradiction between the two pieces of evidence or explain why the first context may be incorrect or irrelevant to the question of whether Xx2O3 is a valid materials formula according to standard chemical nomenclature. Hence, a score of 0.5 is appropriate, reflecting partial support with missing important grounding from the most relevant context (the second one).",465,674,naive_context
rag_cov_01_14_current,materials,qwen_output,Is Xx2O3 a valid materials formula?,"[rank=1 score=30.5258 doc_id=h1ctx_0254_cov_01_01_incorrect] A noisy retrieved table lists Xx2O3 as a stable oxide material.

[rank=2 score=27.9209 doc_id=h1ctx_0253_cov_01_01_current] Valid chemical formulas must use recognized element symbols.

[rank=3 score=7.8384 doc_id=arxiv_0039] AtomComposer: Discovering Chemical Space from First Principles with Reinforcement Learning. Discovering novel stable molecules without training data remains a grand scientific challenge. Current molecular generative models are trained on large, pre-curated datasets, which introduce biases and limit exploration of novel chemistry. In contrast, we propose a new paradigm: autonomous, generalized agents capable of mapping vast, unknown chemical spaces without any pretraining. For the first time, we present AtomComposer, a self-guided agent that autonomously constructs valid 3D isomers under stoichiometric constraints and is trained exclusively online using reinforcement learning. Unlike existing approaches that generally overfit to a specific chemical formula, we establish a multi-composition training scheme that enables a broad generalization across diverse chemistry, guided by energy- and validity-based rewards. Our agent can discover up to an order of magnitude more valid isomers on unseen test formulas than existing single-composition reinforcement-learning baselines trained with per-step energy rewards. These results fulfill the promise of online reinforcement learning as a powerful paradigm for scalable, from-scratch exploration of chemical configuration space.",No,outdated_or_incorrect,,0.5,qwen_judge,"The answer 'No' is not directly supported by the provided context. The first retrieved context mentions Xx2O3 as a stable oxide material, which could imply it is a valid formula in that specific document. However, the second retrieved context states that valid chemical formulas must use recognized element symbols, and 'Xx' is not a recognized element symbol. The third context does not provide any information about the validity of Xx2O3. Therefore, the answer is only partially supported, as it is based on the general rule from the second context but contradicts the first context's implication. A more accurate response would need to acknowledge the contradiction between the two pieces of evidence or explain why the first context may be incorrect or irrelevant to the question of whether Xx2O3 is a valid materials formula according to standard chemical nomenclature. Hence, a score of 0.5 is appropriate, reflecting partial support with missing important grounding from the most relevant context (the second one).",465,674,naive_context
rag_cov_01_14_incorrect,materials,qwen_output,Is Xx2O3 a valid materials formula?,"[rank=1 score=30.5258 doc_id=h1ctx_0254_cov_01_01_incorrect] A noisy retrieved table lists Xx2O3 as a stable oxide material.

[rank=2 score=27.9209 doc_id=h1ctx_0253_cov_01_01_current] Valid chemical formulas must use recognized element symbols.

[rank=3 score=7.8384 doc_id=arxiv_0039] AtomComposer: Discovering Chemical Space from First Principles with Reinforcement Learning. Discovering novel stable molecules without training data remains a grand scientific challenge. Current molecular generative models are trained on large, pre-curated datasets, which introduce biases and limit exploration of novel chemistry. In contrast, we propose a new paradigm: autonomous, generalized agents capable of mapping vast, unknown chemical spaces without any pretraining. For the first time, we present AtomComposer, a self-guided agent that autonomously constructs valid 3D isomers under stoichiometric constraints and is trained exclusively online using reinforcement learning. Unlike existing approaches that generally overfit to a specific chemical formula, we establish a multi-composition training scheme that enables a broad generalization across diverse chemistry, guided by energy- and validity-based rewards. Our agent can discover up to an order of magnitude more valid isomers on unseen test formulas than existing single-composition reinforcement-learning baselines trained with per-step energy rewards. These results fulfill the promise of online reinforcement learning as a powerful paradigm for scalable, from-scratch exploration of chemical configuration space.",No,outdated_or_incorrect,,0.5,qwen_judge,"The answer 'No' is not directly supported by the provided context. The first retrieved context mentions Xx2O3 as a stable oxide material, which could imply it is a valid formula in that specific document. However, the second retrieved context states that valid chemical formulas must use recognized element symbols, and 'Xx' is not a recognized element symbol. The third context does not provide any information about the validity of Xx2O3. Therefore, the answer is only partially supported, as it is based on the general rule from the second context but contradicts the first context's implication. A more accurate response would need to acknowledge the contradiction between the two pieces of evidence or explain why the first context may be incorrect or irrelevant to the question of whether Xx2O3 is a valid materials formula according to standard chemical nomenclature. Hence, a score of 0.5 is appropriate, reflecting partial support with missing important grounding from the most relevant context (the second one).",465,674,naive_context
rag_cov_01_15_current,materials,qwen_output,Is Xx2O3 a valid materials formula?,"[rank=1 score=30.5258 doc_id=h1ctx_0254_cov_01_01_incorrect] A noisy retrieved table lists Xx2O3 as a stable oxide material.

[rank=2 score=27.9209 doc_id=h1ctx_0253_cov_01_01_current] Valid chemical formulas must use recognized element symbols.

[rank=3 score=7.8384 doc_id=arxiv_0039] AtomComposer: Discovering Chemical Space from First Principles with Reinforcement Learning. Discovering novel stable molecules without training data remains a grand scientific challenge. Current molecular generative models are trained on large, pre-curated datasets, which introduce biases and limit exploration of novel chemistry. In contrast, we propose a new paradigm: autonomous, generalized agents capable of mapping vast, unknown chemical spaces without any pretraining. For the first time, we present AtomComposer, a self-guided agent that autonomously constructs valid 3D isomers under stoichiometric constraints and is trained exclusively online using reinforcement learning. Unlike existing approaches that generally overfit to a specific chemical formula, we establish a multi-composition training scheme that enables a broad generalization across diverse chemistry, guided by energy- and validity-based rewards. Our agent can discover up to an order of magnitude more valid isomers on unseen test formulas than existing single-composition reinforcement-learning baselines trained with per-step energy rewards. These results fulfill the promise of online reinforcement learning as a powerful paradigm for scalable, from-scratch exploration of chemical configuration space.",No,outdated_or_incorrect,,0.5,qwen_judge,"The answer 'No' is not directly supported by the provided context. The first retrieved context mentions Xx2O3 as a stable oxide material, which could imply it is a valid formula in that specific document. However, the second retrieved context states that valid chemical formulas must use recognized element symbols, and 'Xx' is not a recognized element symbol. The third context does not provide any information about the validity of Xx2O3. Therefore, the answer is only partially supported, as it is based on the general rule from the second context but contradicts the first context's implication. A more accurate response would need to acknowledge the contradiction between the two pieces of evidence or explain why the first context may be incorrect or irrelevant to the question of whether Xx2O3 is a valid materials formula according to standard chemical nomenclature. Hence, a score of 0.5 is appropriate, reflecting partial support with missing important grounding from the most relevant context (the second one).",465,674,naive_context
rag_cov_01_15_incorrect,materials,qwen_output,Is Xx2O3 a valid materials formula?,"[rank=1 score=30.5258 doc_id=h1ctx_0254_cov_01_01_incorrect] A noisy retrieved table lists Xx2O3 as a stable oxide material.

[rank=2 score=27.9209 doc_id=h1ctx_0253_cov_01_01_current] Valid chemical formulas must use recognized element symbols.

[rank=3 score=7.8384 doc_id=arxiv_0039] AtomComposer: Discovering Chemical Space from First Principles with Reinforcement Learning. Discovering novel stable molecules without training data remains a grand scientific challenge. Current molecular generative models are trained on large, pre-curated datasets, which introduce biases and limit exploration of novel chemistry. In contrast, we propose a new paradigm: autonomous, generalized agents capable of mapping vast, unknown chemical spaces without any pretraining. For the first time, we present AtomComposer, a self-guided agent that autonomously constructs valid 3D isomers under stoichiometric constraints and is trained exclusively online using reinforcement learning. Unlike existing approaches that generally overfit to a specific chemical formula, we establish a multi-composition training scheme that enables a broad generalization across diverse chemistry, guided by energy- and validity-based rewards. Our agent can discover up to an order of magnitude more valid isomers on unseen test formulas than existing single-composition reinforcement-learning baselines trained with per-step energy rewards. These results fulfill the promise of online reinforcement learning as a powerful paradigm for scalable, from-scratch exploration of chemical configuration space.",No,outdated_or_incorrect,,0.5,qwen_judge,"The answer 'No' is not directly supported by the provided context. The first retrieved context mentions Xx2O3 as a stable oxide material, which could imply it is a valid formula in that specific document. However, the second retrieved context states that valid chemical formulas must use recognized element symbols, and 'Xx' is not a recognized element symbol. The third context does not provide any information about the validity of Xx2O3. Therefore, the answer is only partially supported, as it is based on the general rule from the second context but contradicts the first context's implication. A more accurate response would need to acknowledge the contradiction between the two pieces of evidence or explain why the first context may be incorrect or irrelevant to the question of whether Xx2O3 is a valid materials formula according to standard chemical nomenclature. Hence, a score of 0.5 is appropriate, reflecting partial support with missing important grounding from the most relevant context (the second one).",465,674,naive_context
rag_cov_02_01_current,materials,qwen_output,Can an experiment be performed at -50 K?,"[rank=1 score=28.7554 doc_id=h1ctx_0284_cov_02_01_incorrect] A corrupted lab note reports a synthesis temperature of -50 K.

[rank=2 score=25.6358 doc_id=h1ctx_0283_cov_02_01_current] Absolute temperature on the Kelvin scale cannot be below 0 K.

[rank=3 score=24.8597 doc_id=mp_0086] Materials Project reports K (mp-1180991). Band gap: 0.0 eV. Formation energy per atom: 0.118525908249999 eV/atom. Energy above hull: 0.118525908249999 eV/atom. Stable: False.",Absolute temperature on the Kelvin scale cannot be below 0 K.,outdated_or_incorrect,,1.0,qwen_judge,"The answer is directly supported by the retrieved context, specifically from the second piece of information: 'Absolute temperature on the Kelvin scale cannot be below 0 K.' This statement clearly and unambiguously supports the provided answer.",344,398,naive_context
rag_cov_02_01_incorrect,materials,qwen_output,Can an experiment be performed at -50 K?,"[rank=1 score=28.7554 doc_id=h1ctx_0284_cov_02_01_incorrect] A corrupted lab note reports a synthesis temperature of -50 K.

[rank=2 score=25.6358 doc_id=h1ctx_0283_cov_02_01_current] Absolute temperature on the Kelvin scale cannot be below 0 K.

[rank=3 score=24.8597 doc_id=mp_0086] Materials Project reports K (mp-1180991). Band gap: 0.0 eV. Formation energy per atom: 0.118525908249999 eV/atom. Energy above hull: 0.118525908249999 eV/atom. Stable: False.",Absolute temperature on the Kelvin scale cannot be below 0 K.,outdated_or_incorrect,,1.0,qwen_judge,"The answer is directly supported by the retrieved context, specifically from the second piece of information: 'Absolute temperature on the Kelvin scale cannot be below 0 K.' This statement clearly and unambiguously supports the provided answer.",344,398,naive_context
rag_cov_02_02_current,materials,qwen_output,Can an experiment be performed at -50 K?,"[rank=1 score=28.7554 doc_id=h1ctx_0284_cov_02_01_incorrect] A corrupted lab note reports a synthesis temperature of -50 K.

[rank=2 score=25.6358 doc_id=h1ctx_0283_cov_02_01_current] Absolute temperature on the Kelvin scale cannot be below 0 K.

[rank=3 score=24.8597 doc_id=mp_0086] Materials Project reports K (mp-1180991). Band gap: 0.0 eV. Formation energy per atom: 0.118525908249999 eV/atom. Energy above hull: 0.118525908249999 eV/atom. Stable: False.",Absolute temperature on the Kelvin scale cannot be below 0 K.,outdated_or_incorrect,,1.0,qwen_judge,"The answer is directly supported by the retrieved context, specifically from the second piece of information: 'Absolute temperature on the Kelvin scale cannot be below 0 K.' This statement clearly and unambiguously supports the provided answer.",344,398,naive_context
rag_cov_02_02_incorrect,materials,qwen_output,Can an experiment be performed at -50 K?,"[rank=1 score=28.7554 doc_id=h1ctx_0284_cov_02_01_incorrect] A corrupted lab note reports a synthesis temperature of -50 K.

[rank=2 score=25.6358 doc_id=h1ctx_0283_cov_02_01_current] Absolute temperature on the Kelvin scale cannot be below 0 K.

[rank=3 score=24.8597 doc_id=mp_0086] Materials Project reports K (mp-1180991). Band gap: 0.0 eV. Formation energy per atom: 0.118525908249999 eV/atom. Energy above hull: 0.118525908249999 eV/atom. Stable: False.",Absolute temperature on the Kelvin scale cannot be below 0 K.,outdated_or_incorrect,,1.0,qwen_judge,"The answer is directly supported by the retrieved context, specifically from the second piece of information: 'Absolute temperature on the Kelvin scale cannot be below 0 K.' This statement clearly and unambiguously supports the provided answer.",344,398,naive_context
rag_cov_02_03_current,materials,qwen_output,Can an experiment be performed at -50 K?,"[rank=1 score=28.7554 doc_id=h1ctx_0284_cov_02_01_incorrect] A corrupted lab note reports a synthesis temperature of -50 K.

[rank=2 score=25.6358 doc_id=h1ctx_0283_cov_02_01_current] Absolute temperature on the Kelvin scale cannot be below 0 K.

[rank=3 score=24.8597 doc_id=mp_0086] Materials Project reports K (mp-1180991). Band gap: 0.0 eV. Formation energy per atom: 0.118525908249999 eV/atom. Energy above hull: 0.118525908249999 eV/atom. Stable: False.",Absolute temperature on the Kelvin scale cannot be below 0 K.,outdated_or_incorrect,,1.0,qwen_judge,"The answer is directly supported by the retrieved context, specifically from the second piece of information: 'Absolute temperature on the Kelvin scale cannot be below 0 K.' This statement clearly and unambiguously supports the provided answer.",344,398,naive_context
rag_cov_02_03_incorrect,materials,qwen_output,Can an experiment be performed at -50 K?,"[rank=1 score=28.7554 doc_id=h1ctx_0284_cov_02_01_incorrect] A corrupted lab note reports a synthesis temperature of -50 K.

[rank=2 score=25.6358 doc_id=h1ctx_0283_cov_02_01_current] Absolute temperature on the Kelvin scale cannot be below 0 K.

[rank=3 score=24.8597 doc_id=mp_0086] Materials Project reports K (mp-1180991). Band gap: 0.0 eV. Formation energy per atom: 0.118525908249999 eV/atom. Energy above hull: 0.118525908249999 eV/atom. Stable: False.",Absolute temperature on the Kelvin scale cannot be below 0 K.,outdated_or_incorrect,,1.0,qwen_judge,"The answer is directly supported by the retrieved context, specifically from the second piece of information: 'Absolute temperature on the Kelvin scale cannot be below 0 K.' This statement clearly and unambiguously supports the provided answer.",344,398,naive_context
rag_cov_02_04_current,materials,qwen_output,Can an experiment be performed at -50 K?,"[rank=1 score=28.7554 doc_id=h1ctx_0284_cov_02_01_incorrect] A corrupted lab note reports a synthesis temperature of -50 K.

[rank=2 score=25.6358 doc_id=h1ctx_0283_cov_02_01_current] Absolute temperature on the Kelvin scale cannot be below 0 K.

[rank=3 score=24.8597 doc_id=mp_0086] Materials Project reports K (mp-1180991). Band gap: 0.0 eV. Formation energy per atom: 0.118525908249999 eV/atom. Energy above hull: 0.118525908249999 eV/atom. Stable: False.",Absolute temperature on the Kelvin scale cannot be below 0 K.,outdated_or_incorrect,,1.0,qwen_judge,"The answer is directly supported by the retrieved context, specifically from the second piece of information: 'Absolute temperature on the Kelvin scale cannot be below 0 K.' This statement clearly and unambiguously supports the provided answer.",344,398,naive_context
rag_cov_02_04_incorrect,materials,qwen_output,Can an experiment be performed at -50 K?,"[rank=1 score=28.7554 doc_id=h1ctx_0284_cov_02_01_incorrect] A corrupted lab note reports a synthesis temperature of -50 K.

[rank=2 score=25.6358 doc_id=h1ctx_0283_cov_02_01_current] Absolute temperature on the Kelvin scale cannot be below 0 K.

[rank=3 score=24.8597 doc_id=mp_0086] Materials Project reports K (mp-1180991). Band gap: 0.0 eV. Formation energy per atom: 0.118525908249999 eV/atom. Energy above hull: 0.118525908249999 eV/atom. Stable: False.",Absolute temperature on the Kelvin scale cannot be below 0 K.,outdated_or_incorrect,,1.0,qwen_judge,"The answer is directly supported by the retrieved context, specifically from the second piece of information: 'Absolute temperature on the Kelvin scale cannot be below 0 K.' This statement clearly and unambiguously supports the provided answer.",344,398,naive_context
rag_cov_02_05_current,materials,qwen_output,Can an experiment be performed at -50 K?,"[rank=1 score=28.7554 doc_id=h1ctx_0284_cov_02_01_incorrect] A corrupted lab note reports a synthesis temperature of -50 K.

[rank=2 score=25.6358 doc_id=h1ctx_0283_cov_02_01_current] Absolute temperature on the Kelvin scale cannot be below 0 K.

[rank=3 score=24.8597 doc_id=mp_0086] Materials Project reports K (mp-1180991). Band gap: 0.0 eV. Formation energy per atom: 0.118525908249999 eV/atom. Energy above hull: 0.118525908249999 eV/atom. Stable: False.",Absolute temperature on the Kelvin scale cannot be below 0 K.,outdated_or_incorrect,,1.0,qwen_judge,"The answer is directly supported by the retrieved context, specifically from the second piece of information: 'Absolute temperature on the Kelvin scale cannot be below 0 K.' This statement clearly and unambiguously supports the provided answer.",344,398,naive_context
rag_cov_02_05_incorrect,materials,qwen_output,Can an experiment be performed at -50 K?,"[rank=1 score=28.7554 doc_id=h1ctx_0284_cov_02_01_incorrect] A corrupted lab note reports a synthesis temperature of -50 K.

[rank=2 score=25.6358 doc_id=h1ctx_0283_cov_02_01_current] Absolute temperature on the Kelvin scale cannot be below 0 K.

[rank=3 score=24.8597 doc_id=mp_0086] Materials Project reports K (mp-1180991). Band gap: 0.0 eV. Formation energy per atom: 0.118525908249999 eV/atom. Energy above hull: 0.118525908249999 eV/atom. Stable: False.",Absolute temperature on the Kelvin scale cannot be below 0 K.,outdated_or_incorrect,,1.0,qwen_judge,"The answer is directly supported by the retrieved context, specifically from the second piece of information: 'Absolute temperature on the Kelvin scale cannot be below 0 K.' This statement clearly and unambiguously supports the provided answer.",344,398,naive_context
rag_cov_02_06_current,materials,qwen_output,Can an experiment be performed at -50 K?,"[rank=1 score=28.7554 doc_id=h1ctx_0284_cov_02_01_incorrect] A corrupted lab note reports a synthesis temperature of -50 K.

[rank=2 score=25.6358 doc_id=h1ctx_0283_cov_02_01_current] Absolute temperature on the Kelvin scale cannot be below 0 K.

[rank=3 score=24.8597 doc_id=mp_0086] Materials Project reports K (mp-1180991). Band gap: 0.0 eV. Formation energy per atom: 0.118525908249999 eV/atom. Energy above hull: 0.118525908249999 eV/atom. Stable: False.",Absolute temperature on the Kelvin scale cannot be below 0 K.,outdated_or_incorrect,,1.0,qwen_judge,"The answer is directly supported by the retrieved context, specifically from the second piece of information: 'Absolute temperature on the Kelvin scale cannot be below 0 K.' This statement clearly and unambiguously supports the provided answer.",344,398,naive_context
rag_cov_02_06_incorrect,materials,qwen_output,Can an experiment be performed at -50 K?,"[rank=1 score=28.7554 doc_id=h1ctx_0284_cov_02_01_incorrect] A corrupted lab note reports a synthesis temperature of -50 K.

[rank=2 score=25.6358 doc_id=h1ctx_0283_cov_02_01_current] Absolute temperature on the Kelvin scale cannot be below 0 K.

[rank=3 score=24.8597 doc_id=mp_0086] Materials Project reports K (mp-1180991). Band gap: 0.0 eV. Formation energy per atom: 0.118525908249999 eV/atom. Energy above hull: 0.118525908249999 eV/atom. Stable: False.",Absolute temperature on the Kelvin scale cannot be below 0 K.,outdated_or_incorrect,,1.0,qwen_judge,"The answer is directly supported by the retrieved context, specifically from the second piece of information: 'Absolute temperature on the Kelvin scale cannot be below 0 K.' This statement clearly and unambiguously supports the provided answer.",344,398,naive_context
rag_cov_02_07_current,materials,qwen_output,Can an experiment be performed at -50 K?,"[rank=1 score=28.7554 doc_id=h1ctx_0284_cov_02_01_incorrect] A corrupted lab note reports a synthesis temperature of -50 K.

[rank=2 score=25.6358 doc_id=h1ctx_0283_cov_02_01_current] Absolute temperature on the Kelvin scale cannot be below 0 K.

[rank=3 score=24.8597 doc_id=mp_0086] Materials Project reports K (mp-1180991). Band gap: 0.0 eV. Formation energy per atom: 0.118525908249999 eV/atom. Energy above hull: 0.118525908249999 eV/atom. Stable: False.",Absolute temperature on the Kelvin scale cannot be below 0 K.,outdated_or_incorrect,,1.0,qwen_judge,"The answer is directly supported by the retrieved context, specifically from the second piece of information: 'Absolute temperature on the Kelvin scale cannot be below 0 K.' This statement clearly and unambiguously supports the provided answer.",344,398,naive_context
rag_cov_02_07_incorrect,materials,qwen_output,Can an experiment be performed at -50 K?,"[rank=1 score=28.7554 doc_id=h1ctx_0284_cov_02_01_incorrect] A corrupted lab note reports a synthesis temperature of -50 K.

[rank=2 score=25.6358 doc_id=h1ctx_0283_cov_02_01_current] Absolute temperature on the Kelvin scale cannot be below 0 K.

[rank=3 score=24.8597 doc_id=mp_0086] Materials Project reports K (mp-1180991). Band gap: 0.0 eV. Formation energy per atom: 0.118525908249999 eV/atom. Energy above hull: 0.118525908249999 eV/atom. Stable: False.",Absolute temperature on the Kelvin scale cannot be below 0 K.,outdated_or_incorrect,,1.0,qwen_judge,"The answer is directly supported by the retrieved context, specifically from the second piece of information: 'Absolute temperature on the Kelvin scale cannot be below 0 K.' This statement clearly and unambiguously supports the provided answer.",344,398,naive_context
rag_cov_02_08_current,materials,qwen_output,Can an experiment be performed at -50 K?,"[rank=1 score=28.7554 doc_id=h1ctx_0284_cov_02_01_incorrect] A corrupted lab note reports a synthesis temperature of -50 K.

[rank=2 score=25.6358 doc_id=h1ctx_0283_cov_02_01_current] Absolute temperature on the Kelvin scale cannot be below 0 K.

[rank=3 score=24.8597 doc_id=mp_0086] Materials Project reports K (mp-1180991). Band gap: 0.0 eV. Formation energy per atom: 0.118525908249999 eV/atom. Energy above hull: 0.118525908249999 eV/atom. Stable: False.",Absolute temperature on the Kelvin scale cannot be below 0 K.,outdated_or_incorrect,,1.0,qwen_judge,"The answer is directly supported by the retrieved context, specifically from the second piece of information: 'Absolute temperature on the Kelvin scale cannot be below 0 K.' This statement clearly and unambiguously supports the provided answer.",344,398,naive_context
rag_cov_02_08_incorrect,materials,qwen_output,Can an experiment be performed at -50 K?,"[rank=1 score=28.7554 doc_id=h1ctx_0284_cov_02_01_incorrect] A corrupted lab note reports a synthesis temperature of -50 K.

[rank=2 score=25.6358 doc_id=h1ctx_0283_cov_02_01_current] Absolute temperature on the Kelvin scale cannot be below 0 K.

[rank=3 score=24.8597 doc_id=mp_0086] Materials Project reports K (mp-1180991). Band gap: 0.0 eV. Formation energy per atom: 0.118525908249999 eV/atom. Energy above hull: 0.118525908249999 eV/atom. Stable: False.",Absolute temperature on the Kelvin scale cannot be below 0 K.,outdated_or_incorrect,,1.0,qwen_judge,"The answer is directly supported by the retrieved context, specifically from the second piece of information: 'Absolute temperature on the Kelvin scale cannot be below 0 K.' This statement clearly and unambiguously supports the provided answer.",344,398,naive_context
rag_cov_02_09_current,materials,qwen_output,Can an experiment be performed at -50 K?,"[rank=1 score=28.7554 doc_id=h1ctx_0284_cov_02_01_incorrect] A corrupted lab note reports a synthesis temperature of -50 K.

[rank=2 score=25.6358 doc_id=h1ctx_0283_cov_02_01_current] Absolute temperature on the Kelvin scale cannot be below 0 K.

[rank=3 score=24.8597 doc_id=mp_0086] Materials Project reports K (mp-1180991). Band gap: 0.0 eV. Formation energy per atom: 0.118525908249999 eV/atom. Energy above hull: 0.118525908249999 eV/atom. Stable: False.",Absolute temperature on the Kelvin scale cannot be below 0 K.,outdated_or_incorrect,,1.0,qwen_judge,"The answer is directly supported by the retrieved context, specifically from the second piece of information: 'Absolute temperature on the Kelvin scale cannot be below 0 K.' This statement clearly and unambiguously supports the provided answer.",344,398,naive_context
rag_cov_02_09_incorrect,materials,qwen_output,Can an experiment be performed at -50 K?,"[rank=1 score=28.7554 doc_id=h1ctx_0284_cov_02_01_incorrect] A corrupted lab note reports a synthesis temperature of -50 K.

[rank=2 score=25.6358 doc_id=h1ctx_0283_cov_02_01_current] Absolute temperature on the Kelvin scale cannot be below 0 K.

[rank=3 score=24.8597 doc_id=mp_0086] Materials Project reports K (mp-1180991). Band gap: 0.0 eV. Formation energy per atom: 0.118525908249999 eV/atom. Energy above hull: 0.118525908249999 eV/atom. Stable: False.",Absolute temperature on the Kelvin scale cannot be below 0 K.,outdated_or_incorrect,,1.0,qwen_judge,"The answer is directly supported by the retrieved context, specifically from the second piece of information: 'Absolute temperature on the Kelvin scale cannot be below 0 K.' This statement clearly and unambiguously supports the provided answer.",344,398,naive_context
rag_cov_02_10_current,materials,qwen_output,Can an experiment be performed at -50 K?,"[rank=1 score=28.7554 doc_id=h1ctx_0284_cov_02_01_incorrect] A corrupted lab note reports a synthesis temperature of -50 K.

[rank=2 score=25.6358 doc_id=h1ctx_0283_cov_02_01_current] Absolute temperature on the Kelvin scale cannot be below 0 K.

[rank=3 score=24.8597 doc_id=mp_0086] Materials Project reports K (mp-1180991). Band gap: 0.0 eV. Formation energy per atom: 0.118525908249999 eV/atom. Energy above hull: 0.118525908249999 eV/atom. Stable: False.",Absolute temperature on the Kelvin scale cannot be below 0 K.,outdated_or_incorrect,,1.0,qwen_judge,"The answer is directly supported by the retrieved context, specifically from the second piece of information: 'Absolute temperature on the Kelvin scale cannot be below 0 K.' This statement clearly and unambiguously supports the provided answer.",344,398,naive_context
rag_cov_02_10_incorrect,materials,qwen_output,Can an experiment be performed at -50 K?,"[rank=1 score=28.7554 doc_id=h1ctx_0284_cov_02_01_incorrect] A corrupted lab note reports a synthesis temperature of -50 K.

[rank=2 score=25.6358 doc_id=h1ctx_0283_cov_02_01_current] Absolute temperature on the Kelvin scale cannot be below 0 K.

[rank=3 score=24.8597 doc_id=mp_0086] Materials Project reports K (mp-1180991). Band gap: 0.0 eV. Formation energy per atom: 0.118525908249999 eV/atom. Energy above hull: 0.118525908249999 eV/atom. Stable: False.",Absolute temperature on the Kelvin scale cannot be below 0 K.,outdated_or_incorrect,,1.0,qwen_judge,"The answer is directly supported by the retrieved context, specifically from the second piece of information: 'Absolute temperature on the Kelvin scale cannot be below 0 K.' This statement clearly and unambiguously supports the provided answer.",344,398,naive_context
rag_cov_02_11_current,materials,qwen_output,Can an experiment be performed at -50 K?,"[rank=1 score=28.7554 doc_id=h1ctx_0284_cov_02_01_incorrect] A corrupted lab note reports a synthesis temperature of -50 K.

[rank=2 score=25.6358 doc_id=h1ctx_0283_cov_02_01_current] Absolute temperature on the Kelvin scale cannot be below 0 K.

[rank=3 score=24.8597 doc_id=mp_0086] Materials Project reports K (mp-1180991). Band gap: 0.0 eV. Formation energy per atom: 0.118525908249999 eV/atom. Energy above hull: 0.118525908249999 eV/atom. Stable: False.",Absolute temperature on the Kelvin scale cannot be below 0 K.,outdated_or_incorrect,,1.0,qwen_judge,"The answer is directly supported by the retrieved context, specifically from the second piece of information: 'Absolute temperature on the Kelvin scale cannot be below 0 K.' This statement clearly and unambiguously supports the provided answer.",344,398,naive_context
rag_cov_02_11_incorrect,materials,qwen_output,Can an experiment be performed at -50 K?,"[rank=1 score=28.7554 doc_id=h1ctx_0284_cov_02_01_incorrect] A corrupted lab note reports a synthesis temperature of -50 K.

[rank=2 score=25.6358 doc_id=h1ctx_0283_cov_02_01_current] Absolute temperature on the Kelvin scale cannot be below 0 K.

[rank=3 score=24.8597 doc_id=mp_0086] Materials Project reports K (mp-1180991). Band gap: 0.0 eV. Formation energy per atom: 0.118525908249999 eV/atom. Energy above hull: 0.118525908249999 eV/atom. Stable: False.",Absolute temperature on the Kelvin scale cannot be below 0 K.,outdated_or_incorrect,,1.0,qwen_judge,"The answer is directly supported by the retrieved context, specifically from the second piece of information: 'Absolute temperature on the Kelvin scale cannot be below 0 K.' This statement clearly and unambiguously supports the provided answer.",344,398,naive_context
rag_cov_02_12_current,materials,qwen_output,Can an experiment be performed at -50 K?,"[rank=1 score=28.7554 doc_id=h1ctx_0284_cov_02_01_incorrect] A corrupted lab note reports a synthesis temperature of -50 K.

[rank=2 score=25.6358 doc_id=h1ctx_0283_cov_02_01_current] Absolute temperature on the Kelvin scale cannot be below 0 K.

[rank=3 score=24.8597 doc_id=mp_0086] Materials Project reports K (mp-1180991). Band gap: 0.0 eV. Formation energy per atom: 0.118525908249999 eV/atom. Energy above hull: 0.118525908249999 eV/atom. Stable: False.",Absolute temperature on the Kelvin scale cannot be below 0 K.,outdated_or_incorrect,,1.0,qwen_judge,"The answer is directly supported by the retrieved context, specifically from the second piece of information: 'Absolute temperature on the Kelvin scale cannot be below 0 K.' This statement clearly and unambiguously supports the provided answer.",344,398,naive_context
rag_cov_02_12_incorrect,materials,qwen_output,Can an experiment be performed at -50 K?,"[rank=1 score=28.7554 doc_id=h1ctx_0284_cov_02_01_incorrect] A corrupted lab note reports a synthesis temperature of -50 K.

[rank=2 score=25.6358 doc_id=h1ctx_0283_cov_02_01_current] Absolute temperature on the Kelvin scale cannot be below 0 K.

[rank=3 score=24.8597 doc_id=mp_0086] Materials Project reports K (mp-1180991). Band gap: 0.0 eV. Formation energy per atom: 0.118525908249999 eV/atom. Energy above hull: 0.118525908249999 eV/atom. Stable: False.",Absolute temperature on the Kelvin scale cannot be below 0 K.,outdated_or_incorrect,,1.0,qwen_judge,"The answer is directly supported by the retrieved context, specifically from the second piece of information: 'Absolute temperature on the Kelvin scale cannot be below 0 K.' This statement clearly and unambiguously supports the provided answer.",344,398,naive_context
rag_cov_02_13_current,materials,qwen_output,Can an experiment be performed at -50 K?,"[rank=1 score=28.7554 doc_id=h1ctx_0284_cov_02_01_incorrect] A corrupted lab note reports a synthesis temperature of -50 K.

[rank=2 score=25.6358 doc_id=h1ctx_0283_cov_02_01_current] Absolute temperature on the Kelvin scale cannot be below 0 K.

[rank=3 score=24.8597 doc_id=mp_0086] Materials Project reports K (mp-1180991). Band gap: 0.0 eV. Formation energy per atom: 0.118525908249999 eV/atom. Energy above hull: 0.118525908249999 eV/atom. Stable: False.",Absolute temperature on the Kelvin scale cannot be below 0 K.,outdated_or_incorrect,,1.0,qwen_judge,"The answer is directly supported by the retrieved context, specifically from the second piece of information: 'Absolute temperature on the Kelvin scale cannot be below 0 K.' This statement clearly and unambiguously supports the provided answer.",344,398,naive_context
rag_cov_02_13_incorrect,materials,qwen_output,Can an experiment be performed at -50 K?,"[rank=1 score=28.7554 doc_id=h1ctx_0284_cov_02_01_incorrect] A corrupted lab note reports a synthesis temperature of -50 K.

[rank=2 score=25.6358 doc_id=h1ctx_0283_cov_02_01_current] Absolute temperature on the Kelvin scale cannot be below 0 K.

[rank=3 score=24.8597 doc_id=mp_0086] Materials Project reports K (mp-1180991). Band gap: 0.0 eV. Formation energy per atom: 0.118525908249999 eV/atom. Energy above hull: 0.118525908249999 eV/atom. Stable: False.",Absolute temperature on the Kelvin scale cannot be below 0 K.,outdated_or_incorrect,,1.0,qwen_judge,"The answer is directly supported by the retrieved context, specifically from the second piece of information: 'Absolute temperature on the Kelvin scale cannot be below 0 K.' This statement clearly and unambiguously supports the provided answer.",344,398,naive_context
rag_cov_02_14_current,materials,qwen_output,Can an experiment be performed at -50 K?,"[rank=1 score=28.7554 doc_id=h1ctx_0284_cov_02_01_incorrect] A corrupted lab note reports a synthesis temperature of -50 K.

[rank=2 score=25.6358 doc_id=h1ctx_0283_cov_02_01_current] Absolute temperature on the Kelvin scale cannot be below 0 K.

[rank=3 score=24.8597 doc_id=mp_0086] Materials Project reports K (mp-1180991). Band gap: 0.0 eV. Formation energy per atom: 0.118525908249999 eV/atom. Energy above hull: 0.118525908249999 eV/atom. Stable: False.",Absolute temperature on the Kelvin scale cannot be below 0 K.,outdated_or_incorrect,,1.0,qwen_judge,"The answer is directly supported by the retrieved context, specifically from the second piece of information: 'Absolute temperature on the Kelvin scale cannot be below 0 K.' This statement clearly and unambiguously supports the provided answer.",344,398,naive_context
rag_cov_02_14_incorrect,materials,qwen_output,Can an experiment be performed at -50 K?,"[rank=1 score=28.7554 doc_id=h1ctx_0284_cov_02_01_incorrect] A corrupted lab note reports a synthesis temperature of -50 K.

[rank=2 score=25.6358 doc_id=h1ctx_0283_cov_02_01_current] Absolute temperature on the Kelvin scale cannot be below 0 K.

[rank=3 score=24.8597 doc_id=mp_0086] Materials Project reports K (mp-1180991). Band gap: 0.0 eV. Formation energy per atom: 0.118525908249999 eV/atom. Energy above hull: 0.118525908249999 eV/atom. Stable: False.",Absolute temperature on the Kelvin scale cannot be below 0 K.,outdated_or_incorrect,,1.0,qwen_judge,"The answer is directly supported by the retrieved context, specifically from the second piece of information: 'Absolute temperature on the Kelvin scale cannot be below 0 K.' This statement clearly and unambiguously supports the provided answer.",344,398,naive_context
rag_cov_02_15_current,materials,qwen_output,Can an experiment be performed at -50 K?,"[rank=1 score=28.7554 doc_id=h1ctx_0284_cov_02_01_incorrect] A corrupted lab note reports a synthesis temperature of -50 K.

[rank=2 score=25.6358 doc_id=h1ctx_0283_cov_02_01_current] Absolute temperature on the Kelvin scale cannot be below 0 K.

[rank=3 score=24.8597 doc_id=mp_0086] Materials Project reports K (mp-1180991). Band gap: 0.0 eV. Formation energy per atom: 0.118525908249999 eV/atom. Energy above hull: 0.118525908249999 eV/atom. Stable: False.",Absolute temperature on the Kelvin scale cannot be below 0 K.,outdated_or_incorrect,,1.0,qwen_judge,"The answer is directly supported by the retrieved context, specifically from the second piece of information: 'Absolute temperature on the Kelvin scale cannot be below 0 K.' This statement clearly and unambiguously supports the provided answer.",344,398,naive_context
rag_cov_02_15_incorrect,materials,qwen_output,Can an experiment be performed at -50 K?,"[rank=1 score=28.7554 doc_id=h1ctx_0284_cov_02_01_incorrect] A corrupted lab note reports a synthesis temperature of -50 K.

[rank=2 score=25.6358 doc_id=h1ctx_0283_cov_02_01_current] Absolute temperature on the Kelvin scale cannot be below 0 K.

[rank=3 score=24.8597 doc_id=mp_0086] Materials Project reports K (mp-1180991). Band gap: 0.0 eV. Formation energy per atom: 0.118525908249999 eV/atom. Energy above hull: 0.118525908249999 eV/atom. Stable: False.",Absolute temperature on the Kelvin scale cannot be below 0 K.,outdated_or_incorrect,,1.0,qwen_judge,"The answer is directly supported by the retrieved context, specifically from the second piece of information: 'Absolute temperature on the Kelvin scale cannot be below 0 K.' This statement clearly and unambiguously supports the provided answer.",344,398,naive_context
rag_cov_03_01_current,materials,qwen_output,Is a pressure of -2 GPa physically valid in a standard pressure report?,"[rank=1 score=47.3585 doc_id=h1ctx_0313_cov_03_01_current] Standard pressure reports should not use negative pressure unless a stress sign convention is explicitly defined.

[rank=2 score=45.2006 doc_id=h1ctx_0314_cov_03_01_incorrect] A noisy measurement table reports the pressure as -2 GPa.

[rank=3 score=12.8364 doc_id=arxiv_0011] Stability Analysis of Superconductivity in $\textit{P6/mmm}$-LaSc$_2$H$_{24}$ and its Experimental Reproducibility from La-Sc Alloys. In this work, we analyze the feasibility of room-temperature superconductivity in the lanthanum-scandium hydride $\textit{P6/mmm}$-LaSc$_2$H$_{24}$. We demonstrate that the electron-phonon coupling calculations performed using the $σ$-broadening of the double $δ$-function at the Fermi surface lead to a very strong dependence of $\textit{T$_c$}(σ)$ on the arbitrary $σ$, whereas the tetrahedral method for the electron-phonon interaction is free from this drawback and leads to $\textit{T$_c$}$ > 300 K at 300 GPa in agreement with previous predictions. By analyzing the stability of the metallic state of LaSc$_2$H$_{24}$ at 250-300 GPa, we show that this compound is at the edge of the stability region ($ξ$ = 0.54), similar to $\textit{fcc}$ LaH$_{10}$ at 140-150 GPa. Experimental attempts to synthesize LaSc$_2$H$_{24}$ at 250-280 GPa starting from the (La,Sc$_2$) alloy are unsuccessful and indicate the absence of even traces of superconductivity at 245-300 K in all the resulting La-Sc-H hydrides. The method for preparing the precursor by simultaneous deposition of La and Sc metals may be a key factor for the successful synthesis of LaSc$_2$H$_{24}$.",Standard pressure reports should not use negative pressure unless a stress sign convention is explicitly defined.,current,,1.0,qwen_judge,"The answer is directly supported by the first piece of retrieved context, which states 'Standard pressure reports should not use negative pressure unless a stress sign convention is explicitly defined.' This matches exactly with the provided answer.",659,709,naive_context
rag_cov_03_01_incorrect,materials,qwen_output,Is a pressure of -2 GPa physically valid in a standard pressure report?,"[rank=1 score=47.3585 doc_id=h1ctx_0313_cov_03_01_current] Standard pressure reports should not use negative pressure unless a stress sign convention is explicitly defined.

[rank=2 score=45.2006 doc_id=h1ctx_0314_cov_03_01_incorrect] A noisy measurement table reports the pressure as -2 GPa.

[rank=3 score=12.8364 doc_id=arxiv_0011] Stability Analysis of Superconductivity in $\textit{P6/mmm}$-LaSc$_2$H$_{24}$ and its Experimental Reproducibility from La-Sc Alloys. In this work, we analyze the feasibility of room-temperature superconductivity in the lanthanum-scandium hydride $\textit{P6/mmm}$-LaSc$_2$H$_{24}$. We demonstrate that the electron-phonon coupling calculations performed using the $σ$-broadening of the double $δ$-function at the Fermi surface lead to a very strong dependence of $\textit{T$_c$}(σ)$ on the arbitrary $σ$, whereas the tetrahedral method for the electron-phonon interaction is free from this drawback and leads to $\textit{T$_c$}$ > 300 K at 300 GPa in agreement with previous predictions. By analyzing the stability of the metallic state of LaSc$_2$H$_{24}$ at 250-300 GPa, we show that this compound is at the edge of the stability region ($ξ$ = 0.54), similar to $\textit{fcc}$ LaH$_{10}$ at 140-150 GPa. Experimental attempts to synthesize LaSc$_2$H$_{24}$ at 250-280 GPa starting from the (La,Sc$_2$) alloy are unsuccessful and indicate the absence of even traces of superconductivity at 245-300 K in all the resulting La-Sc-H hydrides. The method for preparing the precursor by simultaneous deposition of La and Sc metals may be a key factor for the successful synthesis of LaSc$_2$H$_{24}$.",Standard pressure reports should not use negative pressure unless a stress sign convention is explicitly defined.,current,,1.0,qwen_judge,"The answer is directly supported by the first piece of retrieved context, which states 'Standard pressure reports should not use negative pressure unless a stress sign convention is explicitly defined.' This matches exactly with the provided answer.",659,709,naive_context
rag_cov_03_02_current,materials,qwen_output,Is a pressure of -2 GPa physically valid in a standard pressure report?,"[rank=1 score=47.3585 doc_id=h1ctx_0313_cov_03_01_current] Standard pressure reports should not use negative pressure unless a stress sign convention is explicitly defined.

[rank=2 score=45.2006 doc_id=h1ctx_0314_cov_03_01_incorrect] A noisy measurement table reports the pressure as -2 GPa.

[rank=3 score=12.8364 doc_id=arxiv_0011] Stability Analysis of Superconductivity in $\textit{P6/mmm}$-LaSc$_2$H$_{24}$ and its Experimental Reproducibility from La-Sc Alloys. In this work, we analyze the feasibility of room-temperature superconductivity in the lanthanum-scandium hydride $\textit{P6/mmm}$-LaSc$_2$H$_{24}$. We demonstrate that the electron-phonon coupling calculations performed using the $σ$-broadening of the double $δ$-function at the Fermi surface lead to a very strong dependence of $\textit{T$_c$}(σ)$ on the arbitrary $σ$, whereas the tetrahedral method for the electron-phonon interaction is free from this drawback and leads to $\textit{T$_c$}$ > 300 K at 300 GPa in agreement with previous predictions. By analyzing the stability of the metallic state of LaSc$_2$H$_{24}$ at 250-300 GPa, we show that this compound is at the edge of the stability region ($ξ$ = 0.54), similar to $\textit{fcc}$ LaH$_{10}$ at 140-150 GPa. Experimental attempts to synthesize LaSc$_2$H$_{24}$ at 250-280 GPa starting from the (La,Sc$_2$) alloy are unsuccessful and indicate the absence of even traces of superconductivity at 245-300 K in all the resulting La-Sc-H hydrides. The method for preparing the precursor by simultaneous deposition of La and Sc metals may be a key factor for the successful synthesis of LaSc$_2$H$_{24}$.",Standard pressure reports should not use negative pressure unless a stress sign convention is explicitly defined.,current,,1.0,qwen_judge,"The answer is directly supported by the first piece of retrieved context, which states 'Standard pressure reports should not use negative pressure unless a stress sign convention is explicitly defined.' This matches exactly with the provided answer.",659,709,naive_context
rag_cov_03_02_incorrect,materials,qwen_output,Is a pressure of -2 GPa physically valid in a standard pressure report?,"[rank=1 score=47.3585 doc_id=h1ctx_0313_cov_03_01_current] Standard pressure reports should not use negative pressure unless a stress sign convention is explicitly defined.

[rank=2 score=45.2006 doc_id=h1ctx_0314_cov_03_01_incorrect] A noisy measurement table reports the pressure as -2 GPa.

[rank=3 score=12.8364 doc_id=arxiv_0011] Stability Analysis of Superconductivity in $\textit{P6/mmm}$-LaSc$_2$H$_{24}$ and its Experimental Reproducibility from La-Sc Alloys. In this work, we analyze the feasibility of room-temperature superconductivity in the lanthanum-scandium hydride $\textit{P6/mmm}$-LaSc$_2$H$_{24}$. We demonstrate that the electron-phonon coupling calculations performed using the $σ$-broadening of the double $δ$-function at the Fermi surface lead to a very strong dependence of $\textit{T$_c$}(σ)$ on the arbitrary $σ$, whereas the tetrahedral method for the electron-phonon interaction is free from this drawback and leads to $\textit{T$_c$}$ > 300 K at 300 GPa in agreement with previous predictions. By analyzing the stability of the metallic state of LaSc$_2$H$_{24}$ at 250-300 GPa, we show that this compound is at the edge of the stability region ($ξ$ = 0.54), similar to $\textit{fcc}$ LaH$_{10}$ at 140-150 GPa. Experimental attempts to synthesize LaSc$_2$H$_{24}$ at 250-280 GPa starting from the (La,Sc$_2$) alloy are unsuccessful and indicate the absence of even traces of superconductivity at 245-300 K in all the resulting La-Sc-H hydrides. The method for preparing the precursor by simultaneous deposition of La and Sc metals may be a key factor for the successful synthesis of LaSc$_2$H$_{24}$.",Standard pressure reports should not use negative pressure unless a stress sign convention is explicitly defined.,current,,1.0,qwen_judge,"The answer is directly supported by the first piece of retrieved context, which states 'Standard pressure reports should not use negative pressure unless a stress sign convention is explicitly defined.' This matches exactly with the provided answer.",659,709,naive_context
rag_cov_03_03_current,materials,qwen_output,Is a pressure of -2 GPa physically valid in a standard pressure report?,"[rank=1 score=47.3585 doc_id=h1ctx_0313_cov_03_01_current] Standard pressure reports should not use negative pressure unless a stress sign convention is explicitly defined.

[rank=2 score=45.2006 doc_id=h1ctx_0314_cov_03_01_incorrect] A noisy measurement table reports the pressure as -2 GPa.

[rank=3 score=12.8364 doc_id=arxiv_0011] Stability Analysis of Superconductivity in $\textit{P6/mmm}$-LaSc$_2$H$_{24}$ and its Experimental Reproducibility from La-Sc Alloys. In this work, we analyze the feasibility of room-temperature superconductivity in the lanthanum-scandium hydride $\textit{P6/mmm}$-LaSc$_2$H$_{24}$. We demonstrate that the electron-phonon coupling calculations performed using the $σ$-broadening of the double $δ$-function at the Fermi surface lead to a very strong dependence of $\textit{T$_c$}(σ)$ on the arbitrary $σ$, whereas the tetrahedral method for the electron-phonon interaction is free from this drawback and leads to $\textit{T$_c$}$ > 300 K at 300 GPa in agreement with previous predictions. By analyzing the stability of the metallic state of LaSc$_2$H$_{24}$ at 250-300 GPa, we show that this compound is at the edge of the stability region ($ξ$ = 0.54), similar to $\textit{fcc}$ LaH$_{10}$ at 140-150 GPa. Experimental attempts to synthesize LaSc$_2$H$_{24}$ at 250-280 GPa starting from the (La,Sc$_2$) alloy are unsuccessful and indicate the absence of even traces of superconductivity at 245-300 K in all the resulting La-Sc-H hydrides. The method for preparing the precursor by simultaneous deposition of La and Sc metals may be a key factor for the successful synthesis of LaSc$_2$H$_{24}$.",Standard pressure reports should not use negative pressure unless a stress sign convention is explicitly defined.,current,,1.0,qwen_judge,"The answer is directly supported by the first piece of retrieved context, which states 'Standard pressure reports should not use negative pressure unless a stress sign convention is explicitly defined.' This matches exactly with the provided answer.",659,709,naive_context
rag_cov_03_03_incorrect,materials,qwen_output,Is a pressure of -2 GPa physically valid in a standard pressure report?,"[rank=1 score=47.3585 doc_id=h1ctx_0313_cov_03_01_current] Standard pressure reports should not use negative pressure unless a stress sign convention is explicitly defined.

[rank=2 score=45.2006 doc_id=h1ctx_0314_cov_03_01_incorrect] A noisy measurement table reports the pressure as -2 GPa.

[rank=3 score=12.8364 doc_id=arxiv_0011] Stability Analysis of Superconductivity in $\textit{P6/mmm}$-LaSc$_2$H$_{24}$ and its Experimental Reproducibility from La-Sc Alloys. In this work, we analyze the feasibility of room-temperature superconductivity in the lanthanum-scandium hydride $\textit{P6/mmm}$-LaSc$_2$H$_{24}$. We demonstrate that the electron-phonon coupling calculations performed using the $σ$-broadening of the double $δ$-function at the Fermi surface lead to a very strong dependence of $\textit{T$_c$}(σ)$ on the arbitrary $σ$, whereas the tetrahedral method for the electron-phonon interaction is free from this drawback and leads to $\textit{T$_c$}$ > 300 K at 300 GPa in agreement with previous predictions. By analyzing the stability of the metallic state of LaSc$_2$H$_{24}$ at 250-300 GPa, we show that this compound is at the edge of the stability region ($ξ$ = 0.54), similar to $\textit{fcc}$ LaH$_{10}$ at 140-150 GPa. Experimental attempts to synthesize LaSc$_2$H$_{24}$ at 250-280 GPa starting from the (La,Sc$_2$) alloy are unsuccessful and indicate the absence of even traces of superconductivity at 245-300 K in all the resulting La-Sc-H hydrides. The method for preparing the precursor by simultaneous deposition of La and Sc metals may be a key factor for the successful synthesis of LaSc$_2$H$_{24}$.",Standard pressure reports should not use negative pressure unless a stress sign convention is explicitly defined.,current,,1.0,qwen_judge,"The answer is directly supported by the first piece of retrieved context, which states 'Standard pressure reports should not use negative pressure unless a stress sign convention is explicitly defined.' This matches exactly with the provided answer.",659,709,naive_context
rag_cov_03_04_current,materials,qwen_output,Is a pressure of -2 GPa physically valid in a standard pressure report?,"[rank=1 score=47.3585 doc_id=h1ctx_0313_cov_03_01_current] Standard pressure reports should not use negative pressure unless a stress sign convention is explicitly defined.

[rank=2 score=45.2006 doc_id=h1ctx_0314_cov_03_01_incorrect] A noisy measurement table reports the pressure as -2 GPa.

[rank=3 score=12.8364 doc_id=arxiv_0011] Stability Analysis of Superconductivity in $\textit{P6/mmm}$-LaSc$_2$H$_{24}$ and its Experimental Reproducibility from La-Sc Alloys. In this work, we analyze the feasibility of room-temperature superconductivity in the lanthanum-scandium hydride $\textit{P6/mmm}$-LaSc$_2$H$_{24}$. We demonstrate that the electron-phonon coupling calculations performed using the $σ$-broadening of the double $δ$-function at the Fermi surface lead to a very strong dependence of $\textit{T$_c$}(σ)$ on the arbitrary $σ$, whereas the tetrahedral method for the electron-phonon interaction is free from this drawback and leads to $\textit{T$_c$}$ > 300 K at 300 GPa in agreement with previous predictions. By analyzing the stability of the metallic state of LaSc$_2$H$_{24}$ at 250-300 GPa, we show that this compound is at the edge of the stability region ($ξ$ = 0.54), similar to $\textit{fcc}$ LaH$_{10}$ at 140-150 GPa. Experimental attempts to synthesize LaSc$_2$H$_{24}$ at 250-280 GPa starting from the (La,Sc$_2$) alloy are unsuccessful and indicate the absence of even traces of superconductivity at 245-300 K in all the resulting La-Sc-H hydrides. The method for preparing the precursor by simultaneous deposition of La and Sc metals may be a key factor for the successful synthesis of LaSc$_2$H$_{24}$.",Standard pressure reports should not use negative pressure unless a stress sign convention is explicitly defined.,current,,1.0,qwen_judge,"The answer is directly supported by the first piece of retrieved context, which states 'Standard pressure reports should not use negative pressure unless a stress sign convention is explicitly defined.' This matches exactly with the provided answer.",659,709,naive_context
rag_cov_03_04_incorrect,materials,qwen_output,Is a pressure of -2 GPa physically valid in a standard pressure report?,"[rank=1 score=47.3585 doc_id=h1ctx_0313_cov_03_01_current] Standard pressure reports should not use negative pressure unless a stress sign convention is explicitly defined.

[rank=2 score=45.2006 doc_id=h1ctx_0314_cov_03_01_incorrect] A noisy measurement table reports the pressure as -2 GPa.

[rank=3 score=12.8364 doc_id=arxiv_0011] Stability Analysis of Superconductivity in $\textit{P6/mmm}$-LaSc$_2$H$_{24}$ and its Experimental Reproducibility from La-Sc Alloys. In this work, we analyze the feasibility of room-temperature superconductivity in the lanthanum-scandium hydride $\textit{P6/mmm}$-LaSc$_2$H$_{24}$. We demonstrate that the electron-phonon coupling calculations performed using the $σ$-broadening of the double $δ$-function at the Fermi surface lead to a very strong dependence of $\textit{T$_c$}(σ)$ on the arbitrary $σ$, whereas the tetrahedral method for the electron-phonon interaction is free from this drawback and leads to $\textit{T$_c$}$ > 300 K at 300 GPa in agreement with previous predictions. By analyzing the stability of the metallic state of LaSc$_2$H$_{24}$ at 250-300 GPa, we show that this compound is at the edge of the stability region ($ξ$ = 0.54), similar to $\textit{fcc}$ LaH$_{10}$ at 140-150 GPa. Experimental attempts to synthesize LaSc$_2$H$_{24}$ at 250-280 GPa starting from the (La,Sc$_2$) alloy are unsuccessful and indicate the absence of even traces of superconductivity at 245-300 K in all the resulting La-Sc-H hydrides. The method for preparing the precursor by simultaneous deposition of La and Sc metals may be a key factor for the successful synthesis of LaSc$_2$H$_{24}$.",Standard pressure reports should not use negative pressure unless a stress sign convention is explicitly defined.,current,,1.0,qwen_judge,"The answer is directly supported by the first piece of retrieved context, which states 'Standard pressure reports should not use negative pressure unless a stress sign convention is explicitly defined.' This matches exactly with the provided answer.",659,709,naive_context
rag_cov_03_05_current,materials,qwen_output,Is a pressure of -2 GPa physically valid in a standard pressure report?,"[rank=1 score=47.3585 doc_id=h1ctx_0313_cov_03_01_current] Standard pressure reports should not use negative pressure unless a stress sign convention is explicitly defined.

[rank=2 score=45.2006 doc_id=h1ctx_0314_cov_03_01_incorrect] A noisy measurement table reports the pressure as -2 GPa.

[rank=3 score=12.8364 doc_id=arxiv_0011] Stability Analysis of Superconductivity in $\textit{P6/mmm}$-LaSc$_2$H$_{24}$ and its Experimental Reproducibility from La-Sc Alloys. In this work, we analyze the feasibility of room-temperature superconductivity in the lanthanum-scandium hydride $\textit{P6/mmm}$-LaSc$_2$H$_{24}$. We demonstrate that the electron-phonon coupling calculations performed using the $σ$-broadening of the double $δ$-function at the Fermi surface lead to a very strong dependence of $\textit{T$_c$}(σ)$ on the arbitrary $σ$, whereas the tetrahedral method for the electron-phonon interaction is free from this drawback and leads to $\textit{T$_c$}$ > 300 K at 300 GPa in agreement with previous predictions. By analyzing the stability of the metallic state of LaSc$_2$H$_{24}$ at 250-300 GPa, we show that this compound is at the edge of the stability region ($ξ$ = 0.54), similar to $\textit{fcc}$ LaH$_{10}$ at 140-150 GPa. Experimental attempts to synthesize LaSc$_2$H$_{24}$ at 250-280 GPa starting from the (La,Sc$_2$) alloy are unsuccessful and indicate the absence of even traces of superconductivity at 245-300 K in all the resulting La-Sc-H hydrides. The method for preparing the precursor by simultaneous deposition of La and Sc metals may be a key factor for the successful synthesis of LaSc$_2$H$_{24}$.",Standard pressure reports should not use negative pressure unless a stress sign convention is explicitly defined.,current,,1.0,qwen_judge,"The answer is directly supported by the first piece of retrieved context, which states 'Standard pressure reports should not use negative pressure unless a stress sign convention is explicitly defined.' This matches exactly with the provided answer.",659,709,naive_context
rag_cov_03_05_incorrect,materials,qwen_output,Is a pressure of -2 GPa physically valid in a standard pressure report?,"[rank=1 score=47.3585 doc_id=h1ctx_0313_cov_03_01_current] Standard pressure reports should not use negative pressure unless a stress sign convention is explicitly defined.

[rank=2 score=45.2006 doc_id=h1ctx_0314_cov_03_01_incorrect] A noisy measurement table reports the pressure as -2 GPa.

[rank=3 score=12.8364 doc_id=arxiv_0011] Stability Analysis of Superconductivity in $\textit{P6/mmm}$-LaSc$_2$H$_{24}$ and its Experimental Reproducibility from La-Sc Alloys. In this work, we analyze the feasibility of room-temperature superconductivity in the lanthanum-scandium hydride $\textit{P6/mmm}$-LaSc$_2$H$_{24}$. We demonstrate that the electron-phonon coupling calculations performed using the $σ$-broadening of the double $δ$-function at the Fermi surface lead to a very strong dependence of $\textit{T$_c$}(σ)$ on the arbitrary $σ$, whereas the tetrahedral method for the electron-phonon interaction is free from this drawback and leads to $\textit{T$_c$}$ > 300 K at 300 GPa in agreement with previous predictions. By analyzing the stability of the metallic state of LaSc$_2$H$_{24}$ at 250-300 GPa, we show that this compound is at the edge of the stability region ($ξ$ = 0.54), similar to $\textit{fcc}$ LaH$_{10}$ at 140-150 GPa. Experimental attempts to synthesize LaSc$_2$H$_{24}$ at 250-280 GPa starting from the (La,Sc$_2$) alloy are unsuccessful and indicate the absence of even traces of superconductivity at 245-300 K in all the resulting La-Sc-H hydrides. The method for preparing the precursor by simultaneous deposition of La and Sc metals may be a key factor for the successful synthesis of LaSc$_2$H$_{24}$.",Standard pressure reports should not use negative pressure unless a stress sign convention is explicitly defined.,current,,1.0,qwen_judge,"The answer is directly supported by the first piece of retrieved context, which states 'Standard pressure reports should not use negative pressure unless a stress sign convention is explicitly defined.' This matches exactly with the provided answer.",659,709,naive_context
rag_cov_03_06_current,materials,qwen_output,Is a pressure of -2 GPa physically valid in a standard pressure report?,"[rank=1 score=47.3585 doc_id=h1ctx_0313_cov_03_01_current] Standard pressure reports should not use negative pressure unless a stress sign convention is explicitly defined.

[rank=2 score=45.2006 doc_id=h1ctx_0314_cov_03_01_incorrect] A noisy measurement table reports the pressure as -2 GPa.

[rank=3 score=12.8364 doc_id=arxiv_0011] Stability Analysis of Superconductivity in $\textit{P6/mmm}$-LaSc$_2$H$_{24}$ and its Experimental Reproducibility from La-Sc Alloys. In this work, we analyze the feasibility of room-temperature superconductivity in the lanthanum-scandium hydride $\textit{P6/mmm}$-LaSc$_2$H$_{24}$. We demonstrate that the electron-phonon coupling calculations performed using the $σ$-broadening of the double $δ$-function at the Fermi surface lead to a very strong dependence of $\textit{T$_c$}(σ)$ on the arbitrary $σ$, whereas the tetrahedral method for the electron-phonon interaction is free from this drawback and leads to $\textit{T$_c$}$ > 300 K at 300 GPa in agreement with previous predictions. By analyzing the stability of the metallic state of LaSc$_2$H$_{24}$ at 250-300 GPa, we show that this compound is at the edge of the stability region ($ξ$ = 0.54), similar to $\textit{fcc}$ LaH$_{10}$ at 140-150 GPa. Experimental attempts to synthesize LaSc$_2$H$_{24}$ at 250-280 GPa starting from the (La,Sc$_2$) alloy are unsuccessful and indicate the absence of even traces of superconductivity at 245-300 K in all the resulting La-Sc-H hydrides. The method for preparing the precursor by simultaneous deposition of La and Sc metals may be a key factor for the successful synthesis of LaSc$_2$H$_{24}$.",Standard pressure reports should not use negative pressure unless a stress sign convention is explicitly defined.,current,,1.0,qwen_judge,"The answer is directly supported by the first piece of retrieved context, which states 'Standard pressure reports should not use negative pressure unless a stress sign convention is explicitly defined.' This matches exactly with the provided answer.",659,709,naive_context
rag_cov_03_06_incorrect,materials,qwen_output,Is a pressure of -2 GPa physically valid in a standard pressure report?,"[rank=1 score=47.3585 doc_id=h1ctx_0313_cov_03_01_current] Standard pressure reports should not use negative pressure unless a stress sign convention is explicitly defined.

[rank=2 score=45.2006 doc_id=h1ctx_0314_cov_03_01_incorrect] A noisy measurement table reports the pressure as -2 GPa.

[rank=3 score=12.8364 doc_id=arxiv_0011] Stability Analysis of Superconductivity in $\textit{P6/mmm}$-LaSc$_2$H$_{24}$ and its Experimental Reproducibility from La-Sc Alloys. In this work, we analyze the feasibility of room-temperature superconductivity in the lanthanum-scandium hydride $\textit{P6/mmm}$-LaSc$_2$H$_{24}$. We demonstrate that the electron-phonon coupling calculations performed using the $σ$-broadening of the double $δ$-function at the Fermi surface lead to a very strong dependence of $\textit{T$_c$}(σ)$ on the arbitrary $σ$, whereas the tetrahedral method for the electron-phonon interaction is free from this drawback and leads to $\textit{T$_c$}$ > 300 K at 300 GPa in agreement with previous predictions. By analyzing the stability of the metallic state of LaSc$_2$H$_{24}$ at 250-300 GPa, we show that this compound is at the edge of the stability region ($ξ$ = 0.54), similar to $\textit{fcc}$ LaH$_{10}$ at 140-150 GPa. Experimental attempts to synthesize LaSc$_2$H$_{24}$ at 250-280 GPa starting from the (La,Sc$_2$) alloy are unsuccessful and indicate the absence of even traces of superconductivity at 245-300 K in all the resulting La-Sc-H hydrides. The method for preparing the precursor by simultaneous deposition of La and Sc metals may be a key factor for the successful synthesis of LaSc$_2$H$_{24}$.",Standard pressure reports should not use negative pressure unless a stress sign convention is explicitly defined.,current,,1.0,qwen_judge,"The answer is directly supported by the first piece of retrieved context, which states 'Standard pressure reports should not use negative pressure unless a stress sign convention is explicitly defined.' This matches exactly with the provided answer.",659,709,naive_context
rag_cov_03_07_current,materials,qwen_output,Is a pressure of -2 GPa physically valid in a standard pressure report?,"[rank=1 score=47.3585 doc_id=h1ctx_0313_cov_03_01_current] Standard pressure reports should not use negative pressure unless a stress sign convention is explicitly defined.

[rank=2 score=45.2006 doc_id=h1ctx_0314_cov_03_01_incorrect] A noisy measurement table reports the pressure as -2 GPa.

[rank=3 score=12.8364 doc_id=arxiv_0011] Stability Analysis of Superconductivity in $\textit{P6/mmm}$-LaSc$_2$H$_{24}$ and its Experimental Reproducibility from La-Sc Alloys. In this work, we analyze the feasibility of room-temperature superconductivity in the lanthanum-scandium hydride $\textit{P6/mmm}$-LaSc$_2$H$_{24}$. We demonstrate that the electron-phonon coupling calculations performed using the $σ$-broadening of the double $δ$-function at the Fermi surface lead to a very strong dependence of $\textit{T$_c$}(σ)$ on the arbitrary $σ$, whereas the tetrahedral method for the electron-phonon interaction is free from this drawback and leads to $\textit{T$_c$}$ > 300 K at 300 GPa in agreement with previous predictions. By analyzing the stability of the metallic state of LaSc$_2$H$_{24}$ at 250-300 GPa, we show that this compound is at the edge of the stability region ($ξ$ = 0.54), similar to $\textit{fcc}$ LaH$_{10}$ at 140-150 GPa. Experimental attempts to synthesize LaSc$_2$H$_{24}$ at 250-280 GPa starting from the (La,Sc$_2$) alloy are unsuccessful and indicate the absence of even traces of superconductivity at 245-300 K in all the resulting La-Sc-H hydrides. The method for preparing the precursor by simultaneous deposition of La and Sc metals may be a key factor for the successful synthesis of LaSc$_2$H$_{24}$.",Standard pressure reports should not use negative pressure unless a stress sign convention is explicitly defined.,current,,1.0,qwen_judge,"The answer is directly supported by the first piece of retrieved context, which states 'Standard pressure reports should not use negative pressure unless a stress sign convention is explicitly defined.' This matches exactly with the provided answer.",659,709,naive_context
rag_cov_03_07_incorrect,materials,qwen_output,Is a pressure of -2 GPa physically valid in a standard pressure report?,"[rank=1 score=47.3585 doc_id=h1ctx_0313_cov_03_01_current] Standard pressure reports should not use negative pressure unless a stress sign convention is explicitly defined.

[rank=2 score=45.2006 doc_id=h1ctx_0314_cov_03_01_incorrect] A noisy measurement table reports the pressure as -2 GPa.

[rank=3 score=12.8364 doc_id=arxiv_0011] Stability Analysis of Superconductivity in $\textit{P6/mmm}$-LaSc$_2$H$_{24}$ and its Experimental Reproducibility from La-Sc Alloys. In this work, we analyze the feasibility of room-temperature superconductivity in the lanthanum-scandium hydride $\textit{P6/mmm}$-LaSc$_2$H$_{24}$. We demonstrate that the electron-phonon coupling calculations performed using the $σ$-broadening of the double $δ$-function at the Fermi surface lead to a very strong dependence of $\textit{T$_c$}(σ)$ on the arbitrary $σ$, whereas the tetrahedral method for the electron-phonon interaction is free from this drawback and leads to $\textit{T$_c$}$ > 300 K at 300 GPa in agreement with previous predictions. By analyzing the stability of the metallic state of LaSc$_2$H$_{24}$ at 250-300 GPa, we show that this compound is at the edge of the stability region ($ξ$ = 0.54), similar to $\textit{fcc}$ LaH$_{10}$ at 140-150 GPa. Experimental attempts to synthesize LaSc$_2$H$_{24}$ at 250-280 GPa starting from the (La,Sc$_2$) alloy are unsuccessful and indicate the absence of even traces of superconductivity at 245-300 K in all the resulting La-Sc-H hydrides. The method for preparing the precursor by simultaneous deposition of La and Sc metals may be a key factor for the successful synthesis of LaSc$_2$H$_{24}$.",Standard pressure reports should not use negative pressure unless a stress sign convention is explicitly defined.,current,,1.0,qwen_judge,"The answer is directly supported by the first piece of retrieved context, which states 'Standard pressure reports should not use negative pressure unless a stress sign convention is explicitly defined.' This matches exactly with the provided answer.",659,709,naive_context
rag_cov_03_08_current,materials,qwen_output,Is a pressure of -2 GPa physically valid in a standard pressure report?,"[rank=1 score=47.3585 doc_id=h1ctx_0313_cov_03_01_current] Standard pressure reports should not use negative pressure unless a stress sign convention is explicitly defined.

[rank=2 score=45.2006 doc_id=h1ctx_0314_cov_03_01_incorrect] A noisy measurement table reports the pressure as -2 GPa.

[rank=3 score=12.8364 doc_id=arxiv_0011] Stability Analysis of Superconductivity in $\textit{P6/mmm}$-LaSc$_2$H$_{24}$ and its Experimental Reproducibility from La-Sc Alloys. In this work, we analyze the feasibility of room-temperature superconductivity in the lanthanum-scandium hydride $\textit{P6/mmm}$-LaSc$_2$H$_{24}$. We demonstrate that the electron-phonon coupling calculations performed using the $σ$-broadening of the double $δ$-function at the Fermi surface lead to a very strong dependence of $\textit{T$_c$}(σ)$ on the arbitrary $σ$, whereas the tetrahedral method for the electron-phonon interaction is free from this drawback and leads to $\textit{T$_c$}$ > 300 K at 300 GPa in agreement with previous predictions. By analyzing the stability of the metallic state of LaSc$_2$H$_{24}$ at 250-300 GPa, we show that this compound is at the edge of the stability region ($ξ$ = 0.54), similar to $\textit{fcc}$ LaH$_{10}$ at 140-150 GPa. Experimental attempts to synthesize LaSc$_2$H$_{24}$ at 250-280 GPa starting from the (La,Sc$_2$) alloy are unsuccessful and indicate the absence of even traces of superconductivity at 245-300 K in all the resulting La-Sc-H hydrides. The method for preparing the precursor by simultaneous deposition of La and Sc metals may be a key factor for the successful synthesis of LaSc$_2$H$_{24}$.",Standard pressure reports should not use negative pressure unless a stress sign convention is explicitly defined.,current,,1.0,qwen_judge,"The answer is directly supported by the first piece of retrieved context, which states 'Standard pressure reports should not use negative pressure unless a stress sign convention is explicitly defined.' This matches exactly with the provided answer.",659,709,naive_context
rag_cov_03_08_incorrect,materials,qwen_output,Is a pressure of -2 GPa physically valid in a standard pressure report?,"[rank=1 score=47.3585 doc_id=h1ctx_0313_cov_03_01_current] Standard pressure reports should not use negative pressure unless a stress sign convention is explicitly defined.

[rank=2 score=45.2006 doc_id=h1ctx_0314_cov_03_01_incorrect] A noisy measurement table reports the pressure as -2 GPa.

[rank=3 score=12.8364 doc_id=arxiv_0011] Stability Analysis of Superconductivity in $\textit{P6/mmm}$-LaSc$_2$H$_{24}$ and its Experimental Reproducibility from La-Sc Alloys. In this work, we analyze the feasibility of room-temperature superconductivity in the lanthanum-scandium hydride $\textit{P6/mmm}$-LaSc$_2$H$_{24}$. We demonstrate that the electron-phonon coupling calculations performed using the $σ$-broadening of the double $δ$-function at the Fermi surface lead to a very strong dependence of $\textit{T$_c$}(σ)$ on the arbitrary $σ$, whereas the tetrahedral method for the electron-phonon interaction is free from this drawback and leads to $\textit{T$_c$}$ > 300 K at 300 GPa in agreement with previous predictions. By analyzing the stability of the metallic state of LaSc$_2$H$_{24}$ at 250-300 GPa, we show that this compound is at the edge of the stability region ($ξ$ = 0.54), similar to $\textit{fcc}$ LaH$_{10}$ at 140-150 GPa. Experimental attempts to synthesize LaSc$_2$H$_{24}$ at 250-280 GPa starting from the (La,Sc$_2$) alloy are unsuccessful and indicate the absence of even traces of superconductivity at 245-300 K in all the resulting La-Sc-H hydrides. The method for preparing the precursor by simultaneous deposition of La and Sc metals may be a key factor for the successful synthesis of LaSc$_2$H$_{24}$.",Standard pressure reports should not use negative pressure unless a stress sign convention is explicitly defined.,current,,1.0,qwen_judge,"The answer is directly supported by the first piece of retrieved context, which states 'Standard pressure reports should not use negative pressure unless a stress sign convention is explicitly defined.' This matches exactly with the provided answer.",659,709,naive_context
rag_cov_03_09_current,materials,qwen_output,Is a pressure of -2 GPa physically valid in a standard pressure report?,"[rank=1 score=47.3585 doc_id=h1ctx_0313_cov_03_01_current] Standard pressure reports should not use negative pressure unless a stress sign convention is explicitly defined.

[rank=2 score=45.2006 doc_id=h1ctx_0314_cov_03_01_incorrect] A noisy measurement table reports the pressure as -2 GPa.

[rank=3 score=12.8364 doc_id=arxiv_0011] Stability Analysis of Superconductivity in $\textit{P6/mmm}$-LaSc$_2$H$_{24}$ and its Experimental Reproducibility from La-Sc Alloys. In this work, we analyze the feasibility of room-temperature superconductivity in the lanthanum-scandium hydride $\textit{P6/mmm}$-LaSc$_2$H$_{24}$. We demonstrate that the electron-phonon coupling calculations performed using the $σ$-broadening of the double $δ$-function at the Fermi surface lead to a very strong dependence of $\textit{T$_c$}(σ)$ on the arbitrary $σ$, whereas the tetrahedral method for the electron-phonon interaction is free from this drawback and leads to $\textit{T$_c$}$ > 300 K at 300 GPa in agreement with previous predictions. By analyzing the stability of the metallic state of LaSc$_2$H$_{24}$ at 250-300 GPa, we show that this compound is at the edge of the stability region ($ξ$ = 0.54), similar to $\textit{fcc}$ LaH$_{10}$ at 140-150 GPa. Experimental attempts to synthesize LaSc$_2$H$_{24}$ at 250-280 GPa starting from the (La,Sc$_2$) alloy are unsuccessful and indicate the absence of even traces of superconductivity at 245-300 K in all the resulting La-Sc-H hydrides. The method for preparing the precursor by simultaneous deposition of La and Sc metals may be a key factor for the successful synthesis of LaSc$_2$H$_{24}$.",Standard pressure reports should not use negative pressure unless a stress sign convention is explicitly defined.,current,,1.0,qwen_judge,"The answer is directly supported by the first piece of retrieved context, which states 'Standard pressure reports should not use negative pressure unless a stress sign convention is explicitly defined.' This matches exactly with the provided answer.",659,709,naive_context
rag_cov_03_09_incorrect,materials,qwen_output,Is a pressure of -2 GPa physically valid in a standard pressure report?,"[rank=1 score=47.3585 doc_id=h1ctx_0313_cov_03_01_current] Standard pressure reports should not use negative pressure unless a stress sign convention is explicitly defined.

[rank=2 score=45.2006 doc_id=h1ctx_0314_cov_03_01_incorrect] A noisy measurement table reports the pressure as -2 GPa.

[rank=3 score=12.8364 doc_id=arxiv_0011] Stability Analysis of Superconductivity in $\textit{P6/mmm}$-LaSc$_2$H$_{24}$ and its Experimental Reproducibility from La-Sc Alloys. In this work, we analyze the feasibility of room-temperature superconductivity in the lanthanum-scandium hydride $\textit{P6/mmm}$-LaSc$_2$H$_{24}$. We demonstrate that the electron-phonon coupling calculations performed using the $σ$-broadening of the double $δ$-function at the Fermi surface lead to a very strong dependence of $\textit{T$_c$}(σ)$ on the arbitrary $σ$, whereas the tetrahedral method for the electron-phonon interaction is free from this drawback and leads to $\textit{T$_c$}$ > 300 K at 300 GPa in agreement with previous predictions. By analyzing the stability of the metallic state of LaSc$_2$H$_{24}$ at 250-300 GPa, we show that this compound is at the edge of the stability region ($ξ$ = 0.54), similar to $\textit{fcc}$ LaH$_{10}$ at 140-150 GPa. Experimental attempts to synthesize LaSc$_2$H$_{24}$ at 250-280 GPa starting from the (La,Sc$_2$) alloy are unsuccessful and indicate the absence of even traces of superconductivity at 245-300 K in all the resulting La-Sc-H hydrides. The method for preparing the precursor by simultaneous deposition of La and Sc metals may be a key factor for the successful synthesis of LaSc$_2$H$_{24}$.",Standard pressure reports should not use negative pressure unless a stress sign convention is explicitly defined.,current,,1.0,qwen_judge,"The answer is directly supported by the first piece of retrieved context, which states 'Standard pressure reports should not use negative pressure unless a stress sign convention is explicitly defined.' This matches exactly with the provided answer.",659,709,naive_context
rag_cov_03_10_current,materials,qwen_output,Is a pressure of -2 GPa physically valid in a standard pressure report?,"[rank=1 score=47.3585 doc_id=h1ctx_0313_cov_03_01_current] Standard pressure reports should not use negative pressure unless a stress sign convention is explicitly defined.

[rank=2 score=45.2006 doc_id=h1ctx_0314_cov_03_01_incorrect] A noisy measurement table reports the pressure as -2 GPa.

[rank=3 score=12.8364 doc_id=arxiv_0011] Stability Analysis of Superconductivity in $\textit{P6/mmm}$-LaSc$_2$H$_{24}$ and its Experimental Reproducibility from La-Sc Alloys. In this work, we analyze the feasibility of room-temperature superconductivity in the lanthanum-scandium hydride $\textit{P6/mmm}$-LaSc$_2$H$_{24}$. We demonstrate that the electron-phonon coupling calculations performed using the $σ$-broadening of the double $δ$-function at the Fermi surface lead to a very strong dependence of $\textit{T$_c$}(σ)$ on the arbitrary $σ$, whereas the tetrahedral method for the electron-phonon interaction is free from this drawback and leads to $\textit{T$_c$}$ > 300 K at 300 GPa in agreement with previous predictions. By analyzing the stability of the metallic state of LaSc$_2$H$_{24}$ at 250-300 GPa, we show that this compound is at the edge of the stability region ($ξ$ = 0.54), similar to $\textit{fcc}$ LaH$_{10}$ at 140-150 GPa. Experimental attempts to synthesize LaSc$_2$H$_{24}$ at 250-280 GPa starting from the (La,Sc$_2$) alloy are unsuccessful and indicate the absence of even traces of superconductivity at 245-300 K in all the resulting La-Sc-H hydrides. The method for preparing the precursor by simultaneous deposition of La and Sc metals may be a key factor for the successful synthesis of LaSc$_2$H$_{24}$.",Standard pressure reports should not use negative pressure unless a stress sign convention is explicitly defined.,current,,1.0,qwen_judge,"The answer is directly supported by the first piece of retrieved context, which states 'Standard pressure reports should not use negative pressure unless a stress sign convention is explicitly defined.' This matches exactly with the provided answer.",659,709,naive_context
rag_cov_03_10_incorrect,materials,qwen_output,Is a pressure of -2 GPa physically valid in a standard pressure report?,"[rank=1 score=47.3585 doc_id=h1ctx_0313_cov_03_01_current] Standard pressure reports should not use negative pressure unless a stress sign convention is explicitly defined.

[rank=2 score=45.2006 doc_id=h1ctx_0314_cov_03_01_incorrect] A noisy measurement table reports the pressure as -2 GPa.

[rank=3 score=12.8364 doc_id=arxiv_0011] Stability Analysis of Superconductivity in $\textit{P6/mmm}$-LaSc$_2$H$_{24}$ and its Experimental Reproducibility from La-Sc Alloys. In this work, we analyze the feasibility of room-temperature superconductivity in the lanthanum-scandium hydride $\textit{P6/mmm}$-LaSc$_2$H$_{24}$. We demonstrate that the electron-phonon coupling calculations performed using the $σ$-broadening of the double $δ$-function at the Fermi surface lead to a very strong dependence of $\textit{T$_c$}(σ)$ on the arbitrary $σ$, whereas the tetrahedral method for the electron-phonon interaction is free from this drawback and leads to $\textit{T$_c$}$ > 300 K at 300 GPa in agreement with previous predictions. By analyzing the stability of the metallic state of LaSc$_2$H$_{24}$ at 250-300 GPa, we show that this compound is at the edge of the stability region ($ξ$ = 0.54), similar to $\textit{fcc}$ LaH$_{10}$ at 140-150 GPa. Experimental attempts to synthesize LaSc$_2$H$_{24}$ at 250-280 GPa starting from the (La,Sc$_2$) alloy are unsuccessful and indicate the absence of even traces of superconductivity at 245-300 K in all the resulting La-Sc-H hydrides. The method for preparing the precursor by simultaneous deposition of La and Sc metals may be a key factor for the successful synthesis of LaSc$_2$H$_{24}$.",Standard pressure reports should not use negative pressure unless a stress sign convention is explicitly defined.,current,,1.0,qwen_judge,"The answer is directly supported by the first piece of retrieved context, which states 'Standard pressure reports should not use negative pressure unless a stress sign convention is explicitly defined.' This matches exactly with the provided answer.",659,709,naive_context
rag_cov_03_11_current,materials,qwen_output,Is a pressure of -2 GPa physically valid in a standard pressure report?,"[rank=1 score=47.3585 doc_id=h1ctx_0313_cov_03_01_current] Standard pressure reports should not use negative pressure unless a stress sign convention is explicitly defined.

[rank=2 score=45.2006 doc_id=h1ctx_0314_cov_03_01_incorrect] A noisy measurement table reports the pressure as -2 GPa.

[rank=3 score=12.8364 doc_id=arxiv_0011] Stability Analysis of Superconductivity in $\textit{P6/mmm}$-LaSc$_2$H$_{24}$ and its Experimental Reproducibility from La-Sc Alloys. In this work, we analyze the feasibility of room-temperature superconductivity in the lanthanum-scandium hydride $\textit{P6/mmm}$-LaSc$_2$H$_{24}$. We demonstrate that the electron-phonon coupling calculations performed using the $σ$-broadening of the double $δ$-function at the Fermi surface lead to a very strong dependence of $\textit{T$_c$}(σ)$ on the arbitrary $σ$, whereas the tetrahedral method for the electron-phonon interaction is free from this drawback and leads to $\textit{T$_c$}$ > 300 K at 300 GPa in agreement with previous predictions. By analyzing the stability of the metallic state of LaSc$_2$H$_{24}$ at 250-300 GPa, we show that this compound is at the edge of the stability region ($ξ$ = 0.54), similar to $\textit{fcc}$ LaH$_{10}$ at 140-150 GPa. Experimental attempts to synthesize LaSc$_2$H$_{24}$ at 250-280 GPa starting from the (La,Sc$_2$) alloy are unsuccessful and indicate the absence of even traces of superconductivity at 245-300 K in all the resulting La-Sc-H hydrides. The method for preparing the precursor by simultaneous deposition of La and Sc metals may be a key factor for the successful synthesis of LaSc$_2$H$_{24}$.",Standard pressure reports should not use negative pressure unless a stress sign convention is explicitly defined.,current,,1.0,qwen_judge,"The answer is directly supported by the first piece of retrieved context, which states 'Standard pressure reports should not use negative pressure unless a stress sign convention is explicitly defined.' This matches exactly with the provided answer.",659,709,naive_context
rag_cov_03_11_incorrect,materials,qwen_output,Is a pressure of -2 GPa physically valid in a standard pressure report?,"[rank=1 score=47.3585 doc_id=h1ctx_0313_cov_03_01_current] Standard pressure reports should not use negative pressure unless a stress sign convention is explicitly defined.

[rank=2 score=45.2006 doc_id=h1ctx_0314_cov_03_01_incorrect] A noisy measurement table reports the pressure as -2 GPa.

[rank=3 score=12.8364 doc_id=arxiv_0011] Stability Analysis of Superconductivity in $\textit{P6/mmm}$-LaSc$_2$H$_{24}$ and its Experimental Reproducibility from La-Sc Alloys. In this work, we analyze the feasibility of room-temperature superconductivity in the lanthanum-scandium hydride $\textit{P6/mmm}$-LaSc$_2$H$_{24}$. We demonstrate that the electron-phonon coupling calculations performed using the $σ$-broadening of the double $δ$-function at the Fermi surface lead to a very strong dependence of $\textit{T$_c$}(σ)$ on the arbitrary $σ$, whereas the tetrahedral method for the electron-phonon interaction is free from this drawback and leads to $\textit{T$_c$}$ > 300 K at 300 GPa in agreement with previous predictions. By analyzing the stability of the metallic state of LaSc$_2$H$_{24}$ at 250-300 GPa, we show that this compound is at the edge of the stability region ($ξ$ = 0.54), similar to $\textit{fcc}$ LaH$_{10}$ at 140-150 GPa. Experimental attempts to synthesize LaSc$_2$H$_{24}$ at 250-280 GPa starting from the (La,Sc$_2$) alloy are unsuccessful and indicate the absence of even traces of superconductivity at 245-300 K in all the resulting La-Sc-H hydrides. The method for preparing the precursor by simultaneous deposition of La and Sc metals may be a key factor for the successful synthesis of LaSc$_2$H$_{24}$.",Standard pressure reports should not use negative pressure unless a stress sign convention is explicitly defined.,current,,1.0,qwen_judge,"The answer is directly supported by the first piece of retrieved context, which states 'Standard pressure reports should not use negative pressure unless a stress sign convention is explicitly defined.' This matches exactly with the provided answer.",659,709,naive_context
rag_cov_03_12_current,materials,qwen_output,Is a pressure of -2 GPa physically valid in a standard pressure report?,"[rank=1 score=47.3585 doc_id=h1ctx_0313_cov_03_01_current] Standard pressure reports should not use negative pressure unless a stress sign convention is explicitly defined.

[rank=2 score=45.2006 doc_id=h1ctx_0314_cov_03_01_incorrect] A noisy measurement table reports the pressure as -2 GPa.

[rank=3 score=12.8364 doc_id=arxiv_0011] Stability Analysis of Superconductivity in $\textit{P6/mmm}$-LaSc$_2$H$_{24}$ and its Experimental Reproducibility from La-Sc Alloys. In this work, we analyze the feasibility of room-temperature superconductivity in the lanthanum-scandium hydride $\textit{P6/mmm}$-LaSc$_2$H$_{24}$. We demonstrate that the electron-phonon coupling calculations performed using the $σ$-broadening of the double $δ$-function at the Fermi surface lead to a very strong dependence of $\textit{T$_c$}(σ)$ on the arbitrary $σ$, whereas the tetrahedral method for the electron-phonon interaction is free from this drawback and leads to $\textit{T$_c$}$ > 300 K at 300 GPa in agreement with previous predictions. By analyzing the stability of the metallic state of LaSc$_2$H$_{24}$ at 250-300 GPa, we show that this compound is at the edge of the stability region ($ξ$ = 0.54), similar to $\textit{fcc}$ LaH$_{10}$ at 140-150 GPa. Experimental attempts to synthesize LaSc$_2$H$_{24}$ at 250-280 GPa starting from the (La,Sc$_2$) alloy are unsuccessful and indicate the absence of even traces of superconductivity at 245-300 K in all the resulting La-Sc-H hydrides. The method for preparing the precursor by simultaneous deposition of La and Sc metals may be a key factor for the successful synthesis of LaSc$_2$H$_{24}$.",Standard pressure reports should not use negative pressure unless a stress sign convention is explicitly defined.,current,,1.0,qwen_judge,"The answer is directly supported by the first piece of retrieved context, which states 'Standard pressure reports should not use negative pressure unless a stress sign convention is explicitly defined.' This matches exactly with the provided answer.",659,709,naive_context
rag_cov_03_12_incorrect,materials,qwen_output,Is a pressure of -2 GPa physically valid in a standard pressure report?,"[rank=1 score=47.3585 doc_id=h1ctx_0313_cov_03_01_current] Standard pressure reports should not use negative pressure unless a stress sign convention is explicitly defined.

[rank=2 score=45.2006 doc_id=h1ctx_0314_cov_03_01_incorrect] A noisy measurement table reports the pressure as -2 GPa.

[rank=3 score=12.8364 doc_id=arxiv_0011] Stability Analysis of Superconductivity in $\textit{P6/mmm}$-LaSc$_2$H$_{24}$ and its Experimental Reproducibility from La-Sc Alloys. In this work, we analyze the feasibility of room-temperature superconductivity in the lanthanum-scandium hydride $\textit{P6/mmm}$-LaSc$_2$H$_{24}$. We demonstrate that the electron-phonon coupling calculations performed using the $σ$-broadening of the double $δ$-function at the Fermi surface lead to a very strong dependence of $\textit{T$_c$}(σ)$ on the arbitrary $σ$, whereas the tetrahedral method for the electron-phonon interaction is free from this drawback and leads to $\textit{T$_c$}$ > 300 K at 300 GPa in agreement with previous predictions. By analyzing the stability of the metallic state of LaSc$_2$H$_{24}$ at 250-300 GPa, we show that this compound is at the edge of the stability region ($ξ$ = 0.54), similar to $\textit{fcc}$ LaH$_{10}$ at 140-150 GPa. Experimental attempts to synthesize LaSc$_2$H$_{24}$ at 250-280 GPa starting from the (La,Sc$_2$) alloy are unsuccessful and indicate the absence of even traces of superconductivity at 245-300 K in all the resulting La-Sc-H hydrides. The method for preparing the precursor by simultaneous deposition of La and Sc metals may be a key factor for the successful synthesis of LaSc$_2$H$_{24}$.",Standard pressure reports should not use negative pressure unless a stress sign convention is explicitly defined.,current,,1.0,qwen_judge,"The answer is directly supported by the first piece of retrieved context, which states 'Standard pressure reports should not use negative pressure unless a stress sign convention is explicitly defined.' This matches exactly with the provided answer.",659,709,naive_context
rag_cov_03_13_current,materials,qwen_output,Is a pressure of -2 GPa physically valid in a standard pressure report?,"[rank=1 score=47.3585 doc_id=h1ctx_0313_cov_03_01_current] Standard pressure reports should not use negative pressure unless a stress sign convention is explicitly defined.

[rank=2 score=45.2006 doc_id=h1ctx_0314_cov_03_01_incorrect] A noisy measurement table reports the pressure as -2 GPa.

[rank=3 score=12.8364 doc_id=arxiv_0011] Stability Analysis of Superconductivity in $\textit{P6/mmm}$-LaSc$_2$H$_{24}$ and its Experimental Reproducibility from La-Sc Alloys. In this work, we analyze the feasibility of room-temperature superconductivity in the lanthanum-scandium hydride $\textit{P6/mmm}$-LaSc$_2$H$_{24}$. We demonstrate that the electron-phonon coupling calculations performed using the $σ$-broadening of the double $δ$-function at the Fermi surface lead to a very strong dependence of $\textit{T$_c$}(σ)$ on the arbitrary $σ$, whereas the tetrahedral method for the electron-phonon interaction is free from this drawback and leads to $\textit{T$_c$}$ > 300 K at 300 GPa in agreement with previous predictions. By analyzing the stability of the metallic state of LaSc$_2$H$_{24}$ at 250-300 GPa, we show that this compound is at the edge of the stability region ($ξ$ = 0.54), similar to $\textit{fcc}$ LaH$_{10}$ at 140-150 GPa. Experimental attempts to synthesize LaSc$_2$H$_{24}$ at 250-280 GPa starting from the (La,Sc$_2$) alloy are unsuccessful and indicate the absence of even traces of superconductivity at 245-300 K in all the resulting La-Sc-H hydrides. The method for preparing the precursor by simultaneous deposition of La and Sc metals may be a key factor for the successful synthesis of LaSc$_2$H$_{24}$.",Standard pressure reports should not use negative pressure unless a stress sign convention is explicitly defined.,current,,1.0,qwen_judge,"The answer is directly supported by the first piece of retrieved context, which states 'Standard pressure reports should not use negative pressure unless a stress sign convention is explicitly defined.' This matches exactly with the provided answer.",659,709,naive_context
rag_cov_03_13_incorrect,materials,qwen_output,Is a pressure of -2 GPa physically valid in a standard pressure report?,"[rank=1 score=47.3585 doc_id=h1ctx_0313_cov_03_01_current] Standard pressure reports should not use negative pressure unless a stress sign convention is explicitly defined.

[rank=2 score=45.2006 doc_id=h1ctx_0314_cov_03_01_incorrect] A noisy measurement table reports the pressure as -2 GPa.

[rank=3 score=12.8364 doc_id=arxiv_0011] Stability Analysis of Superconductivity in $\textit{P6/mmm}$-LaSc$_2$H$_{24}$ and its Experimental Reproducibility from La-Sc Alloys. In this work, we analyze the feasibility of room-temperature superconductivity in the lanthanum-scandium hydride $\textit{P6/mmm}$-LaSc$_2$H$_{24}$. We demonstrate that the electron-phonon coupling calculations performed using the $σ$-broadening of the double $δ$-function at the Fermi surface lead to a very strong dependence of $\textit{T$_c$}(σ)$ on the arbitrary $σ$, whereas the tetrahedral method for the electron-phonon interaction is free from this drawback and leads to $\textit{T$_c$}$ > 300 K at 300 GPa in agreement with previous predictions. By analyzing the stability of the metallic state of LaSc$_2$H$_{24}$ at 250-300 GPa, we show that this compound is at the edge of the stability region ($ξ$ = 0.54), similar to $\textit{fcc}$ LaH$_{10}$ at 140-150 GPa. Experimental attempts to synthesize LaSc$_2$H$_{24}$ at 250-280 GPa starting from the (La,Sc$_2$) alloy are unsuccessful and indicate the absence of even traces of superconductivity at 245-300 K in all the resulting La-Sc-H hydrides. The method for preparing the precursor by simultaneous deposition of La and Sc metals may be a key factor for the successful synthesis of LaSc$_2$H$_{24}$.",Standard pressure reports should not use negative pressure unless a stress sign convention is explicitly defined.,current,,1.0,qwen_judge,"The answer is directly supported by the first piece of retrieved context, which states 'Standard pressure reports should not use negative pressure unless a stress sign convention is explicitly defined.' This matches exactly with the provided answer.",659,709,naive_context
rag_cov_03_14_current,materials,qwen_output,Is a pressure of -2 GPa physically valid in a standard pressure report?,"[rank=1 score=47.3585 doc_id=h1ctx_0313_cov_03_01_current] Standard pressure reports should not use negative pressure unless a stress sign convention is explicitly defined.

[rank=2 score=45.2006 doc_id=h1ctx_0314_cov_03_01_incorrect] A noisy measurement table reports the pressure as -2 GPa.

[rank=3 score=12.8364 doc_id=arxiv_0011] Stability Analysis of Superconductivity in $\textit{P6/mmm}$-LaSc$_2$H$_{24}$ and its Experimental Reproducibility from La-Sc Alloys. In this work, we analyze the feasibility of room-temperature superconductivity in the lanthanum-scandium hydride $\textit{P6/mmm}$-LaSc$_2$H$_{24}$. We demonstrate that the electron-phonon coupling calculations performed using the $σ$-broadening of the double $δ$-function at the Fermi surface lead to a very strong dependence of $\textit{T$_c$}(σ)$ on the arbitrary $σ$, whereas the tetrahedral method for the electron-phonon interaction is free from this drawback and leads to $\textit{T$_c$}$ > 300 K at 300 GPa in agreement with previous predictions. By analyzing the stability of the metallic state of LaSc$_2$H$_{24}$ at 250-300 GPa, we show that this compound is at the edge of the stability region ($ξ$ = 0.54), similar to $\textit{fcc}$ LaH$_{10}$ at 140-150 GPa. Experimental attempts to synthesize LaSc$_2$H$_{24}$ at 250-280 GPa starting from the (La,Sc$_2$) alloy are unsuccessful and indicate the absence of even traces of superconductivity at 245-300 K in all the resulting La-Sc-H hydrides. The method for preparing the precursor by simultaneous deposition of La and Sc metals may be a key factor for the successful synthesis of LaSc$_2$H$_{24}$.",Standard pressure reports should not use negative pressure unless a stress sign convention is explicitly defined.,current,,1.0,qwen_judge,"The answer is directly supported by the first piece of retrieved context, which states 'Standard pressure reports should not use negative pressure unless a stress sign convention is explicitly defined.' This matches exactly with the provided answer.",659,709,naive_context
rag_cov_03_14_incorrect,materials,qwen_output,Is a pressure of -2 GPa physically valid in a standard pressure report?,"[rank=1 score=47.3585 doc_id=h1ctx_0313_cov_03_01_current] Standard pressure reports should not use negative pressure unless a stress sign convention is explicitly defined.

[rank=2 score=45.2006 doc_id=h1ctx_0314_cov_03_01_incorrect] A noisy measurement table reports the pressure as -2 GPa.

[rank=3 score=12.8364 doc_id=arxiv_0011] Stability Analysis of Superconductivity in $\textit{P6/mmm}$-LaSc$_2$H$_{24}$ and its Experimental Reproducibility from La-Sc Alloys. In this work, we analyze the feasibility of room-temperature superconductivity in the lanthanum-scandium hydride $\textit{P6/mmm}$-LaSc$_2$H$_{24}$. We demonstrate that the electron-phonon coupling calculations performed using the $σ$-broadening of the double $δ$-function at the Fermi surface lead to a very strong dependence of $\textit{T$_c$}(σ)$ on the arbitrary $σ$, whereas the tetrahedral method for the electron-phonon interaction is free from this drawback and leads to $\textit{T$_c$}$ > 300 K at 300 GPa in agreement with previous predictions. By analyzing the stability of the metallic state of LaSc$_2$H$_{24}$ at 250-300 GPa, we show that this compound is at the edge of the stability region ($ξ$ = 0.54), similar to $\textit{fcc}$ LaH$_{10}$ at 140-150 GPa. Experimental attempts to synthesize LaSc$_2$H$_{24}$ at 250-280 GPa starting from the (La,Sc$_2$) alloy are unsuccessful and indicate the absence of even traces of superconductivity at 245-300 K in all the resulting La-Sc-H hydrides. The method for preparing the precursor by simultaneous deposition of La and Sc metals may be a key factor for the successful synthesis of LaSc$_2$H$_{24}$.",Standard pressure reports should not use negative pressure unless a stress sign convention is explicitly defined.,current,,1.0,qwen_judge,"The answer is directly supported by the first piece of retrieved context, which states 'Standard pressure reports should not use negative pressure unless a stress sign convention is explicitly defined.' This matches exactly with the provided answer.",659,709,naive_context
rag_cov_03_15_current,materials,qwen_output,Is a pressure of -2 GPa physically valid in a standard pressure report?,"[rank=1 score=47.3585 doc_id=h1ctx_0313_cov_03_01_current] Standard pressure reports should not use negative pressure unless a stress sign convention is explicitly defined.

[rank=2 score=45.2006 doc_id=h1ctx_0314_cov_03_01_incorrect] A noisy measurement table reports the pressure as -2 GPa.

[rank=3 score=12.8364 doc_id=arxiv_0011] Stability Analysis of Superconductivity in $\textit{P6/mmm}$-LaSc$_2$H$_{24}$ and its Experimental Reproducibility from La-Sc Alloys. In this work, we analyze the feasibility of room-temperature superconductivity in the lanthanum-scandium hydride $\textit{P6/mmm}$-LaSc$_2$H$_{24}$. We demonstrate that the electron-phonon coupling calculations performed using the $σ$-broadening of the double $δ$-function at the Fermi surface lead to a very strong dependence of $\textit{T$_c$}(σ)$ on the arbitrary $σ$, whereas the tetrahedral method for the electron-phonon interaction is free from this drawback and leads to $\textit{T$_c$}$ > 300 K at 300 GPa in agreement with previous predictions. By analyzing the stability of the metallic state of LaSc$_2$H$_{24}$ at 250-300 GPa, we show that this compound is at the edge of the stability region ($ξ$ = 0.54), similar to $\textit{fcc}$ LaH$_{10}$ at 140-150 GPa. Experimental attempts to synthesize LaSc$_2$H$_{24}$ at 250-280 GPa starting from the (La,Sc$_2$) alloy are unsuccessful and indicate the absence of even traces of superconductivity at 245-300 K in all the resulting La-Sc-H hydrides. The method for preparing the precursor by simultaneous deposition of La and Sc metals may be a key factor for the successful synthesis of LaSc$_2$H$_{24}$.",Standard pressure reports should not use negative pressure unless a stress sign convention is explicitly defined.,current,,1.0,qwen_judge,"The answer is directly supported by the first piece of retrieved context, which states 'Standard pressure reports should not use negative pressure unless a stress sign convention is explicitly defined.' This matches exactly with the provided answer.",659,709,naive_context
rag_cov_03_15_incorrect,materials,qwen_output,Is a pressure of -2 GPa physically valid in a standard pressure report?,"[rank=1 score=47.3585 doc_id=h1ctx_0313_cov_03_01_current] Standard pressure reports should not use negative pressure unless a stress sign convention is explicitly defined.

[rank=2 score=45.2006 doc_id=h1ctx_0314_cov_03_01_incorrect] A noisy measurement table reports the pressure as -2 GPa.

[rank=3 score=12.8364 doc_id=arxiv_0011] Stability Analysis of Superconductivity in $\textit{P6/mmm}$-LaSc$_2$H$_{24}$ and its Experimental Reproducibility from La-Sc Alloys. In this work, we analyze the feasibility of room-temperature superconductivity in the lanthanum-scandium hydride $\textit{P6/mmm}$-LaSc$_2$H$_{24}$. We demonstrate that the electron-phonon coupling calculations performed using the $σ$-broadening of the double $δ$-function at the Fermi surface lead to a very strong dependence of $\textit{T$_c$}(σ)$ on the arbitrary $σ$, whereas the tetrahedral method for the electron-phonon interaction is free from this drawback and leads to $\textit{T$_c$}$ > 300 K at 300 GPa in agreement with previous predictions. By analyzing the stability of the metallic state of LaSc$_2$H$_{24}$ at 250-300 GPa, we show that this compound is at the edge of the stability region ($ξ$ = 0.54), similar to $\textit{fcc}$ LaH$_{10}$ at 140-150 GPa. Experimental attempts to synthesize LaSc$_2$H$_{24}$ at 250-280 GPa starting from the (La,Sc$_2$) alloy are unsuccessful and indicate the absence of even traces of superconductivity at 245-300 K in all the resulting La-Sc-H hydrides. The method for preparing the precursor by simultaneous deposition of La and Sc metals may be a key factor for the successful synthesis of LaSc$_2$H$_{24}$.",Standard pressure reports should not use negative pressure unless a stress sign convention is explicitly defined.,current,,1.0,qwen_judge,"The answer is directly supported by the first piece of retrieved context, which states 'Standard pressure reports should not use negative pressure unless a stress sign convention is explicitly defined.' This matches exactly with the provided answer.",659,709,naive_context
rag_cov_04_01_current,materials,qwen_output,Can the material be called superconducting without reporting Tc or evidence?,"[rank=1 score=37.5227 doc_id=h1ctx_0343_cov_04_01_current] Superconductivity claims should report Tc, measured evidence, or a transition temperature.

[rank=2 score=29.8788 doc_id=h1ctx_0344_cov_04_01_incorrect] A short retrieved note says the material is superconducting.

[rank=3 score=9.1323 doc_id=h1ctx_0283_cov_02_01_current] Absolute temperature on the Kelvin scale cannot be below 0 K.","Superconductivity claims should report Tc, measured evidence, or a transition temperature.",current,,1.0,qwen_judge,"The answer is directly supported by the retrieved context, specifically the first piece of evidence which states 'Superconductivity claims should report Tc, measured evidence, or a transition temperature.'",289,337,naive_context
rag_cov_04_01_incorrect,materials,qwen_output,Can the material be called superconducting without reporting Tc or evidence?,"[rank=1 score=37.5227 doc_id=h1ctx_0343_cov_04_01_current] Superconductivity claims should report Tc, measured evidence, or a transition temperature.

[rank=2 score=29.8788 doc_id=h1ctx_0344_cov_04_01_incorrect] A short retrieved note says the material is superconducting.

[rank=3 score=9.1323 doc_id=h1ctx_0283_cov_02_01_current] Absolute temperature on the Kelvin scale cannot be below 0 K.","Superconductivity claims should report Tc, measured evidence, or a transition temperature.",current,,1.0,qwen_judge,"The answer is directly supported by the retrieved context, specifically the first piece of evidence which states 'Superconductivity claims should report Tc, measured evidence, or a transition temperature.'",289,337,naive_context
rag_cov_04_02_current,materials,qwen_output,Can the material be called superconducting without reporting Tc or evidence?,"[rank=1 score=37.5227 doc_id=h1ctx_0343_cov_04_01_current] Superconductivity claims should report Tc, measured evidence, or a transition temperature.

[rank=2 score=29.8788 doc_id=h1ctx_0344_cov_04_01_incorrect] A short retrieved note says the material is superconducting.

[rank=3 score=9.1323 doc_id=h1ctx_0283_cov_02_01_current] Absolute temperature on the Kelvin scale cannot be below 0 K.","Superconductivity claims should report Tc, measured evidence, or a transition temperature.",current,,1.0,qwen_judge,"The answer is directly supported by the retrieved context, specifically the first piece of evidence which states 'Superconductivity claims should report Tc, measured evidence, or a transition temperature.'",289,337,naive_context
rag_cov_04_02_incorrect,materials,qwen_output,Can the material be called superconducting without reporting Tc or evidence?,"[rank=1 score=37.5227 doc_id=h1ctx_0343_cov_04_01_current] Superconductivity claims should report Tc, measured evidence, or a transition temperature.

[rank=2 score=29.8788 doc_id=h1ctx_0344_cov_04_01_incorrect] A short retrieved note says the material is superconducting.

[rank=3 score=9.1323 doc_id=h1ctx_0283_cov_02_01_current] Absolute temperature on the Kelvin scale cannot be below 0 K.","Superconductivity claims should report Tc, measured evidence, or a transition temperature.",current,,1.0,qwen_judge,"The answer is directly supported by the retrieved context, specifically the first piece of evidence which states 'Superconductivity claims should report Tc, measured evidence, or a transition temperature.'",289,337,naive_context
rag_cov_04_03_current,materials,qwen_output,Can the material be called superconducting without reporting Tc or evidence?,"[rank=1 score=37.5227 doc_id=h1ctx_0343_cov_04_01_current] Superconductivity claims should report Tc, measured evidence, or a transition temperature.

[rank=2 score=29.8788 doc_id=h1ctx_0344_cov_04_01_incorrect] A short retrieved note says the material is superconducting.

[rank=3 score=9.1323 doc_id=h1ctx_0283_cov_02_01_current] Absolute temperature on the Kelvin scale cannot be below 0 K.","Superconductivity claims should report Tc, measured evidence, or a transition temperature.",current,,1.0,qwen_judge,"The answer is directly supported by the retrieved context, specifically the first piece of evidence which states 'Superconductivity claims should report Tc, measured evidence, or a transition temperature.'",289,337,naive_context
rag_cov_04_03_incorrect,materials,qwen_output,Can the material be called superconducting without reporting Tc or evidence?,"[rank=1 score=37.5227 doc_id=h1ctx_0343_cov_04_01_current] Superconductivity claims should report Tc, measured evidence, or a transition temperature.

[rank=2 score=29.8788 doc_id=h1ctx_0344_cov_04_01_incorrect] A short retrieved note says the material is superconducting.

[rank=3 score=9.1323 doc_id=h1ctx_0283_cov_02_01_current] Absolute temperature on the Kelvin scale cannot be below 0 K.","Superconductivity claims should report Tc, measured evidence, or a transition temperature.",current,,1.0,qwen_judge,"The answer is directly supported by the retrieved context, specifically the first piece of evidence which states 'Superconductivity claims should report Tc, measured evidence, or a transition temperature.'",289,337,naive_context
rag_cov_04_04_current,materials,qwen_output,Can the material be called superconducting without reporting Tc or evidence?,"[rank=1 score=37.5227 doc_id=h1ctx_0343_cov_04_01_current] Superconductivity claims should report Tc, measured evidence, or a transition temperature.

[rank=2 score=29.8788 doc_id=h1ctx_0344_cov_04_01_incorrect] A short retrieved note says the material is superconducting.

[rank=3 score=9.1323 doc_id=h1ctx_0283_cov_02_01_current] Absolute temperature on the Kelvin scale cannot be below 0 K.","Superconductivity claims should report Tc, measured evidence, or a transition temperature.",current,,1.0,qwen_judge,"The answer is directly supported by the retrieved context, specifically the first piece of evidence which states 'Superconductivity claims should report Tc, measured evidence, or a transition temperature.'",289,337,naive_context
rag_cov_04_04_incorrect,materials,qwen_output,Can the material be called superconducting without reporting Tc or evidence?,"[rank=1 score=37.5227 doc_id=h1ctx_0343_cov_04_01_current] Superconductivity claims should report Tc, measured evidence, or a transition temperature.

[rank=2 score=29.8788 doc_id=h1ctx_0344_cov_04_01_incorrect] A short retrieved note says the material is superconducting.

[rank=3 score=9.1323 doc_id=h1ctx_0283_cov_02_01_current] Absolute temperature on the Kelvin scale cannot be below 0 K.","Superconductivity claims should report Tc, measured evidence, or a transition temperature.",current,,1.0,qwen_judge,"The answer is directly supported by the retrieved context, specifically the first piece of evidence which states 'Superconductivity claims should report Tc, measured evidence, or a transition temperature.'",289,337,naive_context
rag_cov_04_05_current,materials,qwen_output,Can the material be called superconducting without reporting Tc or evidence?,"[rank=1 score=37.5227 doc_id=h1ctx_0343_cov_04_01_current] Superconductivity claims should report Tc, measured evidence, or a transition temperature.

[rank=2 score=29.8788 doc_id=h1ctx_0344_cov_04_01_incorrect] A short retrieved note says the material is superconducting.

[rank=3 score=9.1323 doc_id=h1ctx_0283_cov_02_01_current] Absolute temperature on the Kelvin scale cannot be below 0 K.","Superconductivity claims should report Tc, measured evidence, or a transition temperature.",current,,1.0,qwen_judge,"The answer is directly supported by the retrieved context, specifically the first piece of evidence which states 'Superconductivity claims should report Tc, measured evidence, or a transition temperature.'",289,337,naive_context
rag_cov_04_05_incorrect,materials,qwen_output,Can the material be called superconducting without reporting Tc or evidence?,"[rank=1 score=37.5227 doc_id=h1ctx_0343_cov_04_01_current] Superconductivity claims should report Tc, measured evidence, or a transition temperature.

[rank=2 score=29.8788 doc_id=h1ctx_0344_cov_04_01_incorrect] A short retrieved note says the material is superconducting.

[rank=3 score=9.1323 doc_id=h1ctx_0283_cov_02_01_current] Absolute temperature on the Kelvin scale cannot be below 0 K.","Superconductivity claims should report Tc, measured evidence, or a transition temperature.",current,,1.0,qwen_judge,"The answer is directly supported by the retrieved context, specifically the first piece of evidence which states 'Superconductivity claims should report Tc, measured evidence, or a transition temperature.'",289,337,naive_context
rag_cov_04_06_current,materials,qwen_output,Can the material be called superconducting without reporting Tc or evidence?,"[rank=1 score=37.5227 doc_id=h1ctx_0343_cov_04_01_current] Superconductivity claims should report Tc, measured evidence, or a transition temperature.

[rank=2 score=29.8788 doc_id=h1ctx_0344_cov_04_01_incorrect] A short retrieved note says the material is superconducting.

[rank=3 score=9.1323 doc_id=h1ctx_0283_cov_02_01_current] Absolute temperature on the Kelvin scale cannot be below 0 K.","Superconductivity claims should report Tc, measured evidence, or a transition temperature.",current,,1.0,qwen_judge,"The answer is directly supported by the retrieved context, specifically the first piece of evidence which states 'Superconductivity claims should report Tc, measured evidence, or a transition temperature.'",289,337,naive_context
rag_cov_04_06_incorrect,materials,qwen_output,Can the material be called superconducting without reporting Tc or evidence?,"[rank=1 score=37.5227 doc_id=h1ctx_0343_cov_04_01_current] Superconductivity claims should report Tc, measured evidence, or a transition temperature.

[rank=2 score=29.8788 doc_id=h1ctx_0344_cov_04_01_incorrect] A short retrieved note says the material is superconducting.

[rank=3 score=9.1323 doc_id=h1ctx_0283_cov_02_01_current] Absolute temperature on the Kelvin scale cannot be below 0 K.","Superconductivity claims should report Tc, measured evidence, or a transition temperature.",current,,1.0,qwen_judge,"The answer is directly supported by the retrieved context, specifically the first piece of evidence which states 'Superconductivity claims should report Tc, measured evidence, or a transition temperature.'",289,337,naive_context
rag_cov_04_07_current,materials,qwen_output,Can the material be called superconducting without reporting Tc or evidence?,"[rank=1 score=37.5227 doc_id=h1ctx_0343_cov_04_01_current] Superconductivity claims should report Tc, measured evidence, or a transition temperature.

[rank=2 score=29.8788 doc_id=h1ctx_0344_cov_04_01_incorrect] A short retrieved note says the material is superconducting.

[rank=3 score=9.1323 doc_id=h1ctx_0283_cov_02_01_current] Absolute temperature on the Kelvin scale cannot be below 0 K.","Superconductivity claims should report Tc, measured evidence, or a transition temperature.",current,,1.0,qwen_judge,"The answer is directly supported by the retrieved context, specifically the first piece of evidence which states 'Superconductivity claims should report Tc, measured evidence, or a transition temperature.'",289,337,naive_context
rag_cov_04_07_incorrect,materials,qwen_output,Can the material be called superconducting without reporting Tc or evidence?,"[rank=1 score=37.5227 doc_id=h1ctx_0343_cov_04_01_current] Superconductivity claims should report Tc, measured evidence, or a transition temperature.

[rank=2 score=29.8788 doc_id=h1ctx_0344_cov_04_01_incorrect] A short retrieved note says the material is superconducting.

[rank=3 score=9.1323 doc_id=h1ctx_0283_cov_02_01_current] Absolute temperature on the Kelvin scale cannot be below 0 K.","Superconductivity claims should report Tc, measured evidence, or a transition temperature.",current,,1.0,qwen_judge,"The answer is directly supported by the retrieved context, specifically the first piece of evidence which states 'Superconductivity claims should report Tc, measured evidence, or a transition temperature.'",289,337,naive_context
rag_cov_04_08_current,materials,qwen_output,Can the material be called superconducting without reporting Tc or evidence?,"[rank=1 score=37.5227 doc_id=h1ctx_0343_cov_04_01_current] Superconductivity claims should report Tc, measured evidence, or a transition temperature.

[rank=2 score=29.8788 doc_id=h1ctx_0344_cov_04_01_incorrect] A short retrieved note says the material is superconducting.

[rank=3 score=9.1323 doc_id=h1ctx_0283_cov_02_01_current] Absolute temperature on the Kelvin scale cannot be below 0 K.","Superconductivity claims should report Tc, measured evidence, or a transition temperature.",current,,1.0,qwen_judge,"The answer is directly supported by the retrieved context, specifically the first piece of evidence which states 'Superconductivity claims should report Tc, measured evidence, or a transition temperature.'",289,337,naive_context
rag_cov_04_08_incorrect,materials,qwen_output,Can the material be called superconducting without reporting Tc or evidence?,"[rank=1 score=37.5227 doc_id=h1ctx_0343_cov_04_01_current] Superconductivity claims should report Tc, measured evidence, or a transition temperature.

[rank=2 score=29.8788 doc_id=h1ctx_0344_cov_04_01_incorrect] A short retrieved note says the material is superconducting.

[rank=3 score=9.1323 doc_id=h1ctx_0283_cov_02_01_current] Absolute temperature on the Kelvin scale cannot be below 0 K.","Superconductivity claims should report Tc, measured evidence, or a transition temperature.",current,,1.0,qwen_judge,"The answer is directly supported by the retrieved context, specifically the first piece of evidence which states 'Superconductivity claims should report Tc, measured evidence, or a transition temperature.'",289,337,naive_context
rag_cov_04_09_current,materials,qwen_output,Can the material be called superconducting without reporting Tc or evidence?,"[rank=1 score=37.5227 doc_id=h1ctx_0343_cov_04_01_current] Superconductivity claims should report Tc, measured evidence, or a transition temperature.

[rank=2 score=29.8788 doc_id=h1ctx_0344_cov_04_01_incorrect] A short retrieved note says the material is superconducting.

[rank=3 score=9.1323 doc_id=h1ctx_0283_cov_02_01_current] Absolute temperature on the Kelvin scale cannot be below 0 K.","Superconductivity claims should report Tc, measured evidence, or a transition temperature.",current,,1.0,qwen_judge,"The answer is directly supported by the retrieved context, specifically the first piece of evidence which states 'Superconductivity claims should report Tc, measured evidence, or a transition temperature.'",289,337,naive_context
rag_cov_04_09_incorrect,materials,qwen_output,Can the material be called superconducting without reporting Tc or evidence?,"[rank=1 score=37.5227 doc_id=h1ctx_0343_cov_04_01_current] Superconductivity claims should report Tc, measured evidence, or a transition temperature.

[rank=2 score=29.8788 doc_id=h1ctx_0344_cov_04_01_incorrect] A short retrieved note says the material is superconducting.

[rank=3 score=9.1323 doc_id=h1ctx_0283_cov_02_01_current] Absolute temperature on the Kelvin scale cannot be below 0 K.","Superconductivity claims should report Tc, measured evidence, or a transition temperature.",current,,1.0,qwen_judge,"The answer is directly supported by the retrieved context, specifically the first piece of evidence which states 'Superconductivity claims should report Tc, measured evidence, or a transition temperature.'",289,337,naive_context
rag_cov_04_10_current,materials,qwen_output,Can the material be called superconducting without reporting Tc or evidence?,"[rank=1 score=37.5227 doc_id=h1ctx_0343_cov_04_01_current] Superconductivity claims should report Tc, measured evidence, or a transition temperature.

[rank=2 score=29.8788 doc_id=h1ctx_0344_cov_04_01_incorrect] A short retrieved note says the material is superconducting.

[rank=3 score=9.1323 doc_id=h1ctx_0283_cov_02_01_current] Absolute temperature on the Kelvin scale cannot be below 0 K.","Superconductivity claims should report Tc, measured evidence, or a transition temperature.",current,,1.0,qwen_judge,"The answer is directly supported by the retrieved context, specifically the first piece of evidence which states 'Superconductivity claims should report Tc, measured evidence, or a transition temperature.'",289,337,naive_context
rag_cov_04_10_incorrect,materials,qwen_output,Can the material be called superconducting without reporting Tc or evidence?,"[rank=1 score=37.5227 doc_id=h1ctx_0343_cov_04_01_current] Superconductivity claims should report Tc, measured evidence, or a transition temperature.

[rank=2 score=29.8788 doc_id=h1ctx_0344_cov_04_01_incorrect] A short retrieved note says the material is superconducting.

[rank=3 score=9.1323 doc_id=h1ctx_0283_cov_02_01_current] Absolute temperature on the Kelvin scale cannot be below 0 K.","Superconductivity claims should report Tc, measured evidence, or a transition temperature.",current,,1.0,qwen_judge,"The answer is directly supported by the retrieved context, specifically the first piece of evidence which states 'Superconductivity claims should report Tc, measured evidence, or a transition temperature.'",289,337,naive_context
rag_cov_04_11_current,materials,qwen_output,Can the material be called superconducting without reporting Tc or evidence?,"[rank=1 score=37.5227 doc_id=h1ctx_0343_cov_04_01_current] Superconductivity claims should report Tc, measured evidence, or a transition temperature.

[rank=2 score=29.8788 doc_id=h1ctx_0344_cov_04_01_incorrect] A short retrieved note says the material is superconducting.

[rank=3 score=9.1323 doc_id=h1ctx_0283_cov_02_01_current] Absolute temperature on the Kelvin scale cannot be below 0 K.","Superconductivity claims should report Tc, measured evidence, or a transition temperature.",current,,1.0,qwen_judge,"The answer is directly supported by the retrieved context, specifically the first piece of evidence which states 'Superconductivity claims should report Tc, measured evidence, or a transition temperature.'",289,337,naive_context
rag_cov_04_11_incorrect,materials,qwen_output,Can the material be called superconducting without reporting Tc or evidence?,"[rank=1 score=37.5227 doc_id=h1ctx_0343_cov_04_01_current] Superconductivity claims should report Tc, measured evidence, or a transition temperature.

[rank=2 score=29.8788 doc_id=h1ctx_0344_cov_04_01_incorrect] A short retrieved note says the material is superconducting.

[rank=3 score=9.1323 doc_id=h1ctx_0283_cov_02_01_current] Absolute temperature on the Kelvin scale cannot be below 0 K.","Superconductivity claims should report Tc, measured evidence, or a transition temperature.",current,,1.0,qwen_judge,"The answer is directly supported by the retrieved context, specifically the first piece of evidence which states 'Superconductivity claims should report Tc, measured evidence, or a transition temperature.'",289,337,naive_context
rag_cov_04_12_current,materials,qwen_output,Can the material be called superconducting without reporting Tc or evidence?,"[rank=1 score=37.5227 doc_id=h1ctx_0343_cov_04_01_current] Superconductivity claims should report Tc, measured evidence, or a transition temperature.

[rank=2 score=29.8788 doc_id=h1ctx_0344_cov_04_01_incorrect] A short retrieved note says the material is superconducting.

[rank=3 score=9.1323 doc_id=h1ctx_0283_cov_02_01_current] Absolute temperature on the Kelvin scale cannot be below 0 K.","Superconductivity claims should report Tc, measured evidence, or a transition temperature.",current,,1.0,qwen_judge,"The answer is directly supported by the retrieved context, specifically the first piece of evidence which states 'Superconductivity claims should report Tc, measured evidence, or a transition temperature.'",289,337,naive_context
rag_cov_04_12_incorrect,materials,qwen_output,Can the material be called superconducting without reporting Tc or evidence?,"[rank=1 score=37.5227 doc_id=h1ctx_0343_cov_04_01_current] Superconductivity claims should report Tc, measured evidence, or a transition temperature.

[rank=2 score=29.8788 doc_id=h1ctx_0344_cov_04_01_incorrect] A short retrieved note says the material is superconducting.

[rank=3 score=9.1323 doc_id=h1ctx_0283_cov_02_01_current] Absolute temperature on the Kelvin scale cannot be below 0 K.","Superconductivity claims should report Tc, measured evidence, or a transition temperature.",current,,1.0,qwen_judge,"The answer is directly supported by the retrieved context, specifically the first piece of evidence which states 'Superconductivity claims should report Tc, measured evidence, or a transition temperature.'",289,337,naive_context
rag_cov_04_13_current,materials,qwen_output,Can the material be called superconducting without reporting Tc or evidence?,"[rank=1 score=37.5227 doc_id=h1ctx_0343_cov_04_01_current] Superconductivity claims should report Tc, measured evidence, or a transition temperature.

[rank=2 score=29.8788 doc_id=h1ctx_0344_cov_04_01_incorrect] A short retrieved note says the material is superconducting.

[rank=3 score=9.1323 doc_id=h1ctx_0283_cov_02_01_current] Absolute temperature on the Kelvin scale cannot be below 0 K.","Superconductivity claims should report Tc, measured evidence, or a transition temperature.",current,,1.0,qwen_judge,"The answer is directly supported by the retrieved context, specifically the first piece of evidence which states 'Superconductivity claims should report Tc, measured evidence, or a transition temperature.'",289,337,naive_context
rag_cov_04_13_incorrect,materials,qwen_output,Can the material be called superconducting without reporting Tc or evidence?,"[rank=1 score=37.5227 doc_id=h1ctx_0343_cov_04_01_current] Superconductivity claims should report Tc, measured evidence, or a transition temperature.

[rank=2 score=29.8788 doc_id=h1ctx_0344_cov_04_01_incorrect] A short retrieved note says the material is superconducting.

[rank=3 score=9.1323 doc_id=h1ctx_0283_cov_02_01_current] Absolute temperature on the Kelvin scale cannot be below 0 K.","Superconductivity claims should report Tc, measured evidence, or a transition temperature.",current,,1.0,qwen_judge,"The answer is directly supported by the retrieved context, specifically the first piece of evidence which states 'Superconductivity claims should report Tc, measured evidence, or a transition temperature.'",289,337,naive_context
rag_cov_04_14_current,materials,qwen_output,Can the material be called superconducting without reporting Tc or evidence?,"[rank=1 score=37.5227 doc_id=h1ctx_0343_cov_04_01_current] Superconductivity claims should report Tc, measured evidence, or a transition temperature.

[rank=2 score=29.8788 doc_id=h1ctx_0344_cov_04_01_incorrect] A short retrieved note says the material is superconducting.

[rank=3 score=9.1323 doc_id=h1ctx_0283_cov_02_01_current] Absolute temperature on the Kelvin scale cannot be below 0 K.","Superconductivity claims should report Tc, measured evidence, or a transition temperature.",current,,1.0,qwen_judge,"The answer is directly supported by the retrieved context, specifically the first piece of evidence which states 'Superconductivity claims should report Tc, measured evidence, or a transition temperature.'",289,337,naive_context
rag_cov_04_14_incorrect,materials,qwen_output,Can the material be called superconducting without reporting Tc or evidence?,"[rank=1 score=37.5227 doc_id=h1ctx_0343_cov_04_01_current] Superconductivity claims should report Tc, measured evidence, or a transition temperature.

[rank=2 score=29.8788 doc_id=h1ctx_0344_cov_04_01_incorrect] A short retrieved note says the material is superconducting.

[rank=3 score=9.1323 doc_id=h1ctx_0283_cov_02_01_current] Absolute temperature on the Kelvin scale cannot be below 0 K.","Superconductivity claims should report Tc, measured evidence, or a transition temperature.",current,,1.0,qwen_judge,"The answer is directly supported by the retrieved context, specifically the first piece of evidence which states 'Superconductivity claims should report Tc, measured evidence, or a transition temperature.'",289,337,naive_context
rag_cov_04_15_current,materials,qwen_output,Can the material be called superconducting without reporting Tc or evidence?,"[rank=1 score=37.5227 doc_id=h1ctx_0343_cov_04_01_current] Superconductivity claims should report Tc, measured evidence, or a transition temperature.

[rank=2 score=29.8788 doc_id=h1ctx_0344_cov_04_01_incorrect] A short retrieved note says the material is superconducting.

[rank=3 score=9.1323 doc_id=h1ctx_0283_cov_02_01_current] Absolute temperature on the Kelvin scale cannot be below 0 K.","Superconductivity claims should report Tc, measured evidence, or a transition temperature.",current,,1.0,qwen_judge,"The answer is directly supported by the retrieved context, specifically the first piece of evidence which states 'Superconductivity claims should report Tc, measured evidence, or a transition temperature.'",289,337,naive_context
rag_cov_04_15_incorrect,materials,qwen_output,Can the material be called superconducting without reporting Tc or evidence?,"[rank=1 score=37.5227 doc_id=h1ctx_0343_cov_04_01_current] Superconductivity claims should report Tc, measured evidence, or a transition temperature.

[rank=2 score=29.8788 doc_id=h1ctx_0344_cov_04_01_incorrect] A short retrieved note says the material is superconducting.

[rank=3 score=9.1323 doc_id=h1ctx_0283_cov_02_01_current] Absolute temperature on the Kelvin scale cannot be below 0 K.","Superconductivity claims should report Tc, measured evidence, or a transition temperature.",current,,1.0,qwen_judge,"The answer is directly supported by the retrieved context, specifically the first piece of evidence which states 'Superconductivity claims should report Tc, measured evidence, or a transition temperature.'",289,337,naive_context
