sample_id,domain,source,question,retrieved_context,answer,document_status,expected_constraints,faithfulness_score,faithfulness_method,faithfulness_notes,generation_tokens,judge_tokens,generation_mode
rag_mpc_0001_current_gap,materials,qwen_output,What is the band gap of C?,"[rank=1 score=24.9072 doc_id=h1ctx_0002_mpc_0001_incorrect_gap] A noisy retrieved note reports C (mp-1197903) with band gap -0.07970000000000001 eV. This note is intentionally marked for human review as outdated_or_incorrect.

[rank=2 score=24.9072 doc_id=h1ctx_0005_mpc_0002_incorrect_gap] A noisy retrieved note reports C (mp-1244964) with band gap -0.0724 eV. This note is intentionally marked for human review as outdated_or_incorrect.

[rank=3 score=24.9072 doc_id=h1ctx_0011_mpc_0004_incorrect_gap] A noisy retrieved note reports C (mp-1244913) with band gap -0.10600000000000001 eV. This note is intentionally marked for human review as outdated_or_incorrect.","The retrieved context does not provide a reliable value for the band gap of C, as all provided values are marked as outdated or incorrect.",outdated_or_incorrect,,1.0,qwen_judge,"The answer correctly states that the retrieved context does not provide a reliable value for the band gap of C, as all provided values are marked as outdated or incorrect. This is directly supported by the context.",362,465,safety_aware
rag_mpc_0001_incorrect_gap,materials,qwen_output,What is the band gap of C?,"[rank=1 score=24.9072 doc_id=h1ctx_0002_mpc_0001_incorrect_gap] A noisy retrieved note reports C (mp-1197903) with band gap -0.07970000000000001 eV. This note is intentionally marked for human review as outdated_or_incorrect.

[rank=2 score=24.9072 doc_id=h1ctx_0005_mpc_0002_incorrect_gap] A noisy retrieved note reports C (mp-1244964) with band gap -0.0724 eV. This note is intentionally marked for human review as outdated_or_incorrect.

[rank=3 score=24.9072 doc_id=h1ctx_0011_mpc_0004_incorrect_gap] A noisy retrieved note reports C (mp-1244913) with band gap -0.10600000000000001 eV. This note is intentionally marked for human review as outdated_or_incorrect.","The retrieved context does not provide a reliable value for the band gap of C, as all provided values are marked as outdated or incorrect.",outdated_or_incorrect,,1.0,qwen_judge,"The answer correctly states that the retrieved context does not provide a reliable value for the band gap of C, as all provided values are marked as outdated or incorrect. This is directly supported by the context.",362,465,safety_aware
rag_mpc_0001_incomplete_stability,materials,qwen_output,Is C thermodynamically stable?,"[rank=1 score=24.2768 doc_id=h1ctx_0002_mpc_0001_incorrect_gap] A noisy retrieved note reports C (mp-1197903) with band gap -0.07970000000000001 eV. This note is intentionally marked for human review as outdated_or_incorrect.

[rank=2 score=24.2768 doc_id=h1ctx_0005_mpc_0002_incorrect_gap] A noisy retrieved note reports C (mp-1244964) with band gap -0.0724 eV. This note is intentionally marked for human review as outdated_or_incorrect.

[rank=3 score=24.2768 doc_id=h1ctx_0011_mpc_0004_incorrect_gap] A noisy retrieved note reports C (mp-1244913) with band gap -0.10600000000000001 eV. This note is intentionally marked for human review as outdated_or_incorrect.","The retrieved context does not provide sufficient information to determine if C is thermodynamically stable. The notes available are marked as outdated or incorrect and focus on band gap, which is not directly indicative of thermodynamic stability.",outdated_or_incorrect,,0.5,qwen_judge,"The answer correctly states that the retrieved context does not provide sufficient information to determine if C is thermodynamically stable. The context focuses on band gap, which is not directly related to thermodynamic stability. However, the answer could have more explicitly noted that the provided data are marked as outdated or incorrect, which further weakens any potential claims about C's properties.",377,512,safety_aware
rag_mpc_0002_current_gap,materials,qwen_output,What is the band gap of C?,"[rank=1 score=24.9072 doc_id=h1ctx_0002_mpc_0001_incorrect_gap] A noisy retrieved note reports C (mp-1197903) with band gap -0.07970000000000001 eV. This note is intentionally marked for human review as outdated_or_incorrect.

[rank=2 score=24.9072 doc_id=h1ctx_0005_mpc_0002_incorrect_gap] A noisy retrieved note reports C (mp-1244964) with band gap -0.0724 eV. This note is intentionally marked for human review as outdated_or_incorrect.

[rank=3 score=24.9072 doc_id=h1ctx_0011_mpc_0004_incorrect_gap] A noisy retrieved note reports C (mp-1244913) with band gap -0.10600000000000001 eV. This note is intentionally marked for human review as outdated_or_incorrect.","The retrieved context does not provide a reliable value for the band gap of C, as all provided values are marked as outdated or incorrect.",outdated_or_incorrect,,1.0,qwen_judge,"The answer correctly states that the retrieved context does not provide a reliable value for the band gap of C, as all provided values are marked as outdated or incorrect. This is directly supported by the context.",362,465,safety_aware
rag_mpc_0002_incorrect_gap,materials,qwen_output,What is the band gap of C?,"[rank=1 score=24.9072 doc_id=h1ctx_0002_mpc_0001_incorrect_gap] A noisy retrieved note reports C (mp-1197903) with band gap -0.07970000000000001 eV. This note is intentionally marked for human review as outdated_or_incorrect.

[rank=2 score=24.9072 doc_id=h1ctx_0005_mpc_0002_incorrect_gap] A noisy retrieved note reports C (mp-1244964) with band gap -0.0724 eV. This note is intentionally marked for human review as outdated_or_incorrect.

[rank=3 score=24.9072 doc_id=h1ctx_0011_mpc_0004_incorrect_gap] A noisy retrieved note reports C (mp-1244913) with band gap -0.10600000000000001 eV. This note is intentionally marked for human review as outdated_or_incorrect.","The retrieved context does not provide a reliable value for the band gap of C, as all provided values are marked as outdated or incorrect.",outdated_or_incorrect,,1.0,qwen_judge,"The answer correctly states that the retrieved context does not provide a reliable value for the band gap of C, as all provided values are marked as outdated or incorrect. This is directly supported by the context.",362,465,safety_aware
rag_mpc_0002_incomplete_stability,materials,qwen_output,Is C thermodynamically stable?,"[rank=1 score=24.2768 doc_id=h1ctx_0002_mpc_0001_incorrect_gap] A noisy retrieved note reports C (mp-1197903) with band gap -0.07970000000000001 eV. This note is intentionally marked for human review as outdated_or_incorrect.

[rank=2 score=24.2768 doc_id=h1ctx_0005_mpc_0002_incorrect_gap] A noisy retrieved note reports C (mp-1244964) with band gap -0.0724 eV. This note is intentionally marked for human review as outdated_or_incorrect.

[rank=3 score=24.2768 doc_id=h1ctx_0011_mpc_0004_incorrect_gap] A noisy retrieved note reports C (mp-1244913) with band gap -0.10600000000000001 eV. This note is intentionally marked for human review as outdated_or_incorrect.","The retrieved context does not provide sufficient information to determine if C is thermodynamically stable. The notes available are marked as outdated or incorrect and focus on band gap, which is not directly indicative of thermodynamic stability.",outdated_or_incorrect,,0.5,qwen_judge,"The answer correctly states that the retrieved context does not provide sufficient information to determine if C is thermodynamically stable. The context focuses on band gap, which is not directly related to thermodynamic stability. However, the answer could have more explicitly noted that the provided data are marked as outdated or incorrect, which further weakens any potential claims about C's properties.",377,512,safety_aware
rag_mpc_0003_current_gap,materials,qwen_output,What is the band gap of O2?,"[rank=1 score=25.3749 doc_id=h1ctx_0008_mpc_0003_incorrect_gap] A noisy retrieved note reports O2 (mp-1180008) with band gap -1.277299999999999 eV. This note is intentionally marked for human review as outdated_or_incorrect.

[rank=2 score=25.3749 doc_id=h1ctx_0023_mpc_0008_incorrect_gap] A noisy retrieved note reports O2 (mp-12957) with band gap -1.0933 eV. This note is intentionally marked for human review as outdated_or_incorrect.

[rank=3 score=25.3749 doc_id=h1ctx_0026_mpc_0009_incorrect_gap] A noisy retrieved note reports O2 (mp-2204849) with band gap -2.720399999999999 eV. This note is intentionally marked for human review as outdated_or_incorrect.","The retrieved context does not provide a reliable value for the band gap of O2, as all notes are marked as outdated_or_incorrect.",outdated_or_incorrect,,1.0,qwen_judge,"The answer correctly states that the retrieved context does not provide a reliable value for the band gap of O2, as all notes are marked as outdated_or_incorrect. This is fully supported by the given context.",361,466,safety_aware
rag_mpc_0003_incorrect_gap,materials,qwen_output,What is the band gap of O2?,"[rank=1 score=25.3749 doc_id=h1ctx_0008_mpc_0003_incorrect_gap] A noisy retrieved note reports O2 (mp-1180008) with band gap -1.277299999999999 eV. This note is intentionally marked for human review as outdated_or_incorrect.

[rank=2 score=25.3749 doc_id=h1ctx_0023_mpc_0008_incorrect_gap] A noisy retrieved note reports O2 (mp-12957) with band gap -1.0933 eV. This note is intentionally marked for human review as outdated_or_incorrect.

[rank=3 score=25.3749 doc_id=h1ctx_0026_mpc_0009_incorrect_gap] A noisy retrieved note reports O2 (mp-2204849) with band gap -2.720399999999999 eV. This note is intentionally marked for human review as outdated_or_incorrect.","The retrieved context does not provide a reliable value for the band gap of O2, as all notes are marked as outdated_or_incorrect.",outdated_or_incorrect,,1.0,qwen_judge,"The answer correctly states that the retrieved context does not provide a reliable value for the band gap of O2, as all notes are marked as outdated_or_incorrect. This is fully supported by the given context.",361,466,safety_aware
rag_mpc_0003_incomplete_stability,materials,qwen_output,Is O2 thermodynamically stable?,"[rank=1 score=24.7444 doc_id=h1ctx_0008_mpc_0003_incorrect_gap] A noisy retrieved note reports O2 (mp-1180008) with band gap -1.277299999999999 eV. This note is intentionally marked for human review as outdated_or_incorrect.

[rank=2 score=24.7444 doc_id=h1ctx_0023_mpc_0008_incorrect_gap] A noisy retrieved note reports O2 (mp-12957) with band gap -1.0933 eV. This note is intentionally marked for human review as outdated_or_incorrect.

[rank=3 score=24.7444 doc_id=h1ctx_0026_mpc_0009_incorrect_gap] A noisy retrieved note reports O2 (mp-2204849) with band gap -2.720399999999999 eV. This note is intentionally marked for human review as outdated_or_incorrect.","The provided context does not contain sufficient information to determine the thermodynamic stability of O2. The retrieved notes are marked as outdated or incorrect and pertain to band gaps, which do not directly indicate thermodynamic stability.",outdated_or_incorrect,,1.0,qwen_judge,"The answer correctly states that the provided context does not contain sufficient information to determine the thermodynamic stability of O2, and that the retrieved notes are marked as outdated or incorrect and pertain to band gaps, which do not directly indicate thermodynamic stability. This is a faithful representation of the information given in the context.",375,501,safety_aware
rag_mpc_0004_current_gap,materials,qwen_output,What is the band gap of C?,"[rank=1 score=24.9072 doc_id=h1ctx_0002_mpc_0001_incorrect_gap] A noisy retrieved note reports C (mp-1197903) with band gap -0.07970000000000001 eV. This note is intentionally marked for human review as outdated_or_incorrect.

[rank=2 score=24.9072 doc_id=h1ctx_0005_mpc_0002_incorrect_gap] A noisy retrieved note reports C (mp-1244964) with band gap -0.0724 eV. This note is intentionally marked for human review as outdated_or_incorrect.

[rank=3 score=24.9072 doc_id=h1ctx_0011_mpc_0004_incorrect_gap] A noisy retrieved note reports C (mp-1244913) with band gap -0.10600000000000001 eV. This note is intentionally marked for human review as outdated_or_incorrect.","The retrieved context does not provide a reliable value for the band gap of C, as all provided values are marked as outdated or incorrect.",outdated_or_incorrect,,1.0,qwen_judge,"The answer correctly states that the retrieved context does not provide a reliable value for the band gap of C, as all provided values are marked as outdated or incorrect. This is directly supported by the context.",362,465,safety_aware
rag_mpc_0004_incorrect_gap,materials,qwen_output,What is the band gap of C?,"[rank=1 score=24.9072 doc_id=h1ctx_0002_mpc_0001_incorrect_gap] A noisy retrieved note reports C (mp-1197903) with band gap -0.07970000000000001 eV. This note is intentionally marked for human review as outdated_or_incorrect.

[rank=2 score=24.9072 doc_id=h1ctx_0005_mpc_0002_incorrect_gap] A noisy retrieved note reports C (mp-1244964) with band gap -0.0724 eV. This note is intentionally marked for human review as outdated_or_incorrect.

[rank=3 score=24.9072 doc_id=h1ctx_0011_mpc_0004_incorrect_gap] A noisy retrieved note reports C (mp-1244913) with band gap -0.10600000000000001 eV. This note is intentionally marked for human review as outdated_or_incorrect.","The retrieved context does not provide a reliable value for the band gap of C, as all provided values are marked as outdated or incorrect.",outdated_or_incorrect,,1.0,qwen_judge,"The answer correctly states that the retrieved context does not provide a reliable value for the band gap of C, as all provided values are marked as outdated or incorrect. This is directly supported by the context.",362,465,safety_aware
rag_mpc_0004_incomplete_stability,materials,qwen_output,Is C thermodynamically stable?,"[rank=1 score=24.2768 doc_id=h1ctx_0002_mpc_0001_incorrect_gap] A noisy retrieved note reports C (mp-1197903) with band gap -0.07970000000000001 eV. This note is intentionally marked for human review as outdated_or_incorrect.

[rank=2 score=24.2768 doc_id=h1ctx_0005_mpc_0002_incorrect_gap] A noisy retrieved note reports C (mp-1244964) with band gap -0.0724 eV. This note is intentionally marked for human review as outdated_or_incorrect.

[rank=3 score=24.2768 doc_id=h1ctx_0011_mpc_0004_incorrect_gap] A noisy retrieved note reports C (mp-1244913) with band gap -0.10600000000000001 eV. This note is intentionally marked for human review as outdated_or_incorrect.","The retrieved context does not provide sufficient information to determine if C is thermodynamically stable. The notes available are marked as outdated or incorrect and focus on band gap, which is not directly indicative of thermodynamic stability.",outdated_or_incorrect,,0.5,qwen_judge,"The answer correctly states that the retrieved context does not provide sufficient information to determine if C is thermodynamically stable. The context focuses on band gap, which is not directly related to thermodynamic stability. However, the answer could have more explicitly noted that the provided data are marked as outdated or incorrect, which further weakens any potential claims about C's properties.",377,512,safety_aware
rag_mpc_0005_current_gap,materials,qwen_output,What is the band gap of C?,"[rank=1 score=24.9072 doc_id=h1ctx_0002_mpc_0001_incorrect_gap] A noisy retrieved note reports C (mp-1197903) with band gap -0.07970000000000001 eV. This note is intentionally marked for human review as outdated_or_incorrect.

[rank=2 score=24.9072 doc_id=h1ctx_0005_mpc_0002_incorrect_gap] A noisy retrieved note reports C (mp-1244964) with band gap -0.0724 eV. This note is intentionally marked for human review as outdated_or_incorrect.

[rank=3 score=24.9072 doc_id=h1ctx_0011_mpc_0004_incorrect_gap] A noisy retrieved note reports C (mp-1244913) with band gap -0.10600000000000001 eV. This note is intentionally marked for human review as outdated_or_incorrect.","The retrieved context does not provide a reliable value for the band gap of C, as all provided values are marked as outdated or incorrect.",outdated_or_incorrect,,1.0,qwen_judge,"The answer correctly states that the retrieved context does not provide a reliable value for the band gap of C, as all provided values are marked as outdated or incorrect. This is directly supported by the context.",362,465,safety_aware
rag_mpc_0005_incorrect_gap,materials,qwen_output,What is the band gap of C?,"[rank=1 score=24.9072 doc_id=h1ctx_0002_mpc_0001_incorrect_gap] A noisy retrieved note reports C (mp-1197903) with band gap -0.07970000000000001 eV. This note is intentionally marked for human review as outdated_or_incorrect.

[rank=2 score=24.9072 doc_id=h1ctx_0005_mpc_0002_incorrect_gap] A noisy retrieved note reports C (mp-1244964) with band gap -0.0724 eV. This note is intentionally marked for human review as outdated_or_incorrect.

[rank=3 score=24.9072 doc_id=h1ctx_0011_mpc_0004_incorrect_gap] A noisy retrieved note reports C (mp-1244913) with band gap -0.10600000000000001 eV. This note is intentionally marked for human review as outdated_or_incorrect.","The retrieved context does not provide a reliable value for the band gap of C, as all provided values are marked as outdated or incorrect.",outdated_or_incorrect,,1.0,qwen_judge,"The answer correctly states that the retrieved context does not provide a reliable value for the band gap of C, as all provided values are marked as outdated or incorrect. This is directly supported by the context.",362,465,safety_aware
rag_mpc_0005_incomplete_stability,materials,qwen_output,Is C thermodynamically stable?,"[rank=1 score=24.2768 doc_id=h1ctx_0002_mpc_0001_incorrect_gap] A noisy retrieved note reports C (mp-1197903) with band gap -0.07970000000000001 eV. This note is intentionally marked for human review as outdated_or_incorrect.

[rank=2 score=24.2768 doc_id=h1ctx_0005_mpc_0002_incorrect_gap] A noisy retrieved note reports C (mp-1244964) with band gap -0.0724 eV. This note is intentionally marked for human review as outdated_or_incorrect.

[rank=3 score=24.2768 doc_id=h1ctx_0011_mpc_0004_incorrect_gap] A noisy retrieved note reports C (mp-1244913) with band gap -0.10600000000000001 eV. This note is intentionally marked for human review as outdated_or_incorrect.","The retrieved context does not provide sufficient information to determine if C is thermodynamically stable. The notes available are marked as outdated or incorrect and focus on band gap, which is not directly indicative of thermodynamic stability.",outdated_or_incorrect,,0.5,qwen_judge,"The answer correctly states that the retrieved context does not provide sufficient information to determine if C is thermodynamically stable. The context focuses on band gap, which is not directly related to thermodynamic stability. However, the answer could have more explicitly noted that the provided data are marked as outdated or incorrect, which further weakens any potential claims about C's properties.",377,512,safety_aware
rag_mpc_0006_current_gap,materials,qwen_output,What is the band gap of Bi?,"[rank=1 score=26.8396 doc_id=h1ctx_0017_mpc_0006_incorrect_gap] A noisy retrieved note reports Bi (mp-1182248) with band gap -1.5046 eV. This note is intentionally marked for human review as outdated_or_incorrect.

[rank=2 score=26.8396 doc_id=h1ctx_0056_mpc_0019_incorrect_gap] A noisy retrieved note reports Bi (mp-1947043) with band gap -0.08079999999999901 eV. This note is intentionally marked for human review as outdated_or_incorrect.

[rank=3 score=24.9018 doc_id=mp_0043] Materials Project reports Bi (mp-1067758). Band gap: 0.0 eV. Formation energy per atom: 0.085859414999994 eV/atom. Energy above hull: 0.085859414999994 eV/atom. Stable: False.",0.0 eV,outdated_or_incorrect,,1.0,qwen_judge,"The answer of 0.0 eV for the band gap of Bi is directly supported by the third retrieved context, which states 'Materials Project reports Bi (mp-1067758). Band gap: 0.0 eV.' The other two contexts are marked as outdated or incorrect and thus can be disregarded.",357,489,safety_aware
rag_mpc_0006_incorrect_gap,materials,qwen_output,What is the band gap of Bi?,"[rank=1 score=26.8396 doc_id=h1ctx_0017_mpc_0006_incorrect_gap] A noisy retrieved note reports Bi (mp-1182248) with band gap -1.5046 eV. This note is intentionally marked for human review as outdated_or_incorrect.

[rank=2 score=26.8396 doc_id=h1ctx_0056_mpc_0019_incorrect_gap] A noisy retrieved note reports Bi (mp-1947043) with band gap -0.08079999999999901 eV. This note is intentionally marked for human review as outdated_or_incorrect.

[rank=3 score=24.9018 doc_id=mp_0043] Materials Project reports Bi (mp-1067758). Band gap: 0.0 eV. Formation energy per atom: 0.085859414999994 eV/atom. Energy above hull: 0.085859414999994 eV/atom. Stable: False.",0.0 eV,outdated_or_incorrect,,1.0,qwen_judge,"The answer of 0.0 eV for the band gap of Bi is directly supported by the third retrieved context, which states 'Materials Project reports Bi (mp-1067758). Band gap: 0.0 eV.' The other two contexts are marked as outdated or incorrect and thus can be disregarded.",357,489,safety_aware
rag_mpc_0006_incomplete_stability,materials,qwen_output,Is Bi thermodynamically stable?,"[rank=1 score=26.2092 doc_id=h1ctx_0017_mpc_0006_incorrect_gap] A noisy retrieved note reports Bi (mp-1182248) with band gap -1.5046 eV. This note is intentionally marked for human review as outdated_or_incorrect.

[rank=2 score=26.2092 doc_id=h1ctx_0056_mpc_0019_incorrect_gap] A noisy retrieved note reports Bi (mp-1947043) with band gap -0.08079999999999901 eV. This note is intentionally marked for human review as outdated_or_incorrect.

[rank=3 score=25.0924 doc_id=h1ctx_0018_mpc_0006_incomplete_stability] A short retrieved snippet mentions Bi (mp-1182248) as stable, but omits formation energy, hull distance, and thermodynamic qualification.","The provided context does not contain sufficient information to conclusively determine the thermodynamic stability of Bi. The most relevant snippet indicates Bi (mp-1182248) as stable but lacks critical details such as formation energy and hull distance, which are necessary for a comprehensive thermodynamic stability assessment.",outdated_or_incorrect,,0.5,qwen_judge,"The answer correctly identifies that the context does not provide sufficient information to conclusively determine the thermodynamic stability of Bi. It notes that while one snippet indicates Bi (mp-1182248) as stable, it lacks critical details such as formation energy and hull distance. However, since the provided context is marked as outdated_or_incorrect or incomplete, the claim about stability is based on potentially unreliable information, leading to a partial support score.",373,527,safety_aware
rag_mpc_0007_current_gap,materials,qwen_output,What is the band gap of P?,"[rank=1 score=26.6939 doc_id=h1ctx_0020_mpc_0007_incorrect_gap] A noisy retrieved note reports P (mp-1179990) with band gap -3.0938 eV. This note is intentionally marked for human review as outdated_or_incorrect.

[rank=2 score=26.6939 doc_id=h1ctx_0038_mpc_0013_incorrect_gap] A noisy retrieved note reports P (mp-12883) with band gap -3.5354 eV. This note is intentionally marked for human review as outdated_or_incorrect.

[rank=3 score=26.6939 doc_id=h1ctx_0062_mpc_0021_incorrect_gap] A noisy retrieved note reports P (mp-723897) with band gap -2.1942 eV. This note is intentionally marked for human review as outdated_or_incorrect.","The retrieved context does not provide a reliable band gap value for P, as all the provided notes are marked as outdated or incorrect.",outdated_or_incorrect,,1.0,qwen_judge,"The answer accurately reflects the content of the retrieved context, which indicates that all provided notes on the band gap of P are marked as outdated or incorrect and therefore do not provide a reliable value.",332,433,safety_aware
rag_mpc_0007_incorrect_gap,materials,qwen_output,What is the band gap of P?,"[rank=1 score=26.6939 doc_id=h1ctx_0020_mpc_0007_incorrect_gap] A noisy retrieved note reports P (mp-1179990) with band gap -3.0938 eV. This note is intentionally marked for human review as outdated_or_incorrect.

[rank=2 score=26.6939 doc_id=h1ctx_0038_mpc_0013_incorrect_gap] A noisy retrieved note reports P (mp-12883) with band gap -3.5354 eV. This note is intentionally marked for human review as outdated_or_incorrect.

[rank=3 score=26.6939 doc_id=h1ctx_0062_mpc_0021_incorrect_gap] A noisy retrieved note reports P (mp-723897) with band gap -2.1942 eV. This note is intentionally marked for human review as outdated_or_incorrect.","The retrieved context does not provide a reliable band gap value for P, as all the provided notes are marked as outdated or incorrect.",outdated_or_incorrect,,1.0,qwen_judge,"The answer accurately reflects the content of the retrieved context, which indicates that all provided notes on the band gap of P are marked as outdated or incorrect and therefore do not provide a reliable value.",332,433,safety_aware
rag_mpc_0007_incomplete_stability,materials,qwen_output,Is P thermodynamically stable?,"[rank=1 score=26.0634 doc_id=h1ctx_0020_mpc_0007_incorrect_gap] A noisy retrieved note reports P (mp-1179990) with band gap -3.0938 eV. This note is intentionally marked for human review as outdated_or_incorrect.

[rank=2 score=26.0634 doc_id=h1ctx_0038_mpc_0013_incorrect_gap] A noisy retrieved note reports P (mp-12883) with band gap -3.5354 eV. This note is intentionally marked for human review as outdated_or_incorrect.

[rank=3 score=26.0634 doc_id=h1ctx_0062_mpc_0021_incorrect_gap] A noisy retrieved note reports P (mp-723897) with band gap -2.1942 eV. This note is intentionally marked for human review as outdated_or_incorrect.","The retrieved context does not provide sufficient information to determine if P is thermodynamically stable. The notes available are marked as outdated or incorrect and pertain to band gaps, which do not directly indicate thermodynamic stability.",outdated_or_incorrect,,1.0,qwen_judge,"The answer correctly states that the retrieved context does not provide sufficient information to determine if P is thermodynamically stable, and it points out that the available notes are marked as outdated or incorrect and pertain to band gaps, which do not directly indicate thermodynamic stability.",348,464,safety_aware
rag_mpc_0008_current_gap,materials,qwen_output,What is the band gap of O2?,"[rank=1 score=25.3749 doc_id=h1ctx_0008_mpc_0003_incorrect_gap] A noisy retrieved note reports O2 (mp-1180008) with band gap -1.277299999999999 eV. This note is intentionally marked for human review as outdated_or_incorrect.

[rank=2 score=25.3749 doc_id=h1ctx_0023_mpc_0008_incorrect_gap] A noisy retrieved note reports O2 (mp-12957) with band gap -1.0933 eV. This note is intentionally marked for human review as outdated_or_incorrect.

[rank=3 score=25.3749 doc_id=h1ctx_0026_mpc_0009_incorrect_gap] A noisy retrieved note reports O2 (mp-2204849) with band gap -2.720399999999999 eV. This note is intentionally marked for human review as outdated_or_incorrect.","The retrieved context does not provide a reliable value for the band gap of O2, as all notes are marked as outdated_or_incorrect.",outdated_or_incorrect,,1.0,qwen_judge,"The answer correctly states that the retrieved context does not provide a reliable value for the band gap of O2, as all notes are marked as outdated_or_incorrect. This is fully supported by the given context.",361,466,safety_aware
rag_mpc_0008_incorrect_gap,materials,qwen_output,What is the band gap of O2?,"[rank=1 score=25.3749 doc_id=h1ctx_0008_mpc_0003_incorrect_gap] A noisy retrieved note reports O2 (mp-1180008) with band gap -1.277299999999999 eV. This note is intentionally marked for human review as outdated_or_incorrect.

[rank=2 score=25.3749 doc_id=h1ctx_0023_mpc_0008_incorrect_gap] A noisy retrieved note reports O2 (mp-12957) with band gap -1.0933 eV. This note is intentionally marked for human review as outdated_or_incorrect.

[rank=3 score=25.3749 doc_id=h1ctx_0026_mpc_0009_incorrect_gap] A noisy retrieved note reports O2 (mp-2204849) with band gap -2.720399999999999 eV. This note is intentionally marked for human review as outdated_or_incorrect.","The retrieved context does not provide a reliable value for the band gap of O2, as all notes are marked as outdated_or_incorrect.",outdated_or_incorrect,,1.0,qwen_judge,"The answer correctly states that the retrieved context does not provide a reliable value for the band gap of O2, as all notes are marked as outdated_or_incorrect. This is fully supported by the given context.",361,466,safety_aware
rag_mpc_0008_incomplete_stability,materials,qwen_output,Is O2 thermodynamically stable?,"[rank=1 score=24.7444 doc_id=h1ctx_0008_mpc_0003_incorrect_gap] A noisy retrieved note reports O2 (mp-1180008) with band gap -1.277299999999999 eV. This note is intentionally marked for human review as outdated_or_incorrect.

[rank=2 score=24.7444 doc_id=h1ctx_0023_mpc_0008_incorrect_gap] A noisy retrieved note reports O2 (mp-12957) with band gap -1.0933 eV. This note is intentionally marked for human review as outdated_or_incorrect.

[rank=3 score=24.7444 doc_id=h1ctx_0026_mpc_0009_incorrect_gap] A noisy retrieved note reports O2 (mp-2204849) with band gap -2.720399999999999 eV. This note is intentionally marked for human review as outdated_or_incorrect.","The provided context does not contain sufficient information to determine the thermodynamic stability of O2. The retrieved notes are marked as outdated or incorrect and pertain to band gaps, which do not directly indicate thermodynamic stability.",outdated_or_incorrect,,1.0,qwen_judge,"The answer correctly states that the provided context does not contain sufficient information to determine the thermodynamic stability of O2, and that the retrieved notes are marked as outdated or incorrect and pertain to band gaps, which do not directly indicate thermodynamic stability. This is a faithful representation of the information given in the context.",375,501,safety_aware
rag_mpc_0009_current_gap,materials,qwen_output,What is the band gap of O2?,"[rank=1 score=25.3749 doc_id=h1ctx_0008_mpc_0003_incorrect_gap] A noisy retrieved note reports O2 (mp-1180008) with band gap -1.277299999999999 eV. This note is intentionally marked for human review as outdated_or_incorrect.

[rank=2 score=25.3749 doc_id=h1ctx_0023_mpc_0008_incorrect_gap] A noisy retrieved note reports O2 (mp-12957) with band gap -1.0933 eV. This note is intentionally marked for human review as outdated_or_incorrect.

[rank=3 score=25.3749 doc_id=h1ctx_0026_mpc_0009_incorrect_gap] A noisy retrieved note reports O2 (mp-2204849) with band gap -2.720399999999999 eV. This note is intentionally marked for human review as outdated_or_incorrect.","The retrieved context does not provide a reliable value for the band gap of O2, as all notes are marked as outdated_or_incorrect.",outdated_or_incorrect,,1.0,qwen_judge,"The answer correctly states that the retrieved context does not provide a reliable value for the band gap of O2, as all notes are marked as outdated_or_incorrect. This is fully supported by the given context.",361,466,safety_aware
rag_mpc_0009_incorrect_gap,materials,qwen_output,What is the band gap of O2?,"[rank=1 score=25.3749 doc_id=h1ctx_0008_mpc_0003_incorrect_gap] A noisy retrieved note reports O2 (mp-1180008) with band gap -1.277299999999999 eV. This note is intentionally marked for human review as outdated_or_incorrect.

[rank=2 score=25.3749 doc_id=h1ctx_0023_mpc_0008_incorrect_gap] A noisy retrieved note reports O2 (mp-12957) with band gap -1.0933 eV. This note is intentionally marked for human review as outdated_or_incorrect.

[rank=3 score=25.3749 doc_id=h1ctx_0026_mpc_0009_incorrect_gap] A noisy retrieved note reports O2 (mp-2204849) with band gap -2.720399999999999 eV. This note is intentionally marked for human review as outdated_or_incorrect.","The retrieved context does not provide a reliable value for the band gap of O2, as all notes are marked as outdated_or_incorrect.",outdated_or_incorrect,,1.0,qwen_judge,"The answer correctly states that the retrieved context does not provide a reliable value for the band gap of O2, as all notes are marked as outdated_or_incorrect. This is fully supported by the given context.",361,466,safety_aware
rag_mpc_0009_incomplete_stability,materials,qwen_output,Is O2 thermodynamically stable?,"[rank=1 score=24.7444 doc_id=h1ctx_0008_mpc_0003_incorrect_gap] A noisy retrieved note reports O2 (mp-1180008) with band gap -1.277299999999999 eV. This note is intentionally marked for human review as outdated_or_incorrect.

[rank=2 score=24.7444 doc_id=h1ctx_0023_mpc_0008_incorrect_gap] A noisy retrieved note reports O2 (mp-12957) with band gap -1.0933 eV. This note is intentionally marked for human review as outdated_or_incorrect.

[rank=3 score=24.7444 doc_id=h1ctx_0026_mpc_0009_incorrect_gap] A noisy retrieved note reports O2 (mp-2204849) with band gap -2.720399999999999 eV. This note is intentionally marked for human review as outdated_or_incorrect.","The provided context does not contain sufficient information to determine the thermodynamic stability of O2. The retrieved notes are marked as outdated or incorrect and pertain to band gaps, which do not directly indicate thermodynamic stability.",outdated_or_incorrect,,1.0,qwen_judge,"The answer correctly states that the provided context does not contain sufficient information to determine the thermodynamic stability of O2, and that the retrieved notes are marked as outdated or incorrect and pertain to band gaps, which do not directly indicate thermodynamic stability. This is a faithful representation of the information given in the context.",375,501,safety_aware
rag_mpc_0010_current_gap,materials,qwen_output,What is the band gap of O2?,"[rank=1 score=25.3749 doc_id=h1ctx_0008_mpc_0003_incorrect_gap] A noisy retrieved note reports O2 (mp-1180008) with band gap -1.277299999999999 eV. This note is intentionally marked for human review as outdated_or_incorrect.

[rank=2 score=25.3749 doc_id=h1ctx_0023_mpc_0008_incorrect_gap] A noisy retrieved note reports O2 (mp-12957) with band gap -1.0933 eV. This note is intentionally marked for human review as outdated_or_incorrect.

[rank=3 score=25.3749 doc_id=h1ctx_0026_mpc_0009_incorrect_gap] A noisy retrieved note reports O2 (mp-2204849) with band gap -2.720399999999999 eV. This note is intentionally marked for human review as outdated_or_incorrect.","The retrieved context does not provide a reliable value for the band gap of O2, as all notes are marked as outdated_or_incorrect.",outdated_or_incorrect,,1.0,qwen_judge,"The answer correctly states that the retrieved context does not provide a reliable value for the band gap of O2, as all notes are marked as outdated_or_incorrect. This is fully supported by the given context.",361,466,safety_aware
rag_mpc_0010_incorrect_gap,materials,qwen_output,What is the band gap of O2?,"[rank=1 score=25.3749 doc_id=h1ctx_0008_mpc_0003_incorrect_gap] A noisy retrieved note reports O2 (mp-1180008) with band gap -1.277299999999999 eV. This note is intentionally marked for human review as outdated_or_incorrect.

[rank=2 score=25.3749 doc_id=h1ctx_0023_mpc_0008_incorrect_gap] A noisy retrieved note reports O2 (mp-12957) with band gap -1.0933 eV. This note is intentionally marked for human review as outdated_or_incorrect.

[rank=3 score=25.3749 doc_id=h1ctx_0026_mpc_0009_incorrect_gap] A noisy retrieved note reports O2 (mp-2204849) with band gap -2.720399999999999 eV. This note is intentionally marked for human review as outdated_or_incorrect.","The retrieved context does not provide a reliable value for the band gap of O2, as all notes are marked as outdated_or_incorrect.",outdated_or_incorrect,,1.0,qwen_judge,"The answer correctly states that the retrieved context does not provide a reliable value for the band gap of O2, as all notes are marked as outdated_or_incorrect. This is fully supported by the given context.",361,466,safety_aware
rag_mpc_0010_incomplete_stability,materials,qwen_output,Is O2 thermodynamically stable?,"[rank=1 score=24.7444 doc_id=h1ctx_0008_mpc_0003_incorrect_gap] A noisy retrieved note reports O2 (mp-1180008) with band gap -1.277299999999999 eV. This note is intentionally marked for human review as outdated_or_incorrect.

[rank=2 score=24.7444 doc_id=h1ctx_0023_mpc_0008_incorrect_gap] A noisy retrieved note reports O2 (mp-12957) with band gap -1.0933 eV. This note is intentionally marked for human review as outdated_or_incorrect.

[rank=3 score=24.7444 doc_id=h1ctx_0026_mpc_0009_incorrect_gap] A noisy retrieved note reports O2 (mp-2204849) with band gap -2.720399999999999 eV. This note is intentionally marked for human review as outdated_or_incorrect.","The provided context does not contain sufficient information to determine the thermodynamic stability of O2. The retrieved notes are marked as outdated or incorrect and pertain to band gaps, which do not directly indicate thermodynamic stability.",outdated_or_incorrect,,1.0,qwen_judge,"The answer correctly states that the provided context does not contain sufficient information to determine the thermodynamic stability of O2, and that the retrieved notes are marked as outdated or incorrect and pertain to band gaps, which do not directly indicate thermodynamic stability. This is a faithful representation of the information given in the context.",375,501,safety_aware
rag_mpc_0011_current_gap,materials,qwen_output,What is the band gap of O2?,"[rank=1 score=25.3749 doc_id=h1ctx_0008_mpc_0003_incorrect_gap] A noisy retrieved note reports O2 (mp-1180008) with band gap -1.277299999999999 eV. This note is intentionally marked for human review as outdated_or_incorrect.

[rank=2 score=25.3749 doc_id=h1ctx_0023_mpc_0008_incorrect_gap] A noisy retrieved note reports O2 (mp-12957) with band gap -1.0933 eV. This note is intentionally marked for human review as outdated_or_incorrect.

[rank=3 score=25.3749 doc_id=h1ctx_0026_mpc_0009_incorrect_gap] A noisy retrieved note reports O2 (mp-2204849) with band gap -2.720399999999999 eV. This note is intentionally marked for human review as outdated_or_incorrect.","The retrieved context does not provide a reliable value for the band gap of O2, as all notes are marked as outdated_or_incorrect.",outdated_or_incorrect,,1.0,qwen_judge,"The answer correctly states that the retrieved context does not provide a reliable value for the band gap of O2, as all notes are marked as outdated_or_incorrect. This is fully supported by the given context.",361,466,safety_aware
rag_mpc_0011_incorrect_gap,materials,qwen_output,What is the band gap of O2?,"[rank=1 score=25.3749 doc_id=h1ctx_0008_mpc_0003_incorrect_gap] A noisy retrieved note reports O2 (mp-1180008) with band gap -1.277299999999999 eV. This note is intentionally marked for human review as outdated_or_incorrect.

[rank=2 score=25.3749 doc_id=h1ctx_0023_mpc_0008_incorrect_gap] A noisy retrieved note reports O2 (mp-12957) with band gap -1.0933 eV. This note is intentionally marked for human review as outdated_or_incorrect.

[rank=3 score=25.3749 doc_id=h1ctx_0026_mpc_0009_incorrect_gap] A noisy retrieved note reports O2 (mp-2204849) with band gap -2.720399999999999 eV. This note is intentionally marked for human review as outdated_or_incorrect.","The retrieved context does not provide a reliable value for the band gap of O2, as all notes are marked as outdated_or_incorrect.",outdated_or_incorrect,,1.0,qwen_judge,"The answer correctly states that the retrieved context does not provide a reliable value for the band gap of O2, as all notes are marked as outdated_or_incorrect. This is fully supported by the given context.",361,466,safety_aware
rag_mpc_0011_incomplete_stability,materials,qwen_output,Is O2 thermodynamically stable?,"[rank=1 score=24.7444 doc_id=h1ctx_0008_mpc_0003_incorrect_gap] A noisy retrieved note reports O2 (mp-1180008) with band gap -1.277299999999999 eV. This note is intentionally marked for human review as outdated_or_incorrect.

[rank=2 score=24.7444 doc_id=h1ctx_0023_mpc_0008_incorrect_gap] A noisy retrieved note reports O2 (mp-12957) with band gap -1.0933 eV. This note is intentionally marked for human review as outdated_or_incorrect.

[rank=3 score=24.7444 doc_id=h1ctx_0026_mpc_0009_incorrect_gap] A noisy retrieved note reports O2 (mp-2204849) with band gap -2.720399999999999 eV. This note is intentionally marked for human review as outdated_or_incorrect.","The provided context does not contain sufficient information to determine the thermodynamic stability of O2. The retrieved notes are marked as outdated or incorrect and pertain to band gaps, which do not directly indicate thermodynamic stability.",outdated_or_incorrect,,1.0,qwen_judge,"The answer correctly states that the provided context does not contain sufficient information to determine the thermodynamic stability of O2, and that the retrieved notes are marked as outdated or incorrect and pertain to band gaps, which do not directly indicate thermodynamic stability. This is a faithful representation of the information given in the context.",375,501,safety_aware
rag_mpc_0012_current_gap,materials,qwen_output,What is the band gap of C?,"[rank=1 score=24.9072 doc_id=h1ctx_0002_mpc_0001_incorrect_gap] A noisy retrieved note reports C (mp-1197903) with band gap -0.07970000000000001 eV. This note is intentionally marked for human review as outdated_or_incorrect.

[rank=2 score=24.9072 doc_id=h1ctx_0005_mpc_0002_incorrect_gap] A noisy retrieved note reports C (mp-1244964) with band gap -0.0724 eV. This note is intentionally marked for human review as outdated_or_incorrect.

[rank=3 score=24.9072 doc_id=h1ctx_0011_mpc_0004_incorrect_gap] A noisy retrieved note reports C (mp-1244913) with band gap -0.10600000000000001 eV. This note is intentionally marked for human review as outdated_or_incorrect.","The retrieved context does not provide a reliable value for the band gap of C, as all provided values are marked as outdated or incorrect.",outdated_or_incorrect,,1.0,qwen_judge,"The answer correctly states that the retrieved context does not provide a reliable value for the band gap of C, as all provided values are marked as outdated or incorrect. This is directly supported by the context.",362,465,safety_aware
rag_mpc_0012_incorrect_gap,materials,qwen_output,What is the band gap of C?,"[rank=1 score=24.9072 doc_id=h1ctx_0002_mpc_0001_incorrect_gap] A noisy retrieved note reports C (mp-1197903) with band gap -0.07970000000000001 eV. This note is intentionally marked for human review as outdated_or_incorrect.

[rank=2 score=24.9072 doc_id=h1ctx_0005_mpc_0002_incorrect_gap] A noisy retrieved note reports C (mp-1244964) with band gap -0.0724 eV. This note is intentionally marked for human review as outdated_or_incorrect.

[rank=3 score=24.9072 doc_id=h1ctx_0011_mpc_0004_incorrect_gap] A noisy retrieved note reports C (mp-1244913) with band gap -0.10600000000000001 eV. This note is intentionally marked for human review as outdated_or_incorrect.","The retrieved context does not provide a reliable value for the band gap of C, as all provided values are marked as outdated or incorrect.",outdated_or_incorrect,,1.0,qwen_judge,"The answer correctly states that the retrieved context does not provide a reliable value for the band gap of C, as all provided values are marked as outdated or incorrect. This is directly supported by the context.",362,465,safety_aware
rag_mpc_0012_incomplete_stability,materials,qwen_output,Is C thermodynamically stable?,"[rank=1 score=24.2768 doc_id=h1ctx_0002_mpc_0001_incorrect_gap] A noisy retrieved note reports C (mp-1197903) with band gap -0.07970000000000001 eV. This note is intentionally marked for human review as outdated_or_incorrect.

[rank=2 score=24.2768 doc_id=h1ctx_0005_mpc_0002_incorrect_gap] A noisy retrieved note reports C (mp-1244964) with band gap -0.0724 eV. This note is intentionally marked for human review as outdated_or_incorrect.

[rank=3 score=24.2768 doc_id=h1ctx_0011_mpc_0004_incorrect_gap] A noisy retrieved note reports C (mp-1244913) with band gap -0.10600000000000001 eV. This note is intentionally marked for human review as outdated_or_incorrect.","The retrieved context does not provide sufficient information to determine if C is thermodynamically stable. The notes available are marked as outdated or incorrect and focus on band gap, which is not directly indicative of thermodynamic stability.",outdated_or_incorrect,,0.5,qwen_judge,"The answer correctly states that the retrieved context does not provide sufficient information to determine if C is thermodynamically stable. The context focuses on band gap, which is not directly related to thermodynamic stability. However, the answer could have more explicitly noted that the provided data are marked as outdated or incorrect, which further weakens any potential claims about C's properties.",377,512,safety_aware
rag_mpc_0013_current_gap,materials,qwen_output,What is the band gap of P?,"[rank=1 score=26.6939 doc_id=h1ctx_0020_mpc_0007_incorrect_gap] A noisy retrieved note reports P (mp-1179990) with band gap -3.0938 eV. This note is intentionally marked for human review as outdated_or_incorrect.

[rank=2 score=26.6939 doc_id=h1ctx_0038_mpc_0013_incorrect_gap] A noisy retrieved note reports P (mp-12883) with band gap -3.5354 eV. This note is intentionally marked for human review as outdated_or_incorrect.

[rank=3 score=26.6939 doc_id=h1ctx_0062_mpc_0021_incorrect_gap] A noisy retrieved note reports P (mp-723897) with band gap -2.1942 eV. This note is intentionally marked for human review as outdated_or_incorrect.","The retrieved context does not provide a reliable band gap value for P, as all the provided notes are marked as outdated or incorrect.",outdated_or_incorrect,,1.0,qwen_judge,"The answer accurately reflects the content of the retrieved context, which indicates that all provided notes on the band gap of P are marked as outdated or incorrect and therefore do not provide a reliable value.",332,433,safety_aware
rag_mpc_0013_incorrect_gap,materials,qwen_output,What is the band gap of P?,"[rank=1 score=26.6939 doc_id=h1ctx_0020_mpc_0007_incorrect_gap] A noisy retrieved note reports P (mp-1179990) with band gap -3.0938 eV. This note is intentionally marked for human review as outdated_or_incorrect.

[rank=2 score=26.6939 doc_id=h1ctx_0038_mpc_0013_incorrect_gap] A noisy retrieved note reports P (mp-12883) with band gap -3.5354 eV. This note is intentionally marked for human review as outdated_or_incorrect.

[rank=3 score=26.6939 doc_id=h1ctx_0062_mpc_0021_incorrect_gap] A noisy retrieved note reports P (mp-723897) with band gap -2.1942 eV. This note is intentionally marked for human review as outdated_or_incorrect.","The retrieved context does not provide a reliable band gap value for P, as all the provided notes are marked as outdated or incorrect.",outdated_or_incorrect,,1.0,qwen_judge,"The answer accurately reflects the content of the retrieved context, which indicates that all provided notes on the band gap of P are marked as outdated or incorrect and therefore do not provide a reliable value.",332,433,safety_aware
rag_mpc_0013_incomplete_stability,materials,qwen_output,Is P thermodynamically stable?,"[rank=1 score=26.0634 doc_id=h1ctx_0020_mpc_0007_incorrect_gap] A noisy retrieved note reports P (mp-1179990) with band gap -3.0938 eV. This note is intentionally marked for human review as outdated_or_incorrect.

[rank=2 score=26.0634 doc_id=h1ctx_0038_mpc_0013_incorrect_gap] A noisy retrieved note reports P (mp-12883) with band gap -3.5354 eV. This note is intentionally marked for human review as outdated_or_incorrect.

[rank=3 score=26.0634 doc_id=h1ctx_0062_mpc_0021_incorrect_gap] A noisy retrieved note reports P (mp-723897) with band gap -2.1942 eV. This note is intentionally marked for human review as outdated_or_incorrect.","The retrieved context does not provide sufficient information to determine if P is thermodynamically stable. The notes available are marked as outdated or incorrect and pertain to band gaps, which do not directly indicate thermodynamic stability.",outdated_or_incorrect,,1.0,qwen_judge,"The answer correctly states that the retrieved context does not provide sufficient information to determine if P is thermodynamically stable, and it points out that the available notes are marked as outdated or incorrect and pertain to band gaps, which do not directly indicate thermodynamic stability.",348,464,safety_aware
rag_mpc_0014_current_gap,materials,qwen_output,What is the band gap of O2?,"[rank=1 score=25.3749 doc_id=h1ctx_0008_mpc_0003_incorrect_gap] A noisy retrieved note reports O2 (mp-1180008) with band gap -1.277299999999999 eV. This note is intentionally marked for human review as outdated_or_incorrect.

[rank=2 score=25.3749 doc_id=h1ctx_0023_mpc_0008_incorrect_gap] A noisy retrieved note reports O2 (mp-12957) with band gap -1.0933 eV. This note is intentionally marked for human review as outdated_or_incorrect.

[rank=3 score=25.3749 doc_id=h1ctx_0026_mpc_0009_incorrect_gap] A noisy retrieved note reports O2 (mp-2204849) with band gap -2.720399999999999 eV. This note is intentionally marked for human review as outdated_or_incorrect.","The retrieved context does not provide a reliable value for the band gap of O2, as all notes are marked as outdated_or_incorrect.",outdated_or_incorrect,,1.0,qwen_judge,"The answer correctly states that the retrieved context does not provide a reliable value for the band gap of O2, as all notes are marked as outdated_or_incorrect. This is fully supported by the given context.",361,466,safety_aware
rag_mpc_0014_incorrect_gap,materials,qwen_output,What is the band gap of O2?,"[rank=1 score=25.3749 doc_id=h1ctx_0008_mpc_0003_incorrect_gap] A noisy retrieved note reports O2 (mp-1180008) with band gap -1.277299999999999 eV. This note is intentionally marked for human review as outdated_or_incorrect.

[rank=2 score=25.3749 doc_id=h1ctx_0023_mpc_0008_incorrect_gap] A noisy retrieved note reports O2 (mp-12957) with band gap -1.0933 eV. This note is intentionally marked for human review as outdated_or_incorrect.

[rank=3 score=25.3749 doc_id=h1ctx_0026_mpc_0009_incorrect_gap] A noisy retrieved note reports O2 (mp-2204849) with band gap -2.720399999999999 eV. This note is intentionally marked for human review as outdated_or_incorrect.","The retrieved context does not provide a reliable value for the band gap of O2, as all notes are marked as outdated_or_incorrect.",outdated_or_incorrect,,1.0,qwen_judge,"The answer correctly states that the retrieved context does not provide a reliable value for the band gap of O2, as all notes are marked as outdated_or_incorrect. This is fully supported by the given context.",361,466,safety_aware
rag_mpc_0014_incomplete_stability,materials,qwen_output,Is O2 thermodynamically stable?,"[rank=1 score=24.7444 doc_id=h1ctx_0008_mpc_0003_incorrect_gap] A noisy retrieved note reports O2 (mp-1180008) with band gap -1.277299999999999 eV. This note is intentionally marked for human review as outdated_or_incorrect.

[rank=2 score=24.7444 doc_id=h1ctx_0023_mpc_0008_incorrect_gap] A noisy retrieved note reports O2 (mp-12957) with band gap -1.0933 eV. This note is intentionally marked for human review as outdated_or_incorrect.

[rank=3 score=24.7444 doc_id=h1ctx_0026_mpc_0009_incorrect_gap] A noisy retrieved note reports O2 (mp-2204849) with band gap -2.720399999999999 eV. This note is intentionally marked for human review as outdated_or_incorrect.","The provided context does not contain sufficient information to determine the thermodynamic stability of O2. The retrieved notes are marked as outdated or incorrect and pertain to band gaps, which do not directly indicate thermodynamic stability.",outdated_or_incorrect,,1.0,qwen_judge,"The answer correctly states that the provided context does not contain sufficient information to determine the thermodynamic stability of O2, and that the retrieved notes are marked as outdated or incorrect and pertain to band gaps, which do not directly indicate thermodynamic stability. This is a faithful representation of the information given in the context.",375,501,safety_aware
rag_mpc_0015_current_gap,materials,qwen_output,What is the band gap of Hg?,"[rank=1 score=26.3922 doc_id=h1ctx_0044_mpc_0015_incorrect_gap] A noisy retrieved note reports Hg (mp-569360) with band gap -0.09670000000000001 eV. This note is intentionally marked for human review as outdated_or_incorrect.

[rank=2 score=26.3922 doc_id=h1ctx_0131_mpc_0044_incorrect_gap] A noisy retrieved note reports Hg (mp-1077098) with band gap -1.0394 eV. This note is intentionally marked for human review as outdated_or_incorrect.

[rank=3 score=26.3922 doc_id=h1ctx_0224_mpc_0075_incorrect_gap] A noisy retrieved note reports Hg (mp-2629196) with band gap -0.40890000000000004 eV. This note is intentionally marked for human review as outdated_or_incorrect.","The retrieved context provides multiple values for the band gap of Hg, but all are marked as outdated or incorrect. Therefore, the information is insufficient to accurately determine the band gap of Hg.",outdated_or_incorrect,,1.0,qwen_judge,"The answer correctly states that the retrieved context provides multiple values for the band gap of Hg, but all are marked as outdated or incorrect, leading to an inability to accurately determine the band gap based on the given information.",377,484,safety_aware
rag_mpc_0015_incorrect_gap,materials,qwen_output,What is the band gap of Hg?,"[rank=1 score=26.3922 doc_id=h1ctx_0044_mpc_0015_incorrect_gap] A noisy retrieved note reports Hg (mp-569360) with band gap -0.09670000000000001 eV. This note is intentionally marked for human review as outdated_or_incorrect.

[rank=2 score=26.3922 doc_id=h1ctx_0131_mpc_0044_incorrect_gap] A noisy retrieved note reports Hg (mp-1077098) with band gap -1.0394 eV. This note is intentionally marked for human review as outdated_or_incorrect.

[rank=3 score=26.3922 doc_id=h1ctx_0224_mpc_0075_incorrect_gap] A noisy retrieved note reports Hg (mp-2629196) with band gap -0.40890000000000004 eV. This note is intentionally marked for human review as outdated_or_incorrect.","The retrieved context provides multiple values for the band gap of Hg, but all are marked as outdated or incorrect. Therefore, the information is insufficient to accurately determine the band gap of Hg.",outdated_or_incorrect,,1.0,qwen_judge,"The answer correctly states that the retrieved context provides multiple values for the band gap of Hg, but all are marked as outdated or incorrect, leading to an inability to accurately determine the band gap based on the given information.",377,484,safety_aware
rag_mpc_0015_incomplete_stability,materials,qwen_output,Is Hg thermodynamically stable?,"[rank=1 score=25.7617 doc_id=h1ctx_0044_mpc_0015_incorrect_gap] A noisy retrieved note reports Hg (mp-569360) with band gap -0.09670000000000001 eV. This note is intentionally marked for human review as outdated_or_incorrect.

[rank=2 score=25.7617 doc_id=h1ctx_0131_mpc_0044_incorrect_gap] A noisy retrieved note reports Hg (mp-1077098) with band gap -1.0394 eV. This note is intentionally marked for human review as outdated_or_incorrect.

[rank=3 score=25.7617 doc_id=h1ctx_0224_mpc_0075_incorrect_gap] A noisy retrieved note reports Hg (mp-2629196) with band gap -0.40890000000000004 eV. This note is intentionally marked for human review as outdated_or_incorrect.","The provided context does not contain sufficient information to determine the thermodynamic stability of Hg. The retrieved notes are marked as outdated or incorrect and focus on band gap, which is not directly related to thermodynamic stability.",outdated_or_incorrect,,1.0,qwen_judge,"The answer correctly states that the provided context does not contain sufficient information to determine the thermodynamic stability of Hg, and it also notes that the retrieved notes are marked as outdated or incorrect, focusing on band gap which is not directly related to thermodynamic stability.",380,495,safety_aware
rag_mpc_0016_current_gap,materials,qwen_output,What is the band gap of F2?,"[rank=1 score=27.0979 doc_id=h1ctx_0047_mpc_0016_incorrect_gap] A noisy retrieved note reports F2 (mp-561367) with band gap -2.3942 eV. This note is intentionally marked for human review as outdated_or_incorrect.

[rank=2 score=27.0979 doc_id=h1ctx_0158_mpc_0053_incorrect_gap] A noisy retrieved note reports F2 (mp-561203) with band gap -2.8962 eV. This note is intentionally marked for human review as outdated_or_incorrect.

[rank=3 score=27.0979 doc_id=h1ctx_0161_mpc_0054_incorrect_gap] A noisy retrieved note reports F2 (mp-1523415) with band gap -0.4797 eV. This note is intentionally marked for human review as outdated_or_incorrect.","The retrieved context provides multiple values for the band gap of F2, but all are marked as outdated or incorrect. Therefore, there is insufficient reliable information to determine the band gap of F2.",outdated_or_incorrect,,1.0,qwen_judge,"The answer correctly states that the retrieved context provides multiple values for the band gap of F2, but all are marked as outdated or incorrect. Therefore, it accurately reflects that there is insufficient reliable information to determine the band gap of F2 based on the provided context.",350,466,safety_aware
rag_mpc_0016_incorrect_gap,materials,qwen_output,What is the band gap of F2?,"[rank=1 score=27.0979 doc_id=h1ctx_0047_mpc_0016_incorrect_gap] A noisy retrieved note reports F2 (mp-561367) with band gap -2.3942 eV. This note is intentionally marked for human review as outdated_or_incorrect.

[rank=2 score=27.0979 doc_id=h1ctx_0158_mpc_0053_incorrect_gap] A noisy retrieved note reports F2 (mp-561203) with band gap -2.8962 eV. This note is intentionally marked for human review as outdated_or_incorrect.

[rank=3 score=27.0979 doc_id=h1ctx_0161_mpc_0054_incorrect_gap] A noisy retrieved note reports F2 (mp-1523415) with band gap -0.4797 eV. This note is intentionally marked for human review as outdated_or_incorrect.","The retrieved context provides multiple values for the band gap of F2, but all are marked as outdated or incorrect. Therefore, there is insufficient reliable information to determine the band gap of F2.",outdated_or_incorrect,,1.0,qwen_judge,"The answer correctly states that the retrieved context provides multiple values for the band gap of F2, but all are marked as outdated or incorrect. Therefore, it accurately reflects that there is insufficient reliable information to determine the band gap of F2 based on the provided context.",350,466,safety_aware
rag_mpc_0016_incomplete_stability,materials,qwen_output,Is F2 thermodynamically stable?,"[rank=1 score=26.4674 doc_id=h1ctx_0047_mpc_0016_incorrect_gap] A noisy retrieved note reports F2 (mp-561367) with band gap -2.3942 eV. This note is intentionally marked for human review as outdated_or_incorrect.

[rank=2 score=26.4674 doc_id=h1ctx_0158_mpc_0053_incorrect_gap] A noisy retrieved note reports F2 (mp-561203) with band gap -2.8962 eV. This note is intentionally marked for human review as outdated_or_incorrect.

[rank=3 score=26.4674 doc_id=h1ctx_0161_mpc_0054_incorrect_gap] A noisy retrieved note reports F2 (mp-1523415) with band gap -0.4797 eV. This note is intentionally marked for human review as outdated_or_incorrect.","The provided context does not contain sufficient information to determine the thermodynamic stability of F2. The data available is marked as outdated or incorrect and pertains to band gaps, which do not directly inform about thermodynamic stability.",outdated_or_incorrect,,1.0,qwen_judge,"The answer correctly states that the provided context does not contain sufficient information to determine the thermodynamic stability of F2, and it notes that the data available is marked as outdated or incorrect and pertains to band gaps, which do not directly inform about thermodynamic stability. This response is fully consistent with the given context.",354,480,safety_aware
rag_mpc_0017_current_gap,materials,qwen_output,What is the band gap of Si?,"[rank=1 score=25.8113 doc_id=h1ctx_0050_mpc_0017_incorrect_gap] A noisy retrieved note reports Si (mp-1079297) with band gap -0.2735 eV. This note is intentionally marked for human review as outdated_or_incorrect.

[rank=2 score=25.8113 doc_id=h1ctx_0080_mpc_0027_incorrect_gap] A noisy retrieved note reports Si (mp-1204046) with band gap -0.15080000000000002 eV. This note is intentionally marked for human review as outdated_or_incorrect.

[rank=3 score=25.8113 doc_id=h1ctx_0113_mpc_0038_incorrect_gap] A noisy retrieved note reports Si (mp-999200) with band gap -0.439799999999999 eV. This note is intentionally marked for human review as outdated_or_incorrect.","The provided context does not contain the correct band gap value for Si, as all entries are marked as outdated_or_incorrect.",outdated_or_incorrect,,1.0,qwen_judge,"The answer correctly states that the provided context does not contain the correct band gap value for Si, as all entries are marked as outdated_or_incorrect. This is fully supported by the retrieved context.",357,459,safety_aware
rag_mpc_0017_incorrect_gap,materials,qwen_output,What is the band gap of Si?,"[rank=1 score=25.8113 doc_id=h1ctx_0050_mpc_0017_incorrect_gap] A noisy retrieved note reports Si (mp-1079297) with band gap -0.2735 eV. This note is intentionally marked for human review as outdated_or_incorrect.

[rank=2 score=25.8113 doc_id=h1ctx_0080_mpc_0027_incorrect_gap] A noisy retrieved note reports Si (mp-1204046) with band gap -0.15080000000000002 eV. This note is intentionally marked for human review as outdated_or_incorrect.

[rank=3 score=25.8113 doc_id=h1ctx_0113_mpc_0038_incorrect_gap] A noisy retrieved note reports Si (mp-999200) with band gap -0.439799999999999 eV. This note is intentionally marked for human review as outdated_or_incorrect.","The provided context does not contain the correct band gap value for Si, as all entries are marked as outdated_or_incorrect.",outdated_or_incorrect,,1.0,qwen_judge,"The answer correctly states that the provided context does not contain the correct band gap value for Si, as all entries are marked as outdated_or_incorrect. This is fully supported by the retrieved context.",357,459,safety_aware
rag_mpc_0017_incomplete_stability,materials,qwen_output,Is Si thermodynamically stable?,"[rank=1 score=25.1808 doc_id=h1ctx_0050_mpc_0017_incorrect_gap] A noisy retrieved note reports Si (mp-1079297) with band gap -0.2735 eV. This note is intentionally marked for human review as outdated_or_incorrect.

[rank=2 score=25.1808 doc_id=h1ctx_0080_mpc_0027_incorrect_gap] A noisy retrieved note reports Si (mp-1204046) with band gap -0.15080000000000002 eV. This note is intentionally marked for human review as outdated_or_incorrect.

[rank=3 score=25.1808 doc_id=h1ctx_0113_mpc_0038_incorrect_gap] A noisy retrieved note reports Si (mp-999200) with band gap -0.439799999999999 eV. This note is intentionally marked for human review as outdated_or_incorrect.","The retrieved context does not provide sufficient information to determine the thermodynamic stability of Si. The provided data is marked as outdated or incorrect and pertains to band gaps, which are not directly indicative of thermodynamic stability.",outdated_or_incorrect,,1.0,qwen_judge,"The answer correctly states that the retrieved context does not provide sufficient information to determine the thermodynamic stability of Si, and it points out that the data is marked as outdated or incorrect. The response also accurately notes that the provided data on band gaps is not directly related to thermodynamic stability.",374,494,safety_aware
rag_mpc_0018_current_gap,materials,qwen_output,What is the band gap of C?,"[rank=1 score=24.9072 doc_id=h1ctx_0002_mpc_0001_incorrect_gap] A noisy retrieved note reports C (mp-1197903) with band gap -0.07970000000000001 eV. This note is intentionally marked for human review as outdated_or_incorrect.

[rank=2 score=24.9072 doc_id=h1ctx_0005_mpc_0002_incorrect_gap] A noisy retrieved note reports C (mp-1244964) with band gap -0.0724 eV. This note is intentionally marked for human review as outdated_or_incorrect.

[rank=3 score=24.9072 doc_id=h1ctx_0011_mpc_0004_incorrect_gap] A noisy retrieved note reports C (mp-1244913) with band gap -0.10600000000000001 eV. This note is intentionally marked for human review as outdated_or_incorrect.","The retrieved context does not provide a reliable value for the band gap of C, as all provided values are marked as outdated or incorrect.",outdated_or_incorrect,,1.0,qwen_judge,"The answer correctly states that the retrieved context does not provide a reliable value for the band gap of C, as all provided values are marked as outdated or incorrect. This is directly supported by the context.",362,465,safety_aware
rag_mpc_0018_incorrect_gap,materials,qwen_output,What is the band gap of C?,"[rank=1 score=24.9072 doc_id=h1ctx_0002_mpc_0001_incorrect_gap] A noisy retrieved note reports C (mp-1197903) with band gap -0.07970000000000001 eV. This note is intentionally marked for human review as outdated_or_incorrect.

[rank=2 score=24.9072 doc_id=h1ctx_0005_mpc_0002_incorrect_gap] A noisy retrieved note reports C (mp-1244964) with band gap -0.0724 eV. This note is intentionally marked for human review as outdated_or_incorrect.

[rank=3 score=24.9072 doc_id=h1ctx_0011_mpc_0004_incorrect_gap] A noisy retrieved note reports C (mp-1244913) with band gap -0.10600000000000001 eV. This note is intentionally marked for human review as outdated_or_incorrect.","The retrieved context does not provide a reliable value for the band gap of C, as all provided values are marked as outdated or incorrect.",outdated_or_incorrect,,1.0,qwen_judge,"The answer correctly states that the retrieved context does not provide a reliable value for the band gap of C, as all provided values are marked as outdated or incorrect. This is directly supported by the context.",362,465,safety_aware
rag_mpc_0018_incomplete_stability,materials,qwen_output,Is C thermodynamically stable?,"[rank=1 score=24.2768 doc_id=h1ctx_0002_mpc_0001_incorrect_gap] A noisy retrieved note reports C (mp-1197903) with band gap -0.07970000000000001 eV. This note is intentionally marked for human review as outdated_or_incorrect.

[rank=2 score=24.2768 doc_id=h1ctx_0005_mpc_0002_incorrect_gap] A noisy retrieved note reports C (mp-1244964) with band gap -0.0724 eV. This note is intentionally marked for human review as outdated_or_incorrect.

[rank=3 score=24.2768 doc_id=h1ctx_0011_mpc_0004_incorrect_gap] A noisy retrieved note reports C (mp-1244913) with band gap -0.10600000000000001 eV. This note is intentionally marked for human review as outdated_or_incorrect.","The retrieved context does not provide sufficient information to determine if C is thermodynamically stable. The notes available are marked as outdated or incorrect and focus on band gap, which is not directly indicative of thermodynamic stability.",outdated_or_incorrect,,0.5,qwen_judge,"The answer correctly states that the retrieved context does not provide sufficient information to determine if C is thermodynamically stable. The context focuses on band gap, which is not directly related to thermodynamic stability. However, the answer could have more explicitly noted that the provided data are marked as outdated or incorrect, which further weakens any potential claims about C's properties.",377,512,safety_aware
rag_mpc_0019_current_gap,materials,qwen_output,What is the band gap of Bi?,"[rank=1 score=26.8396 doc_id=h1ctx_0017_mpc_0006_incorrect_gap] A noisy retrieved note reports Bi (mp-1182248) with band gap -1.5046 eV. This note is intentionally marked for human review as outdated_or_incorrect.

[rank=2 score=26.8396 doc_id=h1ctx_0056_mpc_0019_incorrect_gap] A noisy retrieved note reports Bi (mp-1947043) with band gap -0.08079999999999901 eV. This note is intentionally marked for human review as outdated_or_incorrect.

[rank=3 score=24.9018 doc_id=mp_0043] Materials Project reports Bi (mp-1067758). Band gap: 0.0 eV. Formation energy per atom: 0.085859414999994 eV/atom. Energy above hull: 0.085859414999994 eV/atom. Stable: False.",0.0 eV,outdated_or_incorrect,,1.0,qwen_judge,"The answer of 0.0 eV for the band gap of Bi is directly supported by the third retrieved context, which states 'Materials Project reports Bi (mp-1067758). Band gap: 0.0 eV.' The other two contexts are marked as outdated or incorrect and thus can be disregarded.",357,489,safety_aware
rag_mpc_0019_incorrect_gap,materials,qwen_output,What is the band gap of Bi?,"[rank=1 score=26.8396 doc_id=h1ctx_0017_mpc_0006_incorrect_gap] A noisy retrieved note reports Bi (mp-1182248) with band gap -1.5046 eV. This note is intentionally marked for human review as outdated_or_incorrect.

[rank=2 score=26.8396 doc_id=h1ctx_0056_mpc_0019_incorrect_gap] A noisy retrieved note reports Bi (mp-1947043) with band gap -0.08079999999999901 eV. This note is intentionally marked for human review as outdated_or_incorrect.

[rank=3 score=24.9018 doc_id=mp_0043] Materials Project reports Bi (mp-1067758). Band gap: 0.0 eV. Formation energy per atom: 0.085859414999994 eV/atom. Energy above hull: 0.085859414999994 eV/atom. Stable: False.",0.0 eV,outdated_or_incorrect,,1.0,qwen_judge,"The answer of 0.0 eV for the band gap of Bi is directly supported by the third retrieved context, which states 'Materials Project reports Bi (mp-1067758). Band gap: 0.0 eV.' The other two contexts are marked as outdated or incorrect and thus can be disregarded.",357,489,safety_aware
rag_mpc_0019_incomplete_stability,materials,qwen_output,Is Bi thermodynamically stable?,"[rank=1 score=26.2092 doc_id=h1ctx_0017_mpc_0006_incorrect_gap] A noisy retrieved note reports Bi (mp-1182248) with band gap -1.5046 eV. This note is intentionally marked for human review as outdated_or_incorrect.

[rank=2 score=26.2092 doc_id=h1ctx_0056_mpc_0019_incorrect_gap] A noisy retrieved note reports Bi (mp-1947043) with band gap -0.08079999999999901 eV. This note is intentionally marked for human review as outdated_or_incorrect.

[rank=3 score=25.0924 doc_id=h1ctx_0018_mpc_0006_incomplete_stability] A short retrieved snippet mentions Bi (mp-1182248) as stable, but omits formation energy, hull distance, and thermodynamic qualification.","The provided context does not contain sufficient information to conclusively determine the thermodynamic stability of Bi. The most relevant snippet indicates Bi (mp-1182248) as stable but lacks critical details such as formation energy and hull distance, which are necessary for a comprehensive thermodynamic stability assessment.",outdated_or_incorrect,,0.5,qwen_judge,"The answer correctly identifies that the context does not provide sufficient information to conclusively determine the thermodynamic stability of Bi. It notes that while one snippet indicates Bi (mp-1182248) as stable, it lacks critical details such as formation energy and hull distance. However, since the provided context is marked as outdated_or_incorrect or incomplete, the claim about stability is based on potentially unreliable information, leading to a partial support score.",373,527,safety_aware
rag_mpc_0020_current_gap,materials,qwen_output,What is the band gap of O2?,"[rank=1 score=25.3749 doc_id=h1ctx_0008_mpc_0003_incorrect_gap] A noisy retrieved note reports O2 (mp-1180008) with band gap -1.277299999999999 eV. This note is intentionally marked for human review as outdated_or_incorrect.

[rank=2 score=25.3749 doc_id=h1ctx_0023_mpc_0008_incorrect_gap] A noisy retrieved note reports O2 (mp-12957) with band gap -1.0933 eV. This note is intentionally marked for human review as outdated_or_incorrect.

[rank=3 score=25.3749 doc_id=h1ctx_0026_mpc_0009_incorrect_gap] A noisy retrieved note reports O2 (mp-2204849) with band gap -2.720399999999999 eV. This note is intentionally marked for human review as outdated_or_incorrect.","The retrieved context does not provide a reliable value for the band gap of O2, as all notes are marked as outdated_or_incorrect.",outdated_or_incorrect,,1.0,qwen_judge,"The answer correctly states that the retrieved context does not provide a reliable value for the band gap of O2, as all notes are marked as outdated_or_incorrect. This is fully supported by the given context.",361,466,safety_aware
rag_mpc_0020_incorrect_gap,materials,qwen_output,What is the band gap of O2?,"[rank=1 score=25.3749 doc_id=h1ctx_0008_mpc_0003_incorrect_gap] A noisy retrieved note reports O2 (mp-1180008) with band gap -1.277299999999999 eV. This note is intentionally marked for human review as outdated_or_incorrect.

[rank=2 score=25.3749 doc_id=h1ctx_0023_mpc_0008_incorrect_gap] A noisy retrieved note reports O2 (mp-12957) with band gap -1.0933 eV. This note is intentionally marked for human review as outdated_or_incorrect.

[rank=3 score=25.3749 doc_id=h1ctx_0026_mpc_0009_incorrect_gap] A noisy retrieved note reports O2 (mp-2204849) with band gap -2.720399999999999 eV. This note is intentionally marked for human review as outdated_or_incorrect.","The retrieved context does not provide a reliable value for the band gap of O2, as all notes are marked as outdated_or_incorrect.",outdated_or_incorrect,,1.0,qwen_judge,"The answer correctly states that the retrieved context does not provide a reliable value for the band gap of O2, as all notes are marked as outdated_or_incorrect. This is fully supported by the given context.",361,466,safety_aware
rag_mpc_0020_incomplete_stability,materials,qwen_output,Is O2 thermodynamically stable?,"[rank=1 score=24.7444 doc_id=h1ctx_0008_mpc_0003_incorrect_gap] A noisy retrieved note reports O2 (mp-1180008) with band gap -1.277299999999999 eV. This note is intentionally marked for human review as outdated_or_incorrect.

[rank=2 score=24.7444 doc_id=h1ctx_0023_mpc_0008_incorrect_gap] A noisy retrieved note reports O2 (mp-12957) with band gap -1.0933 eV. This note is intentionally marked for human review as outdated_or_incorrect.

[rank=3 score=24.7444 doc_id=h1ctx_0026_mpc_0009_incorrect_gap] A noisy retrieved note reports O2 (mp-2204849) with band gap -2.720399999999999 eV. This note is intentionally marked for human review as outdated_or_incorrect.","The provided context does not contain sufficient information to determine the thermodynamic stability of O2. The retrieved notes are marked as outdated or incorrect and pertain to band gaps, which do not directly indicate thermodynamic stability.",outdated_or_incorrect,,1.0,qwen_judge,"The answer correctly states that the provided context does not contain sufficient information to determine the thermodynamic stability of O2, and that the retrieved notes are marked as outdated or incorrect and pertain to band gaps, which do not directly indicate thermodynamic stability. This is a faithful representation of the information given in the context.",375,501,safety_aware
rag_mpc_0021_current_gap,materials,qwen_output,What is the band gap of P?,"[rank=1 score=26.6939 doc_id=h1ctx_0020_mpc_0007_incorrect_gap] A noisy retrieved note reports P (mp-1179990) with band gap -3.0938 eV. This note is intentionally marked for human review as outdated_or_incorrect.

[rank=2 score=26.6939 doc_id=h1ctx_0038_mpc_0013_incorrect_gap] A noisy retrieved note reports P (mp-12883) with band gap -3.5354 eV. This note is intentionally marked for human review as outdated_or_incorrect.

[rank=3 score=26.6939 doc_id=h1ctx_0062_mpc_0021_incorrect_gap] A noisy retrieved note reports P (mp-723897) with band gap -2.1942 eV. This note is intentionally marked for human review as outdated_or_incorrect.","The retrieved context does not provide a reliable band gap value for P, as all the provided notes are marked as outdated or incorrect.",outdated_or_incorrect,,1.0,qwen_judge,"The answer accurately reflects the content of the retrieved context, which indicates that all provided notes on the band gap of P are marked as outdated or incorrect and therefore do not provide a reliable value.",332,433,safety_aware
rag_mpc_0021_incorrect_gap,materials,qwen_output,What is the band gap of P?,"[rank=1 score=26.6939 doc_id=h1ctx_0020_mpc_0007_incorrect_gap] A noisy retrieved note reports P (mp-1179990) with band gap -3.0938 eV. This note is intentionally marked for human review as outdated_or_incorrect.

[rank=2 score=26.6939 doc_id=h1ctx_0038_mpc_0013_incorrect_gap] A noisy retrieved note reports P (mp-12883) with band gap -3.5354 eV. This note is intentionally marked for human review as outdated_or_incorrect.

[rank=3 score=26.6939 doc_id=h1ctx_0062_mpc_0021_incorrect_gap] A noisy retrieved note reports P (mp-723897) with band gap -2.1942 eV. This note is intentionally marked for human review as outdated_or_incorrect.","The retrieved context does not provide a reliable band gap value for P, as all the provided notes are marked as outdated or incorrect.",outdated_or_incorrect,,1.0,qwen_judge,"The answer accurately reflects the content of the retrieved context, which indicates that all provided notes on the band gap of P are marked as outdated or incorrect and therefore do not provide a reliable value.",332,433,safety_aware
rag_mpc_0021_incomplete_stability,materials,qwen_output,Is P thermodynamically stable?,"[rank=1 score=26.0634 doc_id=h1ctx_0020_mpc_0007_incorrect_gap] A noisy retrieved note reports P (mp-1179990) with band gap -3.0938 eV. This note is intentionally marked for human review as outdated_or_incorrect.

[rank=2 score=26.0634 doc_id=h1ctx_0038_mpc_0013_incorrect_gap] A noisy retrieved note reports P (mp-12883) with band gap -3.5354 eV. This note is intentionally marked for human review as outdated_or_incorrect.

[rank=3 score=26.0634 doc_id=h1ctx_0062_mpc_0021_incorrect_gap] A noisy retrieved note reports P (mp-723897) with band gap -2.1942 eV. This note is intentionally marked for human review as outdated_or_incorrect.","The retrieved context does not provide sufficient information to determine if P is thermodynamically stable. The notes available are marked as outdated or incorrect and pertain to band gaps, which do not directly indicate thermodynamic stability.",outdated_or_incorrect,,1.0,qwen_judge,"The answer correctly states that the retrieved context does not provide sufficient information to determine if P is thermodynamically stable, and it points out that the available notes are marked as outdated or incorrect and pertain to band gaps, which do not directly indicate thermodynamic stability.",348,464,safety_aware
rag_mpc_0022_current_gap,materials,qwen_output,What is the band gap of P?,"[rank=1 score=26.6939 doc_id=h1ctx_0020_mpc_0007_incorrect_gap] A noisy retrieved note reports P (mp-1179990) with band gap -3.0938 eV. This note is intentionally marked for human review as outdated_or_incorrect.

[rank=2 score=26.6939 doc_id=h1ctx_0038_mpc_0013_incorrect_gap] A noisy retrieved note reports P (mp-12883) with band gap -3.5354 eV. This note is intentionally marked for human review as outdated_or_incorrect.

[rank=3 score=26.6939 doc_id=h1ctx_0062_mpc_0021_incorrect_gap] A noisy retrieved note reports P (mp-723897) with band gap -2.1942 eV. This note is intentionally marked for human review as outdated_or_incorrect.","The retrieved context does not provide a reliable band gap value for P, as all the provided notes are marked as outdated or incorrect.",outdated_or_incorrect,,1.0,qwen_judge,"The answer accurately reflects the content of the retrieved context, which indicates that all provided notes on the band gap of P are marked as outdated or incorrect and therefore do not provide a reliable value.",332,433,safety_aware
rag_mpc_0022_incorrect_gap,materials,qwen_output,What is the band gap of P?,"[rank=1 score=26.6939 doc_id=h1ctx_0020_mpc_0007_incorrect_gap] A noisy retrieved note reports P (mp-1179990) with band gap -3.0938 eV. This note is intentionally marked for human review as outdated_or_incorrect.

[rank=2 score=26.6939 doc_id=h1ctx_0038_mpc_0013_incorrect_gap] A noisy retrieved note reports P (mp-12883) with band gap -3.5354 eV. This note is intentionally marked for human review as outdated_or_incorrect.

[rank=3 score=26.6939 doc_id=h1ctx_0062_mpc_0021_incorrect_gap] A noisy retrieved note reports P (mp-723897) with band gap -2.1942 eV. This note is intentionally marked for human review as outdated_or_incorrect.","The retrieved context does not provide a reliable band gap value for P, as all the provided notes are marked as outdated or incorrect.",outdated_or_incorrect,,1.0,qwen_judge,"The answer accurately reflects the content of the retrieved context, which indicates that all provided notes on the band gap of P are marked as outdated or incorrect and therefore do not provide a reliable value.",332,433,safety_aware
rag_mpc_0022_incomplete_stability,materials,qwen_output,Is P thermodynamically stable?,"[rank=1 score=26.0634 doc_id=h1ctx_0020_mpc_0007_incorrect_gap] A noisy retrieved note reports P (mp-1179990) with band gap -3.0938 eV. This note is intentionally marked for human review as outdated_or_incorrect.

[rank=2 score=26.0634 doc_id=h1ctx_0038_mpc_0013_incorrect_gap] A noisy retrieved note reports P (mp-12883) with band gap -3.5354 eV. This note is intentionally marked for human review as outdated_or_incorrect.

[rank=3 score=26.0634 doc_id=h1ctx_0062_mpc_0021_incorrect_gap] A noisy retrieved note reports P (mp-723897) with band gap -2.1942 eV. This note is intentionally marked for human review as outdated_or_incorrect.","The retrieved context does not provide sufficient information to determine if P is thermodynamically stable. The notes available are marked as outdated or incorrect and pertain to band gaps, which do not directly indicate thermodynamic stability.",outdated_or_incorrect,,1.0,qwen_judge,"The answer correctly states that the retrieved context does not provide sufficient information to determine if P is thermodynamically stable, and it points out that the available notes are marked as outdated or incorrect and pertain to band gaps, which do not directly indicate thermodynamic stability.",348,464,safety_aware
rag_mpc_0023_current_gap,materials,qwen_output,What is the band gap of S?,"[rank=1 score=25.2867 doc_id=h1ctx_0068_mpc_0023_incorrect_gap] A noisy retrieved note reports S (mp-96) with band gap -2.748 eV. This note is intentionally marked for human review as outdated_or_incorrect.

[rank=2 score=25.2867 doc_id=h1ctx_0116_mpc_0039_incorrect_gap] A noisy retrieved note reports S (mp-556269) with band gap -2.3783 eV. This note is intentionally marked for human review as outdated_or_incorrect.

[rank=3 score=25.2867 doc_id=h1ctx_0119_mpc_0040_incorrect_gap] A noisy retrieved note reports S (mp-557559) with band gap -2.496299999999999 eV. This note is intentionally marked for human review as outdated_or_incorrect.",The provided context does not contain a reliable value for the band gap of S. The information available is marked as outdated or incorrect.,outdated_or_incorrect,,1.0,qwen_judge,"The answer correctly identifies that the provided context does not contain a reliable value for the band gap of S, as all the information available is marked as outdated or incorrect.",338,434,safety_aware
rag_mpc_0023_incorrect_gap,materials,qwen_output,What is the band gap of S?,"[rank=1 score=25.2867 doc_id=h1ctx_0068_mpc_0023_incorrect_gap] A noisy retrieved note reports S (mp-96) with band gap -2.748 eV. This note is intentionally marked for human review as outdated_or_incorrect.

[rank=2 score=25.2867 doc_id=h1ctx_0116_mpc_0039_incorrect_gap] A noisy retrieved note reports S (mp-556269) with band gap -2.3783 eV. This note is intentionally marked for human review as outdated_or_incorrect.

[rank=3 score=25.2867 doc_id=h1ctx_0119_mpc_0040_incorrect_gap] A noisy retrieved note reports S (mp-557559) with band gap -2.496299999999999 eV. This note is intentionally marked for human review as outdated_or_incorrect.",The provided context does not contain a reliable value for the band gap of S. The information available is marked as outdated or incorrect.,outdated_or_incorrect,,1.0,qwen_judge,"The answer correctly identifies that the provided context does not contain a reliable value for the band gap of S, as all the information available is marked as outdated or incorrect.",338,434,safety_aware
rag_mpc_0023_incomplete_stability,materials,qwen_output,Is S thermodynamically stable?,"[rank=1 score=24.6562 doc_id=h1ctx_0068_mpc_0023_incorrect_gap] A noisy retrieved note reports S (mp-96) with band gap -2.748 eV. This note is intentionally marked for human review as outdated_or_incorrect.

[rank=2 score=24.6562 doc_id=h1ctx_0116_mpc_0039_incorrect_gap] A noisy retrieved note reports S (mp-556269) with band gap -2.3783 eV. This note is intentionally marked for human review as outdated_or_incorrect.

[rank=3 score=24.6562 doc_id=h1ctx_0119_mpc_0040_incorrect_gap] A noisy retrieved note reports S (mp-557559) with band gap -2.496299999999999 eV. This note is intentionally marked for human review as outdated_or_incorrect.","The retrieved context does not provide sufficient information to determine the thermodynamic stability of S. The notes available are marked as outdated or incorrect and primarily discuss band gaps, which do not directly indicate thermodynamic stability.",outdated_or_incorrect,,1.0,qwen_judge,"The answer accurately reflects the content of the retrieved context, which does not provide sufficient information to determine the thermodynamic stability of S. The context notes are marked as outdated or incorrect and focus on band gaps, which do not directly indicate thermodynamic stability.",352,465,safety_aware
rag_mpc_0024_current_gap,materials,qwen_output,What is the band gap of B?,"[rank=1 score=26.7646 doc_id=h1ctx_0071_mpc_0024_incorrect_gap] A noisy retrieved note reports B (mp-729184) with band gap -0.5081 eV. This note is intentionally marked for human review as outdated_or_incorrect.

[rank=2 score=26.7646 doc_id=h1ctx_0197_mpc_0066_incorrect_gap] A noisy retrieved note reports B (mp-160) with band gap -1.433399999999999 eV. This note is intentionally marked for human review as outdated_or_incorrect.

[rank=3 score=24.8278 doc_id=mp_0036] Materials Project reports B (mp-632401). Band gap: 0.0 eV. Formation energy per atom: 0.291535708333333 eV/atom. Energy above hull: 0.291535708333333 eV/atom. Stable: False.",0.0 eV,outdated_or_incorrect,,1.0,qwen_judge,"The answer of 0.0 eV for the band gap of B is directly supported by the context from the Materials Project (mp-632401) which reports a band gap of 0.0 eV for B. The other retrieved contexts are marked as outdated or incorrect, so they are not considered reliable for this evaluation.",349,483,safety_aware
rag_mpc_0024_incorrect_gap,materials,qwen_output,What is the band gap of B?,"[rank=1 score=26.7646 doc_id=h1ctx_0071_mpc_0024_incorrect_gap] A noisy retrieved note reports B (mp-729184) with band gap -0.5081 eV. This note is intentionally marked for human review as outdated_or_incorrect.

[rank=2 score=26.7646 doc_id=h1ctx_0197_mpc_0066_incorrect_gap] A noisy retrieved note reports B (mp-160) with band gap -1.433399999999999 eV. This note is intentionally marked for human review as outdated_or_incorrect.

[rank=3 score=24.8278 doc_id=mp_0036] Materials Project reports B (mp-632401). Band gap: 0.0 eV. Formation energy per atom: 0.291535708333333 eV/atom. Energy above hull: 0.291535708333333 eV/atom. Stable: False.",0.0 eV,outdated_or_incorrect,,1.0,qwen_judge,"The answer of 0.0 eV for the band gap of B is directly supported by the context from the Materials Project (mp-632401) which reports a band gap of 0.0 eV for B. The other retrieved contexts are marked as outdated or incorrect, so they are not considered reliable for this evaluation.",349,483,safety_aware
rag_mpc_0024_incomplete_stability,materials,qwen_output,Is B thermodynamically stable?,"[rank=1 score=26.1341 doc_id=h1ctx_0071_mpc_0024_incorrect_gap] A noisy retrieved note reports B (mp-729184) with band gap -0.5081 eV. This note is intentionally marked for human review as outdated_or_incorrect.

[rank=2 score=26.1341 doc_id=h1ctx_0197_mpc_0066_incorrect_gap] A noisy retrieved note reports B (mp-160) with band gap -1.433399999999999 eV. This note is intentionally marked for human review as outdated_or_incorrect.

[rank=3 score=25.0103 doc_id=h1ctx_0072_mpc_0024_incomplete_stability] A short retrieved snippet mentions B (mp-729184) as stable, but omits formation energy, hull distance, and thermodynamic qualification.","The provided context does not contain sufficient information to determine if B is thermodynamically stable. The stability claim in the third document lacks necessary details such as formation energy and hull distance, and the first two documents are marked as outdated or incorrect.",outdated_or_incorrect,,0.5,qwen_judge,"The answer is partially supported by the context. The third document does mention B (mp-729184) as stable, but it lacks necessary details such as formation energy and hull distance to fully support a claim about thermodynamic stability. The first two documents are marked as outdated or incorrect, so they do not provide reliable information for the assessment of stability.",352,489,safety_aware
rag_mpc_0025_current_gap,materials,qwen_output,What is the band gap of O2?,"[rank=1 score=25.3749 doc_id=h1ctx_0008_mpc_0003_incorrect_gap] A noisy retrieved note reports O2 (mp-1180008) with band gap -1.277299999999999 eV. This note is intentionally marked for human review as outdated_or_incorrect.

[rank=2 score=25.3749 doc_id=h1ctx_0023_mpc_0008_incorrect_gap] A noisy retrieved note reports O2 (mp-12957) with band gap -1.0933 eV. This note is intentionally marked for human review as outdated_or_incorrect.

[rank=3 score=25.3749 doc_id=h1ctx_0026_mpc_0009_incorrect_gap] A noisy retrieved note reports O2 (mp-2204849) with band gap -2.720399999999999 eV. This note is intentionally marked for human review as outdated_or_incorrect.","The retrieved context does not provide a reliable value for the band gap of O2, as all notes are marked as outdated_or_incorrect.",outdated_or_incorrect,,1.0,qwen_judge,"The answer correctly states that the retrieved context does not provide a reliable value for the band gap of O2, as all notes are marked as outdated_or_incorrect. This is fully supported by the given context.",361,466,safety_aware
rag_mpc_0025_incorrect_gap,materials,qwen_output,What is the band gap of O2?,"[rank=1 score=25.3749 doc_id=h1ctx_0008_mpc_0003_incorrect_gap] A noisy retrieved note reports O2 (mp-1180008) with band gap -1.277299999999999 eV. This note is intentionally marked for human review as outdated_or_incorrect.

[rank=2 score=25.3749 doc_id=h1ctx_0023_mpc_0008_incorrect_gap] A noisy retrieved note reports O2 (mp-12957) with band gap -1.0933 eV. This note is intentionally marked for human review as outdated_or_incorrect.

[rank=3 score=25.3749 doc_id=h1ctx_0026_mpc_0009_incorrect_gap] A noisy retrieved note reports O2 (mp-2204849) with band gap -2.720399999999999 eV. This note is intentionally marked for human review as outdated_or_incorrect.","The retrieved context does not provide a reliable value for the band gap of O2, as all notes are marked as outdated_or_incorrect.",outdated_or_incorrect,,1.0,qwen_judge,"The answer correctly states that the retrieved context does not provide a reliable value for the band gap of O2, as all notes are marked as outdated_or_incorrect. This is fully supported by the given context.",361,466,safety_aware
rag_mpc_0025_incomplete_stability,materials,qwen_output,Is O2 thermodynamically stable?,"[rank=1 score=24.7444 doc_id=h1ctx_0008_mpc_0003_incorrect_gap] A noisy retrieved note reports O2 (mp-1180008) with band gap -1.277299999999999 eV. This note is intentionally marked for human review as outdated_or_incorrect.

[rank=2 score=24.7444 doc_id=h1ctx_0023_mpc_0008_incorrect_gap] A noisy retrieved note reports O2 (mp-12957) with band gap -1.0933 eV. This note is intentionally marked for human review as outdated_or_incorrect.

[rank=3 score=24.7444 doc_id=h1ctx_0026_mpc_0009_incorrect_gap] A noisy retrieved note reports O2 (mp-2204849) with band gap -2.720399999999999 eV. This note is intentionally marked for human review as outdated_or_incorrect.","The provided context does not contain sufficient information to determine the thermodynamic stability of O2. The retrieved notes are marked as outdated or incorrect and pertain to band gaps, which do not directly indicate thermodynamic stability.",outdated_or_incorrect,,1.0,qwen_judge,"The answer correctly states that the provided context does not contain sufficient information to determine the thermodynamic stability of O2, and that the retrieved notes are marked as outdated or incorrect and pertain to band gaps, which do not directly indicate thermodynamic stability. This is a faithful representation of the information given in the context.",375,501,safety_aware
rag_mpc_0026_current_gap,materials,qwen_output,What is the band gap of N2?,"[rank=1 score=27.5610 doc_id=h1ctx_0077_mpc_0026_incorrect_gap] A noisy retrieved note reports N2 (mp-570747) with band gap -6.739 eV. This note is intentionally marked for human review as outdated_or_incorrect.

[rank=2 score=27.5610 doc_id=h1ctx_0239_mpc_0080_incorrect_gap] A noisy retrieved note reports N2 (mp-568584) with band gap -6.9553 eV. This note is intentionally marked for human review as outdated_or_incorrect.

[rank=3 score=25.6131 doc_id=mp_0108] Materials Project reports N2 (mp-570747). Band gap: 6.739 eV. Formation energy per atom: 0.002401956249999 eV/atom. Energy above hull: 0.002401956249999 eV/atom. Stable: False.",6.739 eV,outdated_or_incorrect,,1.0,qwen_judge,"The answer provided (6.739 eV) is directly supported by the context from the Materials Project report (doc_id=mp_0108), which states that the band gap for N2 (mp-570747) is 6.739 eV. The other two sources, although they mention the same value, are marked as outdated or incorrect, and thus the third source is the most reliable for this assessment.",348,506,safety_aware
rag_mpc_0026_incorrect_gap,materials,qwen_output,What is the band gap of N2?,"[rank=1 score=27.5610 doc_id=h1ctx_0077_mpc_0026_incorrect_gap] A noisy retrieved note reports N2 (mp-570747) with band gap -6.739 eV. This note is intentionally marked for human review as outdated_or_incorrect.

[rank=2 score=27.5610 doc_id=h1ctx_0239_mpc_0080_incorrect_gap] A noisy retrieved note reports N2 (mp-568584) with band gap -6.9553 eV. This note is intentionally marked for human review as outdated_or_incorrect.

[rank=3 score=25.6131 doc_id=mp_0108] Materials Project reports N2 (mp-570747). Band gap: 6.739 eV. Formation energy per atom: 0.002401956249999 eV/atom. Energy above hull: 0.002401956249999 eV/atom. Stable: False.",6.739 eV,outdated_or_incorrect,,1.0,qwen_judge,"The answer provided (6.739 eV) is directly supported by the context from the Materials Project report (doc_id=mp_0108), which states that the band gap for N2 (mp-570747) is 6.739 eV. The other two sources, although they mention the same value, are marked as outdated or incorrect, and thus the third source is the most reliable for this assessment.",348,506,safety_aware
rag_mpc_0026_incomplete_stability,materials,qwen_output,Is N2 thermodynamically stable?,"[rank=1 score=26.9305 doc_id=h1ctx_0077_mpc_0026_incorrect_gap] A noisy retrieved note reports N2 (mp-570747) with band gap -6.739 eV. This note is intentionally marked for human review as outdated_or_incorrect.

[rank=2 score=26.9305 doc_id=h1ctx_0239_mpc_0080_incorrect_gap] A noisy retrieved note reports N2 (mp-568584) with band gap -6.9553 eV. This note is intentionally marked for human review as outdated_or_incorrect.

[rank=3 score=25.8806 doc_id=h1ctx_0078_mpc_0026_incomplete_stability] A short retrieved snippet mentions N2 (mp-570747) as stable, but omits formation energy, hull distance, and thermodynamic qualification.","The provided context does not contain sufficient information to conclusively determine the thermodynamic stability of N2. The retrieved notes regarding the band gap are marked as outdated or incorrect, and the stability mention is incomplete, lacking formation energy, hull distance, and a specific thermodynamic qualification.",outdated_or_incorrect,,0.5,qwen_judge,"The answer correctly identifies that the provided context does not contain sufficient information to determine the thermodynamic stability of N2. The retrieved notes regarding the band gap are marked as outdated or incorrect, and the stability mention is incomplete, lacking formation energy, hull distance, and a specific thermodynamic qualification. However, it could be more explicit in stating that there is no direct evidence in the given context to support or refute the thermodynamic stability of N2.",354,506,safety_aware
rag_mpc_0027_current_gap,materials,qwen_output,What is the band gap of Si?,"[rank=1 score=25.8113 doc_id=h1ctx_0050_mpc_0017_incorrect_gap] A noisy retrieved note reports Si (mp-1079297) with band gap -0.2735 eV. This note is intentionally marked for human review as outdated_or_incorrect.

[rank=2 score=25.8113 doc_id=h1ctx_0080_mpc_0027_incorrect_gap] A noisy retrieved note reports Si (mp-1204046) with band gap -0.15080000000000002 eV. This note is intentionally marked for human review as outdated_or_incorrect.

[rank=3 score=25.8113 doc_id=h1ctx_0113_mpc_0038_incorrect_gap] A noisy retrieved note reports Si (mp-999200) with band gap -0.439799999999999 eV. This note is intentionally marked for human review as outdated_or_incorrect.","The provided context does not contain the correct band gap value for Si, as all entries are marked as outdated_or_incorrect.",outdated_or_incorrect,,1.0,qwen_judge,"The answer correctly states that the provided context does not contain the correct band gap value for Si, as all entries are marked as outdated_or_incorrect. This is fully supported by the retrieved context.",357,459,safety_aware
rag_mpc_0027_incorrect_gap,materials,qwen_output,What is the band gap of Si?,"[rank=1 score=25.8113 doc_id=h1ctx_0050_mpc_0017_incorrect_gap] A noisy retrieved note reports Si (mp-1079297) with band gap -0.2735 eV. This note is intentionally marked for human review as outdated_or_incorrect.

[rank=2 score=25.8113 doc_id=h1ctx_0080_mpc_0027_incorrect_gap] A noisy retrieved note reports Si (mp-1204046) with band gap -0.15080000000000002 eV. This note is intentionally marked for human review as outdated_or_incorrect.

[rank=3 score=25.8113 doc_id=h1ctx_0113_mpc_0038_incorrect_gap] A noisy retrieved note reports Si (mp-999200) with band gap -0.439799999999999 eV. This note is intentionally marked for human review as outdated_or_incorrect.","The provided context does not contain the correct band gap value for Si, as all entries are marked as outdated_or_incorrect.",outdated_or_incorrect,,1.0,qwen_judge,"The answer correctly states that the provided context does not contain the correct band gap value for Si, as all entries are marked as outdated_or_incorrect. This is fully supported by the retrieved context.",357,459,safety_aware
rag_mpc_0027_incomplete_stability,materials,qwen_output,Is Si thermodynamically stable?,"[rank=1 score=25.1808 doc_id=h1ctx_0050_mpc_0017_incorrect_gap] A noisy retrieved note reports Si (mp-1079297) with band gap -0.2735 eV. This note is intentionally marked for human review as outdated_or_incorrect.

[rank=2 score=25.1808 doc_id=h1ctx_0080_mpc_0027_incorrect_gap] A noisy retrieved note reports Si (mp-1204046) with band gap -0.15080000000000002 eV. This note is intentionally marked for human review as outdated_or_incorrect.

[rank=3 score=25.1808 doc_id=h1ctx_0113_mpc_0038_incorrect_gap] A noisy retrieved note reports Si (mp-999200) with band gap -0.439799999999999 eV. This note is intentionally marked for human review as outdated_or_incorrect.","The retrieved context does not provide sufficient information to determine the thermodynamic stability of Si. The provided data is marked as outdated or incorrect and pertains to band gaps, which are not directly indicative of thermodynamic stability.",outdated_or_incorrect,,1.0,qwen_judge,"The answer correctly states that the retrieved context does not provide sufficient information to determine the thermodynamic stability of Si, and it points out that the data is marked as outdated or incorrect. The response also accurately notes that the provided data on band gaps is not directly related to thermodynamic stability.",374,494,safety_aware
rag_mpc_0028_current_gap,materials,qwen_output,What is the band gap of Cl2?,"[rank=1 score=28.3246 doc_id=h1ctx_0083_mpc_0028_incorrect_gap] A noisy retrieved note reports Cl2 (mp-570778) with band gap -2.6476 eV. This note is intentionally marked for human review as outdated_or_incorrect.

[rank=2 score=26.3662 doc_id=h1ctx_0084_mpc_0028_incomplete_stability] A short retrieved snippet mentions Cl2 (mp-570778) as stable, but omits formation energy, hull distance, and thermodynamic qualification.

[rank=3 score=26.3660 doc_id=mp_0112] Materials Project reports Cl2 (mp-570778). Band gap: 2.6476 eV. Formation energy per atom: 0.072993284374999 eV/atom. Energy above hull: 0.072993284374999 eV/atom. Stable: False.",2.6476 eV,outdated_or_incorrect,,1.0,qwen_judge,The answer of 2.6476 eV for the band gap of Cl2 is directly supported by the context from the Materials Project (mp_0112) which reports the same value.,342,448,safety_aware
rag_mpc_0028_incorrect_gap,materials,qwen_output,What is the band gap of Cl2?,"[rank=1 score=28.3246 doc_id=h1ctx_0083_mpc_0028_incorrect_gap] A noisy retrieved note reports Cl2 (mp-570778) with band gap -2.6476 eV. This note is intentionally marked for human review as outdated_or_incorrect.

[rank=2 score=26.3662 doc_id=h1ctx_0084_mpc_0028_incomplete_stability] A short retrieved snippet mentions Cl2 (mp-570778) as stable, but omits formation energy, hull distance, and thermodynamic qualification.

[rank=3 score=26.3660 doc_id=mp_0112] Materials Project reports Cl2 (mp-570778). Band gap: 2.6476 eV. Formation energy per atom: 0.072993284374999 eV/atom. Energy above hull: 0.072993284374999 eV/atom. Stable: False.",2.6476 eV,outdated_or_incorrect,,1.0,qwen_judge,The answer of 2.6476 eV for the band gap of Cl2 is directly supported by the context from the Materials Project (mp_0112) which reports the same value.,342,448,safety_aware
rag_mpc_0028_incomplete_stability,materials,qwen_output,Is Cl2 thermodynamically stable?,"[rank=1 score=27.6941 doc_id=h1ctx_0083_mpc_0028_incorrect_gap] A noisy retrieved note reports Cl2 (mp-570778) with band gap -2.6476 eV. This note is intentionally marked for human review as outdated_or_incorrect.

[rank=2 score=26.7151 doc_id=h1ctx_0084_mpc_0028_incomplete_stability] A short retrieved snippet mentions Cl2 (mp-570778) as stable, but omits formation energy, hull distance, and thermodynamic qualification.

[rank=3 score=26.0592 doc_id=mp_0112] Materials Project reports Cl2 (mp-570778). Band gap: 2.6476 eV. Formation energy per atom: 0.072993284374999 eV/atom. Energy above hull: 0.072993284374999 eV/atom. Stable: False.","The retrieved context indicates that Cl2 (mp-570778) is not thermodynamically stable, as reported by the Materials Project. The energy above hull and the formation energy per atom are both positive, with a value of 0.072993284374999 eV/atom, which suggests it is not at the lowest possible energy state compared to other phases or compounds in its chemical potential range.",outdated_or_incorrect,,1.0,qwen_judge,"The answer is fully supported by the retrieved context, specifically the information from the Materials Project (rank=3) which indicates that Cl2 (mp-570778) is not thermodynamically stable. The provided data on the positive energy above hull and formation energy per atom (0.072993284374999 eV/atom) aligns with the conclusion that Cl2 is not at the lowest possible energy state, thus not thermodynamically stable.",427,595,safety_aware
rag_mpc_0029_current_gap,materials,qwen_output,What is the band gap of H2?,"[rank=1 score=26.5640 doc_id=h1ctx_0086_mpc_0029_incorrect_gap] A noisy retrieved note reports H2 (mp-2739136) with band gap -10.5108 eV. This note is intentionally marked for human review as outdated_or_incorrect.

[rank=2 score=26.5640 doc_id=h1ctx_0092_mpc_0031_incorrect_gap] A noisy retrieved note reports H2 (mp-632172) with band gap -9.328899999999999 eV. This note is intentionally marked for human review as outdated_or_incorrect.

[rank=3 score=26.5640 doc_id=h1ctx_0104_mpc_0035_incorrect_gap] A noisy retrieved note reports H2 (mp-632291) with band gap -8.8499 eV. This note is intentionally marked for human review as outdated_or_incorrect.","The retrieved context provides band gap values for H2, but all are marked as outdated or incorrect. Therefore, the information is insufficient to determine the accurate band gap of H2.",outdated_or_incorrect,,1.0,qwen_judge,"The answer accurately reflects the content of the retrieved context, which provides band gap values for H2 but marks all of them as outdated or incorrect. The response correctly states that the information is insufficient to determine the accurate band gap of H2, aligning with the provided context.",359,477,safety_aware
rag_mpc_0029_incorrect_gap,materials,qwen_output,What is the band gap of H2?,"[rank=1 score=26.5640 doc_id=h1ctx_0086_mpc_0029_incorrect_gap] A noisy retrieved note reports H2 (mp-2739136) with band gap -10.5108 eV. This note is intentionally marked for human review as outdated_or_incorrect.

[rank=2 score=26.5640 doc_id=h1ctx_0092_mpc_0031_incorrect_gap] A noisy retrieved note reports H2 (mp-632172) with band gap -9.328899999999999 eV. This note is intentionally marked for human review as outdated_or_incorrect.

[rank=3 score=26.5640 doc_id=h1ctx_0104_mpc_0035_incorrect_gap] A noisy retrieved note reports H2 (mp-632291) with band gap -8.8499 eV. This note is intentionally marked for human review as outdated_or_incorrect.","The retrieved context provides band gap values for H2, but all are marked as outdated or incorrect. Therefore, the information is insufficient to determine the accurate band gap of H2.",outdated_or_incorrect,,1.0,qwen_judge,"The answer accurately reflects the content of the retrieved context, which provides band gap values for H2 but marks all of them as outdated or incorrect. The response correctly states that the information is insufficient to determine the accurate band gap of H2, aligning with the provided context.",359,477,safety_aware
rag_mpc_0029_incomplete_stability,materials,qwen_output,Is H2 thermodynamically stable?,"[rank=1 score=25.9335 doc_id=h1ctx_0086_mpc_0029_incorrect_gap] A noisy retrieved note reports H2 (mp-2739136) with band gap -10.5108 eV. This note is intentionally marked for human review as outdated_or_incorrect.

[rank=2 score=25.9335 doc_id=h1ctx_0092_mpc_0031_incorrect_gap] A noisy retrieved note reports H2 (mp-632172) with band gap -9.328899999999999 eV. This note is intentionally marked for human review as outdated_or_incorrect.

[rank=3 score=25.9335 doc_id=h1ctx_0104_mpc_0035_incorrect_gap] A noisy retrieved note reports H2 (mp-632291) with band gap -8.8499 eV. This note is intentionally marked for human review as outdated_or_incorrect.","The retrieved context does not provide sufficient information to determine the thermodynamic stability of H2. The provided data is marked as outdated or incorrect and relates to band gaps, which are not directly indicative of thermodynamic stability.",outdated_or_incorrect,,1.0,qwen_judge,"The answer accurately reflects that the retrieved context does not provide sufficient information to determine the thermodynamic stability of H2, and it correctly notes that the provided data is marked as outdated or incorrect. The response also appropriately clarifies that the band gap data in the context is not directly indicative of thermodynamic stability.",365,489,safety_aware
rag_mpc_0030_current_gap,materials,qwen_output,What is the band gap of C?,"[rank=1 score=24.9072 doc_id=h1ctx_0002_mpc_0001_incorrect_gap] A noisy retrieved note reports C (mp-1197903) with band gap -0.07970000000000001 eV. This note is intentionally marked for human review as outdated_or_incorrect.

[rank=2 score=24.9072 doc_id=h1ctx_0005_mpc_0002_incorrect_gap] A noisy retrieved note reports C (mp-1244964) with band gap -0.0724 eV. This note is intentionally marked for human review as outdated_or_incorrect.

[rank=3 score=24.9072 doc_id=h1ctx_0011_mpc_0004_incorrect_gap] A noisy retrieved note reports C (mp-1244913) with band gap -0.10600000000000001 eV. This note is intentionally marked for human review as outdated_or_incorrect.","The retrieved context does not provide a reliable value for the band gap of C, as all provided values are marked as outdated or incorrect.",outdated_or_incorrect,,1.0,qwen_judge,"The answer correctly states that the retrieved context does not provide a reliable value for the band gap of C, as all provided values are marked as outdated or incorrect. This is directly supported by the context.",362,465,safety_aware
rag_mpc_0030_incorrect_gap,materials,qwen_output,What is the band gap of C?,"[rank=1 score=24.9072 doc_id=h1ctx_0002_mpc_0001_incorrect_gap] A noisy retrieved note reports C (mp-1197903) with band gap -0.07970000000000001 eV. This note is intentionally marked for human review as outdated_or_incorrect.

[rank=2 score=24.9072 doc_id=h1ctx_0005_mpc_0002_incorrect_gap] A noisy retrieved note reports C (mp-1244964) with band gap -0.0724 eV. This note is intentionally marked for human review as outdated_or_incorrect.

[rank=3 score=24.9072 doc_id=h1ctx_0011_mpc_0004_incorrect_gap] A noisy retrieved note reports C (mp-1244913) with band gap -0.10600000000000001 eV. This note is intentionally marked for human review as outdated_or_incorrect.","The retrieved context does not provide a reliable value for the band gap of C, as all provided values are marked as outdated or incorrect.",outdated_or_incorrect,,1.0,qwen_judge,"The answer correctly states that the retrieved context does not provide a reliable value for the band gap of C, as all provided values are marked as outdated or incorrect. This is directly supported by the context.",362,465,safety_aware
rag_mpc_0030_incomplete_stability,materials,qwen_output,Is C thermodynamically stable?,"[rank=1 score=24.2768 doc_id=h1ctx_0002_mpc_0001_incorrect_gap] A noisy retrieved note reports C (mp-1197903) with band gap -0.07970000000000001 eV. This note is intentionally marked for human review as outdated_or_incorrect.

[rank=2 score=24.2768 doc_id=h1ctx_0005_mpc_0002_incorrect_gap] A noisy retrieved note reports C (mp-1244964) with band gap -0.0724 eV. This note is intentionally marked for human review as outdated_or_incorrect.

[rank=3 score=24.2768 doc_id=h1ctx_0011_mpc_0004_incorrect_gap] A noisy retrieved note reports C (mp-1244913) with band gap -0.10600000000000001 eV. This note is intentionally marked for human review as outdated_or_incorrect.","The retrieved context does not provide sufficient information to determine if C is thermodynamically stable. The notes available are marked as outdated or incorrect and focus on band gap, which is not directly indicative of thermodynamic stability.",outdated_or_incorrect,,0.5,qwen_judge,"The answer correctly states that the retrieved context does not provide sufficient information to determine if C is thermodynamically stable. The context focuses on band gap, which is not directly related to thermodynamic stability. However, the answer could have more explicitly noted that the provided data are marked as outdated or incorrect, which further weakens any potential claims about C's properties.",377,512,safety_aware
rag_mpc_0031_current_gap,materials,qwen_output,What is the band gap of H2?,"[rank=1 score=26.5640 doc_id=h1ctx_0086_mpc_0029_incorrect_gap] A noisy retrieved note reports H2 (mp-2739136) with band gap -10.5108 eV. This note is intentionally marked for human review as outdated_or_incorrect.

[rank=2 score=26.5640 doc_id=h1ctx_0092_mpc_0031_incorrect_gap] A noisy retrieved note reports H2 (mp-632172) with band gap -9.328899999999999 eV. This note is intentionally marked for human review as outdated_or_incorrect.

[rank=3 score=26.5640 doc_id=h1ctx_0104_mpc_0035_incorrect_gap] A noisy retrieved note reports H2 (mp-632291) with band gap -8.8499 eV. This note is intentionally marked for human review as outdated_or_incorrect.","The retrieved context provides band gap values for H2, but all are marked as outdated or incorrect. Therefore, the information is insufficient to determine the accurate band gap of H2.",outdated_or_incorrect,,1.0,qwen_judge,"The answer accurately reflects the content of the retrieved context, which provides band gap values for H2 but marks all of them as outdated or incorrect. The response correctly states that the information is insufficient to determine the accurate band gap of H2, aligning with the provided context.",359,477,safety_aware
rag_mpc_0031_incorrect_gap,materials,qwen_output,What is the band gap of H2?,"[rank=1 score=26.5640 doc_id=h1ctx_0086_mpc_0029_incorrect_gap] A noisy retrieved note reports H2 (mp-2739136) with band gap -10.5108 eV. This note is intentionally marked for human review as outdated_or_incorrect.

[rank=2 score=26.5640 doc_id=h1ctx_0092_mpc_0031_incorrect_gap] A noisy retrieved note reports H2 (mp-632172) with band gap -9.328899999999999 eV. This note is intentionally marked for human review as outdated_or_incorrect.

[rank=3 score=26.5640 doc_id=h1ctx_0104_mpc_0035_incorrect_gap] A noisy retrieved note reports H2 (mp-632291) with band gap -8.8499 eV. This note is intentionally marked for human review as outdated_or_incorrect.","The retrieved context provides band gap values for H2, but all are marked as outdated or incorrect. Therefore, the information is insufficient to determine the accurate band gap of H2.",outdated_or_incorrect,,1.0,qwen_judge,"The answer accurately reflects the content of the retrieved context, which provides band gap values for H2 but marks all of them as outdated or incorrect. The response correctly states that the information is insufficient to determine the accurate band gap of H2, aligning with the provided context.",359,477,safety_aware
rag_mpc_0031_incomplete_stability,materials,qwen_output,Is H2 thermodynamically stable?,"[rank=1 score=25.9335 doc_id=h1ctx_0086_mpc_0029_incorrect_gap] A noisy retrieved note reports H2 (mp-2739136) with band gap -10.5108 eV. This note is intentionally marked for human review as outdated_or_incorrect.

[rank=2 score=25.9335 doc_id=h1ctx_0092_mpc_0031_incorrect_gap] A noisy retrieved note reports H2 (mp-632172) with band gap -9.328899999999999 eV. This note is intentionally marked for human review as outdated_or_incorrect.

[rank=3 score=25.9335 doc_id=h1ctx_0104_mpc_0035_incorrect_gap] A noisy retrieved note reports H2 (mp-632291) with band gap -8.8499 eV. This note is intentionally marked for human review as outdated_or_incorrect.","The retrieved context does not provide sufficient information to determine the thermodynamic stability of H2. The provided data is marked as outdated or incorrect and relates to band gaps, which are not directly indicative of thermodynamic stability.",outdated_or_incorrect,,1.0,qwen_judge,"The answer accurately reflects that the retrieved context does not provide sufficient information to determine the thermodynamic stability of H2, and it correctly notes that the provided data is marked as outdated or incorrect. The response also appropriately clarifies that the band gap data in the context is not directly indicative of thermodynamic stability.",365,489,safety_aware
rag_mpc_0032_current_gap,materials,qwen_output,What is the band gap of C?,"[rank=1 score=24.9072 doc_id=h1ctx_0002_mpc_0001_incorrect_gap] A noisy retrieved note reports C (mp-1197903) with band gap -0.07970000000000001 eV. This note is intentionally marked for human review as outdated_or_incorrect.

[rank=2 score=24.9072 doc_id=h1ctx_0005_mpc_0002_incorrect_gap] A noisy retrieved note reports C (mp-1244964) with band gap -0.0724 eV. This note is intentionally marked for human review as outdated_or_incorrect.

[rank=3 score=24.9072 doc_id=h1ctx_0011_mpc_0004_incorrect_gap] A noisy retrieved note reports C (mp-1244913) with band gap -0.10600000000000001 eV. This note is intentionally marked for human review as outdated_or_incorrect.","The retrieved context does not provide a reliable value for the band gap of C, as all provided values are marked as outdated or incorrect.",outdated_or_incorrect,,1.0,qwen_judge,"The answer correctly states that the retrieved context does not provide a reliable value for the band gap of C, as all provided values are marked as outdated or incorrect. This is directly supported by the context.",362,465,safety_aware
rag_mpc_0032_incorrect_gap,materials,qwen_output,What is the band gap of C?,"[rank=1 score=24.9072 doc_id=h1ctx_0002_mpc_0001_incorrect_gap] A noisy retrieved note reports C (mp-1197903) with band gap -0.07970000000000001 eV. This note is intentionally marked for human review as outdated_or_incorrect.

[rank=2 score=24.9072 doc_id=h1ctx_0005_mpc_0002_incorrect_gap] A noisy retrieved note reports C (mp-1244964) with band gap -0.0724 eV. This note is intentionally marked for human review as outdated_or_incorrect.

[rank=3 score=24.9072 doc_id=h1ctx_0011_mpc_0004_incorrect_gap] A noisy retrieved note reports C (mp-1244913) with band gap -0.10600000000000001 eV. This note is intentionally marked for human review as outdated_or_incorrect.","The retrieved context does not provide a reliable value for the band gap of C, as all provided values are marked as outdated or incorrect.",outdated_or_incorrect,,1.0,qwen_judge,"The answer correctly states that the retrieved context does not provide a reliable value for the band gap of C, as all provided values are marked as outdated or incorrect. This is directly supported by the context.",362,465,safety_aware
rag_mpc_0032_incomplete_stability,materials,qwen_output,Is C thermodynamically stable?,"[rank=1 score=24.2768 doc_id=h1ctx_0002_mpc_0001_incorrect_gap] A noisy retrieved note reports C (mp-1197903) with band gap -0.07970000000000001 eV. This note is intentionally marked for human review as outdated_or_incorrect.

[rank=2 score=24.2768 doc_id=h1ctx_0005_mpc_0002_incorrect_gap] A noisy retrieved note reports C (mp-1244964) with band gap -0.0724 eV. This note is intentionally marked for human review as outdated_or_incorrect.

[rank=3 score=24.2768 doc_id=h1ctx_0011_mpc_0004_incorrect_gap] A noisy retrieved note reports C (mp-1244913) with band gap -0.10600000000000001 eV. This note is intentionally marked for human review as outdated_or_incorrect.","The retrieved context does not provide sufficient information to determine if C is thermodynamically stable. The notes available are marked as outdated or incorrect and focus on band gap, which is not directly indicative of thermodynamic stability.",outdated_or_incorrect,,0.5,qwen_judge,"The answer correctly states that the retrieved context does not provide sufficient information to determine if C is thermodynamically stable. The context focuses on band gap, which is not directly related to thermodynamic stability. However, the answer could have more explicitly noted that the provided data are marked as outdated or incorrect, which further weakens any potential claims about C's properties.",377,512,safety_aware
rag_mpc_0033_current_gap,materials,qwen_output,What is the band gap of C?,"[rank=1 score=24.9072 doc_id=h1ctx_0002_mpc_0001_incorrect_gap] A noisy retrieved note reports C (mp-1197903) with band gap -0.07970000000000001 eV. This note is intentionally marked for human review as outdated_or_incorrect.

[rank=2 score=24.9072 doc_id=h1ctx_0005_mpc_0002_incorrect_gap] A noisy retrieved note reports C (mp-1244964) with band gap -0.0724 eV. This note is intentionally marked for human review as outdated_or_incorrect.

[rank=3 score=24.9072 doc_id=h1ctx_0011_mpc_0004_incorrect_gap] A noisy retrieved note reports C (mp-1244913) with band gap -0.10600000000000001 eV. This note is intentionally marked for human review as outdated_or_incorrect.","The retrieved context does not provide a reliable value for the band gap of C, as all provided values are marked as outdated or incorrect.",outdated_or_incorrect,,1.0,qwen_judge,"The answer correctly states that the retrieved context does not provide a reliable value for the band gap of C, as all provided values are marked as outdated or incorrect. This is directly supported by the context.",362,465,safety_aware
rag_mpc_0033_incorrect_gap,materials,qwen_output,What is the band gap of C?,"[rank=1 score=24.9072 doc_id=h1ctx_0002_mpc_0001_incorrect_gap] A noisy retrieved note reports C (mp-1197903) with band gap -0.07970000000000001 eV. This note is intentionally marked for human review as outdated_or_incorrect.

[rank=2 score=24.9072 doc_id=h1ctx_0005_mpc_0002_incorrect_gap] A noisy retrieved note reports C (mp-1244964) with band gap -0.0724 eV. This note is intentionally marked for human review as outdated_or_incorrect.

[rank=3 score=24.9072 doc_id=h1ctx_0011_mpc_0004_incorrect_gap] A noisy retrieved note reports C (mp-1244913) with band gap -0.10600000000000001 eV. This note is intentionally marked for human review as outdated_or_incorrect.","The retrieved context does not provide a reliable value for the band gap of C, as all provided values are marked as outdated or incorrect.",outdated_or_incorrect,,1.0,qwen_judge,"The answer correctly states that the retrieved context does not provide a reliable value for the band gap of C, as all provided values are marked as outdated or incorrect. This is directly supported by the context.",362,465,safety_aware
rag_mpc_0033_incomplete_stability,materials,qwen_output,Is C thermodynamically stable?,"[rank=1 score=24.2768 doc_id=h1ctx_0002_mpc_0001_incorrect_gap] A noisy retrieved note reports C (mp-1197903) with band gap -0.07970000000000001 eV. This note is intentionally marked for human review as outdated_or_incorrect.

[rank=2 score=24.2768 doc_id=h1ctx_0005_mpc_0002_incorrect_gap] A noisy retrieved note reports C (mp-1244964) with band gap -0.0724 eV. This note is intentionally marked for human review as outdated_or_incorrect.

[rank=3 score=24.2768 doc_id=h1ctx_0011_mpc_0004_incorrect_gap] A noisy retrieved note reports C (mp-1244913) with band gap -0.10600000000000001 eV. This note is intentionally marked for human review as outdated_or_incorrect.","The retrieved context does not provide sufficient information to determine if C is thermodynamically stable. The notes available are marked as outdated or incorrect and focus on band gap, which is not directly indicative of thermodynamic stability.",outdated_or_incorrect,,0.5,qwen_judge,"The answer correctly states that the retrieved context does not provide sufficient information to determine if C is thermodynamically stable. The context focuses on band gap, which is not directly related to thermodynamic stability. However, the answer could have more explicitly noted that the provided data are marked as outdated or incorrect, which further weakens any potential claims about C's properties.",377,512,safety_aware
rag_mpc_0034_current_gap,materials,qwen_output,What is the band gap of C?,"[rank=1 score=24.9072 doc_id=h1ctx_0002_mpc_0001_incorrect_gap] A noisy retrieved note reports C (mp-1197903) with band gap -0.07970000000000001 eV. This note is intentionally marked for human review as outdated_or_incorrect.

[rank=2 score=24.9072 doc_id=h1ctx_0005_mpc_0002_incorrect_gap] A noisy retrieved note reports C (mp-1244964) with band gap -0.0724 eV. This note is intentionally marked for human review as outdated_or_incorrect.

[rank=3 score=24.9072 doc_id=h1ctx_0011_mpc_0004_incorrect_gap] A noisy retrieved note reports C (mp-1244913) with band gap -0.10600000000000001 eV. This note is intentionally marked for human review as outdated_or_incorrect.","The retrieved context does not provide a reliable value for the band gap of C, as all provided values are marked as outdated or incorrect.",outdated_or_incorrect,,1.0,qwen_judge,"The answer correctly states that the retrieved context does not provide a reliable value for the band gap of C, as all provided values are marked as outdated or incorrect. This is directly supported by the context.",362,465,safety_aware
rag_mpc_0034_incorrect_gap,materials,qwen_output,What is the band gap of C?,"[rank=1 score=24.9072 doc_id=h1ctx_0002_mpc_0001_incorrect_gap] A noisy retrieved note reports C (mp-1197903) with band gap -0.07970000000000001 eV. This note is intentionally marked for human review as outdated_or_incorrect.

[rank=2 score=24.9072 doc_id=h1ctx_0005_mpc_0002_incorrect_gap] A noisy retrieved note reports C (mp-1244964) with band gap -0.0724 eV. This note is intentionally marked for human review as outdated_or_incorrect.

[rank=3 score=24.9072 doc_id=h1ctx_0011_mpc_0004_incorrect_gap] A noisy retrieved note reports C (mp-1244913) with band gap -0.10600000000000001 eV. This note is intentionally marked for human review as outdated_or_incorrect.","The retrieved context does not provide a reliable value for the band gap of C, as all provided values are marked as outdated or incorrect.",outdated_or_incorrect,,1.0,qwen_judge,"The answer correctly states that the retrieved context does not provide a reliable value for the band gap of C, as all provided values are marked as outdated or incorrect. This is directly supported by the context.",362,465,safety_aware
rag_mpc_0034_incomplete_stability,materials,qwen_output,Is C thermodynamically stable?,"[rank=1 score=24.2768 doc_id=h1ctx_0002_mpc_0001_incorrect_gap] A noisy retrieved note reports C (mp-1197903) with band gap -0.07970000000000001 eV. This note is intentionally marked for human review as outdated_or_incorrect.

[rank=2 score=24.2768 doc_id=h1ctx_0005_mpc_0002_incorrect_gap] A noisy retrieved note reports C (mp-1244964) with band gap -0.0724 eV. This note is intentionally marked for human review as outdated_or_incorrect.

[rank=3 score=24.2768 doc_id=h1ctx_0011_mpc_0004_incorrect_gap] A noisy retrieved note reports C (mp-1244913) with band gap -0.10600000000000001 eV. This note is intentionally marked for human review as outdated_or_incorrect.","The retrieved context does not provide sufficient information to determine if C is thermodynamically stable. The notes available are marked as outdated or incorrect and focus on band gap, which is not directly indicative of thermodynamic stability.",outdated_or_incorrect,,0.5,qwen_judge,"The answer correctly states that the retrieved context does not provide sufficient information to determine if C is thermodynamically stable. The context focuses on band gap, which is not directly related to thermodynamic stability. However, the answer could have more explicitly noted that the provided data are marked as outdated or incorrect, which further weakens any potential claims about C's properties.",377,512,safety_aware
rag_mpc_0035_current_gap,materials,qwen_output,What is the band gap of H2?,"[rank=1 score=26.5640 doc_id=h1ctx_0086_mpc_0029_incorrect_gap] A noisy retrieved note reports H2 (mp-2739136) with band gap -10.5108 eV. This note is intentionally marked for human review as outdated_or_incorrect.

[rank=2 score=26.5640 doc_id=h1ctx_0092_mpc_0031_incorrect_gap] A noisy retrieved note reports H2 (mp-632172) with band gap -9.328899999999999 eV. This note is intentionally marked for human review as outdated_or_incorrect.

[rank=3 score=26.5640 doc_id=h1ctx_0104_mpc_0035_incorrect_gap] A noisy retrieved note reports H2 (mp-632291) with band gap -8.8499 eV. This note is intentionally marked for human review as outdated_or_incorrect.","The retrieved context provides band gap values for H2, but all are marked as outdated or incorrect. Therefore, the information is insufficient to determine the accurate band gap of H2.",outdated_or_incorrect,,1.0,qwen_judge,"The answer accurately reflects the content of the retrieved context, which provides band gap values for H2 but marks all of them as outdated or incorrect. The response correctly states that the information is insufficient to determine the accurate band gap of H2, aligning with the provided context.",359,477,safety_aware
rag_mpc_0035_incorrect_gap,materials,qwen_output,What is the band gap of H2?,"[rank=1 score=26.5640 doc_id=h1ctx_0086_mpc_0029_incorrect_gap] A noisy retrieved note reports H2 (mp-2739136) with band gap -10.5108 eV. This note is intentionally marked for human review as outdated_or_incorrect.

[rank=2 score=26.5640 doc_id=h1ctx_0092_mpc_0031_incorrect_gap] A noisy retrieved note reports H2 (mp-632172) with band gap -9.328899999999999 eV. This note is intentionally marked for human review as outdated_or_incorrect.

[rank=3 score=26.5640 doc_id=h1ctx_0104_mpc_0035_incorrect_gap] A noisy retrieved note reports H2 (mp-632291) with band gap -8.8499 eV. This note is intentionally marked for human review as outdated_or_incorrect.","The retrieved context provides band gap values for H2, but all are marked as outdated or incorrect. Therefore, the information is insufficient to determine the accurate band gap of H2.",outdated_or_incorrect,,1.0,qwen_judge,"The answer accurately reflects the content of the retrieved context, which provides band gap values for H2 but marks all of them as outdated or incorrect. The response correctly states that the information is insufficient to determine the accurate band gap of H2, aligning with the provided context.",359,477,safety_aware
rag_mpc_0035_incomplete_stability,materials,qwen_output,Is H2 thermodynamically stable?,"[rank=1 score=25.9335 doc_id=h1ctx_0086_mpc_0029_incorrect_gap] A noisy retrieved note reports H2 (mp-2739136) with band gap -10.5108 eV. This note is intentionally marked for human review as outdated_or_incorrect.

[rank=2 score=25.9335 doc_id=h1ctx_0092_mpc_0031_incorrect_gap] A noisy retrieved note reports H2 (mp-632172) with band gap -9.328899999999999 eV. This note is intentionally marked for human review as outdated_or_incorrect.

[rank=3 score=25.9335 doc_id=h1ctx_0104_mpc_0035_incorrect_gap] A noisy retrieved note reports H2 (mp-632291) with band gap -8.8499 eV. This note is intentionally marked for human review as outdated_or_incorrect.","The retrieved context does not provide sufficient information to determine the thermodynamic stability of H2. The provided data is marked as outdated or incorrect and relates to band gaps, which are not directly indicative of thermodynamic stability.",outdated_or_incorrect,,1.0,qwen_judge,"The answer accurately reflects that the retrieved context does not provide sufficient information to determine the thermodynamic stability of H2, and it correctly notes that the provided data is marked as outdated or incorrect. The response also appropriately clarifies that the band gap data in the context is not directly indicative of thermodynamic stability.",365,489,safety_aware
rag_mpc_0036_current_gap,materials,qwen_output,What is the band gap of Rb?,"[rank=1 score=27.0055 doc_id=h1ctx_0107_mpc_0036_incorrect_gap] A noisy retrieved note reports Rb (mp-1179832) with band gap -0.11029999999999901 eV. This note is intentionally marked for human review as outdated_or_incorrect.

[rank=2 score=25.0654 doc_id=mp_0003] Materials Project reports Rb (mp-1179802). Band gap: 0.0 eV. Formation energy per atom: 0.0536492825 eV/atom. Energy above hull: 0.0536492825 eV/atom. Stable: False.

[rank=3 score=25.0654 doc_id=mp_0032] Materials Project reports Rb (mp-640416). Band gap: 0.0 eV. Formation energy per atom: 0.056727803749999 eV/atom. Energy above hull: 0.056727803749999 eV/atom. Stable: False.",0.0 eV,outdated_or_incorrect,,1.0,qwen_judge,The answer of 0.0 eV for the band gap of Rb is directly supported by the context from both Materials Project reports (mp-1179802 and mp-640416) which state that the band gap is 0.0 eV.,379,503,safety_aware
rag_mpc_0036_incorrect_gap,materials,qwen_output,What is the band gap of Rb?,"[rank=1 score=27.0055 doc_id=h1ctx_0107_mpc_0036_incorrect_gap] A noisy retrieved note reports Rb (mp-1179832) with band gap -0.11029999999999901 eV. This note is intentionally marked for human review as outdated_or_incorrect.

[rank=2 score=25.0654 doc_id=mp_0003] Materials Project reports Rb (mp-1179802). Band gap: 0.0 eV. Formation energy per atom: 0.0536492825 eV/atom. Energy above hull: 0.0536492825 eV/atom. Stable: False.

[rank=3 score=25.0654 doc_id=mp_0032] Materials Project reports Rb (mp-640416). Band gap: 0.0 eV. Formation energy per atom: 0.056727803749999 eV/atom. Energy above hull: 0.056727803749999 eV/atom. Stable: False.",0.0 eV,outdated_or_incorrect,,1.0,qwen_judge,The answer of 0.0 eV for the band gap of Rb is directly supported by the context from both Materials Project reports (mp-1179802 and mp-640416) which state that the band gap is 0.0 eV.,379,503,safety_aware
rag_mpc_0036_incomplete_stability,materials,qwen_output,Is Rb thermodynamically stable?,"[rank=1 score=26.3750 doc_id=h1ctx_0107_mpc_0036_incorrect_gap] A noisy retrieved note reports Rb (mp-1179832) with band gap -0.11029999999999901 eV. This note is intentionally marked for human review as outdated_or_incorrect.

[rank=2 score=25.2736 doc_id=h1ctx_0108_mpc_0036_incomplete_stability] A short retrieved snippet mentions Rb (mp-1179832) as stable, but omits formation energy, hull distance, and thermodynamic qualification.

[rank=3 score=24.7585 doc_id=mp_0003] Materials Project reports Rb (mp-1179802). Band gap: 0.0 eV. Formation energy per atom: 0.0536492825 eV/atom. Energy above hull: 0.0536492825 eV/atom. Stable: False.","No, Rb is not thermodynamically stable. The Materials Project (mp-1179802) reports that Rb has an energy above hull of 0.0536492825 eV/atom and is marked as unstable.",outdated_or_incorrect,,1.0,qwen_judge,"The answer is fully supported by the retrieved context, specifically the third document (doc_id=mp_0003) which states that Rb (mp-1179802) has an energy above hull of 0.0536492825 eV/atom and is marked as unstable in the Materials Project.",393,530,safety_aware
rag_mpc_0037_current_gap,materials,qwen_output,What is the band gap of H2?,"[rank=1 score=26.5640 doc_id=h1ctx_0086_mpc_0029_incorrect_gap] A noisy retrieved note reports H2 (mp-2739136) with band gap -10.5108 eV. This note is intentionally marked for human review as outdated_or_incorrect.

[rank=2 score=26.5640 doc_id=h1ctx_0092_mpc_0031_incorrect_gap] A noisy retrieved note reports H2 (mp-632172) with band gap -9.328899999999999 eV. This note is intentionally marked for human review as outdated_or_incorrect.

[rank=3 score=26.5640 doc_id=h1ctx_0104_mpc_0035_incorrect_gap] A noisy retrieved note reports H2 (mp-632291) with band gap -8.8499 eV. This note is intentionally marked for human review as outdated_or_incorrect.","The retrieved context provides band gap values for H2, but all are marked as outdated or incorrect. Therefore, the information is insufficient to determine the accurate band gap of H2.",outdated_or_incorrect,,1.0,qwen_judge,"The answer accurately reflects the content of the retrieved context, which provides band gap values for H2 but marks all of them as outdated or incorrect. The response correctly states that the information is insufficient to determine the accurate band gap of H2, aligning with the provided context.",359,477,safety_aware
rag_mpc_0037_incorrect_gap,materials,qwen_output,What is the band gap of H2?,"[rank=1 score=26.5640 doc_id=h1ctx_0086_mpc_0029_incorrect_gap] A noisy retrieved note reports H2 (mp-2739136) with band gap -10.5108 eV. This note is intentionally marked for human review as outdated_or_incorrect.

[rank=2 score=26.5640 doc_id=h1ctx_0092_mpc_0031_incorrect_gap] A noisy retrieved note reports H2 (mp-632172) with band gap -9.328899999999999 eV. This note is intentionally marked for human review as outdated_or_incorrect.

[rank=3 score=26.5640 doc_id=h1ctx_0104_mpc_0035_incorrect_gap] A noisy retrieved note reports H2 (mp-632291) with band gap -8.8499 eV. This note is intentionally marked for human review as outdated_or_incorrect.","The retrieved context provides band gap values for H2, but all are marked as outdated or incorrect. Therefore, the information is insufficient to determine the accurate band gap of H2.",outdated_or_incorrect,,1.0,qwen_judge,"The answer accurately reflects the content of the retrieved context, which provides band gap values for H2 but marks all of them as outdated or incorrect. The response correctly states that the information is insufficient to determine the accurate band gap of H2, aligning with the provided context.",359,477,safety_aware
rag_mpc_0037_incomplete_stability,materials,qwen_output,Is H2 thermodynamically stable?,"[rank=1 score=25.9335 doc_id=h1ctx_0086_mpc_0029_incorrect_gap] A noisy retrieved note reports H2 (mp-2739136) with band gap -10.5108 eV. This note is intentionally marked for human review as outdated_or_incorrect.

[rank=2 score=25.9335 doc_id=h1ctx_0092_mpc_0031_incorrect_gap] A noisy retrieved note reports H2 (mp-632172) with band gap -9.328899999999999 eV. This note is intentionally marked for human review as outdated_or_incorrect.

[rank=3 score=25.9335 doc_id=h1ctx_0104_mpc_0035_incorrect_gap] A noisy retrieved note reports H2 (mp-632291) with band gap -8.8499 eV. This note is intentionally marked for human review as outdated_or_incorrect.","The retrieved context does not provide sufficient information to determine the thermodynamic stability of H2. The provided data is marked as outdated or incorrect and relates to band gaps, which are not directly indicative of thermodynamic stability.",outdated_or_incorrect,,1.0,qwen_judge,"The answer accurately reflects that the retrieved context does not provide sufficient information to determine the thermodynamic stability of H2, and it correctly notes that the provided data is marked as outdated or incorrect. The response also appropriately clarifies that the band gap data in the context is not directly indicative of thermodynamic stability.",365,489,safety_aware
rag_mpc_0038_current_gap,materials,qwen_output,What is the band gap of Si?,"[rank=1 score=25.8113 doc_id=h1ctx_0050_mpc_0017_incorrect_gap] A noisy retrieved note reports Si (mp-1079297) with band gap -0.2735 eV. This note is intentionally marked for human review as outdated_or_incorrect.

[rank=2 score=25.8113 doc_id=h1ctx_0080_mpc_0027_incorrect_gap] A noisy retrieved note reports Si (mp-1204046) with band gap -0.15080000000000002 eV. This note is intentionally marked for human review as outdated_or_incorrect.

[rank=3 score=25.8113 doc_id=h1ctx_0113_mpc_0038_incorrect_gap] A noisy retrieved note reports Si (mp-999200) with band gap -0.439799999999999 eV. This note is intentionally marked for human review as outdated_or_incorrect.","The provided context does not contain the correct band gap value for Si, as all entries are marked as outdated_or_incorrect.",outdated_or_incorrect,,1.0,qwen_judge,"The answer correctly states that the provided context does not contain the correct band gap value for Si, as all entries are marked as outdated_or_incorrect. This is fully supported by the retrieved context.",357,459,safety_aware
rag_mpc_0038_incorrect_gap,materials,qwen_output,What is the band gap of Si?,"[rank=1 score=25.8113 doc_id=h1ctx_0050_mpc_0017_incorrect_gap] A noisy retrieved note reports Si (mp-1079297) with band gap -0.2735 eV. This note is intentionally marked for human review as outdated_or_incorrect.

[rank=2 score=25.8113 doc_id=h1ctx_0080_mpc_0027_incorrect_gap] A noisy retrieved note reports Si (mp-1204046) with band gap -0.15080000000000002 eV. This note is intentionally marked for human review as outdated_or_incorrect.

[rank=3 score=25.8113 doc_id=h1ctx_0113_mpc_0038_incorrect_gap] A noisy retrieved note reports Si (mp-999200) with band gap -0.439799999999999 eV. This note is intentionally marked for human review as outdated_or_incorrect.","The provided context does not contain the correct band gap value for Si, as all entries are marked as outdated_or_incorrect.",outdated_or_incorrect,,1.0,qwen_judge,"The answer correctly states that the provided context does not contain the correct band gap value for Si, as all entries are marked as outdated_or_incorrect. This is fully supported by the retrieved context.",357,459,safety_aware
rag_mpc_0038_incomplete_stability,materials,qwen_output,Is Si thermodynamically stable?,"[rank=1 score=25.1808 doc_id=h1ctx_0050_mpc_0017_incorrect_gap] A noisy retrieved note reports Si (mp-1079297) with band gap -0.2735 eV. This note is intentionally marked for human review as outdated_or_incorrect.

[rank=2 score=25.1808 doc_id=h1ctx_0080_mpc_0027_incorrect_gap] A noisy retrieved note reports Si (mp-1204046) with band gap -0.15080000000000002 eV. This note is intentionally marked for human review as outdated_or_incorrect.

[rank=3 score=25.1808 doc_id=h1ctx_0113_mpc_0038_incorrect_gap] A noisy retrieved note reports Si (mp-999200) with band gap -0.439799999999999 eV. This note is intentionally marked for human review as outdated_or_incorrect.","The retrieved context does not provide sufficient information to determine the thermodynamic stability of Si. The provided data is marked as outdated or incorrect and pertains to band gaps, which are not directly indicative of thermodynamic stability.",outdated_or_incorrect,,1.0,qwen_judge,"The answer correctly states that the retrieved context does not provide sufficient information to determine the thermodynamic stability of Si, and it points out that the data is marked as outdated or incorrect. The response also accurately notes that the provided data on band gaps is not directly related to thermodynamic stability.",374,494,safety_aware
rag_mpc_0039_current_gap,materials,qwen_output,What is the band gap of S?,"[rank=1 score=25.2867 doc_id=h1ctx_0068_mpc_0023_incorrect_gap] A noisy retrieved note reports S (mp-96) with band gap -2.748 eV. This note is intentionally marked for human review as outdated_or_incorrect.

[rank=2 score=25.2867 doc_id=h1ctx_0116_mpc_0039_incorrect_gap] A noisy retrieved note reports S (mp-556269) with band gap -2.3783 eV. This note is intentionally marked for human review as outdated_or_incorrect.

[rank=3 score=25.2867 doc_id=h1ctx_0119_mpc_0040_incorrect_gap] A noisy retrieved note reports S (mp-557559) with band gap -2.496299999999999 eV. This note is intentionally marked for human review as outdated_or_incorrect.",The provided context does not contain a reliable value for the band gap of S. The information available is marked as outdated or incorrect.,outdated_or_incorrect,,1.0,qwen_judge,"The answer correctly identifies that the provided context does not contain a reliable value for the band gap of S, as all the information available is marked as outdated or incorrect.",338,434,safety_aware
rag_mpc_0039_incorrect_gap,materials,qwen_output,What is the band gap of S?,"[rank=1 score=25.2867 doc_id=h1ctx_0068_mpc_0023_incorrect_gap] A noisy retrieved note reports S (mp-96) with band gap -2.748 eV. This note is intentionally marked for human review as outdated_or_incorrect.

[rank=2 score=25.2867 doc_id=h1ctx_0116_mpc_0039_incorrect_gap] A noisy retrieved note reports S (mp-556269) with band gap -2.3783 eV. This note is intentionally marked for human review as outdated_or_incorrect.

[rank=3 score=25.2867 doc_id=h1ctx_0119_mpc_0040_incorrect_gap] A noisy retrieved note reports S (mp-557559) with band gap -2.496299999999999 eV. This note is intentionally marked for human review as outdated_or_incorrect.",The provided context does not contain a reliable value for the band gap of S. The information available is marked as outdated or incorrect.,outdated_or_incorrect,,1.0,qwen_judge,"The answer correctly identifies that the provided context does not contain a reliable value for the band gap of S, as all the information available is marked as outdated or incorrect.",338,434,safety_aware
rag_mpc_0039_incomplete_stability,materials,qwen_output,Is S thermodynamically stable?,"[rank=1 score=24.6562 doc_id=h1ctx_0068_mpc_0023_incorrect_gap] A noisy retrieved note reports S (mp-96) with band gap -2.748 eV. This note is intentionally marked for human review as outdated_or_incorrect.

[rank=2 score=24.6562 doc_id=h1ctx_0116_mpc_0039_incorrect_gap] A noisy retrieved note reports S (mp-556269) with band gap -2.3783 eV. This note is intentionally marked for human review as outdated_or_incorrect.

[rank=3 score=24.6562 doc_id=h1ctx_0119_mpc_0040_incorrect_gap] A noisy retrieved note reports S (mp-557559) with band gap -2.496299999999999 eV. This note is intentionally marked for human review as outdated_or_incorrect.","The retrieved context does not provide sufficient information to determine the thermodynamic stability of S. The notes available are marked as outdated or incorrect and primarily discuss band gaps, which do not directly indicate thermodynamic stability.",outdated_or_incorrect,,1.0,qwen_judge,"The answer accurately reflects the content of the retrieved context, which does not provide sufficient information to determine the thermodynamic stability of S. The context notes are marked as outdated or incorrect and focus on band gaps, which do not directly indicate thermodynamic stability.",352,465,safety_aware
rag_mpc_0040_current_gap,materials,qwen_output,What is the band gap of S?,"[rank=1 score=25.2867 doc_id=h1ctx_0068_mpc_0023_incorrect_gap] A noisy retrieved note reports S (mp-96) with band gap -2.748 eV. This note is intentionally marked for human review as outdated_or_incorrect.

[rank=2 score=25.2867 doc_id=h1ctx_0116_mpc_0039_incorrect_gap] A noisy retrieved note reports S (mp-556269) with band gap -2.3783 eV. This note is intentionally marked for human review as outdated_or_incorrect.

[rank=3 score=25.2867 doc_id=h1ctx_0119_mpc_0040_incorrect_gap] A noisy retrieved note reports S (mp-557559) with band gap -2.496299999999999 eV. This note is intentionally marked for human review as outdated_or_incorrect.",The provided context does not contain a reliable value for the band gap of S. The information available is marked as outdated or incorrect.,outdated_or_incorrect,,1.0,qwen_judge,"The answer correctly identifies that the provided context does not contain a reliable value for the band gap of S, as all the information available is marked as outdated or incorrect.",338,434,safety_aware
rag_mpc_0040_incorrect_gap,materials,qwen_output,What is the band gap of S?,"[rank=1 score=25.2867 doc_id=h1ctx_0068_mpc_0023_incorrect_gap] A noisy retrieved note reports S (mp-96) with band gap -2.748 eV. This note is intentionally marked for human review as outdated_or_incorrect.

[rank=2 score=25.2867 doc_id=h1ctx_0116_mpc_0039_incorrect_gap] A noisy retrieved note reports S (mp-556269) with band gap -2.3783 eV. This note is intentionally marked for human review as outdated_or_incorrect.

[rank=3 score=25.2867 doc_id=h1ctx_0119_mpc_0040_incorrect_gap] A noisy retrieved note reports S (mp-557559) with band gap -2.496299999999999 eV. This note is intentionally marked for human review as outdated_or_incorrect.",The provided context does not contain a reliable value for the band gap of S. The information available is marked as outdated or incorrect.,outdated_or_incorrect,,1.0,qwen_judge,"The answer correctly identifies that the provided context does not contain a reliable value for the band gap of S, as all the information available is marked as outdated or incorrect.",338,434,safety_aware
rag_mpc_0040_incomplete_stability,materials,qwen_output,Is S thermodynamically stable?,"[rank=1 score=24.6562 doc_id=h1ctx_0068_mpc_0023_incorrect_gap] A noisy retrieved note reports S (mp-96) with band gap -2.748 eV. This note is intentionally marked for human review as outdated_or_incorrect.

[rank=2 score=24.6562 doc_id=h1ctx_0116_mpc_0039_incorrect_gap] A noisy retrieved note reports S (mp-556269) with band gap -2.3783 eV. This note is intentionally marked for human review as outdated_or_incorrect.

[rank=3 score=24.6562 doc_id=h1ctx_0119_mpc_0040_incorrect_gap] A noisy retrieved note reports S (mp-557559) with band gap -2.496299999999999 eV. This note is intentionally marked for human review as outdated_or_incorrect.","The retrieved context does not provide sufficient information to determine the thermodynamic stability of S. The notes available are marked as outdated or incorrect and primarily discuss band gaps, which do not directly indicate thermodynamic stability.",outdated_or_incorrect,,1.0,qwen_judge,"The answer accurately reflects the content of the retrieved context, which does not provide sufficient information to determine the thermodynamic stability of S. The context notes are marked as outdated or incorrect and focus on band gaps, which do not directly indicate thermodynamic stability.",352,465,safety_aware
rag_mpc_0041_current_gap,materials,qwen_output,What is the band gap of S?,"[rank=1 score=25.2867 doc_id=h1ctx_0068_mpc_0023_incorrect_gap] A noisy retrieved note reports S (mp-96) with band gap -2.748 eV. This note is intentionally marked for human review as outdated_or_incorrect.

[rank=2 score=25.2867 doc_id=h1ctx_0116_mpc_0039_incorrect_gap] A noisy retrieved note reports S (mp-556269) with band gap -2.3783 eV. This note is intentionally marked for human review as outdated_or_incorrect.

[rank=3 score=25.2867 doc_id=h1ctx_0119_mpc_0040_incorrect_gap] A noisy retrieved note reports S (mp-557559) with band gap -2.496299999999999 eV. This note is intentionally marked for human review as outdated_or_incorrect.",The provided context does not contain a reliable value for the band gap of S. The information available is marked as outdated or incorrect.,outdated_or_incorrect,,1.0,qwen_judge,"The answer correctly identifies that the provided context does not contain a reliable value for the band gap of S, as all the information available is marked as outdated or incorrect.",338,434,safety_aware
rag_mpc_0041_incorrect_gap,materials,qwen_output,What is the band gap of S?,"[rank=1 score=25.2867 doc_id=h1ctx_0068_mpc_0023_incorrect_gap] A noisy retrieved note reports S (mp-96) with band gap -2.748 eV. This note is intentionally marked for human review as outdated_or_incorrect.

[rank=2 score=25.2867 doc_id=h1ctx_0116_mpc_0039_incorrect_gap] A noisy retrieved note reports S (mp-556269) with band gap -2.3783 eV. This note is intentionally marked for human review as outdated_or_incorrect.

[rank=3 score=25.2867 doc_id=h1ctx_0119_mpc_0040_incorrect_gap] A noisy retrieved note reports S (mp-557559) with band gap -2.496299999999999 eV. This note is intentionally marked for human review as outdated_or_incorrect.",The provided context does not contain a reliable value for the band gap of S. The information available is marked as outdated or incorrect.,outdated_or_incorrect,,1.0,qwen_judge,"The answer correctly identifies that the provided context does not contain a reliable value for the band gap of S, as all the information available is marked as outdated or incorrect.",338,434,safety_aware
rag_mpc_0041_incomplete_stability,materials,qwen_output,Is S thermodynamically stable?,"[rank=1 score=24.6562 doc_id=h1ctx_0068_mpc_0023_incorrect_gap] A noisy retrieved note reports S (mp-96) with band gap -2.748 eV. This note is intentionally marked for human review as outdated_or_incorrect.

[rank=2 score=24.6562 doc_id=h1ctx_0116_mpc_0039_incorrect_gap] A noisy retrieved note reports S (mp-556269) with band gap -2.3783 eV. This note is intentionally marked for human review as outdated_or_incorrect.

[rank=3 score=24.6562 doc_id=h1ctx_0119_mpc_0040_incorrect_gap] A noisy retrieved note reports S (mp-557559) with band gap -2.496299999999999 eV. This note is intentionally marked for human review as outdated_or_incorrect.","The retrieved context does not provide sufficient information to determine the thermodynamic stability of S. The notes available are marked as outdated or incorrect and primarily discuss band gaps, which do not directly indicate thermodynamic stability.",outdated_or_incorrect,,1.0,qwen_judge,"The answer accurately reflects the content of the retrieved context, which does not provide sufficient information to determine the thermodynamic stability of S. The context notes are marked as outdated or incorrect and focus on band gaps, which do not directly indicate thermodynamic stability.",352,465,safety_aware
rag_mpc_0042_current_gap,materials,qwen_output,What is the band gap of S?,"[rank=1 score=25.2867 doc_id=h1ctx_0068_mpc_0023_incorrect_gap] A noisy retrieved note reports S (mp-96) with band gap -2.748 eV. This note is intentionally marked for human review as outdated_or_incorrect.

[rank=2 score=25.2867 doc_id=h1ctx_0116_mpc_0039_incorrect_gap] A noisy retrieved note reports S (mp-556269) with band gap -2.3783 eV. This note is intentionally marked for human review as outdated_or_incorrect.

[rank=3 score=25.2867 doc_id=h1ctx_0119_mpc_0040_incorrect_gap] A noisy retrieved note reports S (mp-557559) with band gap -2.496299999999999 eV. This note is intentionally marked for human review as outdated_or_incorrect.",The provided context does not contain a reliable value for the band gap of S. The information available is marked as outdated or incorrect.,outdated_or_incorrect,,1.0,qwen_judge,"The answer correctly identifies that the provided context does not contain a reliable value for the band gap of S, as all the information available is marked as outdated or incorrect.",338,434,safety_aware
rag_mpc_0042_incorrect_gap,materials,qwen_output,What is the band gap of S?,"[rank=1 score=25.2867 doc_id=h1ctx_0068_mpc_0023_incorrect_gap] A noisy retrieved note reports S (mp-96) with band gap -2.748 eV. This note is intentionally marked for human review as outdated_or_incorrect.

[rank=2 score=25.2867 doc_id=h1ctx_0116_mpc_0039_incorrect_gap] A noisy retrieved note reports S (mp-556269) with band gap -2.3783 eV. This note is intentionally marked for human review as outdated_or_incorrect.

[rank=3 score=25.2867 doc_id=h1ctx_0119_mpc_0040_incorrect_gap] A noisy retrieved note reports S (mp-557559) with band gap -2.496299999999999 eV. This note is intentionally marked for human review as outdated_or_incorrect.",The provided context does not contain a reliable value for the band gap of S. The information available is marked as outdated or incorrect.,outdated_or_incorrect,,1.0,qwen_judge,"The answer correctly identifies that the provided context does not contain a reliable value for the band gap of S, as all the information available is marked as outdated or incorrect.",338,434,safety_aware
rag_mpc_0042_incomplete_stability,materials,qwen_output,Is S thermodynamically stable?,"[rank=1 score=24.6562 doc_id=h1ctx_0068_mpc_0023_incorrect_gap] A noisy retrieved note reports S (mp-96) with band gap -2.748 eV. This note is intentionally marked for human review as outdated_or_incorrect.

[rank=2 score=24.6562 doc_id=h1ctx_0116_mpc_0039_incorrect_gap] A noisy retrieved note reports S (mp-556269) with band gap -2.3783 eV. This note is intentionally marked for human review as outdated_or_incorrect.

[rank=3 score=24.6562 doc_id=h1ctx_0119_mpc_0040_incorrect_gap] A noisy retrieved note reports S (mp-557559) with band gap -2.496299999999999 eV. This note is intentionally marked for human review as outdated_or_incorrect.","The retrieved context does not provide sufficient information to determine the thermodynamic stability of S. The notes available are marked as outdated or incorrect and primarily discuss band gaps, which do not directly indicate thermodynamic stability.",outdated_or_incorrect,,1.0,qwen_judge,"The answer accurately reflects the content of the retrieved context, which does not provide sufficient information to determine the thermodynamic stability of S. The context notes are marked as outdated or incorrect and focus on band gaps, which do not directly indicate thermodynamic stability.",352,465,safety_aware
rag_mpc_0043_current_gap,materials,qwen_output,What is the band gap of S?,"[rank=1 score=25.2867 doc_id=h1ctx_0068_mpc_0023_incorrect_gap] A noisy retrieved note reports S (mp-96) with band gap -2.748 eV. This note is intentionally marked for human review as outdated_or_incorrect.

[rank=2 score=25.2867 doc_id=h1ctx_0116_mpc_0039_incorrect_gap] A noisy retrieved note reports S (mp-556269) with band gap -2.3783 eV. This note is intentionally marked for human review as outdated_or_incorrect.

[rank=3 score=25.2867 doc_id=h1ctx_0119_mpc_0040_incorrect_gap] A noisy retrieved note reports S (mp-557559) with band gap -2.496299999999999 eV. This note is intentionally marked for human review as outdated_or_incorrect.",The provided context does not contain a reliable value for the band gap of S. The information available is marked as outdated or incorrect.,outdated_or_incorrect,,1.0,qwen_judge,"The answer correctly identifies that the provided context does not contain a reliable value for the band gap of S, as all the information available is marked as outdated or incorrect.",338,434,safety_aware
rag_mpc_0043_incorrect_gap,materials,qwen_output,What is the band gap of S?,"[rank=1 score=25.2867 doc_id=h1ctx_0068_mpc_0023_incorrect_gap] A noisy retrieved note reports S (mp-96) with band gap -2.748 eV. This note is intentionally marked for human review as outdated_or_incorrect.

[rank=2 score=25.2867 doc_id=h1ctx_0116_mpc_0039_incorrect_gap] A noisy retrieved note reports S (mp-556269) with band gap -2.3783 eV. This note is intentionally marked for human review as outdated_or_incorrect.

[rank=3 score=25.2867 doc_id=h1ctx_0119_mpc_0040_incorrect_gap] A noisy retrieved note reports S (mp-557559) with band gap -2.496299999999999 eV. This note is intentionally marked for human review as outdated_or_incorrect.",The provided context does not contain a reliable value for the band gap of S. The information available is marked as outdated or incorrect.,outdated_or_incorrect,,1.0,qwen_judge,"The answer correctly identifies that the provided context does not contain a reliable value for the band gap of S, as all the information available is marked as outdated or incorrect.",338,434,safety_aware
rag_mpc_0043_incomplete_stability,materials,qwen_output,Is S thermodynamically stable?,"[rank=1 score=24.6562 doc_id=h1ctx_0068_mpc_0023_incorrect_gap] A noisy retrieved note reports S (mp-96) with band gap -2.748 eV. This note is intentionally marked for human review as outdated_or_incorrect.

[rank=2 score=24.6562 doc_id=h1ctx_0116_mpc_0039_incorrect_gap] A noisy retrieved note reports S (mp-556269) with band gap -2.3783 eV. This note is intentionally marked for human review as outdated_or_incorrect.

[rank=3 score=24.6562 doc_id=h1ctx_0119_mpc_0040_incorrect_gap] A noisy retrieved note reports S (mp-557559) with band gap -2.496299999999999 eV. This note is intentionally marked for human review as outdated_or_incorrect.","The retrieved context does not provide sufficient information to determine the thermodynamic stability of S. The notes available are marked as outdated or incorrect and primarily discuss band gaps, which do not directly indicate thermodynamic stability.",outdated_or_incorrect,,1.0,qwen_judge,"The answer accurately reflects the content of the retrieved context, which does not provide sufficient information to determine the thermodynamic stability of S. The context notes are marked as outdated or incorrect and focus on band gaps, which do not directly indicate thermodynamic stability.",352,465,safety_aware
rag_mpc_0044_current_gap,materials,qwen_output,What is the band gap of Hg?,"[rank=1 score=26.3922 doc_id=h1ctx_0044_mpc_0015_incorrect_gap] A noisy retrieved note reports Hg (mp-569360) with band gap -0.09670000000000001 eV. This note is intentionally marked for human review as outdated_or_incorrect.

[rank=2 score=26.3922 doc_id=h1ctx_0131_mpc_0044_incorrect_gap] A noisy retrieved note reports Hg (mp-1077098) with band gap -1.0394 eV. This note is intentionally marked for human review as outdated_or_incorrect.

[rank=3 score=26.3922 doc_id=h1ctx_0224_mpc_0075_incorrect_gap] A noisy retrieved note reports Hg (mp-2629196) with band gap -0.40890000000000004 eV. This note is intentionally marked for human review as outdated_or_incorrect.","The retrieved context provides multiple values for the band gap of Hg, but all are marked as outdated or incorrect. Therefore, the information is insufficient to accurately determine the band gap of Hg.",outdated_or_incorrect,,1.0,qwen_judge,"The answer correctly states that the retrieved context provides multiple values for the band gap of Hg, but all are marked as outdated or incorrect, leading to an inability to accurately determine the band gap based on the given information.",377,484,safety_aware
rag_mpc_0044_incorrect_gap,materials,qwen_output,What is the band gap of Hg?,"[rank=1 score=26.3922 doc_id=h1ctx_0044_mpc_0015_incorrect_gap] A noisy retrieved note reports Hg (mp-569360) with band gap -0.09670000000000001 eV. This note is intentionally marked for human review as outdated_or_incorrect.

[rank=2 score=26.3922 doc_id=h1ctx_0131_mpc_0044_incorrect_gap] A noisy retrieved note reports Hg (mp-1077098) with band gap -1.0394 eV. This note is intentionally marked for human review as outdated_or_incorrect.

[rank=3 score=26.3922 doc_id=h1ctx_0224_mpc_0075_incorrect_gap] A noisy retrieved note reports Hg (mp-2629196) with band gap -0.40890000000000004 eV. This note is intentionally marked for human review as outdated_or_incorrect.","The retrieved context provides multiple values for the band gap of Hg, but all are marked as outdated or incorrect. Therefore, the information is insufficient to accurately determine the band gap of Hg.",outdated_or_incorrect,,1.0,qwen_judge,"The answer correctly states that the retrieved context provides multiple values for the band gap of Hg, but all are marked as outdated or incorrect, leading to an inability to accurately determine the band gap based on the given information.",377,484,safety_aware
rag_mpc_0044_incomplete_stability,materials,qwen_output,Is Hg thermodynamically stable?,"[rank=1 score=25.7617 doc_id=h1ctx_0044_mpc_0015_incorrect_gap] A noisy retrieved note reports Hg (mp-569360) with band gap -0.09670000000000001 eV. This note is intentionally marked for human review as outdated_or_incorrect.

[rank=2 score=25.7617 doc_id=h1ctx_0131_mpc_0044_incorrect_gap] A noisy retrieved note reports Hg (mp-1077098) with band gap -1.0394 eV. This note is intentionally marked for human review as outdated_or_incorrect.

[rank=3 score=25.7617 doc_id=h1ctx_0224_mpc_0075_incorrect_gap] A noisy retrieved note reports Hg (mp-2629196) with band gap -0.40890000000000004 eV. This note is intentionally marked for human review as outdated_or_incorrect.","The provided context does not contain sufficient information to determine the thermodynamic stability of Hg. The retrieved notes are marked as outdated or incorrect and focus on band gap, which is not directly related to thermodynamic stability.",outdated_or_incorrect,,1.0,qwen_judge,"The answer correctly states that the provided context does not contain sufficient information to determine the thermodynamic stability of Hg, and it also notes that the retrieved notes are marked as outdated or incorrect, focusing on band gap which is not directly related to thermodynamic stability.",380,495,safety_aware
rag_mpc_0045_current_gap,materials,qwen_output,What is the band gap of Se?,"[rank=1 score=26.5640 doc_id=h1ctx_0134_mpc_0045_incorrect_gap] A noisy retrieved note reports Se (mp-542605) with band gap -1.390199999999999 eV. This note is intentionally marked for human review as outdated_or_incorrect.

[rank=2 score=26.5640 doc_id=h1ctx_0140_mpc_0047_incorrect_gap] A noisy retrieved note reports Se (mp-542461) with band gap -1.5703 eV. This note is intentionally marked for human review as outdated_or_incorrect.

[rank=3 score=26.5640 doc_id=h1ctx_0143_mpc_0048_incorrect_gap] A noisy retrieved note reports Se (mp-570481) with band gap -1.7696 eV. This note is intentionally marked for human review as outdated_or_incorrect.",The retrieved context does not provide a reliable value for the band gap of Se. The provided values are marked as outdated or incorrect.,outdated_or_incorrect,,1.0,qwen_judge,"The answer correctly states that the retrieved context does not provide a reliable value for the band gap of Se, as all provided values are marked as outdated or incorrect. This is fully supported by the given context.",343,447,safety_aware
rag_mpc_0045_incorrect_gap,materials,qwen_output,What is the band gap of Se?,"[rank=1 score=26.5640 doc_id=h1ctx_0134_mpc_0045_incorrect_gap] A noisy retrieved note reports Se (mp-542605) with band gap -1.390199999999999 eV. This note is intentionally marked for human review as outdated_or_incorrect.

[rank=2 score=26.5640 doc_id=h1ctx_0140_mpc_0047_incorrect_gap] A noisy retrieved note reports Se (mp-542461) with band gap -1.5703 eV. This note is intentionally marked for human review as outdated_or_incorrect.

[rank=3 score=26.5640 doc_id=h1ctx_0143_mpc_0048_incorrect_gap] A noisy retrieved note reports Se (mp-570481) with band gap -1.7696 eV. This note is intentionally marked for human review as outdated_or_incorrect.",The retrieved context does not provide a reliable value for the band gap of Se. The provided values are marked as outdated or incorrect.,outdated_or_incorrect,,1.0,qwen_judge,"The answer correctly states that the retrieved context does not provide a reliable value for the band gap of Se, as all provided values are marked as outdated or incorrect. This is fully supported by the given context.",343,447,safety_aware
rag_mpc_0045_incomplete_stability,materials,qwen_output,Is Se thermodynamically stable?,"[rank=1 score=25.9335 doc_id=h1ctx_0134_mpc_0045_incorrect_gap] A noisy retrieved note reports Se (mp-542605) with band gap -1.390199999999999 eV. This note is intentionally marked for human review as outdated_or_incorrect.

[rank=2 score=25.9335 doc_id=h1ctx_0140_mpc_0047_incorrect_gap] A noisy retrieved note reports Se (mp-542461) with band gap -1.5703 eV. This note is intentionally marked for human review as outdated_or_incorrect.

[rank=3 score=25.9335 doc_id=h1ctx_0143_mpc_0048_incorrect_gap] A noisy retrieved note reports Se (mp-570481) with band gap -1.7696 eV. This note is intentionally marked for human review as outdated_or_incorrect.","The retrieved context does not provide sufficient information to determine if Se (selenium) is thermodynamically stable. The provided data points are marked as outdated or incorrect and pertain to band gap values, which do not directly indicate thermodynamic stability.",outdated_or_incorrect,,1.0,qwen_judge,"The answer correctly states that the provided context does not give enough information to determine the thermodynamic stability of Se (selenium). The retrieved data points are noted as outdated or incorrect, and they only provide band gap values which do not directly indicate thermodynamic stability. Thus, the response is fully supported by the given context.",365,492,safety_aware
rag_mpc_0046_current_gap,materials,qwen_output,What is the band gap of C?,"[rank=1 score=24.9072 doc_id=h1ctx_0002_mpc_0001_incorrect_gap] A noisy retrieved note reports C (mp-1197903) with band gap -0.07970000000000001 eV. This note is intentionally marked for human review as outdated_or_incorrect.

[rank=2 score=24.9072 doc_id=h1ctx_0005_mpc_0002_incorrect_gap] A noisy retrieved note reports C (mp-1244964) with band gap -0.0724 eV. This note is intentionally marked for human review as outdated_or_incorrect.

[rank=3 score=24.9072 doc_id=h1ctx_0011_mpc_0004_incorrect_gap] A noisy retrieved note reports C (mp-1244913) with band gap -0.10600000000000001 eV. This note is intentionally marked for human review as outdated_or_incorrect.","The retrieved context does not provide a reliable value for the band gap of C, as all provided values are marked as outdated or incorrect.",outdated_or_incorrect,,1.0,qwen_judge,"The answer correctly states that the retrieved context does not provide a reliable value for the band gap of C, as all provided values are marked as outdated or incorrect. This is directly supported by the context.",362,465,safety_aware
rag_mpc_0046_incorrect_gap,materials,qwen_output,What is the band gap of C?,"[rank=1 score=24.9072 doc_id=h1ctx_0002_mpc_0001_incorrect_gap] A noisy retrieved note reports C (mp-1197903) with band gap -0.07970000000000001 eV. This note is intentionally marked for human review as outdated_or_incorrect.

[rank=2 score=24.9072 doc_id=h1ctx_0005_mpc_0002_incorrect_gap] A noisy retrieved note reports C (mp-1244964) with band gap -0.0724 eV. This note is intentionally marked for human review as outdated_or_incorrect.

[rank=3 score=24.9072 doc_id=h1ctx_0011_mpc_0004_incorrect_gap] A noisy retrieved note reports C (mp-1244913) with band gap -0.10600000000000001 eV. This note is intentionally marked for human review as outdated_or_incorrect.","The retrieved context does not provide a reliable value for the band gap of C, as all provided values are marked as outdated or incorrect.",outdated_or_incorrect,,1.0,qwen_judge,"The answer correctly states that the retrieved context does not provide a reliable value for the band gap of C, as all provided values are marked as outdated or incorrect. This is directly supported by the context.",362,465,safety_aware
rag_mpc_0046_incomplete_stability,materials,qwen_output,Is C thermodynamically stable?,"[rank=1 score=24.2768 doc_id=h1ctx_0002_mpc_0001_incorrect_gap] A noisy retrieved note reports C (mp-1197903) with band gap -0.07970000000000001 eV. This note is intentionally marked for human review as outdated_or_incorrect.

[rank=2 score=24.2768 doc_id=h1ctx_0005_mpc_0002_incorrect_gap] A noisy retrieved note reports C (mp-1244964) with band gap -0.0724 eV. This note is intentionally marked for human review as outdated_or_incorrect.

[rank=3 score=24.2768 doc_id=h1ctx_0011_mpc_0004_incorrect_gap] A noisy retrieved note reports C (mp-1244913) with band gap -0.10600000000000001 eV. This note is intentionally marked for human review as outdated_or_incorrect.","The retrieved context does not provide sufficient information to determine if C is thermodynamically stable. The notes available are marked as outdated or incorrect and focus on band gap, which is not directly indicative of thermodynamic stability.",outdated_or_incorrect,,0.5,qwen_judge,"The answer correctly states that the retrieved context does not provide sufficient information to determine if C is thermodynamically stable. The context focuses on band gap, which is not directly related to thermodynamic stability. However, the answer could have more explicitly noted that the provided data are marked as outdated or incorrect, which further weakens any potential claims about C's properties.",377,512,safety_aware
rag_mpc_0047_current_gap,materials,qwen_output,What is the band gap of Se?,"[rank=1 score=26.5640 doc_id=h1ctx_0134_mpc_0045_incorrect_gap] A noisy retrieved note reports Se (mp-542605) with band gap -1.390199999999999 eV. This note is intentionally marked for human review as outdated_or_incorrect.

[rank=2 score=26.5640 doc_id=h1ctx_0140_mpc_0047_incorrect_gap] A noisy retrieved note reports Se (mp-542461) with band gap -1.5703 eV. This note is intentionally marked for human review as outdated_or_incorrect.

[rank=3 score=26.5640 doc_id=h1ctx_0143_mpc_0048_incorrect_gap] A noisy retrieved note reports Se (mp-570481) with band gap -1.7696 eV. This note is intentionally marked for human review as outdated_or_incorrect.",The retrieved context does not provide a reliable value for the band gap of Se. The provided values are marked as outdated or incorrect.,outdated_or_incorrect,,1.0,qwen_judge,"The answer correctly states that the retrieved context does not provide a reliable value for the band gap of Se, as all provided values are marked as outdated or incorrect. This is fully supported by the given context.",343,447,safety_aware
rag_mpc_0047_incorrect_gap,materials,qwen_output,What is the band gap of Se?,"[rank=1 score=26.5640 doc_id=h1ctx_0134_mpc_0045_incorrect_gap] A noisy retrieved note reports Se (mp-542605) with band gap -1.390199999999999 eV. This note is intentionally marked for human review as outdated_or_incorrect.

[rank=2 score=26.5640 doc_id=h1ctx_0140_mpc_0047_incorrect_gap] A noisy retrieved note reports Se (mp-542461) with band gap -1.5703 eV. This note is intentionally marked for human review as outdated_or_incorrect.

[rank=3 score=26.5640 doc_id=h1ctx_0143_mpc_0048_incorrect_gap] A noisy retrieved note reports Se (mp-570481) with band gap -1.7696 eV. This note is intentionally marked for human review as outdated_or_incorrect.",The retrieved context does not provide a reliable value for the band gap of Se. The provided values are marked as outdated or incorrect.,outdated_or_incorrect,,1.0,qwen_judge,"The answer correctly states that the retrieved context does not provide a reliable value for the band gap of Se, as all provided values are marked as outdated or incorrect. This is fully supported by the given context.",343,447,safety_aware
rag_mpc_0047_incomplete_stability,materials,qwen_output,Is Se thermodynamically stable?,"[rank=1 score=25.9335 doc_id=h1ctx_0134_mpc_0045_incorrect_gap] A noisy retrieved note reports Se (mp-542605) with band gap -1.390199999999999 eV. This note is intentionally marked for human review as outdated_or_incorrect.

[rank=2 score=25.9335 doc_id=h1ctx_0140_mpc_0047_incorrect_gap] A noisy retrieved note reports Se (mp-542461) with band gap -1.5703 eV. This note is intentionally marked for human review as outdated_or_incorrect.

[rank=3 score=25.9335 doc_id=h1ctx_0143_mpc_0048_incorrect_gap] A noisy retrieved note reports Se (mp-570481) with band gap -1.7696 eV. This note is intentionally marked for human review as outdated_or_incorrect.","The retrieved context does not provide sufficient information to determine if Se (selenium) is thermodynamically stable. The provided data points are marked as outdated or incorrect and pertain to band gap values, which do not directly indicate thermodynamic stability.",outdated_or_incorrect,,1.0,qwen_judge,"The answer correctly states that the provided context does not give enough information to determine the thermodynamic stability of Se (selenium). The retrieved data points are noted as outdated or incorrect, and they only provide band gap values which do not directly indicate thermodynamic stability. Thus, the response is fully supported by the given context.",365,492,safety_aware
rag_mpc_0048_current_gap,materials,qwen_output,What is the band gap of Se?,"[rank=1 score=26.5640 doc_id=h1ctx_0134_mpc_0045_incorrect_gap] A noisy retrieved note reports Se (mp-542605) with band gap -1.390199999999999 eV. This note is intentionally marked for human review as outdated_or_incorrect.

[rank=2 score=26.5640 doc_id=h1ctx_0140_mpc_0047_incorrect_gap] A noisy retrieved note reports Se (mp-542461) with band gap -1.5703 eV. This note is intentionally marked for human review as outdated_or_incorrect.

[rank=3 score=26.5640 doc_id=h1ctx_0143_mpc_0048_incorrect_gap] A noisy retrieved note reports Se (mp-570481) with band gap -1.7696 eV. This note is intentionally marked for human review as outdated_or_incorrect.",The retrieved context does not provide a reliable value for the band gap of Se. The provided values are marked as outdated or incorrect.,outdated_or_incorrect,,1.0,qwen_judge,"The answer correctly states that the retrieved context does not provide a reliable value for the band gap of Se, as all provided values are marked as outdated or incorrect. This is fully supported by the given context.",343,447,safety_aware
rag_mpc_0048_incorrect_gap,materials,qwen_output,What is the band gap of Se?,"[rank=1 score=26.5640 doc_id=h1ctx_0134_mpc_0045_incorrect_gap] A noisy retrieved note reports Se (mp-542605) with band gap -1.390199999999999 eV. This note is intentionally marked for human review as outdated_or_incorrect.

[rank=2 score=26.5640 doc_id=h1ctx_0140_mpc_0047_incorrect_gap] A noisy retrieved note reports Se (mp-542461) with band gap -1.5703 eV. This note is intentionally marked for human review as outdated_or_incorrect.

[rank=3 score=26.5640 doc_id=h1ctx_0143_mpc_0048_incorrect_gap] A noisy retrieved note reports Se (mp-570481) with band gap -1.7696 eV. This note is intentionally marked for human review as outdated_or_incorrect.",The retrieved context does not provide a reliable value for the band gap of Se. The provided values are marked as outdated or incorrect.,outdated_or_incorrect,,1.0,qwen_judge,"The answer correctly states that the retrieved context does not provide a reliable value for the band gap of Se, as all provided values are marked as outdated or incorrect. This is fully supported by the given context.",343,447,safety_aware
rag_mpc_0048_incomplete_stability,materials,qwen_output,Is Se thermodynamically stable?,"[rank=1 score=25.9335 doc_id=h1ctx_0134_mpc_0045_incorrect_gap] A noisy retrieved note reports Se (mp-542605) with band gap -1.390199999999999 eV. This note is intentionally marked for human review as outdated_or_incorrect.

[rank=2 score=25.9335 doc_id=h1ctx_0140_mpc_0047_incorrect_gap] A noisy retrieved note reports Se (mp-542461) with band gap -1.5703 eV. This note is intentionally marked for human review as outdated_or_incorrect.

[rank=3 score=25.9335 doc_id=h1ctx_0143_mpc_0048_incorrect_gap] A noisy retrieved note reports Se (mp-570481) with band gap -1.7696 eV. This note is intentionally marked for human review as outdated_or_incorrect.","The retrieved context does not provide sufficient information to determine if Se (selenium) is thermodynamically stable. The provided data points are marked as outdated or incorrect and pertain to band gap values, which do not directly indicate thermodynamic stability.",outdated_or_incorrect,,1.0,qwen_judge,"The answer correctly states that the provided context does not give enough information to determine the thermodynamic stability of Se (selenium). The retrieved data points are noted as outdated or incorrect, and they only provide band gap values which do not directly indicate thermodynamic stability. Thus, the response is fully supported by the given context.",365,492,safety_aware
rag_mpc_0049_current_gap,materials,qwen_output,What is the band gap of S?,"[rank=1 score=25.2867 doc_id=h1ctx_0068_mpc_0023_incorrect_gap] A noisy retrieved note reports S (mp-96) with band gap -2.748 eV. This note is intentionally marked for human review as outdated_or_incorrect.

[rank=2 score=25.2867 doc_id=h1ctx_0116_mpc_0039_incorrect_gap] A noisy retrieved note reports S (mp-556269) with band gap -2.3783 eV. This note is intentionally marked for human review as outdated_or_incorrect.

[rank=3 score=25.2867 doc_id=h1ctx_0119_mpc_0040_incorrect_gap] A noisy retrieved note reports S (mp-557559) with band gap -2.496299999999999 eV. This note is intentionally marked for human review as outdated_or_incorrect.",The provided context does not contain a reliable value for the band gap of S. The information available is marked as outdated or incorrect.,outdated_or_incorrect,,1.0,qwen_judge,"The answer correctly identifies that the provided context does not contain a reliable value for the band gap of S, as all the information available is marked as outdated or incorrect.",338,434,safety_aware
rag_mpc_0049_incorrect_gap,materials,qwen_output,What is the band gap of S?,"[rank=1 score=25.2867 doc_id=h1ctx_0068_mpc_0023_incorrect_gap] A noisy retrieved note reports S (mp-96) with band gap -2.748 eV. This note is intentionally marked for human review as outdated_or_incorrect.

[rank=2 score=25.2867 doc_id=h1ctx_0116_mpc_0039_incorrect_gap] A noisy retrieved note reports S (mp-556269) with band gap -2.3783 eV. This note is intentionally marked for human review as outdated_or_incorrect.

[rank=3 score=25.2867 doc_id=h1ctx_0119_mpc_0040_incorrect_gap] A noisy retrieved note reports S (mp-557559) with band gap -2.496299999999999 eV. This note is intentionally marked for human review as outdated_or_incorrect.",The provided context does not contain a reliable value for the band gap of S. The information available is marked as outdated or incorrect.,outdated_or_incorrect,,1.0,qwen_judge,"The answer correctly identifies that the provided context does not contain a reliable value for the band gap of S, as all the information available is marked as outdated or incorrect.",338,434,safety_aware
rag_mpc_0049_incomplete_stability,materials,qwen_output,Is S thermodynamically stable?,"[rank=1 score=24.6562 doc_id=h1ctx_0068_mpc_0023_incorrect_gap] A noisy retrieved note reports S (mp-96) with band gap -2.748 eV. This note is intentionally marked for human review as outdated_or_incorrect.

[rank=2 score=24.6562 doc_id=h1ctx_0116_mpc_0039_incorrect_gap] A noisy retrieved note reports S (mp-556269) with band gap -2.3783 eV. This note is intentionally marked for human review as outdated_or_incorrect.

[rank=3 score=24.6562 doc_id=h1ctx_0119_mpc_0040_incorrect_gap] A noisy retrieved note reports S (mp-557559) with band gap -2.496299999999999 eV. This note is intentionally marked for human review as outdated_or_incorrect.","The retrieved context does not provide sufficient information to determine the thermodynamic stability of S. The notes available are marked as outdated or incorrect and primarily discuss band gaps, which do not directly indicate thermodynamic stability.",outdated_or_incorrect,,1.0,qwen_judge,"The answer accurately reflects the content of the retrieved context, which does not provide sufficient information to determine the thermodynamic stability of S. The context notes are marked as outdated or incorrect and focus on band gaps, which do not directly indicate thermodynamic stability.",352,465,safety_aware
rag_mpc_0050_current_gap,materials,qwen_output,What is the band gap of S?,"[rank=1 score=25.2867 doc_id=h1ctx_0068_mpc_0023_incorrect_gap] A noisy retrieved note reports S (mp-96) with band gap -2.748 eV. This note is intentionally marked for human review as outdated_or_incorrect.

[rank=2 score=25.2867 doc_id=h1ctx_0116_mpc_0039_incorrect_gap] A noisy retrieved note reports S (mp-556269) with band gap -2.3783 eV. This note is intentionally marked for human review as outdated_or_incorrect.

[rank=3 score=25.2867 doc_id=h1ctx_0119_mpc_0040_incorrect_gap] A noisy retrieved note reports S (mp-557559) with band gap -2.496299999999999 eV. This note is intentionally marked for human review as outdated_or_incorrect.",The provided context does not contain a reliable value for the band gap of S. The information available is marked as outdated or incorrect.,outdated_or_incorrect,,1.0,qwen_judge,"The answer correctly identifies that the provided context does not contain a reliable value for the band gap of S, as all the information available is marked as outdated or incorrect.",338,434,safety_aware
rag_mpc_0050_incorrect_gap,materials,qwen_output,What is the band gap of S?,"[rank=1 score=25.2867 doc_id=h1ctx_0068_mpc_0023_incorrect_gap] A noisy retrieved note reports S (mp-96) with band gap -2.748 eV. This note is intentionally marked for human review as outdated_or_incorrect.

[rank=2 score=25.2867 doc_id=h1ctx_0116_mpc_0039_incorrect_gap] A noisy retrieved note reports S (mp-556269) with band gap -2.3783 eV. This note is intentionally marked for human review as outdated_or_incorrect.

[rank=3 score=25.2867 doc_id=h1ctx_0119_mpc_0040_incorrect_gap] A noisy retrieved note reports S (mp-557559) with band gap -2.496299999999999 eV. This note is intentionally marked for human review as outdated_or_incorrect.",The provided context does not contain a reliable value for the band gap of S. The information available is marked as outdated or incorrect.,outdated_or_incorrect,,1.0,qwen_judge,"The answer correctly identifies that the provided context does not contain a reliable value for the band gap of S, as all the information available is marked as outdated or incorrect.",338,434,safety_aware
rag_mpc_0050_incomplete_stability,materials,qwen_output,Is S thermodynamically stable?,"[rank=1 score=24.6562 doc_id=h1ctx_0068_mpc_0023_incorrect_gap] A noisy retrieved note reports S (mp-96) with band gap -2.748 eV. This note is intentionally marked for human review as outdated_or_incorrect.

[rank=2 score=24.6562 doc_id=h1ctx_0116_mpc_0039_incorrect_gap] A noisy retrieved note reports S (mp-556269) with band gap -2.3783 eV. This note is intentionally marked for human review as outdated_or_incorrect.

[rank=3 score=24.6562 doc_id=h1ctx_0119_mpc_0040_incorrect_gap] A noisy retrieved note reports S (mp-557559) with band gap -2.496299999999999 eV. This note is intentionally marked for human review as outdated_or_incorrect.","The retrieved context does not provide sufficient information to determine the thermodynamic stability of S. The notes available are marked as outdated or incorrect and primarily discuss band gaps, which do not directly indicate thermodynamic stability.",outdated_or_incorrect,,1.0,qwen_judge,"The answer accurately reflects the content of the retrieved context, which does not provide sufficient information to determine the thermodynamic stability of S. The context notes are marked as outdated or incorrect and focus on band gaps, which do not directly indicate thermodynamic stability.",352,465,safety_aware
rag_mpc_0051_current_gap,materials,qwen_output,What is the band gap of S?,"[rank=1 score=25.2867 doc_id=h1ctx_0068_mpc_0023_incorrect_gap] A noisy retrieved note reports S (mp-96) with band gap -2.748 eV. This note is intentionally marked for human review as outdated_or_incorrect.

[rank=2 score=25.2867 doc_id=h1ctx_0116_mpc_0039_incorrect_gap] A noisy retrieved note reports S (mp-556269) with band gap -2.3783 eV. This note is intentionally marked for human review as outdated_or_incorrect.

[rank=3 score=25.2867 doc_id=h1ctx_0119_mpc_0040_incorrect_gap] A noisy retrieved note reports S (mp-557559) with band gap -2.496299999999999 eV. This note is intentionally marked for human review as outdated_or_incorrect.",The provided context does not contain a reliable value for the band gap of S. The information available is marked as outdated or incorrect.,outdated_or_incorrect,,1.0,qwen_judge,"The answer correctly identifies that the provided context does not contain a reliable value for the band gap of S, as all the information available is marked as outdated or incorrect.",338,434,safety_aware
rag_mpc_0051_incorrect_gap,materials,qwen_output,What is the band gap of S?,"[rank=1 score=25.2867 doc_id=h1ctx_0068_mpc_0023_incorrect_gap] A noisy retrieved note reports S (mp-96) with band gap -2.748 eV. This note is intentionally marked for human review as outdated_or_incorrect.

[rank=2 score=25.2867 doc_id=h1ctx_0116_mpc_0039_incorrect_gap] A noisy retrieved note reports S (mp-556269) with band gap -2.3783 eV. This note is intentionally marked for human review as outdated_or_incorrect.

[rank=3 score=25.2867 doc_id=h1ctx_0119_mpc_0040_incorrect_gap] A noisy retrieved note reports S (mp-557559) with band gap -2.496299999999999 eV. This note is intentionally marked for human review as outdated_or_incorrect.",The provided context does not contain a reliable value for the band gap of S. The information available is marked as outdated or incorrect.,outdated_or_incorrect,,1.0,qwen_judge,"The answer correctly identifies that the provided context does not contain a reliable value for the band gap of S, as all the information available is marked as outdated or incorrect.",338,434,safety_aware
rag_mpc_0051_incomplete_stability,materials,qwen_output,Is S thermodynamically stable?,"[rank=1 score=24.6562 doc_id=h1ctx_0068_mpc_0023_incorrect_gap] A noisy retrieved note reports S (mp-96) with band gap -2.748 eV. This note is intentionally marked for human review as outdated_or_incorrect.

[rank=2 score=24.6562 doc_id=h1ctx_0116_mpc_0039_incorrect_gap] A noisy retrieved note reports S (mp-556269) with band gap -2.3783 eV. This note is intentionally marked for human review as outdated_or_incorrect.

[rank=3 score=24.6562 doc_id=h1ctx_0119_mpc_0040_incorrect_gap] A noisy retrieved note reports S (mp-557559) with band gap -2.496299999999999 eV. This note is intentionally marked for human review as outdated_or_incorrect.","The retrieved context does not provide sufficient information to determine the thermodynamic stability of S. The notes available are marked as outdated or incorrect and primarily discuss band gaps, which do not directly indicate thermodynamic stability.",outdated_or_incorrect,,1.0,qwen_judge,"The answer accurately reflects the content of the retrieved context, which does not provide sufficient information to determine the thermodynamic stability of S. The context notes are marked as outdated or incorrect and focus on band gaps, which do not directly indicate thermodynamic stability.",352,465,safety_aware
rag_mpc_0052_current_gap,materials,qwen_output,What is the band gap of Se?,"[rank=1 score=26.5640 doc_id=h1ctx_0134_mpc_0045_incorrect_gap] A noisy retrieved note reports Se (mp-542605) with band gap -1.390199999999999 eV. This note is intentionally marked for human review as outdated_or_incorrect.

[rank=2 score=26.5640 doc_id=h1ctx_0140_mpc_0047_incorrect_gap] A noisy retrieved note reports Se (mp-542461) with band gap -1.5703 eV. This note is intentionally marked for human review as outdated_or_incorrect.

[rank=3 score=26.5640 doc_id=h1ctx_0143_mpc_0048_incorrect_gap] A noisy retrieved note reports Se (mp-570481) with band gap -1.7696 eV. This note is intentionally marked for human review as outdated_or_incorrect.",The retrieved context does not provide a reliable value for the band gap of Se. The provided values are marked as outdated or incorrect.,outdated_or_incorrect,,1.0,qwen_judge,"The answer correctly states that the retrieved context does not provide a reliable value for the band gap of Se, as all provided values are marked as outdated or incorrect. This is fully supported by the given context.",343,447,safety_aware
rag_mpc_0052_incorrect_gap,materials,qwen_output,What is the band gap of Se?,"[rank=1 score=26.5640 doc_id=h1ctx_0134_mpc_0045_incorrect_gap] A noisy retrieved note reports Se (mp-542605) with band gap -1.390199999999999 eV. This note is intentionally marked for human review as outdated_or_incorrect.

[rank=2 score=26.5640 doc_id=h1ctx_0140_mpc_0047_incorrect_gap] A noisy retrieved note reports Se (mp-542461) with band gap -1.5703 eV. This note is intentionally marked for human review as outdated_or_incorrect.

[rank=3 score=26.5640 doc_id=h1ctx_0143_mpc_0048_incorrect_gap] A noisy retrieved note reports Se (mp-570481) with band gap -1.7696 eV. This note is intentionally marked for human review as outdated_or_incorrect.",The retrieved context does not provide a reliable value for the band gap of Se. The provided values are marked as outdated or incorrect.,outdated_or_incorrect,,1.0,qwen_judge,"The answer correctly states that the retrieved context does not provide a reliable value for the band gap of Se, as all provided values are marked as outdated or incorrect. This is fully supported by the given context.",343,447,safety_aware
rag_mpc_0052_incomplete_stability,materials,qwen_output,Is Se thermodynamically stable?,"[rank=1 score=25.9335 doc_id=h1ctx_0134_mpc_0045_incorrect_gap] A noisy retrieved note reports Se (mp-542605) with band gap -1.390199999999999 eV. This note is intentionally marked for human review as outdated_or_incorrect.

[rank=2 score=25.9335 doc_id=h1ctx_0140_mpc_0047_incorrect_gap] A noisy retrieved note reports Se (mp-542461) with band gap -1.5703 eV. This note is intentionally marked for human review as outdated_or_incorrect.

[rank=3 score=25.9335 doc_id=h1ctx_0143_mpc_0048_incorrect_gap] A noisy retrieved note reports Se (mp-570481) with band gap -1.7696 eV. This note is intentionally marked for human review as outdated_or_incorrect.","The retrieved context does not provide sufficient information to determine if Se (selenium) is thermodynamically stable. The provided data points are marked as outdated or incorrect and pertain to band gap values, which do not directly indicate thermodynamic stability.",outdated_or_incorrect,,1.0,qwen_judge,"The answer correctly states that the provided context does not give enough information to determine the thermodynamic stability of Se (selenium). The retrieved data points are noted as outdated or incorrect, and they only provide band gap values which do not directly indicate thermodynamic stability. Thus, the response is fully supported by the given context.",365,492,safety_aware
rag_mpc_0053_current_gap,materials,qwen_output,What is the band gap of F2?,"[rank=1 score=27.0979 doc_id=h1ctx_0047_mpc_0016_incorrect_gap] A noisy retrieved note reports F2 (mp-561367) with band gap -2.3942 eV. This note is intentionally marked for human review as outdated_or_incorrect.

[rank=2 score=27.0979 doc_id=h1ctx_0158_mpc_0053_incorrect_gap] A noisy retrieved note reports F2 (mp-561203) with band gap -2.8962 eV. This note is intentionally marked for human review as outdated_or_incorrect.

[rank=3 score=27.0979 doc_id=h1ctx_0161_mpc_0054_incorrect_gap] A noisy retrieved note reports F2 (mp-1523415) with band gap -0.4797 eV. This note is intentionally marked for human review as outdated_or_incorrect.","The retrieved context provides multiple values for the band gap of F2, but all are marked as outdated or incorrect. Therefore, there is insufficient reliable information to determine the band gap of F2.",outdated_or_incorrect,,1.0,qwen_judge,"The answer correctly states that the retrieved context provides multiple values for the band gap of F2, but all are marked as outdated or incorrect. Therefore, it accurately reflects that there is insufficient reliable information to determine the band gap of F2 based on the provided context.",350,466,safety_aware
rag_mpc_0053_incorrect_gap,materials,qwen_output,What is the band gap of F2?,"[rank=1 score=27.0979 doc_id=h1ctx_0047_mpc_0016_incorrect_gap] A noisy retrieved note reports F2 (mp-561367) with band gap -2.3942 eV. This note is intentionally marked for human review as outdated_or_incorrect.

[rank=2 score=27.0979 doc_id=h1ctx_0158_mpc_0053_incorrect_gap] A noisy retrieved note reports F2 (mp-561203) with band gap -2.8962 eV. This note is intentionally marked for human review as outdated_or_incorrect.

[rank=3 score=27.0979 doc_id=h1ctx_0161_mpc_0054_incorrect_gap] A noisy retrieved note reports F2 (mp-1523415) with band gap -0.4797 eV. This note is intentionally marked for human review as outdated_or_incorrect.","The retrieved context provides multiple values for the band gap of F2, but all are marked as outdated or incorrect. Therefore, there is insufficient reliable information to determine the band gap of F2.",outdated_or_incorrect,,1.0,qwen_judge,"The answer correctly states that the retrieved context provides multiple values for the band gap of F2, but all are marked as outdated or incorrect. Therefore, it accurately reflects that there is insufficient reliable information to determine the band gap of F2 based on the provided context.",350,466,safety_aware
rag_mpc_0053_incomplete_stability,materials,qwen_output,Is F2 thermodynamically stable?,"[rank=1 score=26.4674 doc_id=h1ctx_0047_mpc_0016_incorrect_gap] A noisy retrieved note reports F2 (mp-561367) with band gap -2.3942 eV. This note is intentionally marked for human review as outdated_or_incorrect.

[rank=2 score=26.4674 doc_id=h1ctx_0158_mpc_0053_incorrect_gap] A noisy retrieved note reports F2 (mp-561203) with band gap -2.8962 eV. This note is intentionally marked for human review as outdated_or_incorrect.

[rank=3 score=26.4674 doc_id=h1ctx_0161_mpc_0054_incorrect_gap] A noisy retrieved note reports F2 (mp-1523415) with band gap -0.4797 eV. This note is intentionally marked for human review as outdated_or_incorrect.","The provided context does not contain sufficient information to determine the thermodynamic stability of F2. The data available is marked as outdated or incorrect and pertains to band gaps, which do not directly inform about thermodynamic stability.",outdated_or_incorrect,,1.0,qwen_judge,"The answer correctly states that the provided context does not contain sufficient information to determine the thermodynamic stability of F2, and it notes that the data available is marked as outdated or incorrect and pertains to band gaps, which do not directly inform about thermodynamic stability. This response is fully consistent with the given context.",354,480,safety_aware
rag_mpc_0054_current_gap,materials,qwen_output,What is the band gap of F2?,"[rank=1 score=27.0979 doc_id=h1ctx_0047_mpc_0016_incorrect_gap] A noisy retrieved note reports F2 (mp-561367) with band gap -2.3942 eV. This note is intentionally marked for human review as outdated_or_incorrect.

[rank=2 score=27.0979 doc_id=h1ctx_0158_mpc_0053_incorrect_gap] A noisy retrieved note reports F2 (mp-561203) with band gap -2.8962 eV. This note is intentionally marked for human review as outdated_or_incorrect.

[rank=3 score=27.0979 doc_id=h1ctx_0161_mpc_0054_incorrect_gap] A noisy retrieved note reports F2 (mp-1523415) with band gap -0.4797 eV. This note is intentionally marked for human review as outdated_or_incorrect.","The retrieved context provides multiple values for the band gap of F2, but all are marked as outdated or incorrect. Therefore, there is insufficient reliable information to determine the band gap of F2.",outdated_or_incorrect,,1.0,qwen_judge,"The answer correctly states that the retrieved context provides multiple values for the band gap of F2, but all are marked as outdated or incorrect. Therefore, it accurately reflects that there is insufficient reliable information to determine the band gap of F2 based on the provided context.",350,466,safety_aware
rag_mpc_0054_incorrect_gap,materials,qwen_output,What is the band gap of F2?,"[rank=1 score=27.0979 doc_id=h1ctx_0047_mpc_0016_incorrect_gap] A noisy retrieved note reports F2 (mp-561367) with band gap -2.3942 eV. This note is intentionally marked for human review as outdated_or_incorrect.

[rank=2 score=27.0979 doc_id=h1ctx_0158_mpc_0053_incorrect_gap] A noisy retrieved note reports F2 (mp-561203) with band gap -2.8962 eV. This note is intentionally marked for human review as outdated_or_incorrect.

[rank=3 score=27.0979 doc_id=h1ctx_0161_mpc_0054_incorrect_gap] A noisy retrieved note reports F2 (mp-1523415) with band gap -0.4797 eV. This note is intentionally marked for human review as outdated_or_incorrect.","The retrieved context provides multiple values for the band gap of F2, but all are marked as outdated or incorrect. Therefore, there is insufficient reliable information to determine the band gap of F2.",outdated_or_incorrect,,1.0,qwen_judge,"The answer correctly states that the retrieved context provides multiple values for the band gap of F2, but all are marked as outdated or incorrect. Therefore, it accurately reflects that there is insufficient reliable information to determine the band gap of F2 based on the provided context.",350,466,safety_aware
rag_mpc_0054_incomplete_stability,materials,qwen_output,Is F2 thermodynamically stable?,"[rank=1 score=26.4674 doc_id=h1ctx_0047_mpc_0016_incorrect_gap] A noisy retrieved note reports F2 (mp-561367) with band gap -2.3942 eV. This note is intentionally marked for human review as outdated_or_incorrect.

[rank=2 score=26.4674 doc_id=h1ctx_0158_mpc_0053_incorrect_gap] A noisy retrieved note reports F2 (mp-561203) with band gap -2.8962 eV. This note is intentionally marked for human review as outdated_or_incorrect.

[rank=3 score=26.4674 doc_id=h1ctx_0161_mpc_0054_incorrect_gap] A noisy retrieved note reports F2 (mp-1523415) with band gap -0.4797 eV. This note is intentionally marked for human review as outdated_or_incorrect.","The provided context does not contain sufficient information to determine the thermodynamic stability of F2. The data available is marked as outdated or incorrect and pertains to band gaps, which do not directly inform about thermodynamic stability.",outdated_or_incorrect,,1.0,qwen_judge,"The answer correctly states that the provided context does not contain sufficient information to determine the thermodynamic stability of F2, and it notes that the data available is marked as outdated or incorrect and pertains to band gaps, which do not directly inform about thermodynamic stability. This response is fully consistent with the given context.",354,480,safety_aware
rag_mpc_0055_current_gap,materials,qwen_output,What is the band gap of S?,"[rank=1 score=25.2867 doc_id=h1ctx_0068_mpc_0023_incorrect_gap] A noisy retrieved note reports S (mp-96) with band gap -2.748 eV. This note is intentionally marked for human review as outdated_or_incorrect.

[rank=2 score=25.2867 doc_id=h1ctx_0116_mpc_0039_incorrect_gap] A noisy retrieved note reports S (mp-556269) with band gap -2.3783 eV. This note is intentionally marked for human review as outdated_or_incorrect.

[rank=3 score=25.2867 doc_id=h1ctx_0119_mpc_0040_incorrect_gap] A noisy retrieved note reports S (mp-557559) with band gap -2.496299999999999 eV. This note is intentionally marked for human review as outdated_or_incorrect.",The provided context does not contain a reliable value for the band gap of S. The information available is marked as outdated or incorrect.,outdated_or_incorrect,,1.0,qwen_judge,"The answer correctly identifies that the provided context does not contain a reliable value for the band gap of S, as all the information available is marked as outdated or incorrect.",338,434,safety_aware
rag_mpc_0055_incorrect_gap,materials,qwen_output,What is the band gap of S?,"[rank=1 score=25.2867 doc_id=h1ctx_0068_mpc_0023_incorrect_gap] A noisy retrieved note reports S (mp-96) with band gap -2.748 eV. This note is intentionally marked for human review as outdated_or_incorrect.

[rank=2 score=25.2867 doc_id=h1ctx_0116_mpc_0039_incorrect_gap] A noisy retrieved note reports S (mp-556269) with band gap -2.3783 eV. This note is intentionally marked for human review as outdated_or_incorrect.

[rank=3 score=25.2867 doc_id=h1ctx_0119_mpc_0040_incorrect_gap] A noisy retrieved note reports S (mp-557559) with band gap -2.496299999999999 eV. This note is intentionally marked for human review as outdated_or_incorrect.",The provided context does not contain a reliable value for the band gap of S. The information available is marked as outdated or incorrect.,outdated_or_incorrect,,1.0,qwen_judge,"The answer correctly identifies that the provided context does not contain a reliable value for the band gap of S, as all the information available is marked as outdated or incorrect.",338,434,safety_aware
rag_mpc_0055_incomplete_stability,materials,qwen_output,Is S thermodynamically stable?,"[rank=1 score=24.6562 doc_id=h1ctx_0068_mpc_0023_incorrect_gap] A noisy retrieved note reports S (mp-96) with band gap -2.748 eV. This note is intentionally marked for human review as outdated_or_incorrect.

[rank=2 score=24.6562 doc_id=h1ctx_0116_mpc_0039_incorrect_gap] A noisy retrieved note reports S (mp-556269) with band gap -2.3783 eV. This note is intentionally marked for human review as outdated_or_incorrect.

[rank=3 score=24.6562 doc_id=h1ctx_0119_mpc_0040_incorrect_gap] A noisy retrieved note reports S (mp-557559) with band gap -2.496299999999999 eV. This note is intentionally marked for human review as outdated_or_incorrect.","The retrieved context does not provide sufficient information to determine the thermodynamic stability of S. The notes available are marked as outdated or incorrect and primarily discuss band gaps, which do not directly indicate thermodynamic stability.",outdated_or_incorrect,,1.0,qwen_judge,"The answer accurately reflects the content of the retrieved context, which does not provide sufficient information to determine the thermodynamic stability of S. The context notes are marked as outdated or incorrect and focus on band gaps, which do not directly indicate thermodynamic stability.",352,465,safety_aware
rag_mpc_0056_current_gap,materials,qwen_output,What is the band gap of S?,"[rank=1 score=25.2867 doc_id=h1ctx_0068_mpc_0023_incorrect_gap] A noisy retrieved note reports S (mp-96) with band gap -2.748 eV. This note is intentionally marked for human review as outdated_or_incorrect.

[rank=2 score=25.2867 doc_id=h1ctx_0116_mpc_0039_incorrect_gap] A noisy retrieved note reports S (mp-556269) with band gap -2.3783 eV. This note is intentionally marked for human review as outdated_or_incorrect.

[rank=3 score=25.2867 doc_id=h1ctx_0119_mpc_0040_incorrect_gap] A noisy retrieved note reports S (mp-557559) with band gap -2.496299999999999 eV. This note is intentionally marked for human review as outdated_or_incorrect.",The provided context does not contain a reliable value for the band gap of S. The information available is marked as outdated or incorrect.,outdated_or_incorrect,,1.0,qwen_judge,"The answer correctly identifies that the provided context does not contain a reliable value for the band gap of S, as all the information available is marked as outdated or incorrect.",338,434,safety_aware
rag_mpc_0056_incorrect_gap,materials,qwen_output,What is the band gap of S?,"[rank=1 score=25.2867 doc_id=h1ctx_0068_mpc_0023_incorrect_gap] A noisy retrieved note reports S (mp-96) with band gap -2.748 eV. This note is intentionally marked for human review as outdated_or_incorrect.

[rank=2 score=25.2867 doc_id=h1ctx_0116_mpc_0039_incorrect_gap] A noisy retrieved note reports S (mp-556269) with band gap -2.3783 eV. This note is intentionally marked for human review as outdated_or_incorrect.

[rank=3 score=25.2867 doc_id=h1ctx_0119_mpc_0040_incorrect_gap] A noisy retrieved note reports S (mp-557559) with band gap -2.496299999999999 eV. This note is intentionally marked for human review as outdated_or_incorrect.",The provided context does not contain a reliable value for the band gap of S. The information available is marked as outdated or incorrect.,outdated_or_incorrect,,1.0,qwen_judge,"The answer correctly identifies that the provided context does not contain a reliable value for the band gap of S, as all the information available is marked as outdated or incorrect.",338,434,safety_aware
rag_mpc_0056_incomplete_stability,materials,qwen_output,Is S thermodynamically stable?,"[rank=1 score=24.6562 doc_id=h1ctx_0068_mpc_0023_incorrect_gap] A noisy retrieved note reports S (mp-96) with band gap -2.748 eV. This note is intentionally marked for human review as outdated_or_incorrect.

[rank=2 score=24.6562 doc_id=h1ctx_0116_mpc_0039_incorrect_gap] A noisy retrieved note reports S (mp-556269) with band gap -2.3783 eV. This note is intentionally marked for human review as outdated_or_incorrect.

[rank=3 score=24.6562 doc_id=h1ctx_0119_mpc_0040_incorrect_gap] A noisy retrieved note reports S (mp-557559) with band gap -2.496299999999999 eV. This note is intentionally marked for human review as outdated_or_incorrect.","The retrieved context does not provide sufficient information to determine the thermodynamic stability of S. The notes available are marked as outdated or incorrect and primarily discuss band gaps, which do not directly indicate thermodynamic stability.",outdated_or_incorrect,,1.0,qwen_judge,"The answer accurately reflects the content of the retrieved context, which does not provide sufficient information to determine the thermodynamic stability of S. The context notes are marked as outdated or incorrect and focus on band gaps, which do not directly indicate thermodynamic stability.",352,465,safety_aware
rag_mpc_0057_current_gap,materials,qwen_output,What is the band gap of Si?,"[rank=1 score=25.8113 doc_id=h1ctx_0050_mpc_0017_incorrect_gap] A noisy retrieved note reports Si (mp-1079297) with band gap -0.2735 eV. This note is intentionally marked for human review as outdated_or_incorrect.

[rank=2 score=25.8113 doc_id=h1ctx_0080_mpc_0027_incorrect_gap] A noisy retrieved note reports Si (mp-1204046) with band gap -0.15080000000000002 eV. This note is intentionally marked for human review as outdated_or_incorrect.

[rank=3 score=25.8113 doc_id=h1ctx_0113_mpc_0038_incorrect_gap] A noisy retrieved note reports Si (mp-999200) with band gap -0.439799999999999 eV. This note is intentionally marked for human review as outdated_or_incorrect.","The provided context does not contain the correct band gap value for Si, as all entries are marked as outdated_or_incorrect.",outdated_or_incorrect,,1.0,qwen_judge,"The answer correctly states that the provided context does not contain the correct band gap value for Si, as all entries are marked as outdated_or_incorrect. This is fully supported by the retrieved context.",357,459,safety_aware
rag_mpc_0057_incorrect_gap,materials,qwen_output,What is the band gap of Si?,"[rank=1 score=25.8113 doc_id=h1ctx_0050_mpc_0017_incorrect_gap] A noisy retrieved note reports Si (mp-1079297) with band gap -0.2735 eV. This note is intentionally marked for human review as outdated_or_incorrect.

[rank=2 score=25.8113 doc_id=h1ctx_0080_mpc_0027_incorrect_gap] A noisy retrieved note reports Si (mp-1204046) with band gap -0.15080000000000002 eV. This note is intentionally marked for human review as outdated_or_incorrect.

[rank=3 score=25.8113 doc_id=h1ctx_0113_mpc_0038_incorrect_gap] A noisy retrieved note reports Si (mp-999200) with band gap -0.439799999999999 eV. This note is intentionally marked for human review as outdated_or_incorrect.","The provided context does not contain the correct band gap value for Si, as all entries are marked as outdated_or_incorrect.",outdated_or_incorrect,,1.0,qwen_judge,"The answer correctly states that the provided context does not contain the correct band gap value for Si, as all entries are marked as outdated_or_incorrect. This is fully supported by the retrieved context.",357,459,safety_aware
rag_mpc_0057_incomplete_stability,materials,qwen_output,Is Si thermodynamically stable?,"[rank=1 score=25.1808 doc_id=h1ctx_0050_mpc_0017_incorrect_gap] A noisy retrieved note reports Si (mp-1079297) with band gap -0.2735 eV. This note is intentionally marked for human review as outdated_or_incorrect.

[rank=2 score=25.1808 doc_id=h1ctx_0080_mpc_0027_incorrect_gap] A noisy retrieved note reports Si (mp-1204046) with band gap -0.15080000000000002 eV. This note is intentionally marked for human review as outdated_or_incorrect.

[rank=3 score=25.1808 doc_id=h1ctx_0113_mpc_0038_incorrect_gap] A noisy retrieved note reports Si (mp-999200) with band gap -0.439799999999999 eV. This note is intentionally marked for human review as outdated_or_incorrect.","The retrieved context does not provide sufficient information to determine the thermodynamic stability of Si. The provided data is marked as outdated or incorrect and pertains to band gaps, which are not directly indicative of thermodynamic stability.",outdated_or_incorrect,,1.0,qwen_judge,"The answer correctly states that the retrieved context does not provide sufficient information to determine the thermodynamic stability of Si, and it points out that the data is marked as outdated or incorrect. The response also accurately notes that the provided data on band gaps is not directly related to thermodynamic stability.",374,494,safety_aware
rag_mpc_0058_current_gap,materials,qwen_output,What is the band gap of O2?,"[rank=1 score=25.3749 doc_id=h1ctx_0008_mpc_0003_incorrect_gap] A noisy retrieved note reports O2 (mp-1180008) with band gap -1.277299999999999 eV. This note is intentionally marked for human review as outdated_or_incorrect.

[rank=2 score=25.3749 doc_id=h1ctx_0023_mpc_0008_incorrect_gap] A noisy retrieved note reports O2 (mp-12957) with band gap -1.0933 eV. This note is intentionally marked for human review as outdated_or_incorrect.

[rank=3 score=25.3749 doc_id=h1ctx_0026_mpc_0009_incorrect_gap] A noisy retrieved note reports O2 (mp-2204849) with band gap -2.720399999999999 eV. This note is intentionally marked for human review as outdated_or_incorrect.","The retrieved context does not provide a reliable value for the band gap of O2, as all notes are marked as outdated_or_incorrect.",outdated_or_incorrect,,1.0,qwen_judge,"The answer correctly states that the retrieved context does not provide a reliable value for the band gap of O2, as all notes are marked as outdated_or_incorrect. This is fully supported by the given context.",361,466,safety_aware
rag_mpc_0058_incorrect_gap,materials,qwen_output,What is the band gap of O2?,"[rank=1 score=25.3749 doc_id=h1ctx_0008_mpc_0003_incorrect_gap] A noisy retrieved note reports O2 (mp-1180008) with band gap -1.277299999999999 eV. This note is intentionally marked for human review as outdated_or_incorrect.

[rank=2 score=25.3749 doc_id=h1ctx_0023_mpc_0008_incorrect_gap] A noisy retrieved note reports O2 (mp-12957) with band gap -1.0933 eV. This note is intentionally marked for human review as outdated_or_incorrect.

[rank=3 score=25.3749 doc_id=h1ctx_0026_mpc_0009_incorrect_gap] A noisy retrieved note reports O2 (mp-2204849) with band gap -2.720399999999999 eV. This note is intentionally marked for human review as outdated_or_incorrect.","The retrieved context does not provide a reliable value for the band gap of O2, as all notes are marked as outdated_or_incorrect.",outdated_or_incorrect,,1.0,qwen_judge,"The answer correctly states that the retrieved context does not provide a reliable value for the band gap of O2, as all notes are marked as outdated_or_incorrect. This is fully supported by the given context.",361,466,safety_aware
rag_mpc_0058_incomplete_stability,materials,qwen_output,Is O2 thermodynamically stable?,"[rank=1 score=24.7444 doc_id=h1ctx_0008_mpc_0003_incorrect_gap] A noisy retrieved note reports O2 (mp-1180008) with band gap -1.277299999999999 eV. This note is intentionally marked for human review as outdated_or_incorrect.

[rank=2 score=24.7444 doc_id=h1ctx_0023_mpc_0008_incorrect_gap] A noisy retrieved note reports O2 (mp-12957) with band gap -1.0933 eV. This note is intentionally marked for human review as outdated_or_incorrect.

[rank=3 score=24.7444 doc_id=h1ctx_0026_mpc_0009_incorrect_gap] A noisy retrieved note reports O2 (mp-2204849) with band gap -2.720399999999999 eV. This note is intentionally marked for human review as outdated_or_incorrect.","The provided context does not contain sufficient information to determine the thermodynamic stability of O2. The retrieved notes are marked as outdated or incorrect and pertain to band gaps, which do not directly indicate thermodynamic stability.",outdated_or_incorrect,,1.0,qwen_judge,"The answer correctly states that the provided context does not contain sufficient information to determine the thermodynamic stability of O2, and that the retrieved notes are marked as outdated or incorrect and pertain to band gaps, which do not directly indicate thermodynamic stability. This is a faithful representation of the information given in the context.",375,501,safety_aware
rag_mpc_0059_current_gap,materials,qwen_output,What is the band gap of Se?,"[rank=1 score=26.5640 doc_id=h1ctx_0134_mpc_0045_incorrect_gap] A noisy retrieved note reports Se (mp-542605) with band gap -1.390199999999999 eV. This note is intentionally marked for human review as outdated_or_incorrect.

[rank=2 score=26.5640 doc_id=h1ctx_0140_mpc_0047_incorrect_gap] A noisy retrieved note reports Se (mp-542461) with band gap -1.5703 eV. This note is intentionally marked for human review as outdated_or_incorrect.

[rank=3 score=26.5640 doc_id=h1ctx_0143_mpc_0048_incorrect_gap] A noisy retrieved note reports Se (mp-570481) with band gap -1.7696 eV. This note is intentionally marked for human review as outdated_or_incorrect.",The retrieved context does not provide a reliable value for the band gap of Se. The provided values are marked as outdated or incorrect.,outdated_or_incorrect,,1.0,qwen_judge,"The answer correctly states that the retrieved context does not provide a reliable value for the band gap of Se, as all provided values are marked as outdated or incorrect. This is fully supported by the given context.",343,447,safety_aware
rag_mpc_0059_incorrect_gap,materials,qwen_output,What is the band gap of Se?,"[rank=1 score=26.5640 doc_id=h1ctx_0134_mpc_0045_incorrect_gap] A noisy retrieved note reports Se (mp-542605) with band gap -1.390199999999999 eV. This note is intentionally marked for human review as outdated_or_incorrect.

[rank=2 score=26.5640 doc_id=h1ctx_0140_mpc_0047_incorrect_gap] A noisy retrieved note reports Se (mp-542461) with band gap -1.5703 eV. This note is intentionally marked for human review as outdated_or_incorrect.

[rank=3 score=26.5640 doc_id=h1ctx_0143_mpc_0048_incorrect_gap] A noisy retrieved note reports Se (mp-570481) with band gap -1.7696 eV. This note is intentionally marked for human review as outdated_or_incorrect.",The retrieved context does not provide a reliable value for the band gap of Se. The provided values are marked as outdated or incorrect.,outdated_or_incorrect,,1.0,qwen_judge,"The answer correctly states that the retrieved context does not provide a reliable value for the band gap of Se, as all provided values are marked as outdated or incorrect. This is fully supported by the given context.",343,447,safety_aware
rag_mpc_0059_incomplete_stability,materials,qwen_output,Is Se thermodynamically stable?,"[rank=1 score=25.9335 doc_id=h1ctx_0134_mpc_0045_incorrect_gap] A noisy retrieved note reports Se (mp-542605) with band gap -1.390199999999999 eV. This note is intentionally marked for human review as outdated_or_incorrect.

[rank=2 score=25.9335 doc_id=h1ctx_0140_mpc_0047_incorrect_gap] A noisy retrieved note reports Se (mp-542461) with band gap -1.5703 eV. This note is intentionally marked for human review as outdated_or_incorrect.

[rank=3 score=25.9335 doc_id=h1ctx_0143_mpc_0048_incorrect_gap] A noisy retrieved note reports Se (mp-570481) with band gap -1.7696 eV. This note is intentionally marked for human review as outdated_or_incorrect.","The retrieved context does not provide sufficient information to determine if Se (selenium) is thermodynamically stable. The provided data points are marked as outdated or incorrect and pertain to band gap values, which do not directly indicate thermodynamic stability.",outdated_or_incorrect,,1.0,qwen_judge,"The answer correctly states that the provided context does not give enough information to determine the thermodynamic stability of Se (selenium). The retrieved data points are noted as outdated or incorrect, and they only provide band gap values which do not directly indicate thermodynamic stability. Thus, the response is fully supported by the given context.",365,492,safety_aware
rag_mpc_0060_current_gap,materials,qwen_output,What is the band gap of Te?,"[rank=1 score=27.0055 doc_id=h1ctx_0179_mpc_0060_incorrect_gap] A noisy retrieved note reports Te (mp-19) with band gap -0.18560000000000001 eV. This note is intentionally marked for human review as outdated_or_incorrect.

[rank=2 score=27.0055 doc_id=h1ctx_0182_mpc_0061_incorrect_gap] A noisy retrieved note reports Te (mp-567313) with band gap -0.5606 eV. This note is intentionally marked for human review as outdated_or_incorrect.

[rank=3 score=25.0654 doc_id=mp_0078] Materials Project reports Te (mp-570459). Band gap: 0.0 eV. Formation energy per atom: 0.072546299999999 eV/atom. Energy above hull: 0.072546299999999 eV/atom. Stable: False.",The band gap of Te (mp-570459) is reported as 0.0 eV by the Materials Project.,outdated_or_incorrect,,1.0,qwen_judge,"The answer is directly supported by the context from Materials Project (mp_0078), which reports Te (mp-570459) with a band gap of 0.0 eV. The other two retrieved contexts are marked as outdated or incorrect and thus not considered for supporting the claim.",373,500,safety_aware
rag_mpc_0060_incorrect_gap,materials,qwen_output,What is the band gap of Te?,"[rank=1 score=27.0055 doc_id=h1ctx_0179_mpc_0060_incorrect_gap] A noisy retrieved note reports Te (mp-19) with band gap -0.18560000000000001 eV. This note is intentionally marked for human review as outdated_or_incorrect.

[rank=2 score=27.0055 doc_id=h1ctx_0182_mpc_0061_incorrect_gap] A noisy retrieved note reports Te (mp-567313) with band gap -0.5606 eV. This note is intentionally marked for human review as outdated_or_incorrect.

[rank=3 score=25.0654 doc_id=mp_0078] Materials Project reports Te (mp-570459). Band gap: 0.0 eV. Formation energy per atom: 0.072546299999999 eV/atom. Energy above hull: 0.072546299999999 eV/atom. Stable: False.",The band gap of Te (mp-570459) is reported as 0.0 eV by the Materials Project.,outdated_or_incorrect,,1.0,qwen_judge,"The answer is directly supported by the context from Materials Project (mp_0078), which reports Te (mp-570459) with a band gap of 0.0 eV. The other two retrieved contexts are marked as outdated or incorrect and thus not considered for supporting the claim.",373,500,safety_aware
rag_mpc_0060_incomplete_stability,materials,qwen_output,Is Te thermodynamically stable?,"[rank=1 score=26.3750 doc_id=h1ctx_0179_mpc_0060_incorrect_gap] A noisy retrieved note reports Te (mp-19) with band gap -0.18560000000000001 eV. This note is intentionally marked for human review as outdated_or_incorrect.

[rank=2 score=26.3750 doc_id=h1ctx_0182_mpc_0061_incorrect_gap] A noisy retrieved note reports Te (mp-567313) with band gap -0.5606 eV. This note is intentionally marked for human review as outdated_or_incorrect.

[rank=3 score=25.2736 doc_id=h1ctx_0180_mpc_0060_incomplete_stability] A short retrieved snippet mentions Te (mp-19) as stable, but omits formation energy, hull distance, and thermodynamic qualification.","The provided context does not contain sufficient information to conclusively determine the thermodynamic stability of Te. The available data is marked as outdated, incorrect, or incomplete.",outdated_or_incorrect,,1.0,qwen_judge,"The answer correctly reflects the limitations of the provided context, noting that the data is marked as outdated, incorrect, or incomplete. It does not make any unsupported claims about the thermodynamic stability of Te, instead accurately conveying that there is insufficient information to draw a conclusion.",333,449,safety_aware
rag_mpc_0061_current_gap,materials,qwen_output,What is the band gap of Te?,"[rank=1 score=27.0055 doc_id=h1ctx_0179_mpc_0060_incorrect_gap] A noisy retrieved note reports Te (mp-19) with band gap -0.18560000000000001 eV. This note is intentionally marked for human review as outdated_or_incorrect.

[rank=2 score=27.0055 doc_id=h1ctx_0182_mpc_0061_incorrect_gap] A noisy retrieved note reports Te (mp-567313) with band gap -0.5606 eV. This note is intentionally marked for human review as outdated_or_incorrect.

[rank=3 score=25.0654 doc_id=mp_0078] Materials Project reports Te (mp-570459). Band gap: 0.0 eV. Formation energy per atom: 0.072546299999999 eV/atom. Energy above hull: 0.072546299999999 eV/atom. Stable: False.",The band gap of Te (mp-570459) is reported as 0.0 eV by the Materials Project.,outdated_or_incorrect,,1.0,qwen_judge,"The answer is directly supported by the context from Materials Project (mp_0078), which reports Te (mp-570459) with a band gap of 0.0 eV. The other two retrieved contexts are marked as outdated or incorrect and thus not considered for supporting the claim.",373,500,safety_aware
rag_mpc_0061_incorrect_gap,materials,qwen_output,What is the band gap of Te?,"[rank=1 score=27.0055 doc_id=h1ctx_0179_mpc_0060_incorrect_gap] A noisy retrieved note reports Te (mp-19) with band gap -0.18560000000000001 eV. This note is intentionally marked for human review as outdated_or_incorrect.

[rank=2 score=27.0055 doc_id=h1ctx_0182_mpc_0061_incorrect_gap] A noisy retrieved note reports Te (mp-567313) with band gap -0.5606 eV. This note is intentionally marked for human review as outdated_or_incorrect.

[rank=3 score=25.0654 doc_id=mp_0078] Materials Project reports Te (mp-570459). Band gap: 0.0 eV. Formation energy per atom: 0.072546299999999 eV/atom. Energy above hull: 0.072546299999999 eV/atom. Stable: False.",The band gap of Te (mp-570459) is reported as 0.0 eV by the Materials Project.,outdated_or_incorrect,,1.0,qwen_judge,"The answer is directly supported by the context from Materials Project (mp_0078), which reports Te (mp-570459) with a band gap of 0.0 eV. The other two retrieved contexts are marked as outdated or incorrect and thus not considered for supporting the claim.",373,500,safety_aware
rag_mpc_0061_incomplete_stability,materials,qwen_output,Is Te thermodynamically stable?,"[rank=1 score=26.3750 doc_id=h1ctx_0179_mpc_0060_incorrect_gap] A noisy retrieved note reports Te (mp-19) with band gap -0.18560000000000001 eV. This note is intentionally marked for human review as outdated_or_incorrect.

[rank=2 score=26.3750 doc_id=h1ctx_0182_mpc_0061_incorrect_gap] A noisy retrieved note reports Te (mp-567313) with band gap -0.5606 eV. This note is intentionally marked for human review as outdated_or_incorrect.

[rank=3 score=25.2736 doc_id=h1ctx_0180_mpc_0060_incomplete_stability] A short retrieved snippet mentions Te (mp-19) as stable, but omits formation energy, hull distance, and thermodynamic qualification.","The provided context does not contain sufficient information to conclusively determine the thermodynamic stability of Te. The available data is marked as outdated, incorrect, or incomplete.",outdated_or_incorrect,,1.0,qwen_judge,"The answer correctly reflects the limitations of the provided context, noting that the data is marked as outdated, incorrect, or incomplete. It does not make any unsupported claims about the thermodynamic stability of Te, instead accurately conveying that there is insufficient information to draw a conclusion.",333,449,safety_aware
rag_mpc_0062_current_gap,materials,qwen_output,What is the band gap of S?,"[rank=1 score=25.2867 doc_id=h1ctx_0068_mpc_0023_incorrect_gap] A noisy retrieved note reports S (mp-96) with band gap -2.748 eV. This note is intentionally marked for human review as outdated_or_incorrect.

[rank=2 score=25.2867 doc_id=h1ctx_0116_mpc_0039_incorrect_gap] A noisy retrieved note reports S (mp-556269) with band gap -2.3783 eV. This note is intentionally marked for human review as outdated_or_incorrect.

[rank=3 score=25.2867 doc_id=h1ctx_0119_mpc_0040_incorrect_gap] A noisy retrieved note reports S (mp-557559) with band gap -2.496299999999999 eV. This note is intentionally marked for human review as outdated_or_incorrect.",The provided context does not contain a reliable value for the band gap of S. The information available is marked as outdated or incorrect.,outdated_or_incorrect,,1.0,qwen_judge,"The answer correctly identifies that the provided context does not contain a reliable value for the band gap of S, as all the information available is marked as outdated or incorrect.",338,434,safety_aware
rag_mpc_0062_incorrect_gap,materials,qwen_output,What is the band gap of S?,"[rank=1 score=25.2867 doc_id=h1ctx_0068_mpc_0023_incorrect_gap] A noisy retrieved note reports S (mp-96) with band gap -2.748 eV. This note is intentionally marked for human review as outdated_or_incorrect.

[rank=2 score=25.2867 doc_id=h1ctx_0116_mpc_0039_incorrect_gap] A noisy retrieved note reports S (mp-556269) with band gap -2.3783 eV. This note is intentionally marked for human review as outdated_or_incorrect.

[rank=3 score=25.2867 doc_id=h1ctx_0119_mpc_0040_incorrect_gap] A noisy retrieved note reports S (mp-557559) with band gap -2.496299999999999 eV. This note is intentionally marked for human review as outdated_or_incorrect.",The provided context does not contain a reliable value for the band gap of S. The information available is marked as outdated or incorrect.,outdated_or_incorrect,,1.0,qwen_judge,"The answer correctly identifies that the provided context does not contain a reliable value for the band gap of S, as all the information available is marked as outdated or incorrect.",338,434,safety_aware
rag_mpc_0062_incomplete_stability,materials,qwen_output,Is S thermodynamically stable?,"[rank=1 score=24.6562 doc_id=h1ctx_0068_mpc_0023_incorrect_gap] A noisy retrieved note reports S (mp-96) with band gap -2.748 eV. This note is intentionally marked for human review as outdated_or_incorrect.

[rank=2 score=24.6562 doc_id=h1ctx_0116_mpc_0039_incorrect_gap] A noisy retrieved note reports S (mp-556269) with band gap -2.3783 eV. This note is intentionally marked for human review as outdated_or_incorrect.

[rank=3 score=24.6562 doc_id=h1ctx_0119_mpc_0040_incorrect_gap] A noisy retrieved note reports S (mp-557559) with band gap -2.496299999999999 eV. This note is intentionally marked for human review as outdated_or_incorrect.","The retrieved context does not provide sufficient information to determine the thermodynamic stability of S. The notes available are marked as outdated or incorrect and primarily discuss band gaps, which do not directly indicate thermodynamic stability.",outdated_or_incorrect,,1.0,qwen_judge,"The answer accurately reflects the content of the retrieved context, which does not provide sufficient information to determine the thermodynamic stability of S. The context notes are marked as outdated or incorrect and focus on band gaps, which do not directly indicate thermodynamic stability.",352,465,safety_aware
rag_mpc_0063_current_gap,materials,qwen_output,What is the band gap of O2?,"[rank=1 score=25.3749 doc_id=h1ctx_0008_mpc_0003_incorrect_gap] A noisy retrieved note reports O2 (mp-1180008) with band gap -1.277299999999999 eV. This note is intentionally marked for human review as outdated_or_incorrect.

[rank=2 score=25.3749 doc_id=h1ctx_0023_mpc_0008_incorrect_gap] A noisy retrieved note reports O2 (mp-12957) with band gap -1.0933 eV. This note is intentionally marked for human review as outdated_or_incorrect.

[rank=3 score=25.3749 doc_id=h1ctx_0026_mpc_0009_incorrect_gap] A noisy retrieved note reports O2 (mp-2204849) with band gap -2.720399999999999 eV. This note is intentionally marked for human review as outdated_or_incorrect.","The retrieved context does not provide a reliable value for the band gap of O2, as all notes are marked as outdated_or_incorrect.",outdated_or_incorrect,,1.0,qwen_judge,"The answer correctly states that the retrieved context does not provide a reliable value for the band gap of O2, as all notes are marked as outdated_or_incorrect. This is fully supported by the given context.",361,466,safety_aware
rag_mpc_0063_incorrect_gap,materials,qwen_output,What is the band gap of O2?,"[rank=1 score=25.3749 doc_id=h1ctx_0008_mpc_0003_incorrect_gap] A noisy retrieved note reports O2 (mp-1180008) with band gap -1.277299999999999 eV. This note is intentionally marked for human review as outdated_or_incorrect.

[rank=2 score=25.3749 doc_id=h1ctx_0023_mpc_0008_incorrect_gap] A noisy retrieved note reports O2 (mp-12957) with band gap -1.0933 eV. This note is intentionally marked for human review as outdated_or_incorrect.

[rank=3 score=25.3749 doc_id=h1ctx_0026_mpc_0009_incorrect_gap] A noisy retrieved note reports O2 (mp-2204849) with band gap -2.720399999999999 eV. This note is intentionally marked for human review as outdated_or_incorrect.","The retrieved context does not provide a reliable value for the band gap of O2, as all notes are marked as outdated_or_incorrect.",outdated_or_incorrect,,1.0,qwen_judge,"The answer correctly states that the retrieved context does not provide a reliable value for the band gap of O2, as all notes are marked as outdated_or_incorrect. This is fully supported by the given context.",361,466,safety_aware
rag_mpc_0063_incomplete_stability,materials,qwen_output,Is O2 thermodynamically stable?,"[rank=1 score=24.7444 doc_id=h1ctx_0008_mpc_0003_incorrect_gap] A noisy retrieved note reports O2 (mp-1180008) with band gap -1.277299999999999 eV. This note is intentionally marked for human review as outdated_or_incorrect.

[rank=2 score=24.7444 doc_id=h1ctx_0023_mpc_0008_incorrect_gap] A noisy retrieved note reports O2 (mp-12957) with band gap -1.0933 eV. This note is intentionally marked for human review as outdated_or_incorrect.

[rank=3 score=24.7444 doc_id=h1ctx_0026_mpc_0009_incorrect_gap] A noisy retrieved note reports O2 (mp-2204849) with band gap -2.720399999999999 eV. This note is intentionally marked for human review as outdated_or_incorrect.","The provided context does not contain sufficient information to determine the thermodynamic stability of O2. The retrieved notes are marked as outdated or incorrect and pertain to band gaps, which do not directly indicate thermodynamic stability.",outdated_or_incorrect,,1.0,qwen_judge,"The answer correctly states that the provided context does not contain sufficient information to determine the thermodynamic stability of O2, and that the retrieved notes are marked as outdated or incorrect and pertain to band gaps, which do not directly indicate thermodynamic stability. This is a faithful representation of the information given in the context.",375,501,safety_aware
rag_mpc_0064_current_gap,materials,qwen_output,What is the band gap of O2?,"[rank=1 score=25.3749 doc_id=h1ctx_0008_mpc_0003_incorrect_gap] A noisy retrieved note reports O2 (mp-1180008) with band gap -1.277299999999999 eV. This note is intentionally marked for human review as outdated_or_incorrect.

[rank=2 score=25.3749 doc_id=h1ctx_0023_mpc_0008_incorrect_gap] A noisy retrieved note reports O2 (mp-12957) with band gap -1.0933 eV. This note is intentionally marked for human review as outdated_or_incorrect.

[rank=3 score=25.3749 doc_id=h1ctx_0026_mpc_0009_incorrect_gap] A noisy retrieved note reports O2 (mp-2204849) with band gap -2.720399999999999 eV. This note is intentionally marked for human review as outdated_or_incorrect.","The retrieved context does not provide a reliable value for the band gap of O2, as all notes are marked as outdated_or_incorrect.",outdated_or_incorrect,,1.0,qwen_judge,"The answer correctly states that the retrieved context does not provide a reliable value for the band gap of O2, as all notes are marked as outdated_or_incorrect. This is fully supported by the given context.",361,466,safety_aware
rag_mpc_0064_incorrect_gap,materials,qwen_output,What is the band gap of O2?,"[rank=1 score=25.3749 doc_id=h1ctx_0008_mpc_0003_incorrect_gap] A noisy retrieved note reports O2 (mp-1180008) with band gap -1.277299999999999 eV. This note is intentionally marked for human review as outdated_or_incorrect.

[rank=2 score=25.3749 doc_id=h1ctx_0023_mpc_0008_incorrect_gap] A noisy retrieved note reports O2 (mp-12957) with band gap -1.0933 eV. This note is intentionally marked for human review as outdated_or_incorrect.

[rank=3 score=25.3749 doc_id=h1ctx_0026_mpc_0009_incorrect_gap] A noisy retrieved note reports O2 (mp-2204849) with band gap -2.720399999999999 eV. This note is intentionally marked for human review as outdated_or_incorrect.","The retrieved context does not provide a reliable value for the band gap of O2, as all notes are marked as outdated_or_incorrect.",outdated_or_incorrect,,1.0,qwen_judge,"The answer correctly states that the retrieved context does not provide a reliable value for the band gap of O2, as all notes are marked as outdated_or_incorrect. This is fully supported by the given context.",361,466,safety_aware
rag_mpc_0064_incomplete_stability,materials,qwen_output,Is O2 thermodynamically stable?,"[rank=1 score=24.7444 doc_id=h1ctx_0008_mpc_0003_incorrect_gap] A noisy retrieved note reports O2 (mp-1180008) with band gap -1.277299999999999 eV. This note is intentionally marked for human review as outdated_or_incorrect.

[rank=2 score=24.7444 doc_id=h1ctx_0023_mpc_0008_incorrect_gap] A noisy retrieved note reports O2 (mp-12957) with band gap -1.0933 eV. This note is intentionally marked for human review as outdated_or_incorrect.

[rank=3 score=24.7444 doc_id=h1ctx_0026_mpc_0009_incorrect_gap] A noisy retrieved note reports O2 (mp-2204849) with band gap -2.720399999999999 eV. This note is intentionally marked for human review as outdated_or_incorrect.","The provided context does not contain sufficient information to determine the thermodynamic stability of O2. The retrieved notes are marked as outdated or incorrect and pertain to band gaps, which do not directly indicate thermodynamic stability.",outdated_or_incorrect,,1.0,qwen_judge,"The answer correctly states that the provided context does not contain sufficient information to determine the thermodynamic stability of O2, and that the retrieved notes are marked as outdated or incorrect and pertain to band gaps, which do not directly indicate thermodynamic stability. This is a faithful representation of the information given in the context.",375,501,safety_aware
rag_mpc_0065_current_gap,materials,qwen_output,What is the band gap of Si?,"[rank=1 score=25.8113 doc_id=h1ctx_0050_mpc_0017_incorrect_gap] A noisy retrieved note reports Si (mp-1079297) with band gap -0.2735 eV. This note is intentionally marked for human review as outdated_or_incorrect.

[rank=2 score=25.8113 doc_id=h1ctx_0080_mpc_0027_incorrect_gap] A noisy retrieved note reports Si (mp-1204046) with band gap -0.15080000000000002 eV. This note is intentionally marked for human review as outdated_or_incorrect.

[rank=3 score=25.8113 doc_id=h1ctx_0113_mpc_0038_incorrect_gap] A noisy retrieved note reports Si (mp-999200) with band gap -0.439799999999999 eV. This note is intentionally marked for human review as outdated_or_incorrect.","The provided context does not contain the correct band gap value for Si, as all entries are marked as outdated_or_incorrect.",outdated_or_incorrect,,1.0,qwen_judge,"The answer correctly states that the provided context does not contain the correct band gap value for Si, as all entries are marked as outdated_or_incorrect. This is fully supported by the retrieved context.",357,459,safety_aware
rag_mpc_0065_incorrect_gap,materials,qwen_output,What is the band gap of Si?,"[rank=1 score=25.8113 doc_id=h1ctx_0050_mpc_0017_incorrect_gap] A noisy retrieved note reports Si (mp-1079297) with band gap -0.2735 eV. This note is intentionally marked for human review as outdated_or_incorrect.

[rank=2 score=25.8113 doc_id=h1ctx_0080_mpc_0027_incorrect_gap] A noisy retrieved note reports Si (mp-1204046) with band gap -0.15080000000000002 eV. This note is intentionally marked for human review as outdated_or_incorrect.

[rank=3 score=25.8113 doc_id=h1ctx_0113_mpc_0038_incorrect_gap] A noisy retrieved note reports Si (mp-999200) with band gap -0.439799999999999 eV. This note is intentionally marked for human review as outdated_or_incorrect.","The provided context does not contain the correct band gap value for Si, as all entries are marked as outdated_or_incorrect.",outdated_or_incorrect,,1.0,qwen_judge,"The answer correctly states that the provided context does not contain the correct band gap value for Si, as all entries are marked as outdated_or_incorrect. This is fully supported by the retrieved context.",357,459,safety_aware
rag_mpc_0065_incomplete_stability,materials,qwen_output,Is Si thermodynamically stable?,"[rank=1 score=25.1808 doc_id=h1ctx_0050_mpc_0017_incorrect_gap] A noisy retrieved note reports Si (mp-1079297) with band gap -0.2735 eV. This note is intentionally marked for human review as outdated_or_incorrect.

[rank=2 score=25.1808 doc_id=h1ctx_0080_mpc_0027_incorrect_gap] A noisy retrieved note reports Si (mp-1204046) with band gap -0.15080000000000002 eV. This note is intentionally marked for human review as outdated_or_incorrect.

[rank=3 score=25.1808 doc_id=h1ctx_0113_mpc_0038_incorrect_gap] A noisy retrieved note reports Si (mp-999200) with band gap -0.439799999999999 eV. This note is intentionally marked for human review as outdated_or_incorrect.","The retrieved context does not provide sufficient information to determine the thermodynamic stability of Si. The provided data is marked as outdated or incorrect and pertains to band gaps, which are not directly indicative of thermodynamic stability.",outdated_or_incorrect,,1.0,qwen_judge,"The answer correctly states that the retrieved context does not provide sufficient information to determine the thermodynamic stability of Si, and it points out that the data is marked as outdated or incorrect. The response also accurately notes that the provided data on band gaps is not directly related to thermodynamic stability.",374,494,safety_aware
rag_mpc_0066_current_gap,materials,qwen_output,What is the band gap of B?,"[rank=1 score=26.7646 doc_id=h1ctx_0071_mpc_0024_incorrect_gap] A noisy retrieved note reports B (mp-729184) with band gap -0.5081 eV. This note is intentionally marked for human review as outdated_or_incorrect.

[rank=2 score=26.7646 doc_id=h1ctx_0197_mpc_0066_incorrect_gap] A noisy retrieved note reports B (mp-160) with band gap -1.433399999999999 eV. This note is intentionally marked for human review as outdated_or_incorrect.

[rank=3 score=24.8278 doc_id=mp_0036] Materials Project reports B (mp-632401). Band gap: 0.0 eV. Formation energy per atom: 0.291535708333333 eV/atom. Energy above hull: 0.291535708333333 eV/atom. Stable: False.",0.0 eV,outdated_or_incorrect,,1.0,qwen_judge,"The answer of 0.0 eV for the band gap of B is directly supported by the context from the Materials Project (mp-632401) which reports a band gap of 0.0 eV for B. The other retrieved contexts are marked as outdated or incorrect, so they are not considered reliable for this evaluation.",349,483,safety_aware
rag_mpc_0066_incorrect_gap,materials,qwen_output,What is the band gap of B?,"[rank=1 score=26.7646 doc_id=h1ctx_0071_mpc_0024_incorrect_gap] A noisy retrieved note reports B (mp-729184) with band gap -0.5081 eV. This note is intentionally marked for human review as outdated_or_incorrect.

[rank=2 score=26.7646 doc_id=h1ctx_0197_mpc_0066_incorrect_gap] A noisy retrieved note reports B (mp-160) with band gap -1.433399999999999 eV. This note is intentionally marked for human review as outdated_or_incorrect.

[rank=3 score=24.8278 doc_id=mp_0036] Materials Project reports B (mp-632401). Band gap: 0.0 eV. Formation energy per atom: 0.291535708333333 eV/atom. Energy above hull: 0.291535708333333 eV/atom. Stable: False.",0.0 eV,outdated_or_incorrect,,1.0,qwen_judge,"The answer of 0.0 eV for the band gap of B is directly supported by the context from the Materials Project (mp-632401) which reports a band gap of 0.0 eV for B. The other retrieved contexts are marked as outdated or incorrect, so they are not considered reliable for this evaluation.",349,483,safety_aware
rag_mpc_0066_incomplete_stability,materials,qwen_output,Is B thermodynamically stable?,"[rank=1 score=26.1341 doc_id=h1ctx_0071_mpc_0024_incorrect_gap] A noisy retrieved note reports B (mp-729184) with band gap -0.5081 eV. This note is intentionally marked for human review as outdated_or_incorrect.

[rank=2 score=26.1341 doc_id=h1ctx_0197_mpc_0066_incorrect_gap] A noisy retrieved note reports B (mp-160) with band gap -1.433399999999999 eV. This note is intentionally marked for human review as outdated_or_incorrect.

[rank=3 score=25.0103 doc_id=h1ctx_0072_mpc_0024_incomplete_stability] A short retrieved snippet mentions B (mp-729184) as stable, but omits formation energy, hull distance, and thermodynamic qualification.","The provided context does not contain sufficient information to determine if B is thermodynamically stable. The stability claim in the third document lacks necessary details such as formation energy and hull distance, and the first two documents are marked as outdated or incorrect.",outdated_or_incorrect,,0.5,qwen_judge,"The answer is partially supported by the context. The third document does mention B (mp-729184) as stable, but it lacks necessary details such as formation energy and hull distance to fully support a claim about thermodynamic stability. The first two documents are marked as outdated or incorrect, so they do not provide reliable information for the assessment of stability.",352,489,safety_aware
rag_mpc_0067_current_gap,materials,qwen_output,What is the band gap of Xe?,"[rank=1 score=27.4274 doc_id=h1ctx_0200_mpc_0067_incorrect_gap] A noisy retrieved note reports Xe (mp-1187769) with band gap -6.2294 eV. This note is intentionally marked for human review as outdated_or_incorrect.

[rank=2 score=27.4274 doc_id=h1ctx_0230_mpc_0077_incorrect_gap] A noisy retrieved note reports Xe (mp-972256) with band gap -6.1673 eV. This note is intentionally marked for human review as outdated_or_incorrect.

[rank=3 score=27.4274 doc_id=h1ctx_0233_mpc_0078_incorrect_gap] A noisy retrieved note reports Xe (mp-979286) with band gap -6.1713000000000005 eV. This note is intentionally marked for human review as outdated_or_incorrect.","The retrieved context provides band gap values for Xe, but all are marked as outdated_or_incorrect. Therefore, the information is insufficient to determine the accurate band gap of Xe.",outdated_or_incorrect,,1.0,qwen_judge,"The answer correctly states that the band gap values provided in the retrieved context are marked as outdated_or_incorrect and thus insufficient to determine the accurate band gap of Xe. This is a direct reflection of the information given in the context, which indicates that all the provided notes on Xe's band gap are intentionally marked for human review due to being outdated or incorrect.",360,496,safety_aware
rag_mpc_0067_incorrect_gap,materials,qwen_output,What is the band gap of Xe?,"[rank=1 score=27.4274 doc_id=h1ctx_0200_mpc_0067_incorrect_gap] A noisy retrieved note reports Xe (mp-1187769) with band gap -6.2294 eV. This note is intentionally marked for human review as outdated_or_incorrect.

[rank=2 score=27.4274 doc_id=h1ctx_0230_mpc_0077_incorrect_gap] A noisy retrieved note reports Xe (mp-972256) with band gap -6.1673 eV. This note is intentionally marked for human review as outdated_or_incorrect.

[rank=3 score=27.4274 doc_id=h1ctx_0233_mpc_0078_incorrect_gap] A noisy retrieved note reports Xe (mp-979286) with band gap -6.1713000000000005 eV. This note is intentionally marked for human review as outdated_or_incorrect.","The retrieved context provides band gap values for Xe, but all are marked as outdated_or_incorrect. Therefore, the information is insufficient to determine the accurate band gap of Xe.",outdated_or_incorrect,,1.0,qwen_judge,"The answer correctly states that the band gap values provided in the retrieved context are marked as outdated_or_incorrect and thus insufficient to determine the accurate band gap of Xe. This is a direct reflection of the information given in the context, which indicates that all the provided notes on Xe's band gap are intentionally marked for human review due to being outdated or incorrect.",360,496,safety_aware
rag_mpc_0067_incomplete_stability,materials,qwen_output,Is Xe thermodynamically stable?,"[rank=1 score=26.7969 doc_id=h1ctx_0200_mpc_0067_incorrect_gap] A noisy retrieved note reports Xe (mp-1187769) with band gap -6.2294 eV. This note is intentionally marked for human review as outdated_or_incorrect.

[rank=2 score=26.7969 doc_id=h1ctx_0230_mpc_0077_incorrect_gap] A noisy retrieved note reports Xe (mp-972256) with band gap -6.1673 eV. This note is intentionally marked for human review as outdated_or_incorrect.

[rank=3 score=26.7969 doc_id=h1ctx_0233_mpc_0078_incorrect_gap] A noisy retrieved note reports Xe (mp-979286) with band gap -6.1713000000000005 eV. This note is intentionally marked for human review as outdated_or_incorrect.","The provided context does not contain information about the thermodynamic stability of Xe. The data presented is marked as outdated or incorrect and relates to band gaps, which do not directly indicate thermodynamic stability.",outdated_or_incorrect,,1.0,qwen_judge,"The answer correctly states that the provided context does not contain information about the thermodynamic stability of Xe and points out that the data is marked as outdated or incorrect, relating to band gaps which do not directly indicate thermodynamic stability.",362,471,safety_aware
rag_mpc_0068_current_gap,materials,qwen_output,What is the band gap of C?,"[rank=1 score=24.9072 doc_id=h1ctx_0002_mpc_0001_incorrect_gap] A noisy retrieved note reports C (mp-1197903) with band gap -0.07970000000000001 eV. This note is intentionally marked for human review as outdated_or_incorrect.

[rank=2 score=24.9072 doc_id=h1ctx_0005_mpc_0002_incorrect_gap] A noisy retrieved note reports C (mp-1244964) with band gap -0.0724 eV. This note is intentionally marked for human review as outdated_or_incorrect.

[rank=3 score=24.9072 doc_id=h1ctx_0011_mpc_0004_incorrect_gap] A noisy retrieved note reports C (mp-1244913) with band gap -0.10600000000000001 eV. This note is intentionally marked for human review as outdated_or_incorrect.","The retrieved context does not provide a reliable value for the band gap of C, as all provided values are marked as outdated or incorrect.",outdated_or_incorrect,,1.0,qwen_judge,"The answer correctly states that the retrieved context does not provide a reliable value for the band gap of C, as all provided values are marked as outdated or incorrect. This is directly supported by the context.",362,465,safety_aware
rag_mpc_0068_incorrect_gap,materials,qwen_output,What is the band gap of C?,"[rank=1 score=24.9072 doc_id=h1ctx_0002_mpc_0001_incorrect_gap] A noisy retrieved note reports C (mp-1197903) with band gap -0.07970000000000001 eV. This note is intentionally marked for human review as outdated_or_incorrect.

[rank=2 score=24.9072 doc_id=h1ctx_0005_mpc_0002_incorrect_gap] A noisy retrieved note reports C (mp-1244964) with band gap -0.0724 eV. This note is intentionally marked for human review as outdated_or_incorrect.

[rank=3 score=24.9072 doc_id=h1ctx_0011_mpc_0004_incorrect_gap] A noisy retrieved note reports C (mp-1244913) with band gap -0.10600000000000001 eV. This note is intentionally marked for human review as outdated_or_incorrect.","The retrieved context does not provide a reliable value for the band gap of C, as all provided values are marked as outdated or incorrect.",outdated_or_incorrect,,1.0,qwen_judge,"The answer correctly states that the retrieved context does not provide a reliable value for the band gap of C, as all provided values are marked as outdated or incorrect. This is directly supported by the context.",362,465,safety_aware
rag_mpc_0068_incomplete_stability,materials,qwen_output,Is C thermodynamically stable?,"[rank=1 score=24.2768 doc_id=h1ctx_0002_mpc_0001_incorrect_gap] A noisy retrieved note reports C (mp-1197903) with band gap -0.07970000000000001 eV. This note is intentionally marked for human review as outdated_or_incorrect.

[rank=2 score=24.2768 doc_id=h1ctx_0005_mpc_0002_incorrect_gap] A noisy retrieved note reports C (mp-1244964) with band gap -0.0724 eV. This note is intentionally marked for human review as outdated_or_incorrect.

[rank=3 score=24.2768 doc_id=h1ctx_0011_mpc_0004_incorrect_gap] A noisy retrieved note reports C (mp-1244913) with band gap -0.10600000000000001 eV. This note is intentionally marked for human review as outdated_or_incorrect.","The retrieved context does not provide sufficient information to determine if C is thermodynamically stable. The notes available are marked as outdated or incorrect and focus on band gap, which is not directly indicative of thermodynamic stability.",outdated_or_incorrect,,0.5,qwen_judge,"The answer correctly states that the retrieved context does not provide sufficient information to determine if C is thermodynamically stable. The context focuses on band gap, which is not directly related to thermodynamic stability. However, the answer could have more explicitly noted that the provided data are marked as outdated or incorrect, which further weakens any potential claims about C's properties.",377,512,safety_aware
rag_mpc_0069_current_gap,materials,qwen_output,What is the band gap of C?,"[rank=1 score=24.9072 doc_id=h1ctx_0002_mpc_0001_incorrect_gap] A noisy retrieved note reports C (mp-1197903) with band gap -0.07970000000000001 eV. This note is intentionally marked for human review as outdated_or_incorrect.

[rank=2 score=24.9072 doc_id=h1ctx_0005_mpc_0002_incorrect_gap] A noisy retrieved note reports C (mp-1244964) with band gap -0.0724 eV. This note is intentionally marked for human review as outdated_or_incorrect.

[rank=3 score=24.9072 doc_id=h1ctx_0011_mpc_0004_incorrect_gap] A noisy retrieved note reports C (mp-1244913) with band gap -0.10600000000000001 eV. This note is intentionally marked for human review as outdated_or_incorrect.","The retrieved context does not provide a reliable value for the band gap of C, as all provided values are marked as outdated or incorrect.",outdated_or_incorrect,,1.0,qwen_judge,"The answer correctly states that the retrieved context does not provide a reliable value for the band gap of C, as all provided values are marked as outdated or incorrect. This is directly supported by the context.",362,465,safety_aware
rag_mpc_0069_incorrect_gap,materials,qwen_output,What is the band gap of C?,"[rank=1 score=24.9072 doc_id=h1ctx_0002_mpc_0001_incorrect_gap] A noisy retrieved note reports C (mp-1197903) with band gap -0.07970000000000001 eV. This note is intentionally marked for human review as outdated_or_incorrect.

[rank=2 score=24.9072 doc_id=h1ctx_0005_mpc_0002_incorrect_gap] A noisy retrieved note reports C (mp-1244964) with band gap -0.0724 eV. This note is intentionally marked for human review as outdated_or_incorrect.

[rank=3 score=24.9072 doc_id=h1ctx_0011_mpc_0004_incorrect_gap] A noisy retrieved note reports C (mp-1244913) with band gap -0.10600000000000001 eV. This note is intentionally marked for human review as outdated_or_incorrect.","The retrieved context does not provide a reliable value for the band gap of C, as all provided values are marked as outdated or incorrect.",outdated_or_incorrect,,1.0,qwen_judge,"The answer correctly states that the retrieved context does not provide a reliable value for the band gap of C, as all provided values are marked as outdated or incorrect. This is directly supported by the context.",362,465,safety_aware
rag_mpc_0069_incomplete_stability,materials,qwen_output,Is C thermodynamically stable?,"[rank=1 score=24.2768 doc_id=h1ctx_0002_mpc_0001_incorrect_gap] A noisy retrieved note reports C (mp-1197903) with band gap -0.07970000000000001 eV. This note is intentionally marked for human review as outdated_or_incorrect.

[rank=2 score=24.2768 doc_id=h1ctx_0005_mpc_0002_incorrect_gap] A noisy retrieved note reports C (mp-1244964) with band gap -0.0724 eV. This note is intentionally marked for human review as outdated_or_incorrect.

[rank=3 score=24.2768 doc_id=h1ctx_0011_mpc_0004_incorrect_gap] A noisy retrieved note reports C (mp-1244913) with band gap -0.10600000000000001 eV. This note is intentionally marked for human review as outdated_or_incorrect.","The retrieved context does not provide sufficient information to determine if C is thermodynamically stable. The notes available are marked as outdated or incorrect and focus on band gap, which is not directly indicative of thermodynamic stability.",outdated_or_incorrect,,0.5,qwen_judge,"The answer correctly states that the retrieved context does not provide sufficient information to determine if C is thermodynamically stable. The context focuses on band gap, which is not directly related to thermodynamic stability. However, the answer could have more explicitly noted that the provided data are marked as outdated or incorrect, which further weakens any potential claims about C's properties.",377,512,safety_aware
rag_mpc_0070_current_gap,materials,qwen_output,What is the band gap of C?,"[rank=1 score=24.9072 doc_id=h1ctx_0002_mpc_0001_incorrect_gap] A noisy retrieved note reports C (mp-1197903) with band gap -0.07970000000000001 eV. This note is intentionally marked for human review as outdated_or_incorrect.

[rank=2 score=24.9072 doc_id=h1ctx_0005_mpc_0002_incorrect_gap] A noisy retrieved note reports C (mp-1244964) with band gap -0.0724 eV. This note is intentionally marked for human review as outdated_or_incorrect.

[rank=3 score=24.9072 doc_id=h1ctx_0011_mpc_0004_incorrect_gap] A noisy retrieved note reports C (mp-1244913) with band gap -0.10600000000000001 eV. This note is intentionally marked for human review as outdated_or_incorrect.","The retrieved context does not provide a reliable value for the band gap of C, as all provided values are marked as outdated or incorrect.",outdated_or_incorrect,,1.0,qwen_judge,"The answer correctly states that the retrieved context does not provide a reliable value for the band gap of C, as all provided values are marked as outdated or incorrect. This is directly supported by the context.",362,465,safety_aware
rag_mpc_0070_incorrect_gap,materials,qwen_output,What is the band gap of C?,"[rank=1 score=24.9072 doc_id=h1ctx_0002_mpc_0001_incorrect_gap] A noisy retrieved note reports C (mp-1197903) with band gap -0.07970000000000001 eV. This note is intentionally marked for human review as outdated_or_incorrect.

[rank=2 score=24.9072 doc_id=h1ctx_0005_mpc_0002_incorrect_gap] A noisy retrieved note reports C (mp-1244964) with band gap -0.0724 eV. This note is intentionally marked for human review as outdated_or_incorrect.

[rank=3 score=24.9072 doc_id=h1ctx_0011_mpc_0004_incorrect_gap] A noisy retrieved note reports C (mp-1244913) with band gap -0.10600000000000001 eV. This note is intentionally marked for human review as outdated_or_incorrect.","The retrieved context does not provide a reliable value for the band gap of C, as all provided values are marked as outdated or incorrect.",outdated_or_incorrect,,1.0,qwen_judge,"The answer correctly states that the retrieved context does not provide a reliable value for the band gap of C, as all provided values are marked as outdated or incorrect. This is directly supported by the context.",362,465,safety_aware
rag_mpc_0070_incomplete_stability,materials,qwen_output,Is C thermodynamically stable?,"[rank=1 score=24.2768 doc_id=h1ctx_0002_mpc_0001_incorrect_gap] A noisy retrieved note reports C (mp-1197903) with band gap -0.07970000000000001 eV. This note is intentionally marked for human review as outdated_or_incorrect.

[rank=2 score=24.2768 doc_id=h1ctx_0005_mpc_0002_incorrect_gap] A noisy retrieved note reports C (mp-1244964) with band gap -0.0724 eV. This note is intentionally marked for human review as outdated_or_incorrect.

[rank=3 score=24.2768 doc_id=h1ctx_0011_mpc_0004_incorrect_gap] A noisy retrieved note reports C (mp-1244913) with band gap -0.10600000000000001 eV. This note is intentionally marked for human review as outdated_or_incorrect.","The retrieved context does not provide sufficient information to determine if C is thermodynamically stable. The notes available are marked as outdated or incorrect and focus on band gap, which is not directly indicative of thermodynamic stability.",outdated_or_incorrect,,0.5,qwen_judge,"The answer correctly states that the retrieved context does not provide sufficient information to determine if C is thermodynamically stable. The context focuses on band gap, which is not directly related to thermodynamic stability. However, the answer could have more explicitly noted that the provided data are marked as outdated or incorrect, which further weakens any potential claims about C's properties.",377,512,safety_aware
rag_mpc_0071_current_gap,materials,qwen_output,What is the band gap of C?,"[rank=1 score=24.9072 doc_id=h1ctx_0002_mpc_0001_incorrect_gap] A noisy retrieved note reports C (mp-1197903) with band gap -0.07970000000000001 eV. This note is intentionally marked for human review as outdated_or_incorrect.

[rank=2 score=24.9072 doc_id=h1ctx_0005_mpc_0002_incorrect_gap] A noisy retrieved note reports C (mp-1244964) with band gap -0.0724 eV. This note is intentionally marked for human review as outdated_or_incorrect.

[rank=3 score=24.9072 doc_id=h1ctx_0011_mpc_0004_incorrect_gap] A noisy retrieved note reports C (mp-1244913) with band gap -0.10600000000000001 eV. This note is intentionally marked for human review as outdated_or_incorrect.","The retrieved context does not provide a reliable value for the band gap of C, as all provided values are marked as outdated or incorrect.",outdated_or_incorrect,,1.0,qwen_judge,"The answer correctly states that the retrieved context does not provide a reliable value for the band gap of C, as all provided values are marked as outdated or incorrect. This is directly supported by the context.",362,465,safety_aware
rag_mpc_0071_incorrect_gap,materials,qwen_output,What is the band gap of C?,"[rank=1 score=24.9072 doc_id=h1ctx_0002_mpc_0001_incorrect_gap] A noisy retrieved note reports C (mp-1197903) with band gap -0.07970000000000001 eV. This note is intentionally marked for human review as outdated_or_incorrect.

[rank=2 score=24.9072 doc_id=h1ctx_0005_mpc_0002_incorrect_gap] A noisy retrieved note reports C (mp-1244964) with band gap -0.0724 eV. This note is intentionally marked for human review as outdated_or_incorrect.

[rank=3 score=24.9072 doc_id=h1ctx_0011_mpc_0004_incorrect_gap] A noisy retrieved note reports C (mp-1244913) with band gap -0.10600000000000001 eV. This note is intentionally marked for human review as outdated_or_incorrect.","The retrieved context does not provide a reliable value for the band gap of C, as all provided values are marked as outdated or incorrect.",outdated_or_incorrect,,1.0,qwen_judge,"The answer correctly states that the retrieved context does not provide a reliable value for the band gap of C, as all provided values are marked as outdated or incorrect. This is directly supported by the context.",362,465,safety_aware
rag_mpc_0071_incomplete_stability,materials,qwen_output,Is C thermodynamically stable?,"[rank=1 score=24.2768 doc_id=h1ctx_0002_mpc_0001_incorrect_gap] A noisy retrieved note reports C (mp-1197903) with band gap -0.07970000000000001 eV. This note is intentionally marked for human review as outdated_or_incorrect.

[rank=2 score=24.2768 doc_id=h1ctx_0005_mpc_0002_incorrect_gap] A noisy retrieved note reports C (mp-1244964) with band gap -0.0724 eV. This note is intentionally marked for human review as outdated_or_incorrect.

[rank=3 score=24.2768 doc_id=h1ctx_0011_mpc_0004_incorrect_gap] A noisy retrieved note reports C (mp-1244913) with band gap -0.10600000000000001 eV. This note is intentionally marked for human review as outdated_or_incorrect.","The retrieved context does not provide sufficient information to determine if C is thermodynamically stable. The notes available are marked as outdated or incorrect and focus on band gap, which is not directly indicative of thermodynamic stability.",outdated_or_incorrect,,0.5,qwen_judge,"The answer correctly states that the retrieved context does not provide sufficient information to determine if C is thermodynamically stable. The context focuses on band gap, which is not directly related to thermodynamic stability. However, the answer could have more explicitly noted that the provided data are marked as outdated or incorrect, which further weakens any potential claims about C's properties.",377,512,safety_aware
rag_mpc_0072_current_gap,materials,qwen_output,What is the band gap of C?,"[rank=1 score=24.9072 doc_id=h1ctx_0002_mpc_0001_incorrect_gap] A noisy retrieved note reports C (mp-1197903) with band gap -0.07970000000000001 eV. This note is intentionally marked for human review as outdated_or_incorrect.

[rank=2 score=24.9072 doc_id=h1ctx_0005_mpc_0002_incorrect_gap] A noisy retrieved note reports C (mp-1244964) with band gap -0.0724 eV. This note is intentionally marked for human review as outdated_or_incorrect.

[rank=3 score=24.9072 doc_id=h1ctx_0011_mpc_0004_incorrect_gap] A noisy retrieved note reports C (mp-1244913) with band gap -0.10600000000000001 eV. This note is intentionally marked for human review as outdated_or_incorrect.","The retrieved context does not provide a reliable value for the band gap of C, as all provided values are marked as outdated or incorrect.",outdated_or_incorrect,,1.0,qwen_judge,"The answer correctly states that the retrieved context does not provide a reliable value for the band gap of C, as all provided values are marked as outdated or incorrect. This is directly supported by the context.",362,465,safety_aware
rag_mpc_0072_incorrect_gap,materials,qwen_output,What is the band gap of C?,"[rank=1 score=24.9072 doc_id=h1ctx_0002_mpc_0001_incorrect_gap] A noisy retrieved note reports C (mp-1197903) with band gap -0.07970000000000001 eV. This note is intentionally marked for human review as outdated_or_incorrect.

[rank=2 score=24.9072 doc_id=h1ctx_0005_mpc_0002_incorrect_gap] A noisy retrieved note reports C (mp-1244964) with band gap -0.0724 eV. This note is intentionally marked for human review as outdated_or_incorrect.

[rank=3 score=24.9072 doc_id=h1ctx_0011_mpc_0004_incorrect_gap] A noisy retrieved note reports C (mp-1244913) with band gap -0.10600000000000001 eV. This note is intentionally marked for human review as outdated_or_incorrect.","The retrieved context does not provide a reliable value for the band gap of C, as all provided values are marked as outdated or incorrect.",outdated_or_incorrect,,1.0,qwen_judge,"The answer correctly states that the retrieved context does not provide a reliable value for the band gap of C, as all provided values are marked as outdated or incorrect. This is directly supported by the context.",362,465,safety_aware
rag_mpc_0072_incomplete_stability,materials,qwen_output,Is C thermodynamically stable?,"[rank=1 score=24.2768 doc_id=h1ctx_0002_mpc_0001_incorrect_gap] A noisy retrieved note reports C (mp-1197903) with band gap -0.07970000000000001 eV. This note is intentionally marked for human review as outdated_or_incorrect.

[rank=2 score=24.2768 doc_id=h1ctx_0005_mpc_0002_incorrect_gap] A noisy retrieved note reports C (mp-1244964) with band gap -0.0724 eV. This note is intentionally marked for human review as outdated_or_incorrect.

[rank=3 score=24.2768 doc_id=h1ctx_0011_mpc_0004_incorrect_gap] A noisy retrieved note reports C (mp-1244913) with band gap -0.10600000000000001 eV. This note is intentionally marked for human review as outdated_or_incorrect.","The retrieved context does not provide sufficient information to determine if C is thermodynamically stable. The notes available are marked as outdated or incorrect and focus on band gap, which is not directly indicative of thermodynamic stability.",outdated_or_incorrect,,0.5,qwen_judge,"The answer correctly states that the retrieved context does not provide sufficient information to determine if C is thermodynamically stable. The context focuses on band gap, which is not directly related to thermodynamic stability. However, the answer could have more explicitly noted that the provided data are marked as outdated or incorrect, which further weakens any potential claims about C's properties.",377,512,safety_aware
rag_mpc_0073_current_gap,materials,qwen_output,What is the band gap of C?,"[rank=1 score=24.9072 doc_id=h1ctx_0002_mpc_0001_incorrect_gap] A noisy retrieved note reports C (mp-1197903) with band gap -0.07970000000000001 eV. This note is intentionally marked for human review as outdated_or_incorrect.

[rank=2 score=24.9072 doc_id=h1ctx_0005_mpc_0002_incorrect_gap] A noisy retrieved note reports C (mp-1244964) with band gap -0.0724 eV. This note is intentionally marked for human review as outdated_or_incorrect.

[rank=3 score=24.9072 doc_id=h1ctx_0011_mpc_0004_incorrect_gap] A noisy retrieved note reports C (mp-1244913) with band gap -0.10600000000000001 eV. This note is intentionally marked for human review as outdated_or_incorrect.","The retrieved context does not provide a reliable value for the band gap of C, as all provided values are marked as outdated or incorrect.",outdated_or_incorrect,,1.0,qwen_judge,"The answer correctly states that the retrieved context does not provide a reliable value for the band gap of C, as all provided values are marked as outdated or incorrect. This is directly supported by the context.",362,465,safety_aware
rag_mpc_0073_incorrect_gap,materials,qwen_output,What is the band gap of C?,"[rank=1 score=24.9072 doc_id=h1ctx_0002_mpc_0001_incorrect_gap] A noisy retrieved note reports C (mp-1197903) with band gap -0.07970000000000001 eV. This note is intentionally marked for human review as outdated_or_incorrect.

[rank=2 score=24.9072 doc_id=h1ctx_0005_mpc_0002_incorrect_gap] A noisy retrieved note reports C (mp-1244964) with band gap -0.0724 eV. This note is intentionally marked for human review as outdated_or_incorrect.

[rank=3 score=24.9072 doc_id=h1ctx_0011_mpc_0004_incorrect_gap] A noisy retrieved note reports C (mp-1244913) with band gap -0.10600000000000001 eV. This note is intentionally marked for human review as outdated_or_incorrect.","The retrieved context does not provide a reliable value for the band gap of C, as all provided values are marked as outdated or incorrect.",outdated_or_incorrect,,1.0,qwen_judge,"The answer correctly states that the retrieved context does not provide a reliable value for the band gap of C, as all provided values are marked as outdated or incorrect. This is directly supported by the context.",362,465,safety_aware
rag_mpc_0073_incomplete_stability,materials,qwen_output,Is C thermodynamically stable?,"[rank=1 score=24.2768 doc_id=h1ctx_0002_mpc_0001_incorrect_gap] A noisy retrieved note reports C (mp-1197903) with band gap -0.07970000000000001 eV. This note is intentionally marked for human review as outdated_or_incorrect.

[rank=2 score=24.2768 doc_id=h1ctx_0005_mpc_0002_incorrect_gap] A noisy retrieved note reports C (mp-1244964) with band gap -0.0724 eV. This note is intentionally marked for human review as outdated_or_incorrect.

[rank=3 score=24.2768 doc_id=h1ctx_0011_mpc_0004_incorrect_gap] A noisy retrieved note reports C (mp-1244913) with band gap -0.10600000000000001 eV. This note is intentionally marked for human review as outdated_or_incorrect.","The retrieved context does not provide sufficient information to determine if C is thermodynamically stable. The notes available are marked as outdated or incorrect and focus on band gap, which is not directly indicative of thermodynamic stability.",outdated_or_incorrect,,0.5,qwen_judge,"The answer correctly states that the retrieved context does not provide sufficient information to determine if C is thermodynamically stable. The context focuses on band gap, which is not directly related to thermodynamic stability. However, the answer could have more explicitly noted that the provided data are marked as outdated or incorrect, which further weakens any potential claims about C's properties.",377,512,safety_aware
rag_mpc_0074_current_gap,materials,qwen_output,What is the band gap of O2?,"[rank=1 score=25.3749 doc_id=h1ctx_0008_mpc_0003_incorrect_gap] A noisy retrieved note reports O2 (mp-1180008) with band gap -1.277299999999999 eV. This note is intentionally marked for human review as outdated_or_incorrect.

[rank=2 score=25.3749 doc_id=h1ctx_0023_mpc_0008_incorrect_gap] A noisy retrieved note reports O2 (mp-12957) with band gap -1.0933 eV. This note is intentionally marked for human review as outdated_or_incorrect.

[rank=3 score=25.3749 doc_id=h1ctx_0026_mpc_0009_incorrect_gap] A noisy retrieved note reports O2 (mp-2204849) with band gap -2.720399999999999 eV. This note is intentionally marked for human review as outdated_or_incorrect.","The retrieved context does not provide a reliable value for the band gap of O2, as all notes are marked as outdated_or_incorrect.",outdated_or_incorrect,,1.0,qwen_judge,"The answer correctly states that the retrieved context does not provide a reliable value for the band gap of O2, as all notes are marked as outdated_or_incorrect. This is fully supported by the given context.",361,466,safety_aware
rag_mpc_0074_incorrect_gap,materials,qwen_output,What is the band gap of O2?,"[rank=1 score=25.3749 doc_id=h1ctx_0008_mpc_0003_incorrect_gap] A noisy retrieved note reports O2 (mp-1180008) with band gap -1.277299999999999 eV. This note is intentionally marked for human review as outdated_or_incorrect.

[rank=2 score=25.3749 doc_id=h1ctx_0023_mpc_0008_incorrect_gap] A noisy retrieved note reports O2 (mp-12957) with band gap -1.0933 eV. This note is intentionally marked for human review as outdated_or_incorrect.

[rank=3 score=25.3749 doc_id=h1ctx_0026_mpc_0009_incorrect_gap] A noisy retrieved note reports O2 (mp-2204849) with band gap -2.720399999999999 eV. This note is intentionally marked for human review as outdated_or_incorrect.","The retrieved context does not provide a reliable value for the band gap of O2, as all notes are marked as outdated_or_incorrect.",outdated_or_incorrect,,1.0,qwen_judge,"The answer correctly states that the retrieved context does not provide a reliable value for the band gap of O2, as all notes are marked as outdated_or_incorrect. This is fully supported by the given context.",361,466,safety_aware
rag_mpc_0074_incomplete_stability,materials,qwen_output,Is O2 thermodynamically stable?,"[rank=1 score=24.7444 doc_id=h1ctx_0008_mpc_0003_incorrect_gap] A noisy retrieved note reports O2 (mp-1180008) with band gap -1.277299999999999 eV. This note is intentionally marked for human review as outdated_or_incorrect.

[rank=2 score=24.7444 doc_id=h1ctx_0023_mpc_0008_incorrect_gap] A noisy retrieved note reports O2 (mp-12957) with band gap -1.0933 eV. This note is intentionally marked for human review as outdated_or_incorrect.

[rank=3 score=24.7444 doc_id=h1ctx_0026_mpc_0009_incorrect_gap] A noisy retrieved note reports O2 (mp-2204849) with band gap -2.720399999999999 eV. This note is intentionally marked for human review as outdated_or_incorrect.","The provided context does not contain sufficient information to determine the thermodynamic stability of O2. The retrieved notes are marked as outdated or incorrect and pertain to band gaps, which do not directly indicate thermodynamic stability.",outdated_or_incorrect,,1.0,qwen_judge,"The answer correctly states that the provided context does not contain sufficient information to determine the thermodynamic stability of O2, and that the retrieved notes are marked as outdated or incorrect and pertain to band gaps, which do not directly indicate thermodynamic stability. This is a faithful representation of the information given in the context.",375,501,safety_aware
rag_mpc_0075_current_gap,materials,qwen_output,What is the band gap of Hg?,"[rank=1 score=26.3922 doc_id=h1ctx_0044_mpc_0015_incorrect_gap] A noisy retrieved note reports Hg (mp-569360) with band gap -0.09670000000000001 eV. This note is intentionally marked for human review as outdated_or_incorrect.

[rank=2 score=26.3922 doc_id=h1ctx_0131_mpc_0044_incorrect_gap] A noisy retrieved note reports Hg (mp-1077098) with band gap -1.0394 eV. This note is intentionally marked for human review as outdated_or_incorrect.

[rank=3 score=26.3922 doc_id=h1ctx_0224_mpc_0075_incorrect_gap] A noisy retrieved note reports Hg (mp-2629196) with band gap -0.40890000000000004 eV. This note is intentionally marked for human review as outdated_or_incorrect.","The retrieved context provides multiple values for the band gap of Hg, but all are marked as outdated or incorrect. Therefore, the information is insufficient to accurately determine the band gap of Hg.",outdated_or_incorrect,,1.0,qwen_judge,"The answer correctly states that the retrieved context provides multiple values for the band gap of Hg, but all are marked as outdated or incorrect, leading to an inability to accurately determine the band gap based on the given information.",377,484,safety_aware
rag_mpc_0075_incorrect_gap,materials,qwen_output,What is the band gap of Hg?,"[rank=1 score=26.3922 doc_id=h1ctx_0044_mpc_0015_incorrect_gap] A noisy retrieved note reports Hg (mp-569360) with band gap -0.09670000000000001 eV. This note is intentionally marked for human review as outdated_or_incorrect.

[rank=2 score=26.3922 doc_id=h1ctx_0131_mpc_0044_incorrect_gap] A noisy retrieved note reports Hg (mp-1077098) with band gap -1.0394 eV. This note is intentionally marked for human review as outdated_or_incorrect.

[rank=3 score=26.3922 doc_id=h1ctx_0224_mpc_0075_incorrect_gap] A noisy retrieved note reports Hg (mp-2629196) with band gap -0.40890000000000004 eV. This note is intentionally marked for human review as outdated_or_incorrect.","The retrieved context provides multiple values for the band gap of Hg, but all are marked as outdated or incorrect. Therefore, the information is insufficient to accurately determine the band gap of Hg.",outdated_or_incorrect,,1.0,qwen_judge,"The answer correctly states that the retrieved context provides multiple values for the band gap of Hg, but all are marked as outdated or incorrect, leading to an inability to accurately determine the band gap based on the given information.",377,484,safety_aware
rag_mpc_0075_incomplete_stability,materials,qwen_output,Is Hg thermodynamically stable?,"[rank=1 score=25.7617 doc_id=h1ctx_0044_mpc_0015_incorrect_gap] A noisy retrieved note reports Hg (mp-569360) with band gap -0.09670000000000001 eV. This note is intentionally marked for human review as outdated_or_incorrect.

[rank=2 score=25.7617 doc_id=h1ctx_0131_mpc_0044_incorrect_gap] A noisy retrieved note reports Hg (mp-1077098) with band gap -1.0394 eV. This note is intentionally marked for human review as outdated_or_incorrect.

[rank=3 score=25.7617 doc_id=h1ctx_0224_mpc_0075_incorrect_gap] A noisy retrieved note reports Hg (mp-2629196) with band gap -0.40890000000000004 eV. This note is intentionally marked for human review as outdated_or_incorrect.","The provided context does not contain sufficient information to determine the thermodynamic stability of Hg. The retrieved notes are marked as outdated or incorrect and focus on band gap, which is not directly related to thermodynamic stability.",outdated_or_incorrect,,1.0,qwen_judge,"The answer correctly states that the provided context does not contain sufficient information to determine the thermodynamic stability of Hg, and it also notes that the retrieved notes are marked as outdated or incorrect, focusing on band gap which is not directly related to thermodynamic stability.",380,495,safety_aware
rag_mpc_0076_current_gap,materials,qwen_output,What is the band gap of Hg?,"[rank=1 score=26.3922 doc_id=h1ctx_0044_mpc_0015_incorrect_gap] A noisy retrieved note reports Hg (mp-569360) with band gap -0.09670000000000001 eV. This note is intentionally marked for human review as outdated_or_incorrect.

[rank=2 score=26.3922 doc_id=h1ctx_0131_mpc_0044_incorrect_gap] A noisy retrieved note reports Hg (mp-1077098) with band gap -1.0394 eV. This note is intentionally marked for human review as outdated_or_incorrect.

[rank=3 score=26.3922 doc_id=h1ctx_0224_mpc_0075_incorrect_gap] A noisy retrieved note reports Hg (mp-2629196) with band gap -0.40890000000000004 eV. This note is intentionally marked for human review as outdated_or_incorrect.","The retrieved context provides multiple values for the band gap of Hg, but all are marked as outdated or incorrect. Therefore, the information is insufficient to accurately determine the band gap of Hg.",outdated_or_incorrect,,1.0,qwen_judge,"The answer correctly states that the retrieved context provides multiple values for the band gap of Hg, but all are marked as outdated or incorrect, leading to an inability to accurately determine the band gap based on the given information.",377,484,safety_aware
rag_mpc_0076_incorrect_gap,materials,qwen_output,What is the band gap of Hg?,"[rank=1 score=26.3922 doc_id=h1ctx_0044_mpc_0015_incorrect_gap] A noisy retrieved note reports Hg (mp-569360) with band gap -0.09670000000000001 eV. This note is intentionally marked for human review as outdated_or_incorrect.

[rank=2 score=26.3922 doc_id=h1ctx_0131_mpc_0044_incorrect_gap] A noisy retrieved note reports Hg (mp-1077098) with band gap -1.0394 eV. This note is intentionally marked for human review as outdated_or_incorrect.

[rank=3 score=26.3922 doc_id=h1ctx_0224_mpc_0075_incorrect_gap] A noisy retrieved note reports Hg (mp-2629196) with band gap -0.40890000000000004 eV. This note is intentionally marked for human review as outdated_or_incorrect.","The retrieved context provides multiple values for the band gap of Hg, but all are marked as outdated or incorrect. Therefore, the information is insufficient to accurately determine the band gap of Hg.",outdated_or_incorrect,,1.0,qwen_judge,"The answer correctly states that the retrieved context provides multiple values for the band gap of Hg, but all are marked as outdated or incorrect, leading to an inability to accurately determine the band gap based on the given information.",377,484,safety_aware
rag_mpc_0076_incomplete_stability,materials,qwen_output,Is Hg thermodynamically stable?,"[rank=1 score=25.7617 doc_id=h1ctx_0044_mpc_0015_incorrect_gap] A noisy retrieved note reports Hg (mp-569360) with band gap -0.09670000000000001 eV. This note is intentionally marked for human review as outdated_or_incorrect.

[rank=2 score=25.7617 doc_id=h1ctx_0131_mpc_0044_incorrect_gap] A noisy retrieved note reports Hg (mp-1077098) with band gap -1.0394 eV. This note is intentionally marked for human review as outdated_or_incorrect.

[rank=3 score=25.7617 doc_id=h1ctx_0224_mpc_0075_incorrect_gap] A noisy retrieved note reports Hg (mp-2629196) with band gap -0.40890000000000004 eV. This note is intentionally marked for human review as outdated_or_incorrect.","The provided context does not contain sufficient information to determine the thermodynamic stability of Hg. The retrieved notes are marked as outdated or incorrect and focus on band gap, which is not directly related to thermodynamic stability.",outdated_or_incorrect,,1.0,qwen_judge,"The answer correctly states that the provided context does not contain sufficient information to determine the thermodynamic stability of Hg, and it also notes that the retrieved notes are marked as outdated or incorrect, focusing on band gap which is not directly related to thermodynamic stability.",380,495,safety_aware
rag_mpc_0077_current_gap,materials,qwen_output,What is the band gap of Xe?,"[rank=1 score=27.4274 doc_id=h1ctx_0200_mpc_0067_incorrect_gap] A noisy retrieved note reports Xe (mp-1187769) with band gap -6.2294 eV. This note is intentionally marked for human review as outdated_or_incorrect.

[rank=2 score=27.4274 doc_id=h1ctx_0230_mpc_0077_incorrect_gap] A noisy retrieved note reports Xe (mp-972256) with band gap -6.1673 eV. This note is intentionally marked for human review as outdated_or_incorrect.

[rank=3 score=27.4274 doc_id=h1ctx_0233_mpc_0078_incorrect_gap] A noisy retrieved note reports Xe (mp-979286) with band gap -6.1713000000000005 eV. This note is intentionally marked for human review as outdated_or_incorrect.","The retrieved context provides band gap values for Xe, but all are marked as outdated_or_incorrect. Therefore, the information is insufficient to determine the accurate band gap of Xe.",outdated_or_incorrect,,1.0,qwen_judge,"The answer correctly states that the band gap values provided in the retrieved context are marked as outdated_or_incorrect and thus insufficient to determine the accurate band gap of Xe. This is a direct reflection of the information given in the context, which indicates that all the provided notes on Xe's band gap are intentionally marked for human review due to being outdated or incorrect.",360,496,safety_aware
rag_mpc_0077_incorrect_gap,materials,qwen_output,What is the band gap of Xe?,"[rank=1 score=27.4274 doc_id=h1ctx_0200_mpc_0067_incorrect_gap] A noisy retrieved note reports Xe (mp-1187769) with band gap -6.2294 eV. This note is intentionally marked for human review as outdated_or_incorrect.

[rank=2 score=27.4274 doc_id=h1ctx_0230_mpc_0077_incorrect_gap] A noisy retrieved note reports Xe (mp-972256) with band gap -6.1673 eV. This note is intentionally marked for human review as outdated_or_incorrect.

[rank=3 score=27.4274 doc_id=h1ctx_0233_mpc_0078_incorrect_gap] A noisy retrieved note reports Xe (mp-979286) with band gap -6.1713000000000005 eV. This note is intentionally marked for human review as outdated_or_incorrect.","The retrieved context provides band gap values for Xe, but all are marked as outdated_or_incorrect. Therefore, the information is insufficient to determine the accurate band gap of Xe.",outdated_or_incorrect,,1.0,qwen_judge,"The answer correctly states that the band gap values provided in the retrieved context are marked as outdated_or_incorrect and thus insufficient to determine the accurate band gap of Xe. This is a direct reflection of the information given in the context, which indicates that all the provided notes on Xe's band gap are intentionally marked for human review due to being outdated or incorrect.",360,496,safety_aware
rag_mpc_0077_incomplete_stability,materials,qwen_output,Is Xe thermodynamically stable?,"[rank=1 score=26.7969 doc_id=h1ctx_0200_mpc_0067_incorrect_gap] A noisy retrieved note reports Xe (mp-1187769) with band gap -6.2294 eV. This note is intentionally marked for human review as outdated_or_incorrect.

[rank=2 score=26.7969 doc_id=h1ctx_0230_mpc_0077_incorrect_gap] A noisy retrieved note reports Xe (mp-972256) with band gap -6.1673 eV. This note is intentionally marked for human review as outdated_or_incorrect.

[rank=3 score=26.7969 doc_id=h1ctx_0233_mpc_0078_incorrect_gap] A noisy retrieved note reports Xe (mp-979286) with band gap -6.1713000000000005 eV. This note is intentionally marked for human review as outdated_or_incorrect.","The provided context does not contain information about the thermodynamic stability of Xe. The data presented is marked as outdated or incorrect and relates to band gaps, which do not directly indicate thermodynamic stability.",outdated_or_incorrect,,1.0,qwen_judge,"The answer correctly states that the provided context does not contain information about the thermodynamic stability of Xe and points out that the data is marked as outdated or incorrect, relating to band gaps which do not directly indicate thermodynamic stability.",362,471,safety_aware
rag_mpc_0078_current_gap,materials,qwen_output,What is the band gap of Xe?,"[rank=1 score=27.4274 doc_id=h1ctx_0200_mpc_0067_incorrect_gap] A noisy retrieved note reports Xe (mp-1187769) with band gap -6.2294 eV. This note is intentionally marked for human review as outdated_or_incorrect.

[rank=2 score=27.4274 doc_id=h1ctx_0230_mpc_0077_incorrect_gap] A noisy retrieved note reports Xe (mp-972256) with band gap -6.1673 eV. This note is intentionally marked for human review as outdated_or_incorrect.

[rank=3 score=27.4274 doc_id=h1ctx_0233_mpc_0078_incorrect_gap] A noisy retrieved note reports Xe (mp-979286) with band gap -6.1713000000000005 eV. This note is intentionally marked for human review as outdated_or_incorrect.","The retrieved context provides band gap values for Xe, but all are marked as outdated_or_incorrect. Therefore, the information is insufficient to determine the accurate band gap of Xe.",outdated_or_incorrect,,1.0,qwen_judge,"The answer correctly states that the band gap values provided in the retrieved context are marked as outdated_or_incorrect and thus insufficient to determine the accurate band gap of Xe. This is a direct reflection of the information given in the context, which indicates that all the provided notes on Xe's band gap are intentionally marked for human review due to being outdated or incorrect.",360,496,safety_aware
rag_mpc_0078_incorrect_gap,materials,qwen_output,What is the band gap of Xe?,"[rank=1 score=27.4274 doc_id=h1ctx_0200_mpc_0067_incorrect_gap] A noisy retrieved note reports Xe (mp-1187769) with band gap -6.2294 eV. This note is intentionally marked for human review as outdated_or_incorrect.

[rank=2 score=27.4274 doc_id=h1ctx_0230_mpc_0077_incorrect_gap] A noisy retrieved note reports Xe (mp-972256) with band gap -6.1673 eV. This note is intentionally marked for human review as outdated_or_incorrect.

[rank=3 score=27.4274 doc_id=h1ctx_0233_mpc_0078_incorrect_gap] A noisy retrieved note reports Xe (mp-979286) with band gap -6.1713000000000005 eV. This note is intentionally marked for human review as outdated_or_incorrect.","The retrieved context provides band gap values for Xe, but all are marked as outdated_or_incorrect. Therefore, the information is insufficient to determine the accurate band gap of Xe.",outdated_or_incorrect,,1.0,qwen_judge,"The answer correctly states that the band gap values provided in the retrieved context are marked as outdated_or_incorrect and thus insufficient to determine the accurate band gap of Xe. This is a direct reflection of the information given in the context, which indicates that all the provided notes on Xe's band gap are intentionally marked for human review due to being outdated or incorrect.",360,496,safety_aware
rag_mpc_0078_incomplete_stability,materials,qwen_output,Is Xe thermodynamically stable?,"[rank=1 score=26.7969 doc_id=h1ctx_0200_mpc_0067_incorrect_gap] A noisy retrieved note reports Xe (mp-1187769) with band gap -6.2294 eV. This note is intentionally marked for human review as outdated_or_incorrect.

[rank=2 score=26.7969 doc_id=h1ctx_0230_mpc_0077_incorrect_gap] A noisy retrieved note reports Xe (mp-972256) with band gap -6.1673 eV. This note is intentionally marked for human review as outdated_or_incorrect.

[rank=3 score=26.7969 doc_id=h1ctx_0233_mpc_0078_incorrect_gap] A noisy retrieved note reports Xe (mp-979286) with band gap -6.1713000000000005 eV. This note is intentionally marked for human review as outdated_or_incorrect.","The provided context does not contain information about the thermodynamic stability of Xe. The data presented is marked as outdated or incorrect and relates to band gaps, which do not directly indicate thermodynamic stability.",outdated_or_incorrect,,1.0,qwen_judge,"The answer correctly states that the provided context does not contain information about the thermodynamic stability of Xe and points out that the data is marked as outdated or incorrect, relating to band gaps which do not directly indicate thermodynamic stability.",362,471,safety_aware
rag_mpc_0079_current_gap,materials,qwen_output,What is the band gap of Kr?,"[rank=1 score=28.6263 doc_id=h1ctx_0236_mpc_0079_incorrect_gap] A noisy retrieved note reports Kr (mp-975590) with band gap -7.174799999999999 eV. This note is intentionally marked for human review as outdated_or_incorrect.

[rank=2 score=26.6959 doc_id=h1ctx_0237_mpc_0079_incomplete_stability] A short retrieved snippet mentions Kr (mp-975590) as stable, but omits formation energy, hull distance, and thermodynamic qualification.

[rank=3 score=26.6635 doc_id=mp_0276] Materials Project reports Kr (mp-975590). Band gap: 7.174799999999999 eV. Formation energy per atom: 0.0 eV/atom. Energy above hull: 0.0 eV/atom. Stable: True.",7.1748 eV,outdated_or_incorrect,,1.0,qwen_judge,"The answer provided, 7.1748 eV, is directly supported by the context from the Materials Project (mp_0276) which reports the band gap of Kr (mp-975590) as 7.174799999999999 eV.",332,466,safety_aware
rag_mpc_0079_incorrect_gap,materials,qwen_output,What is the band gap of Kr?,"[rank=1 score=28.6263 doc_id=h1ctx_0236_mpc_0079_incorrect_gap] A noisy retrieved note reports Kr (mp-975590) with band gap -7.174799999999999 eV. This note is intentionally marked for human review as outdated_or_incorrect.

[rank=2 score=26.6959 doc_id=h1ctx_0237_mpc_0079_incomplete_stability] A short retrieved snippet mentions Kr (mp-975590) as stable, but omits formation energy, hull distance, and thermodynamic qualification.

[rank=3 score=26.6635 doc_id=mp_0276] Materials Project reports Kr (mp-975590). Band gap: 7.174799999999999 eV. Formation energy per atom: 0.0 eV/atom. Energy above hull: 0.0 eV/atom. Stable: True.",7.1748 eV,outdated_or_incorrect,,1.0,qwen_judge,"The answer provided, 7.1748 eV, is directly supported by the context from the Materials Project (mp_0276) which reports the band gap of Kr (mp-975590) as 7.174799999999999 eV.",332,466,safety_aware
rag_mpc_0079_incomplete_stability,materials,qwen_output,Is Kr thermodynamically stable?,"[rank=1 score=27.9958 doc_id=h1ctx_0236_mpc_0079_incorrect_gap] A noisy retrieved note reports Kr (mp-975590) with band gap -7.174799999999999 eV. This note is intentionally marked for human review as outdated_or_incorrect.

[rank=2 score=27.0448 doc_id=h1ctx_0237_mpc_0079_incomplete_stability] A short retrieved snippet mentions Kr (mp-975590) as stable, but omits formation energy, hull distance, and thermodynamic qualification.

[rank=3 score=26.3567 doc_id=mp_0276] Materials Project reports Kr (mp-975590). Band gap: 7.174799999999999 eV. Formation energy per atom: 0.0 eV/atom. Energy above hull: 0.0 eV/atom. Stable: True.","Yes, Kr is thermodynamically stable. The Materials Project (mp-975590) reports a formation energy per atom of 0.0 eV/atom and an energy above hull of 0.0 eV/atom, with the stability marked as True.",outdated_or_incorrect,,1.0,qwen_judge,"The answer is fully supported by the context provided in the third retrieval, which comes from the Materials Project (mp-975590). This source directly states that Kr has a formation energy per atom of 0.0 eV/atom and an energy above hull of 0.0 eV/atom, with stability marked as True. These details confirm the thermodynamic stability of Kr.",381,526,safety_aware
rag_mpc_0080_current_gap,materials,qwen_output,What is the band gap of N2?,"[rank=1 score=27.5610 doc_id=h1ctx_0077_mpc_0026_incorrect_gap] A noisy retrieved note reports N2 (mp-570747) with band gap -6.739 eV. This note is intentionally marked for human review as outdated_or_incorrect.

[rank=2 score=27.5610 doc_id=h1ctx_0239_mpc_0080_incorrect_gap] A noisy retrieved note reports N2 (mp-568584) with band gap -6.9553 eV. This note is intentionally marked for human review as outdated_or_incorrect.

[rank=3 score=25.6131 doc_id=mp_0108] Materials Project reports N2 (mp-570747). Band gap: 6.739 eV. Formation energy per atom: 0.002401956249999 eV/atom. Energy above hull: 0.002401956249999 eV/atom. Stable: False.",6.739 eV,outdated_or_incorrect,,1.0,qwen_judge,"The answer provided (6.739 eV) is directly supported by the context from the Materials Project report (doc_id=mp_0108), which states that the band gap for N2 (mp-570747) is 6.739 eV. The other two sources, although they mention the same value, are marked as outdated or incorrect, and thus the third source is the most reliable for this assessment.",348,506,safety_aware
rag_mpc_0080_incorrect_gap,materials,qwen_output,What is the band gap of N2?,"[rank=1 score=27.5610 doc_id=h1ctx_0077_mpc_0026_incorrect_gap] A noisy retrieved note reports N2 (mp-570747) with band gap -6.739 eV. This note is intentionally marked for human review as outdated_or_incorrect.

[rank=2 score=27.5610 doc_id=h1ctx_0239_mpc_0080_incorrect_gap] A noisy retrieved note reports N2 (mp-568584) with band gap -6.9553 eV. This note is intentionally marked for human review as outdated_or_incorrect.

[rank=3 score=25.6131 doc_id=mp_0108] Materials Project reports N2 (mp-570747). Band gap: 6.739 eV. Formation energy per atom: 0.002401956249999 eV/atom. Energy above hull: 0.002401956249999 eV/atom. Stable: False.",6.739 eV,outdated_or_incorrect,,1.0,qwen_judge,"The answer provided (6.739 eV) is directly supported by the context from the Materials Project report (doc_id=mp_0108), which states that the band gap for N2 (mp-570747) is 6.739 eV. The other two sources, although they mention the same value, are marked as outdated or incorrect, and thus the third source is the most reliable for this assessment.",348,506,safety_aware
rag_mpc_0080_incomplete_stability,materials,qwen_output,Is N2 thermodynamically stable?,"[rank=1 score=26.9305 doc_id=h1ctx_0077_mpc_0026_incorrect_gap] A noisy retrieved note reports N2 (mp-570747) with band gap -6.739 eV. This note is intentionally marked for human review as outdated_or_incorrect.

[rank=2 score=26.9305 doc_id=h1ctx_0239_mpc_0080_incorrect_gap] A noisy retrieved note reports N2 (mp-568584) with band gap -6.9553 eV. This note is intentionally marked for human review as outdated_or_incorrect.

[rank=3 score=25.8806 doc_id=h1ctx_0078_mpc_0026_incomplete_stability] A short retrieved snippet mentions N2 (mp-570747) as stable, but omits formation energy, hull distance, and thermodynamic qualification.","The provided context does not contain sufficient information to conclusively determine the thermodynamic stability of N2. The retrieved notes regarding the band gap are marked as outdated or incorrect, and the stability mention is incomplete, lacking formation energy, hull distance, and a specific thermodynamic qualification.",outdated_or_incorrect,,0.5,qwen_judge,"The answer correctly identifies that the provided context does not contain sufficient information to determine the thermodynamic stability of N2. The retrieved notes regarding the band gap are marked as outdated or incorrect, and the stability mention is incomplete, lacking formation energy, hull distance, and a specific thermodynamic qualification. However, it could be more explicit in stating that there is no direct evidence in the given context to support or refute the thermodynamic stability of N2.",354,506,safety_aware
rag_mpc_0081_current_gap,materials,qwen_output,What is the band gap of S?,"[rank=1 score=25.2867 doc_id=h1ctx_0068_mpc_0023_incorrect_gap] A noisy retrieved note reports S (mp-96) with band gap -2.748 eV. This note is intentionally marked for human review as outdated_or_incorrect.

[rank=2 score=25.2867 doc_id=h1ctx_0116_mpc_0039_incorrect_gap] A noisy retrieved note reports S (mp-556269) with band gap -2.3783 eV. This note is intentionally marked for human review as outdated_or_incorrect.

[rank=3 score=25.2867 doc_id=h1ctx_0119_mpc_0040_incorrect_gap] A noisy retrieved note reports S (mp-557559) with band gap -2.496299999999999 eV. This note is intentionally marked for human review as outdated_or_incorrect.",The provided context does not contain a reliable value for the band gap of S. The information available is marked as outdated or incorrect.,outdated_or_incorrect,,1.0,qwen_judge,"The answer correctly identifies that the provided context does not contain a reliable value for the band gap of S, as all the information available is marked as outdated or incorrect.",338,434,safety_aware
rag_mpc_0081_incorrect_gap,materials,qwen_output,What is the band gap of S?,"[rank=1 score=25.2867 doc_id=h1ctx_0068_mpc_0023_incorrect_gap] A noisy retrieved note reports S (mp-96) with band gap -2.748 eV. This note is intentionally marked for human review as outdated_or_incorrect.

[rank=2 score=25.2867 doc_id=h1ctx_0116_mpc_0039_incorrect_gap] A noisy retrieved note reports S (mp-556269) with band gap -2.3783 eV. This note is intentionally marked for human review as outdated_or_incorrect.

[rank=3 score=25.2867 doc_id=h1ctx_0119_mpc_0040_incorrect_gap] A noisy retrieved note reports S (mp-557559) with band gap -2.496299999999999 eV. This note is intentionally marked for human review as outdated_or_incorrect.",The provided context does not contain a reliable value for the band gap of S. The information available is marked as outdated or incorrect.,outdated_or_incorrect,,1.0,qwen_judge,"The answer correctly identifies that the provided context does not contain a reliable value for the band gap of S, as all the information available is marked as outdated or incorrect.",338,434,safety_aware
rag_mpc_0081_incomplete_stability,materials,qwen_output,Is S thermodynamically stable?,"[rank=1 score=24.6562 doc_id=h1ctx_0068_mpc_0023_incorrect_gap] A noisy retrieved note reports S (mp-96) with band gap -2.748 eV. This note is intentionally marked for human review as outdated_or_incorrect.

[rank=2 score=24.6562 doc_id=h1ctx_0116_mpc_0039_incorrect_gap] A noisy retrieved note reports S (mp-556269) with band gap -2.3783 eV. This note is intentionally marked for human review as outdated_or_incorrect.

[rank=3 score=24.6562 doc_id=h1ctx_0119_mpc_0040_incorrect_gap] A noisy retrieved note reports S (mp-557559) with band gap -2.496299999999999 eV. This note is intentionally marked for human review as outdated_or_incorrect.","The retrieved context does not provide sufficient information to determine the thermodynamic stability of S. The notes available are marked as outdated or incorrect and primarily discuss band gaps, which do not directly indicate thermodynamic stability.",outdated_or_incorrect,,1.0,qwen_judge,"The answer accurately reflects the content of the retrieved context, which does not provide sufficient information to determine the thermodynamic stability of S. The context notes are marked as outdated or incorrect and focus on band gaps, which do not directly indicate thermodynamic stability.",352,465,safety_aware
rag_mpc_0082_current_gap,materials,qwen_output,What is the band gap of C?,"[rank=1 score=24.9072 doc_id=h1ctx_0002_mpc_0001_incorrect_gap] A noisy retrieved note reports C (mp-1197903) with band gap -0.07970000000000001 eV. This note is intentionally marked for human review as outdated_or_incorrect.

[rank=2 score=24.9072 doc_id=h1ctx_0005_mpc_0002_incorrect_gap] A noisy retrieved note reports C (mp-1244964) with band gap -0.0724 eV. This note is intentionally marked for human review as outdated_or_incorrect.

[rank=3 score=24.9072 doc_id=h1ctx_0011_mpc_0004_incorrect_gap] A noisy retrieved note reports C (mp-1244913) with band gap -0.10600000000000001 eV. This note is intentionally marked for human review as outdated_or_incorrect.","The retrieved context does not provide a reliable value for the band gap of C, as all provided values are marked as outdated or incorrect.",outdated_or_incorrect,,1.0,qwen_judge,"The answer correctly states that the retrieved context does not provide a reliable value for the band gap of C, as all provided values are marked as outdated or incorrect. This is directly supported by the context.",362,465,safety_aware
rag_mpc_0082_incorrect_gap,materials,qwen_output,What is the band gap of C?,"[rank=1 score=24.9072 doc_id=h1ctx_0002_mpc_0001_incorrect_gap] A noisy retrieved note reports C (mp-1197903) with band gap -0.07970000000000001 eV. This note is intentionally marked for human review as outdated_or_incorrect.

[rank=2 score=24.9072 doc_id=h1ctx_0005_mpc_0002_incorrect_gap] A noisy retrieved note reports C (mp-1244964) with band gap -0.0724 eV. This note is intentionally marked for human review as outdated_or_incorrect.

[rank=3 score=24.9072 doc_id=h1ctx_0011_mpc_0004_incorrect_gap] A noisy retrieved note reports C (mp-1244913) with band gap -0.10600000000000001 eV. This note is intentionally marked for human review as outdated_or_incorrect.","The retrieved context does not provide a reliable value for the band gap of C, as all provided values are marked as outdated or incorrect.",outdated_or_incorrect,,1.0,qwen_judge,"The answer correctly states that the retrieved context does not provide a reliable value for the band gap of C, as all provided values are marked as outdated or incorrect. This is directly supported by the context.",362,465,safety_aware
rag_mpc_0082_incomplete_stability,materials,qwen_output,Is C thermodynamically stable?,"[rank=1 score=24.2768 doc_id=h1ctx_0002_mpc_0001_incorrect_gap] A noisy retrieved note reports C (mp-1197903) with band gap -0.07970000000000001 eV. This note is intentionally marked for human review as outdated_or_incorrect.

[rank=2 score=24.2768 doc_id=h1ctx_0005_mpc_0002_incorrect_gap] A noisy retrieved note reports C (mp-1244964) with band gap -0.0724 eV. This note is intentionally marked for human review as outdated_or_incorrect.

[rank=3 score=24.2768 doc_id=h1ctx_0011_mpc_0004_incorrect_gap] A noisy retrieved note reports C (mp-1244913) with band gap -0.10600000000000001 eV. This note is intentionally marked for human review as outdated_or_incorrect.","The retrieved context does not provide sufficient information to determine if C is thermodynamically stable. The notes available are marked as outdated or incorrect and focus on band gap, which is not directly indicative of thermodynamic stability.",outdated_or_incorrect,,0.5,qwen_judge,"The answer correctly states that the retrieved context does not provide sufficient information to determine if C is thermodynamically stable. The context focuses on band gap, which is not directly related to thermodynamic stability. However, the answer could have more explicitly noted that the provided data are marked as outdated or incorrect, which further weakens any potential claims about C's properties.",377,512,safety_aware
rag_mpc_0083_current_gap,materials,qwen_output,What is the band gap of H2?,"[rank=1 score=26.5640 doc_id=h1ctx_0086_mpc_0029_incorrect_gap] A noisy retrieved note reports H2 (mp-2739136) with band gap -10.5108 eV. This note is intentionally marked for human review as outdated_or_incorrect.

[rank=2 score=26.5640 doc_id=h1ctx_0092_mpc_0031_incorrect_gap] A noisy retrieved note reports H2 (mp-632172) with band gap -9.328899999999999 eV. This note is intentionally marked for human review as outdated_or_incorrect.

[rank=3 score=26.5640 doc_id=h1ctx_0104_mpc_0035_incorrect_gap] A noisy retrieved note reports H2 (mp-632291) with band gap -8.8499 eV. This note is intentionally marked for human review as outdated_or_incorrect.","The retrieved context provides band gap values for H2, but all are marked as outdated or incorrect. Therefore, the information is insufficient to determine the accurate band gap of H2.",outdated_or_incorrect,,1.0,qwen_judge,"The answer accurately reflects the content of the retrieved context, which provides band gap values for H2 but marks all of them as outdated or incorrect. The response correctly states that the information is insufficient to determine the accurate band gap of H2, aligning with the provided context.",359,477,safety_aware
rag_mpc_0083_incorrect_gap,materials,qwen_output,What is the band gap of H2?,"[rank=1 score=26.5640 doc_id=h1ctx_0086_mpc_0029_incorrect_gap] A noisy retrieved note reports H2 (mp-2739136) with band gap -10.5108 eV. This note is intentionally marked for human review as outdated_or_incorrect.

[rank=2 score=26.5640 doc_id=h1ctx_0092_mpc_0031_incorrect_gap] A noisy retrieved note reports H2 (mp-632172) with band gap -9.328899999999999 eV. This note is intentionally marked for human review as outdated_or_incorrect.

[rank=3 score=26.5640 doc_id=h1ctx_0104_mpc_0035_incorrect_gap] A noisy retrieved note reports H2 (mp-632291) with band gap -8.8499 eV. This note is intentionally marked for human review as outdated_or_incorrect.","The retrieved context provides band gap values for H2, but all are marked as outdated or incorrect. Therefore, the information is insufficient to determine the accurate band gap of H2.",outdated_or_incorrect,,1.0,qwen_judge,"The answer accurately reflects the content of the retrieved context, which provides band gap values for H2 but marks all of them as outdated or incorrect. The response correctly states that the information is insufficient to determine the accurate band gap of H2, aligning with the provided context.",359,477,safety_aware
rag_mpc_0083_incomplete_stability,materials,qwen_output,Is H2 thermodynamically stable?,"[rank=1 score=25.9335 doc_id=h1ctx_0086_mpc_0029_incorrect_gap] A noisy retrieved note reports H2 (mp-2739136) with band gap -10.5108 eV. This note is intentionally marked for human review as outdated_or_incorrect.

[rank=2 score=25.9335 doc_id=h1ctx_0092_mpc_0031_incorrect_gap] A noisy retrieved note reports H2 (mp-632172) with band gap -9.328899999999999 eV. This note is intentionally marked for human review as outdated_or_incorrect.

[rank=3 score=25.9335 doc_id=h1ctx_0104_mpc_0035_incorrect_gap] A noisy retrieved note reports H2 (mp-632291) with band gap -8.8499 eV. This note is intentionally marked for human review as outdated_or_incorrect.","The retrieved context does not provide sufficient information to determine the thermodynamic stability of H2. The provided data is marked as outdated or incorrect and relates to band gaps, which are not directly indicative of thermodynamic stability.",outdated_or_incorrect,,1.0,qwen_judge,"The answer accurately reflects that the retrieved context does not provide sufficient information to determine the thermodynamic stability of H2, and it correctly notes that the provided data is marked as outdated or incorrect. The response also appropriately clarifies that the band gap data in the context is not directly indicative of thermodynamic stability.",365,489,safety_aware
rag_mpc_0084_current_gap,materials,qwen_output,What is the band gap of He?,"[rank=1 score=28.3246 doc_id=h1ctx_0251_mpc_0084_incorrect_gap] A noisy retrieved note reports He (mp-754382) with band gap -16.586399999999998 eV. This note is intentionally marked for human review as outdated_or_incorrect.

[rank=2 score=26.3662 doc_id=h1ctx_0252_mpc_0084_incomplete_stability] A short retrieved snippet mentions He (mp-754382) as stable, but omits formation energy, hull distance, and thermodynamic qualification.

[rank=3 score=26.3660 doc_id=mp_0300] Materials Project reports He (mp-754382). Band gap: 16.586399999999998 eV. Formation energy per atom: 0.003566589999999 eV/atom. Energy above hull: 0.003566589999999 eV/atom. Stable: False.",16.586399999999998 eV,outdated_or_incorrect,,1.0,qwen_judge,"The answer provided, 16.586399999999998 eV, is directly supported by the context from the Materials Project (mp_0300) which reports the band gap of He (mp-754382) as 16.586399999999998 eV.",374,521,safety_aware
rag_mpc_0084_incorrect_gap,materials,qwen_output,What is the band gap of He?,"[rank=1 score=28.3246 doc_id=h1ctx_0251_mpc_0084_incorrect_gap] A noisy retrieved note reports He (mp-754382) with band gap -16.586399999999998 eV. This note is intentionally marked for human review as outdated_or_incorrect.

[rank=2 score=26.3662 doc_id=h1ctx_0252_mpc_0084_incomplete_stability] A short retrieved snippet mentions He (mp-754382) as stable, but omits formation energy, hull distance, and thermodynamic qualification.

[rank=3 score=26.3660 doc_id=mp_0300] Materials Project reports He (mp-754382). Band gap: 16.586399999999998 eV. Formation energy per atom: 0.003566589999999 eV/atom. Energy above hull: 0.003566589999999 eV/atom. Stable: False.",16.586399999999998 eV,outdated_or_incorrect,,1.0,qwen_judge,"The answer provided, 16.586399999999998 eV, is directly supported by the context from the Materials Project (mp_0300) which reports the band gap of He (mp-754382) as 16.586399999999998 eV.",374,521,safety_aware
rag_mpc_0084_incomplete_stability,materials,qwen_output,Is He thermodynamically stable?,"[rank=1 score=27.6941 doc_id=h1ctx_0251_mpc_0084_incorrect_gap] A noisy retrieved note reports He (mp-754382) with band gap -16.586399999999998 eV. This note is intentionally marked for human review as outdated_or_incorrect.

[rank=2 score=26.7151 doc_id=h1ctx_0252_mpc_0084_incomplete_stability] A short retrieved snippet mentions He (mp-754382) as stable, but omits formation energy, hull distance, and thermodynamic qualification.

[rank=3 score=26.0592 doc_id=mp_0300] Materials Project reports He (mp-754382). Band gap: 16.586399999999998 eV. Formation energy per atom: 0.003566589999999 eV/atom. Energy above hull: 0.003566589999999 eV/atom. Stable: False.","Based on the retrieved context, He (mp-754382) is not thermodynamically stable. The Materials Project data indicates it has an energy above hull of 0.003566589999999 eV/atom and is marked as False for stability.",outdated_or_incorrect,,1.0,qwen_judge,"The answer is fully supported by the context, specifically the Materials Project data (rank=3) which clearly states that He (mp-754382) has an energy above hull of 0.003566589999999 eV/atom and is marked as False for stability, indicating it is not thermodynamically stable.",418,560,safety_aware
rag_cov_01_01_current,materials,qwen_output,Is Xx2O3 a valid materials formula?,"[rank=1 score=30.5258 doc_id=h1ctx_0254_cov_01_01_incorrect] A noisy retrieved table lists Xx2O3 as a stable oxide material.

[rank=2 score=27.9209 doc_id=h1ctx_0253_cov_01_01_current] Valid chemical formulas must use recognized element symbols.

[rank=3 score=7.8384 doc_id=arxiv_0039] AtomComposer: Discovering Chemical Space from First Principles with Reinforcement Learning. Discovering novel stable molecules without training data remains a grand scientific challenge. Current molecular generative models are trained on large, pre-curated datasets, which introduce biases and limit exploration of novel chemistry. In contrast, we propose a new paradigm: autonomous, generalized agents capable of mapping vast, unknown chemical spaces without any pretraining. For the first time, we present AtomComposer, a self-guided agent that autonomously constructs valid 3D isomers under stoichiometric constraints and is trained exclusively online using reinforcement learning. Unlike existing approaches that generally overfit to a specific chemical formula, we establish a multi-composition training scheme that enables a broad generalization across diverse chemistry, guided by energy- and validity-based rewards. Our agent can discover up to an order of magnitude more valid isomers on unseen test formulas than existing single-composition reinforcement-learning baselines trained with per-step energy rewards. These results fulfill the promise of online reinforcement learning as a powerful paradigm for scalable, from-scratch exploration of chemical configuration space.","No, Xx2O3 is not a valid materials formula because it does not use recognized element symbols.",outdated_or_incorrect,,1.0,qwen_judge,"The answer is fully supported by the retrieved context, specifically the second piece of information which states 'Valid chemical formulas must use recognized element symbols.' Since Xx2O3 contains 'Xx' which is not a recognized element symbol, the statement that it is not a valid materials formula is directly supported.",431,555,safety_aware
rag_cov_01_01_incorrect,materials,qwen_output,Is Xx2O3 a valid materials formula?,"[rank=1 score=30.5258 doc_id=h1ctx_0254_cov_01_01_incorrect] A noisy retrieved table lists Xx2O3 as a stable oxide material.

[rank=2 score=27.9209 doc_id=h1ctx_0253_cov_01_01_current] Valid chemical formulas must use recognized element symbols.

[rank=3 score=7.8384 doc_id=arxiv_0039] AtomComposer: Discovering Chemical Space from First Principles with Reinforcement Learning. Discovering novel stable molecules without training data remains a grand scientific challenge. Current molecular generative models are trained on large, pre-curated datasets, which introduce biases and limit exploration of novel chemistry. In contrast, we propose a new paradigm: autonomous, generalized agents capable of mapping vast, unknown chemical spaces without any pretraining. For the first time, we present AtomComposer, a self-guided agent that autonomously constructs valid 3D isomers under stoichiometric constraints and is trained exclusively online using reinforcement learning. Unlike existing approaches that generally overfit to a specific chemical formula, we establish a multi-composition training scheme that enables a broad generalization across diverse chemistry, guided by energy- and validity-based rewards. Our agent can discover up to an order of magnitude more valid isomers on unseen test formulas than existing single-composition reinforcement-learning baselines trained with per-step energy rewards. These results fulfill the promise of online reinforcement learning as a powerful paradigm for scalable, from-scratch exploration of chemical configuration space.","No, Xx2O3 is not a valid materials formula because it does not use recognized element symbols.",outdated_or_incorrect,,1.0,qwen_judge,"The answer is fully supported by the retrieved context, specifically the second piece of information which states 'Valid chemical formulas must use recognized element symbols.' Since Xx2O3 contains 'Xx' which is not a recognized element symbol, the statement that it is not a valid materials formula is directly supported.",431,555,safety_aware
rag_cov_01_02_current,materials,qwen_output,Is Xx2O3 a valid materials formula?,"[rank=1 score=30.5258 doc_id=h1ctx_0254_cov_01_01_incorrect] A noisy retrieved table lists Xx2O3 as a stable oxide material.

[rank=2 score=27.9209 doc_id=h1ctx_0253_cov_01_01_current] Valid chemical formulas must use recognized element symbols.

[rank=3 score=7.8384 doc_id=arxiv_0039] AtomComposer: Discovering Chemical Space from First Principles with Reinforcement Learning. Discovering novel stable molecules without training data remains a grand scientific challenge. Current molecular generative models are trained on large, pre-curated datasets, which introduce biases and limit exploration of novel chemistry. In contrast, we propose a new paradigm: autonomous, generalized agents capable of mapping vast, unknown chemical spaces without any pretraining. For the first time, we present AtomComposer, a self-guided agent that autonomously constructs valid 3D isomers under stoichiometric constraints and is trained exclusively online using reinforcement learning. Unlike existing approaches that generally overfit to a specific chemical formula, we establish a multi-composition training scheme that enables a broad generalization across diverse chemistry, guided by energy- and validity-based rewards. Our agent can discover up to an order of magnitude more valid isomers on unseen test formulas than existing single-composition reinforcement-learning baselines trained with per-step energy rewards. These results fulfill the promise of online reinforcement learning as a powerful paradigm for scalable, from-scratch exploration of chemical configuration space.","No, Xx2O3 is not a valid materials formula because it does not use recognized element symbols.",outdated_or_incorrect,,1.0,qwen_judge,"The answer is fully supported by the retrieved context, specifically the second piece of information which states 'Valid chemical formulas must use recognized element symbols.' Since Xx2O3 contains 'Xx' which is not a recognized element symbol, the statement that it is not a valid materials formula is directly supported.",431,555,safety_aware
rag_cov_01_02_incorrect,materials,qwen_output,Is Xx2O3 a valid materials formula?,"[rank=1 score=30.5258 doc_id=h1ctx_0254_cov_01_01_incorrect] A noisy retrieved table lists Xx2O3 as a stable oxide material.

[rank=2 score=27.9209 doc_id=h1ctx_0253_cov_01_01_current] Valid chemical formulas must use recognized element symbols.

[rank=3 score=7.8384 doc_id=arxiv_0039] AtomComposer: Discovering Chemical Space from First Principles with Reinforcement Learning. Discovering novel stable molecules without training data remains a grand scientific challenge. Current molecular generative models are trained on large, pre-curated datasets, which introduce biases and limit exploration of novel chemistry. In contrast, we propose a new paradigm: autonomous, generalized agents capable of mapping vast, unknown chemical spaces without any pretraining. For the first time, we present AtomComposer, a self-guided agent that autonomously constructs valid 3D isomers under stoichiometric constraints and is trained exclusively online using reinforcement learning. Unlike existing approaches that generally overfit to a specific chemical formula, we establish a multi-composition training scheme that enables a broad generalization across diverse chemistry, guided by energy- and validity-based rewards. Our agent can discover up to an order of magnitude more valid isomers on unseen test formulas than existing single-composition reinforcement-learning baselines trained with per-step energy rewards. These results fulfill the promise of online reinforcement learning as a powerful paradigm for scalable, from-scratch exploration of chemical configuration space.","No, Xx2O3 is not a valid materials formula because it does not use recognized element symbols.",outdated_or_incorrect,,1.0,qwen_judge,"The answer is fully supported by the retrieved context, specifically the second piece of information which states 'Valid chemical formulas must use recognized element symbols.' Since Xx2O3 contains 'Xx' which is not a recognized element symbol, the statement that it is not a valid materials formula is directly supported.",431,555,safety_aware
rag_cov_01_03_current,materials,qwen_output,Is Xx2O3 a valid materials formula?,"[rank=1 score=30.5258 doc_id=h1ctx_0254_cov_01_01_incorrect] A noisy retrieved table lists Xx2O3 as a stable oxide material.

[rank=2 score=27.9209 doc_id=h1ctx_0253_cov_01_01_current] Valid chemical formulas must use recognized element symbols.

[rank=3 score=7.8384 doc_id=arxiv_0039] AtomComposer: Discovering Chemical Space from First Principles with Reinforcement Learning. Discovering novel stable molecules without training data remains a grand scientific challenge. Current molecular generative models are trained on large, pre-curated datasets, which introduce biases and limit exploration of novel chemistry. In contrast, we propose a new paradigm: autonomous, generalized agents capable of mapping vast, unknown chemical spaces without any pretraining. For the first time, we present AtomComposer, a self-guided agent that autonomously constructs valid 3D isomers under stoichiometric constraints and is trained exclusively online using reinforcement learning. Unlike existing approaches that generally overfit to a specific chemical formula, we establish a multi-composition training scheme that enables a broad generalization across diverse chemistry, guided by energy- and validity-based rewards. Our agent can discover up to an order of magnitude more valid isomers on unseen test formulas than existing single-composition reinforcement-learning baselines trained with per-step energy rewards. These results fulfill the promise of online reinforcement learning as a powerful paradigm for scalable, from-scratch exploration of chemical configuration space.","No, Xx2O3 is not a valid materials formula because it does not use recognized element symbols.",outdated_or_incorrect,,1.0,qwen_judge,"The answer is fully supported by the retrieved context, specifically the second piece of information which states 'Valid chemical formulas must use recognized element symbols.' Since Xx2O3 contains 'Xx' which is not a recognized element symbol, the statement that it is not a valid materials formula is directly supported.",431,555,safety_aware
rag_cov_01_03_incorrect,materials,qwen_output,Is Xx2O3 a valid materials formula?,"[rank=1 score=30.5258 doc_id=h1ctx_0254_cov_01_01_incorrect] A noisy retrieved table lists Xx2O3 as a stable oxide material.

[rank=2 score=27.9209 doc_id=h1ctx_0253_cov_01_01_current] Valid chemical formulas must use recognized element symbols.

[rank=3 score=7.8384 doc_id=arxiv_0039] AtomComposer: Discovering Chemical Space from First Principles with Reinforcement Learning. Discovering novel stable molecules without training data remains a grand scientific challenge. Current molecular generative models are trained on large, pre-curated datasets, which introduce biases and limit exploration of novel chemistry. In contrast, we propose a new paradigm: autonomous, generalized agents capable of mapping vast, unknown chemical spaces without any pretraining. For the first time, we present AtomComposer, a self-guided agent that autonomously constructs valid 3D isomers under stoichiometric constraints and is trained exclusively online using reinforcement learning. Unlike existing approaches that generally overfit to a specific chemical formula, we establish a multi-composition training scheme that enables a broad generalization across diverse chemistry, guided by energy- and validity-based rewards. Our agent can discover up to an order of magnitude more valid isomers on unseen test formulas than existing single-composition reinforcement-learning baselines trained with per-step energy rewards. These results fulfill the promise of online reinforcement learning as a powerful paradigm for scalable, from-scratch exploration of chemical configuration space.","No, Xx2O3 is not a valid materials formula because it does not use recognized element symbols.",outdated_or_incorrect,,1.0,qwen_judge,"The answer is fully supported by the retrieved context, specifically the second piece of information which states 'Valid chemical formulas must use recognized element symbols.' Since Xx2O3 contains 'Xx' which is not a recognized element symbol, the statement that it is not a valid materials formula is directly supported.",431,555,safety_aware
rag_cov_01_04_current,materials,qwen_output,Is Xx2O3 a valid materials formula?,"[rank=1 score=30.5258 doc_id=h1ctx_0254_cov_01_01_incorrect] A noisy retrieved table lists Xx2O3 as a stable oxide material.

[rank=2 score=27.9209 doc_id=h1ctx_0253_cov_01_01_current] Valid chemical formulas must use recognized element symbols.

[rank=3 score=7.8384 doc_id=arxiv_0039] AtomComposer: Discovering Chemical Space from First Principles with Reinforcement Learning. Discovering novel stable molecules without training data remains a grand scientific challenge. Current molecular generative models are trained on large, pre-curated datasets, which introduce biases and limit exploration of novel chemistry. In contrast, we propose a new paradigm: autonomous, generalized agents capable of mapping vast, unknown chemical spaces without any pretraining. For the first time, we present AtomComposer, a self-guided agent that autonomously constructs valid 3D isomers under stoichiometric constraints and is trained exclusively online using reinforcement learning. Unlike existing approaches that generally overfit to a specific chemical formula, we establish a multi-composition training scheme that enables a broad generalization across diverse chemistry, guided by energy- and validity-based rewards. Our agent can discover up to an order of magnitude more valid isomers on unseen test formulas than existing single-composition reinforcement-learning baselines trained with per-step energy rewards. These results fulfill the promise of online reinforcement learning as a powerful paradigm for scalable, from-scratch exploration of chemical configuration space.","No, Xx2O3 is not a valid materials formula because it does not use recognized element symbols.",outdated_or_incorrect,,1.0,qwen_judge,"The answer is fully supported by the retrieved context, specifically the second piece of information which states 'Valid chemical formulas must use recognized element symbols.' Since Xx2O3 contains 'Xx' which is not a recognized element symbol, the statement that it is not a valid materials formula is directly supported.",431,555,safety_aware
rag_cov_01_04_incorrect,materials,qwen_output,Is Xx2O3 a valid materials formula?,"[rank=1 score=30.5258 doc_id=h1ctx_0254_cov_01_01_incorrect] A noisy retrieved table lists Xx2O3 as a stable oxide material.

[rank=2 score=27.9209 doc_id=h1ctx_0253_cov_01_01_current] Valid chemical formulas must use recognized element symbols.

[rank=3 score=7.8384 doc_id=arxiv_0039] AtomComposer: Discovering Chemical Space from First Principles with Reinforcement Learning. Discovering novel stable molecules without training data remains a grand scientific challenge. Current molecular generative models are trained on large, pre-curated datasets, which introduce biases and limit exploration of novel chemistry. In contrast, we propose a new paradigm: autonomous, generalized agents capable of mapping vast, unknown chemical spaces without any pretraining. For the first time, we present AtomComposer, a self-guided agent that autonomously constructs valid 3D isomers under stoichiometric constraints and is trained exclusively online using reinforcement learning. Unlike existing approaches that generally overfit to a specific chemical formula, we establish a multi-composition training scheme that enables a broad generalization across diverse chemistry, guided by energy- and validity-based rewards. Our agent can discover up to an order of magnitude more valid isomers on unseen test formulas than existing single-composition reinforcement-learning baselines trained with per-step energy rewards. These results fulfill the promise of online reinforcement learning as a powerful paradigm for scalable, from-scratch exploration of chemical configuration space.","No, Xx2O3 is not a valid materials formula because it does not use recognized element symbols.",outdated_or_incorrect,,1.0,qwen_judge,"The answer is fully supported by the retrieved context, specifically the second piece of information which states 'Valid chemical formulas must use recognized element symbols.' Since Xx2O3 contains 'Xx' which is not a recognized element symbol, the statement that it is not a valid materials formula is directly supported.",431,555,safety_aware
rag_cov_01_05_current,materials,qwen_output,Is Xx2O3 a valid materials formula?,"[rank=1 score=30.5258 doc_id=h1ctx_0254_cov_01_01_incorrect] A noisy retrieved table lists Xx2O3 as a stable oxide material.

[rank=2 score=27.9209 doc_id=h1ctx_0253_cov_01_01_current] Valid chemical formulas must use recognized element symbols.

[rank=3 score=7.8384 doc_id=arxiv_0039] AtomComposer: Discovering Chemical Space from First Principles with Reinforcement Learning. Discovering novel stable molecules without training data remains a grand scientific challenge. Current molecular generative models are trained on large, pre-curated datasets, which introduce biases and limit exploration of novel chemistry. In contrast, we propose a new paradigm: autonomous, generalized agents capable of mapping vast, unknown chemical spaces without any pretraining. For the first time, we present AtomComposer, a self-guided agent that autonomously constructs valid 3D isomers under stoichiometric constraints and is trained exclusively online using reinforcement learning. Unlike existing approaches that generally overfit to a specific chemical formula, we establish a multi-composition training scheme that enables a broad generalization across diverse chemistry, guided by energy- and validity-based rewards. Our agent can discover up to an order of magnitude more valid isomers on unseen test formulas than existing single-composition reinforcement-learning baselines trained with per-step energy rewards. These results fulfill the promise of online reinforcement learning as a powerful paradigm for scalable, from-scratch exploration of chemical configuration space.","No, Xx2O3 is not a valid materials formula because it does not use recognized element symbols.",outdated_or_incorrect,,1.0,qwen_judge,"The answer is fully supported by the retrieved context, specifically the second piece of information which states 'Valid chemical formulas must use recognized element symbols.' Since Xx2O3 contains 'Xx' which is not a recognized element symbol, the statement that it is not a valid materials formula is directly supported.",431,555,safety_aware
rag_cov_01_05_incorrect,materials,qwen_output,Is Xx2O3 a valid materials formula?,"[rank=1 score=30.5258 doc_id=h1ctx_0254_cov_01_01_incorrect] A noisy retrieved table lists Xx2O3 as a stable oxide material.

[rank=2 score=27.9209 doc_id=h1ctx_0253_cov_01_01_current] Valid chemical formulas must use recognized element symbols.

[rank=3 score=7.8384 doc_id=arxiv_0039] AtomComposer: Discovering Chemical Space from First Principles with Reinforcement Learning. Discovering novel stable molecules without training data remains a grand scientific challenge. Current molecular generative models are trained on large, pre-curated datasets, which introduce biases and limit exploration of novel chemistry. In contrast, we propose a new paradigm: autonomous, generalized agents capable of mapping vast, unknown chemical spaces without any pretraining. For the first time, we present AtomComposer, a self-guided agent that autonomously constructs valid 3D isomers under stoichiometric constraints and is trained exclusively online using reinforcement learning. Unlike existing approaches that generally overfit to a specific chemical formula, we establish a multi-composition training scheme that enables a broad generalization across diverse chemistry, guided by energy- and validity-based rewards. Our agent can discover up to an order of magnitude more valid isomers on unseen test formulas than existing single-composition reinforcement-learning baselines trained with per-step energy rewards. These results fulfill the promise of online reinforcement learning as a powerful paradigm for scalable, from-scratch exploration of chemical configuration space.","No, Xx2O3 is not a valid materials formula because it does not use recognized element symbols.",outdated_or_incorrect,,1.0,qwen_judge,"The answer is fully supported by the retrieved context, specifically the second piece of information which states 'Valid chemical formulas must use recognized element symbols.' Since Xx2O3 contains 'Xx' which is not a recognized element symbol, the statement that it is not a valid materials formula is directly supported.",431,555,safety_aware
rag_cov_01_06_current,materials,qwen_output,Is Xx2O3 a valid materials formula?,"[rank=1 score=30.5258 doc_id=h1ctx_0254_cov_01_01_incorrect] A noisy retrieved table lists Xx2O3 as a stable oxide material.

[rank=2 score=27.9209 doc_id=h1ctx_0253_cov_01_01_current] Valid chemical formulas must use recognized element symbols.

[rank=3 score=7.8384 doc_id=arxiv_0039] AtomComposer: Discovering Chemical Space from First Principles with Reinforcement Learning. Discovering novel stable molecules without training data remains a grand scientific challenge. Current molecular generative models are trained on large, pre-curated datasets, which introduce biases and limit exploration of novel chemistry. In contrast, we propose a new paradigm: autonomous, generalized agents capable of mapping vast, unknown chemical spaces without any pretraining. For the first time, we present AtomComposer, a self-guided agent that autonomously constructs valid 3D isomers under stoichiometric constraints and is trained exclusively online using reinforcement learning. Unlike existing approaches that generally overfit to a specific chemical formula, we establish a multi-composition training scheme that enables a broad generalization across diverse chemistry, guided by energy- and validity-based rewards. Our agent can discover up to an order of magnitude more valid isomers on unseen test formulas than existing single-composition reinforcement-learning baselines trained with per-step energy rewards. These results fulfill the promise of online reinforcement learning as a powerful paradigm for scalable, from-scratch exploration of chemical configuration space.","No, Xx2O3 is not a valid materials formula because it does not use recognized element symbols.",outdated_or_incorrect,,1.0,qwen_judge,"The answer is fully supported by the retrieved context, specifically the second piece of information which states 'Valid chemical formulas must use recognized element symbols.' Since Xx2O3 contains 'Xx' which is not a recognized element symbol, the statement that it is not a valid materials formula is directly supported.",431,555,safety_aware
rag_cov_01_06_incorrect,materials,qwen_output,Is Xx2O3 a valid materials formula?,"[rank=1 score=30.5258 doc_id=h1ctx_0254_cov_01_01_incorrect] A noisy retrieved table lists Xx2O3 as a stable oxide material.

[rank=2 score=27.9209 doc_id=h1ctx_0253_cov_01_01_current] Valid chemical formulas must use recognized element symbols.

[rank=3 score=7.8384 doc_id=arxiv_0039] AtomComposer: Discovering Chemical Space from First Principles with Reinforcement Learning. Discovering novel stable molecules without training data remains a grand scientific challenge. Current molecular generative models are trained on large, pre-curated datasets, which introduce biases and limit exploration of novel chemistry. In contrast, we propose a new paradigm: autonomous, generalized agents capable of mapping vast, unknown chemical spaces without any pretraining. For the first time, we present AtomComposer, a self-guided agent that autonomously constructs valid 3D isomers under stoichiometric constraints and is trained exclusively online using reinforcement learning. Unlike existing approaches that generally overfit to a specific chemical formula, we establish a multi-composition training scheme that enables a broad generalization across diverse chemistry, guided by energy- and validity-based rewards. Our agent can discover up to an order of magnitude more valid isomers on unseen test formulas than existing single-composition reinforcement-learning baselines trained with per-step energy rewards. These results fulfill the promise of online reinforcement learning as a powerful paradigm for scalable, from-scratch exploration of chemical configuration space.","No, Xx2O3 is not a valid materials formula because it does not use recognized element symbols.",outdated_or_incorrect,,1.0,qwen_judge,"The answer is fully supported by the retrieved context, specifically the second piece of information which states 'Valid chemical formulas must use recognized element symbols.' Since Xx2O3 contains 'Xx' which is not a recognized element symbol, the statement that it is not a valid materials formula is directly supported.",431,555,safety_aware
rag_cov_01_07_current,materials,qwen_output,Is Xx2O3 a valid materials formula?,"[rank=1 score=30.5258 doc_id=h1ctx_0254_cov_01_01_incorrect] A noisy retrieved table lists Xx2O3 as a stable oxide material.

[rank=2 score=27.9209 doc_id=h1ctx_0253_cov_01_01_current] Valid chemical formulas must use recognized element symbols.

[rank=3 score=7.8384 doc_id=arxiv_0039] AtomComposer: Discovering Chemical Space from First Principles with Reinforcement Learning. Discovering novel stable molecules without training data remains a grand scientific challenge. Current molecular generative models are trained on large, pre-curated datasets, which introduce biases and limit exploration of novel chemistry. In contrast, we propose a new paradigm: autonomous, generalized agents capable of mapping vast, unknown chemical spaces without any pretraining. For the first time, we present AtomComposer, a self-guided agent that autonomously constructs valid 3D isomers under stoichiometric constraints and is trained exclusively online using reinforcement learning. Unlike existing approaches that generally overfit to a specific chemical formula, we establish a multi-composition training scheme that enables a broad generalization across diverse chemistry, guided by energy- and validity-based rewards. Our agent can discover up to an order of magnitude more valid isomers on unseen test formulas than existing single-composition reinforcement-learning baselines trained with per-step energy rewards. These results fulfill the promise of online reinforcement learning as a powerful paradigm for scalable, from-scratch exploration of chemical configuration space.","No, Xx2O3 is not a valid materials formula because it does not use recognized element symbols.",outdated_or_incorrect,,1.0,qwen_judge,"The answer is fully supported by the retrieved context, specifically the second piece of information which states 'Valid chemical formulas must use recognized element symbols.' Since Xx2O3 contains 'Xx' which is not a recognized element symbol, the statement that it is not a valid materials formula is directly supported.",431,555,safety_aware
rag_cov_01_07_incorrect,materials,qwen_output,Is Xx2O3 a valid materials formula?,"[rank=1 score=30.5258 doc_id=h1ctx_0254_cov_01_01_incorrect] A noisy retrieved table lists Xx2O3 as a stable oxide material.

[rank=2 score=27.9209 doc_id=h1ctx_0253_cov_01_01_current] Valid chemical formulas must use recognized element symbols.

[rank=3 score=7.8384 doc_id=arxiv_0039] AtomComposer: Discovering Chemical Space from First Principles with Reinforcement Learning. Discovering novel stable molecules without training data remains a grand scientific challenge. Current molecular generative models are trained on large, pre-curated datasets, which introduce biases and limit exploration of novel chemistry. In contrast, we propose a new paradigm: autonomous, generalized agents capable of mapping vast, unknown chemical spaces without any pretraining. For the first time, we present AtomComposer, a self-guided agent that autonomously constructs valid 3D isomers under stoichiometric constraints and is trained exclusively online using reinforcement learning. Unlike existing approaches that generally overfit to a specific chemical formula, we establish a multi-composition training scheme that enables a broad generalization across diverse chemistry, guided by energy- and validity-based rewards. Our agent can discover up to an order of magnitude more valid isomers on unseen test formulas than existing single-composition reinforcement-learning baselines trained with per-step energy rewards. These results fulfill the promise of online reinforcement learning as a powerful paradigm for scalable, from-scratch exploration of chemical configuration space.","No, Xx2O3 is not a valid materials formula because it does not use recognized element symbols.",outdated_or_incorrect,,1.0,qwen_judge,"The answer is fully supported by the retrieved context, specifically the second piece of information which states 'Valid chemical formulas must use recognized element symbols.' Since Xx2O3 contains 'Xx' which is not a recognized element symbol, the statement that it is not a valid materials formula is directly supported.",431,555,safety_aware
rag_cov_01_08_current,materials,qwen_output,Is Xx2O3 a valid materials formula?,"[rank=1 score=30.5258 doc_id=h1ctx_0254_cov_01_01_incorrect] A noisy retrieved table lists Xx2O3 as a stable oxide material.

[rank=2 score=27.9209 doc_id=h1ctx_0253_cov_01_01_current] Valid chemical formulas must use recognized element symbols.

[rank=3 score=7.8384 doc_id=arxiv_0039] AtomComposer: Discovering Chemical Space from First Principles with Reinforcement Learning. Discovering novel stable molecules without training data remains a grand scientific challenge. Current molecular generative models are trained on large, pre-curated datasets, which introduce biases and limit exploration of novel chemistry. In contrast, we propose a new paradigm: autonomous, generalized agents capable of mapping vast, unknown chemical spaces without any pretraining. For the first time, we present AtomComposer, a self-guided agent that autonomously constructs valid 3D isomers under stoichiometric constraints and is trained exclusively online using reinforcement learning. Unlike existing approaches that generally overfit to a specific chemical formula, we establish a multi-composition training scheme that enables a broad generalization across diverse chemistry, guided by energy- and validity-based rewards. Our agent can discover up to an order of magnitude more valid isomers on unseen test formulas than existing single-composition reinforcement-learning baselines trained with per-step energy rewards. These results fulfill the promise of online reinforcement learning as a powerful paradigm for scalable, from-scratch exploration of chemical configuration space.","No, Xx2O3 is not a valid materials formula because it does not use recognized element symbols.",outdated_or_incorrect,,1.0,qwen_judge,"The answer is fully supported by the retrieved context, specifically the second piece of information which states 'Valid chemical formulas must use recognized element symbols.' Since Xx2O3 contains 'Xx' which is not a recognized element symbol, the statement that it is not a valid materials formula is directly supported.",431,555,safety_aware
rag_cov_01_08_incorrect,materials,qwen_output,Is Xx2O3 a valid materials formula?,"[rank=1 score=30.5258 doc_id=h1ctx_0254_cov_01_01_incorrect] A noisy retrieved table lists Xx2O3 as a stable oxide material.

[rank=2 score=27.9209 doc_id=h1ctx_0253_cov_01_01_current] Valid chemical formulas must use recognized element symbols.

[rank=3 score=7.8384 doc_id=arxiv_0039] AtomComposer: Discovering Chemical Space from First Principles with Reinforcement Learning. Discovering novel stable molecules without training data remains a grand scientific challenge. Current molecular generative models are trained on large, pre-curated datasets, which introduce biases and limit exploration of novel chemistry. In contrast, we propose a new paradigm: autonomous, generalized agents capable of mapping vast, unknown chemical spaces without any pretraining. For the first time, we present AtomComposer, a self-guided agent that autonomously constructs valid 3D isomers under stoichiometric constraints and is trained exclusively online using reinforcement learning. Unlike existing approaches that generally overfit to a specific chemical formula, we establish a multi-composition training scheme that enables a broad generalization across diverse chemistry, guided by energy- and validity-based rewards. Our agent can discover up to an order of magnitude more valid isomers on unseen test formulas than existing single-composition reinforcement-learning baselines trained with per-step energy rewards. These results fulfill the promise of online reinforcement learning as a powerful paradigm for scalable, from-scratch exploration of chemical configuration space.","No, Xx2O3 is not a valid materials formula because it does not use recognized element symbols.",outdated_or_incorrect,,1.0,qwen_judge,"The answer is fully supported by the retrieved context, specifically the second piece of information which states 'Valid chemical formulas must use recognized element symbols.' Since Xx2O3 contains 'Xx' which is not a recognized element symbol, the statement that it is not a valid materials formula is directly supported.",431,555,safety_aware
rag_cov_01_09_current,materials,qwen_output,Is Xx2O3 a valid materials formula?,"[rank=1 score=30.5258 doc_id=h1ctx_0254_cov_01_01_incorrect] A noisy retrieved table lists Xx2O3 as a stable oxide material.

[rank=2 score=27.9209 doc_id=h1ctx_0253_cov_01_01_current] Valid chemical formulas must use recognized element symbols.

[rank=3 score=7.8384 doc_id=arxiv_0039] AtomComposer: Discovering Chemical Space from First Principles with Reinforcement Learning. Discovering novel stable molecules without training data remains a grand scientific challenge. Current molecular generative models are trained on large, pre-curated datasets, which introduce biases and limit exploration of novel chemistry. In contrast, we propose a new paradigm: autonomous, generalized agents capable of mapping vast, unknown chemical spaces without any pretraining. For the first time, we present AtomComposer, a self-guided agent that autonomously constructs valid 3D isomers under stoichiometric constraints and is trained exclusively online using reinforcement learning. Unlike existing approaches that generally overfit to a specific chemical formula, we establish a multi-composition training scheme that enables a broad generalization across diverse chemistry, guided by energy- and validity-based rewards. Our agent can discover up to an order of magnitude more valid isomers on unseen test formulas than existing single-composition reinforcement-learning baselines trained with per-step energy rewards. These results fulfill the promise of online reinforcement learning as a powerful paradigm for scalable, from-scratch exploration of chemical configuration space.","No, Xx2O3 is not a valid materials formula because it does not use recognized element symbols.",outdated_or_incorrect,,1.0,qwen_judge,"The answer is fully supported by the retrieved context, specifically the second piece of information which states 'Valid chemical formulas must use recognized element symbols.' Since Xx2O3 contains 'Xx' which is not a recognized element symbol, the statement that it is not a valid materials formula is directly supported.",431,555,safety_aware
rag_cov_01_09_incorrect,materials,qwen_output,Is Xx2O3 a valid materials formula?,"[rank=1 score=30.5258 doc_id=h1ctx_0254_cov_01_01_incorrect] A noisy retrieved table lists Xx2O3 as a stable oxide material.

[rank=2 score=27.9209 doc_id=h1ctx_0253_cov_01_01_current] Valid chemical formulas must use recognized element symbols.

[rank=3 score=7.8384 doc_id=arxiv_0039] AtomComposer: Discovering Chemical Space from First Principles with Reinforcement Learning. Discovering novel stable molecules without training data remains a grand scientific challenge. Current molecular generative models are trained on large, pre-curated datasets, which introduce biases and limit exploration of novel chemistry. In contrast, we propose a new paradigm: autonomous, generalized agents capable of mapping vast, unknown chemical spaces without any pretraining. For the first time, we present AtomComposer, a self-guided agent that autonomously constructs valid 3D isomers under stoichiometric constraints and is trained exclusively online using reinforcement learning. Unlike existing approaches that generally overfit to a specific chemical formula, we establish a multi-composition training scheme that enables a broad generalization across diverse chemistry, guided by energy- and validity-based rewards. Our agent can discover up to an order of magnitude more valid isomers on unseen test formulas than existing single-composition reinforcement-learning baselines trained with per-step energy rewards. These results fulfill the promise of online reinforcement learning as a powerful paradigm for scalable, from-scratch exploration of chemical configuration space.","No, Xx2O3 is not a valid materials formula because it does not use recognized element symbols.",outdated_or_incorrect,,1.0,qwen_judge,"The answer is fully supported by the retrieved context, specifically the second piece of information which states 'Valid chemical formulas must use recognized element symbols.' Since Xx2O3 contains 'Xx' which is not a recognized element symbol, the statement that it is not a valid materials formula is directly supported.",431,555,safety_aware
rag_cov_01_10_current,materials,qwen_output,Is Xx2O3 a valid materials formula?,"[rank=1 score=30.5258 doc_id=h1ctx_0254_cov_01_01_incorrect] A noisy retrieved table lists Xx2O3 as a stable oxide material.

[rank=2 score=27.9209 doc_id=h1ctx_0253_cov_01_01_current] Valid chemical formulas must use recognized element symbols.

[rank=3 score=7.8384 doc_id=arxiv_0039] AtomComposer: Discovering Chemical Space from First Principles with Reinforcement Learning. Discovering novel stable molecules without training data remains a grand scientific challenge. Current molecular generative models are trained on large, pre-curated datasets, which introduce biases and limit exploration of novel chemistry. In contrast, we propose a new paradigm: autonomous, generalized agents capable of mapping vast, unknown chemical spaces without any pretraining. For the first time, we present AtomComposer, a self-guided agent that autonomously constructs valid 3D isomers under stoichiometric constraints and is trained exclusively online using reinforcement learning. Unlike existing approaches that generally overfit to a specific chemical formula, we establish a multi-composition training scheme that enables a broad generalization across diverse chemistry, guided by energy- and validity-based rewards. Our agent can discover up to an order of magnitude more valid isomers on unseen test formulas than existing single-composition reinforcement-learning baselines trained with per-step energy rewards. These results fulfill the promise of online reinforcement learning as a powerful paradigm for scalable, from-scratch exploration of chemical configuration space.","No, Xx2O3 is not a valid materials formula because it does not use recognized element symbols.",outdated_or_incorrect,,1.0,qwen_judge,"The answer is fully supported by the retrieved context, specifically the second piece of information which states 'Valid chemical formulas must use recognized element symbols.' Since Xx2O3 contains 'Xx' which is not a recognized element symbol, the statement that it is not a valid materials formula is directly supported.",431,555,safety_aware
rag_cov_01_10_incorrect,materials,qwen_output,Is Xx2O3 a valid materials formula?,"[rank=1 score=30.5258 doc_id=h1ctx_0254_cov_01_01_incorrect] A noisy retrieved table lists Xx2O3 as a stable oxide material.

[rank=2 score=27.9209 doc_id=h1ctx_0253_cov_01_01_current] Valid chemical formulas must use recognized element symbols.

[rank=3 score=7.8384 doc_id=arxiv_0039] AtomComposer: Discovering Chemical Space from First Principles with Reinforcement Learning. Discovering novel stable molecules without training data remains a grand scientific challenge. Current molecular generative models are trained on large, pre-curated datasets, which introduce biases and limit exploration of novel chemistry. In contrast, we propose a new paradigm: autonomous, generalized agents capable of mapping vast, unknown chemical spaces without any pretraining. For the first time, we present AtomComposer, a self-guided agent that autonomously constructs valid 3D isomers under stoichiometric constraints and is trained exclusively online using reinforcement learning. Unlike existing approaches that generally overfit to a specific chemical formula, we establish a multi-composition training scheme that enables a broad generalization across diverse chemistry, guided by energy- and validity-based rewards. Our agent can discover up to an order of magnitude more valid isomers on unseen test formulas than existing single-composition reinforcement-learning baselines trained with per-step energy rewards. These results fulfill the promise of online reinforcement learning as a powerful paradigm for scalable, from-scratch exploration of chemical configuration space.","No, Xx2O3 is not a valid materials formula because it does not use recognized element symbols.",outdated_or_incorrect,,1.0,qwen_judge,"The answer is fully supported by the retrieved context, specifically the second piece of information which states 'Valid chemical formulas must use recognized element symbols.' Since Xx2O3 contains 'Xx' which is not a recognized element symbol, the statement that it is not a valid materials formula is directly supported.",431,555,safety_aware
rag_cov_01_11_current,materials,qwen_output,Is Xx2O3 a valid materials formula?,"[rank=1 score=30.5258 doc_id=h1ctx_0254_cov_01_01_incorrect] A noisy retrieved table lists Xx2O3 as a stable oxide material.

[rank=2 score=27.9209 doc_id=h1ctx_0253_cov_01_01_current] Valid chemical formulas must use recognized element symbols.

[rank=3 score=7.8384 doc_id=arxiv_0039] AtomComposer: Discovering Chemical Space from First Principles with Reinforcement Learning. Discovering novel stable molecules without training data remains a grand scientific challenge. Current molecular generative models are trained on large, pre-curated datasets, which introduce biases and limit exploration of novel chemistry. In contrast, we propose a new paradigm: autonomous, generalized agents capable of mapping vast, unknown chemical spaces without any pretraining. For the first time, we present AtomComposer, a self-guided agent that autonomously constructs valid 3D isomers under stoichiometric constraints and is trained exclusively online using reinforcement learning. Unlike existing approaches that generally overfit to a specific chemical formula, we establish a multi-composition training scheme that enables a broad generalization across diverse chemistry, guided by energy- and validity-based rewards. Our agent can discover up to an order of magnitude more valid isomers on unseen test formulas than existing single-composition reinforcement-learning baselines trained with per-step energy rewards. These results fulfill the promise of online reinforcement learning as a powerful paradigm for scalable, from-scratch exploration of chemical configuration space.","No, Xx2O3 is not a valid materials formula because it does not use recognized element symbols.",outdated_or_incorrect,,1.0,qwen_judge,"The answer is fully supported by the retrieved context, specifically the second piece of information which states 'Valid chemical formulas must use recognized element symbols.' Since Xx2O3 contains 'Xx' which is not a recognized element symbol, the statement that it is not a valid materials formula is directly supported.",431,555,safety_aware
rag_cov_01_11_incorrect,materials,qwen_output,Is Xx2O3 a valid materials formula?,"[rank=1 score=30.5258 doc_id=h1ctx_0254_cov_01_01_incorrect] A noisy retrieved table lists Xx2O3 as a stable oxide material.

[rank=2 score=27.9209 doc_id=h1ctx_0253_cov_01_01_current] Valid chemical formulas must use recognized element symbols.

[rank=3 score=7.8384 doc_id=arxiv_0039] AtomComposer: Discovering Chemical Space from First Principles with Reinforcement Learning. Discovering novel stable molecules without training data remains a grand scientific challenge. Current molecular generative models are trained on large, pre-curated datasets, which introduce biases and limit exploration of novel chemistry. In contrast, we propose a new paradigm: autonomous, generalized agents capable of mapping vast, unknown chemical spaces without any pretraining. For the first time, we present AtomComposer, a self-guided agent that autonomously constructs valid 3D isomers under stoichiometric constraints and is trained exclusively online using reinforcement learning. Unlike existing approaches that generally overfit to a specific chemical formula, we establish a multi-composition training scheme that enables a broad generalization across diverse chemistry, guided by energy- and validity-based rewards. Our agent can discover up to an order of magnitude more valid isomers on unseen test formulas than existing single-composition reinforcement-learning baselines trained with per-step energy rewards. These results fulfill the promise of online reinforcement learning as a powerful paradigm for scalable, from-scratch exploration of chemical configuration space.","No, Xx2O3 is not a valid materials formula because it does not use recognized element symbols.",outdated_or_incorrect,,1.0,qwen_judge,"The answer is fully supported by the retrieved context, specifically the second piece of information which states 'Valid chemical formulas must use recognized element symbols.' Since Xx2O3 contains 'Xx' which is not a recognized element symbol, the statement that it is not a valid materials formula is directly supported.",431,555,safety_aware
rag_cov_01_12_current,materials,qwen_output,Is Xx2O3 a valid materials formula?,"[rank=1 score=30.5258 doc_id=h1ctx_0254_cov_01_01_incorrect] A noisy retrieved table lists Xx2O3 as a stable oxide material.

[rank=2 score=27.9209 doc_id=h1ctx_0253_cov_01_01_current] Valid chemical formulas must use recognized element symbols.

[rank=3 score=7.8384 doc_id=arxiv_0039] AtomComposer: Discovering Chemical Space from First Principles with Reinforcement Learning. Discovering novel stable molecules without training data remains a grand scientific challenge. Current molecular generative models are trained on large, pre-curated datasets, which introduce biases and limit exploration of novel chemistry. In contrast, we propose a new paradigm: autonomous, generalized agents capable of mapping vast, unknown chemical spaces without any pretraining. For the first time, we present AtomComposer, a self-guided agent that autonomously constructs valid 3D isomers under stoichiometric constraints and is trained exclusively online using reinforcement learning. Unlike existing approaches that generally overfit to a specific chemical formula, we establish a multi-composition training scheme that enables a broad generalization across diverse chemistry, guided by energy- and validity-based rewards. Our agent can discover up to an order of magnitude more valid isomers on unseen test formulas than existing single-composition reinforcement-learning baselines trained with per-step energy rewards. These results fulfill the promise of online reinforcement learning as a powerful paradigm for scalable, from-scratch exploration of chemical configuration space.","No, Xx2O3 is not a valid materials formula because it does not use recognized element symbols.",outdated_or_incorrect,,1.0,qwen_judge,"The answer is fully supported by the retrieved context, specifically the second piece of information which states 'Valid chemical formulas must use recognized element symbols.' Since Xx2O3 contains 'Xx' which is not a recognized element symbol, the statement that it is not a valid materials formula is directly supported.",431,555,safety_aware
rag_cov_01_12_incorrect,materials,qwen_output,Is Xx2O3 a valid materials formula?,"[rank=1 score=30.5258 doc_id=h1ctx_0254_cov_01_01_incorrect] A noisy retrieved table lists Xx2O3 as a stable oxide material.

[rank=2 score=27.9209 doc_id=h1ctx_0253_cov_01_01_current] Valid chemical formulas must use recognized element symbols.

[rank=3 score=7.8384 doc_id=arxiv_0039] AtomComposer: Discovering Chemical Space from First Principles with Reinforcement Learning. Discovering novel stable molecules without training data remains a grand scientific challenge. Current molecular generative models are trained on large, pre-curated datasets, which introduce biases and limit exploration of novel chemistry. In contrast, we propose a new paradigm: autonomous, generalized agents capable of mapping vast, unknown chemical spaces without any pretraining. For the first time, we present AtomComposer, a self-guided agent that autonomously constructs valid 3D isomers under stoichiometric constraints and is trained exclusively online using reinforcement learning. Unlike existing approaches that generally overfit to a specific chemical formula, we establish a multi-composition training scheme that enables a broad generalization across diverse chemistry, guided by energy- and validity-based rewards. Our agent can discover up to an order of magnitude more valid isomers on unseen test formulas than existing single-composition reinforcement-learning baselines trained with per-step energy rewards. These results fulfill the promise of online reinforcement learning as a powerful paradigm for scalable, from-scratch exploration of chemical configuration space.","No, Xx2O3 is not a valid materials formula because it does not use recognized element symbols.",outdated_or_incorrect,,1.0,qwen_judge,"The answer is fully supported by the retrieved context, specifically the second piece of information which states 'Valid chemical formulas must use recognized element symbols.' Since Xx2O3 contains 'Xx' which is not a recognized element symbol, the statement that it is not a valid materials formula is directly supported.",431,555,safety_aware
rag_cov_01_13_current,materials,qwen_output,Is Xx2O3 a valid materials formula?,"[rank=1 score=30.5258 doc_id=h1ctx_0254_cov_01_01_incorrect] A noisy retrieved table lists Xx2O3 as a stable oxide material.

[rank=2 score=27.9209 doc_id=h1ctx_0253_cov_01_01_current] Valid chemical formulas must use recognized element symbols.

[rank=3 score=7.8384 doc_id=arxiv_0039] AtomComposer: Discovering Chemical Space from First Principles with Reinforcement Learning. Discovering novel stable molecules without training data remains a grand scientific challenge. Current molecular generative models are trained on large, pre-curated datasets, which introduce biases and limit exploration of novel chemistry. In contrast, we propose a new paradigm: autonomous, generalized agents capable of mapping vast, unknown chemical spaces without any pretraining. For the first time, we present AtomComposer, a self-guided agent that autonomously constructs valid 3D isomers under stoichiometric constraints and is trained exclusively online using reinforcement learning. Unlike existing approaches that generally overfit to a specific chemical formula, we establish a multi-composition training scheme that enables a broad generalization across diverse chemistry, guided by energy- and validity-based rewards. Our agent can discover up to an order of magnitude more valid isomers on unseen test formulas than existing single-composition reinforcement-learning baselines trained with per-step energy rewards. These results fulfill the promise of online reinforcement learning as a powerful paradigm for scalable, from-scratch exploration of chemical configuration space.","No, Xx2O3 is not a valid materials formula because it does not use recognized element symbols.",outdated_or_incorrect,,1.0,qwen_judge,"The answer is fully supported by the retrieved context, specifically the second piece of information which states 'Valid chemical formulas must use recognized element symbols.' Since Xx2O3 contains 'Xx' which is not a recognized element symbol, the statement that it is not a valid materials formula is directly supported.",431,555,safety_aware
rag_cov_01_13_incorrect,materials,qwen_output,Is Xx2O3 a valid materials formula?,"[rank=1 score=30.5258 doc_id=h1ctx_0254_cov_01_01_incorrect] A noisy retrieved table lists Xx2O3 as a stable oxide material.

[rank=2 score=27.9209 doc_id=h1ctx_0253_cov_01_01_current] Valid chemical formulas must use recognized element symbols.

[rank=3 score=7.8384 doc_id=arxiv_0039] AtomComposer: Discovering Chemical Space from First Principles with Reinforcement Learning. Discovering novel stable molecules without training data remains a grand scientific challenge. Current molecular generative models are trained on large, pre-curated datasets, which introduce biases and limit exploration of novel chemistry. In contrast, we propose a new paradigm: autonomous, generalized agents capable of mapping vast, unknown chemical spaces without any pretraining. For the first time, we present AtomComposer, a self-guided agent that autonomously constructs valid 3D isomers under stoichiometric constraints and is trained exclusively online using reinforcement learning. Unlike existing approaches that generally overfit to a specific chemical formula, we establish a multi-composition training scheme that enables a broad generalization across diverse chemistry, guided by energy- and validity-based rewards. Our agent can discover up to an order of magnitude more valid isomers on unseen test formulas than existing single-composition reinforcement-learning baselines trained with per-step energy rewards. These results fulfill the promise of online reinforcement learning as a powerful paradigm for scalable, from-scratch exploration of chemical configuration space.","No, Xx2O3 is not a valid materials formula because it does not use recognized element symbols.",outdated_or_incorrect,,1.0,qwen_judge,"The answer is fully supported by the retrieved context, specifically the second piece of information which states 'Valid chemical formulas must use recognized element symbols.' Since Xx2O3 contains 'Xx' which is not a recognized element symbol, the statement that it is not a valid materials formula is directly supported.",431,555,safety_aware
rag_cov_01_14_current,materials,qwen_output,Is Xx2O3 a valid materials formula?,"[rank=1 score=30.5258 doc_id=h1ctx_0254_cov_01_01_incorrect] A noisy retrieved table lists Xx2O3 as a stable oxide material.

[rank=2 score=27.9209 doc_id=h1ctx_0253_cov_01_01_current] Valid chemical formulas must use recognized element symbols.

[rank=3 score=7.8384 doc_id=arxiv_0039] AtomComposer: Discovering Chemical Space from First Principles with Reinforcement Learning. Discovering novel stable molecules without training data remains a grand scientific challenge. Current molecular generative models are trained on large, pre-curated datasets, which introduce biases and limit exploration of novel chemistry. In contrast, we propose a new paradigm: autonomous, generalized agents capable of mapping vast, unknown chemical spaces without any pretraining. For the first time, we present AtomComposer, a self-guided agent that autonomously constructs valid 3D isomers under stoichiometric constraints and is trained exclusively online using reinforcement learning. Unlike existing approaches that generally overfit to a specific chemical formula, we establish a multi-composition training scheme that enables a broad generalization across diverse chemistry, guided by energy- and validity-based rewards. Our agent can discover up to an order of magnitude more valid isomers on unseen test formulas than existing single-composition reinforcement-learning baselines trained with per-step energy rewards. These results fulfill the promise of online reinforcement learning as a powerful paradigm for scalable, from-scratch exploration of chemical configuration space.","No, Xx2O3 is not a valid materials formula because it does not use recognized element symbols.",outdated_or_incorrect,,1.0,qwen_judge,"The answer is fully supported by the retrieved context, specifically the second piece of information which states 'Valid chemical formulas must use recognized element symbols.' Since Xx2O3 contains 'Xx' which is not a recognized element symbol, the statement that it is not a valid materials formula is directly supported.",431,555,safety_aware
rag_cov_01_14_incorrect,materials,qwen_output,Is Xx2O3 a valid materials formula?,"[rank=1 score=30.5258 doc_id=h1ctx_0254_cov_01_01_incorrect] A noisy retrieved table lists Xx2O3 as a stable oxide material.

[rank=2 score=27.9209 doc_id=h1ctx_0253_cov_01_01_current] Valid chemical formulas must use recognized element symbols.

[rank=3 score=7.8384 doc_id=arxiv_0039] AtomComposer: Discovering Chemical Space from First Principles with Reinforcement Learning. Discovering novel stable molecules without training data remains a grand scientific challenge. Current molecular generative models are trained on large, pre-curated datasets, which introduce biases and limit exploration of novel chemistry. In contrast, we propose a new paradigm: autonomous, generalized agents capable of mapping vast, unknown chemical spaces without any pretraining. For the first time, we present AtomComposer, a self-guided agent that autonomously constructs valid 3D isomers under stoichiometric constraints and is trained exclusively online using reinforcement learning. Unlike existing approaches that generally overfit to a specific chemical formula, we establish a multi-composition training scheme that enables a broad generalization across diverse chemistry, guided by energy- and validity-based rewards. Our agent can discover up to an order of magnitude more valid isomers on unseen test formulas than existing single-composition reinforcement-learning baselines trained with per-step energy rewards. These results fulfill the promise of online reinforcement learning as a powerful paradigm for scalable, from-scratch exploration of chemical configuration space.","No, Xx2O3 is not a valid materials formula because it does not use recognized element symbols.",outdated_or_incorrect,,1.0,qwen_judge,"The answer is fully supported by the retrieved context, specifically the second piece of information which states 'Valid chemical formulas must use recognized element symbols.' Since Xx2O3 contains 'Xx' which is not a recognized element symbol, the statement that it is not a valid materials formula is directly supported.",431,555,safety_aware
rag_cov_01_15_current,materials,qwen_output,Is Xx2O3 a valid materials formula?,"[rank=1 score=30.5258 doc_id=h1ctx_0254_cov_01_01_incorrect] A noisy retrieved table lists Xx2O3 as a stable oxide material.

[rank=2 score=27.9209 doc_id=h1ctx_0253_cov_01_01_current] Valid chemical formulas must use recognized element symbols.

[rank=3 score=7.8384 doc_id=arxiv_0039] AtomComposer: Discovering Chemical Space from First Principles with Reinforcement Learning. Discovering novel stable molecules without training data remains a grand scientific challenge. Current molecular generative models are trained on large, pre-curated datasets, which introduce biases and limit exploration of novel chemistry. In contrast, we propose a new paradigm: autonomous, generalized agents capable of mapping vast, unknown chemical spaces without any pretraining. For the first time, we present AtomComposer, a self-guided agent that autonomously constructs valid 3D isomers under stoichiometric constraints and is trained exclusively online using reinforcement learning. Unlike existing approaches that generally overfit to a specific chemical formula, we establish a multi-composition training scheme that enables a broad generalization across diverse chemistry, guided by energy- and validity-based rewards. Our agent can discover up to an order of magnitude more valid isomers on unseen test formulas than existing single-composition reinforcement-learning baselines trained with per-step energy rewards. These results fulfill the promise of online reinforcement learning as a powerful paradigm for scalable, from-scratch exploration of chemical configuration space.","No, Xx2O3 is not a valid materials formula because it does not use recognized element symbols.",outdated_or_incorrect,,1.0,qwen_judge,"The answer is fully supported by the retrieved context, specifically the second piece of information which states 'Valid chemical formulas must use recognized element symbols.' Since Xx2O3 contains 'Xx' which is not a recognized element symbol, the statement that it is not a valid materials formula is directly supported.",431,555,safety_aware
rag_cov_01_15_incorrect,materials,qwen_output,Is Xx2O3 a valid materials formula?,"[rank=1 score=30.5258 doc_id=h1ctx_0254_cov_01_01_incorrect] A noisy retrieved table lists Xx2O3 as a stable oxide material.

[rank=2 score=27.9209 doc_id=h1ctx_0253_cov_01_01_current] Valid chemical formulas must use recognized element symbols.

[rank=3 score=7.8384 doc_id=arxiv_0039] AtomComposer: Discovering Chemical Space from First Principles with Reinforcement Learning. Discovering novel stable molecules without training data remains a grand scientific challenge. Current molecular generative models are trained on large, pre-curated datasets, which introduce biases and limit exploration of novel chemistry. In contrast, we propose a new paradigm: autonomous, generalized agents capable of mapping vast, unknown chemical spaces without any pretraining. For the first time, we present AtomComposer, a self-guided agent that autonomously constructs valid 3D isomers under stoichiometric constraints and is trained exclusively online using reinforcement learning. Unlike existing approaches that generally overfit to a specific chemical formula, we establish a multi-composition training scheme that enables a broad generalization across diverse chemistry, guided by energy- and validity-based rewards. Our agent can discover up to an order of magnitude more valid isomers on unseen test formulas than existing single-composition reinforcement-learning baselines trained with per-step energy rewards. These results fulfill the promise of online reinforcement learning as a powerful paradigm for scalable, from-scratch exploration of chemical configuration space.","No, Xx2O3 is not a valid materials formula because it does not use recognized element symbols.",outdated_or_incorrect,,1.0,qwen_judge,"The answer is fully supported by the retrieved context, specifically the second piece of information which states 'Valid chemical formulas must use recognized element symbols.' Since Xx2O3 contains 'Xx' which is not a recognized element symbol, the statement that it is not a valid materials formula is directly supported.",431,555,safety_aware
rag_cov_02_01_current,materials,qwen_output,Can an experiment be performed at -50 K?,"[rank=1 score=28.7554 doc_id=h1ctx_0284_cov_02_01_incorrect] A corrupted lab note reports a synthesis temperature of -50 K.

[rank=2 score=25.6358 doc_id=h1ctx_0283_cov_02_01_current] Absolute temperature on the Kelvin scale cannot be below 0 K.

[rank=3 score=24.8597 doc_id=mp_0086] Materials Project reports K (mp-1180991). Band gap: 0.0 eV. Formation energy per atom: 0.118525908249999 eV/atom. Energy above hull: 0.118525908249999 eV/atom. Stable: False.","No, an experiment cannot be performed at -50 K because absolute temperature on the Kelvin scale cannot be below 0 K.",outdated_or_incorrect,,1.0,qwen_judge,"The answer is directly supported by the retrieved context, specifically the second piece of information which states 'Absolute temperature on the Kelvin scale cannot be below 0 K.' This directly supports the claim in the answer that an experiment cannot be performed at -50 K.",303,418,safety_aware
rag_cov_02_01_incorrect,materials,qwen_output,Can an experiment be performed at -50 K?,"[rank=1 score=28.7554 doc_id=h1ctx_0284_cov_02_01_incorrect] A corrupted lab note reports a synthesis temperature of -50 K.

[rank=2 score=25.6358 doc_id=h1ctx_0283_cov_02_01_current] Absolute temperature on the Kelvin scale cannot be below 0 K.

[rank=3 score=24.8597 doc_id=mp_0086] Materials Project reports K (mp-1180991). Band gap: 0.0 eV. Formation energy per atom: 0.118525908249999 eV/atom. Energy above hull: 0.118525908249999 eV/atom. Stable: False.","No, an experiment cannot be performed at -50 K because absolute temperature on the Kelvin scale cannot be below 0 K.",outdated_or_incorrect,,1.0,qwen_judge,"The answer is directly supported by the retrieved context, specifically the second piece of information which states 'Absolute temperature on the Kelvin scale cannot be below 0 K.' This directly supports the claim in the answer that an experiment cannot be performed at -50 K.",303,418,safety_aware
rag_cov_02_02_current,materials,qwen_output,Can an experiment be performed at -50 K?,"[rank=1 score=28.7554 doc_id=h1ctx_0284_cov_02_01_incorrect] A corrupted lab note reports a synthesis temperature of -50 K.

[rank=2 score=25.6358 doc_id=h1ctx_0283_cov_02_01_current] Absolute temperature on the Kelvin scale cannot be below 0 K.

[rank=3 score=24.8597 doc_id=mp_0086] Materials Project reports K (mp-1180991). Band gap: 0.0 eV. Formation energy per atom: 0.118525908249999 eV/atom. Energy above hull: 0.118525908249999 eV/atom. Stable: False.","No, an experiment cannot be performed at -50 K because absolute temperature on the Kelvin scale cannot be below 0 K.",outdated_or_incorrect,,1.0,qwen_judge,"The answer is directly supported by the retrieved context, specifically the second piece of information which states 'Absolute temperature on the Kelvin scale cannot be below 0 K.' This directly supports the claim in the answer that an experiment cannot be performed at -50 K.",303,418,safety_aware
rag_cov_02_02_incorrect,materials,qwen_output,Can an experiment be performed at -50 K?,"[rank=1 score=28.7554 doc_id=h1ctx_0284_cov_02_01_incorrect] A corrupted lab note reports a synthesis temperature of -50 K.

[rank=2 score=25.6358 doc_id=h1ctx_0283_cov_02_01_current] Absolute temperature on the Kelvin scale cannot be below 0 K.

[rank=3 score=24.8597 doc_id=mp_0086] Materials Project reports K (mp-1180991). Band gap: 0.0 eV. Formation energy per atom: 0.118525908249999 eV/atom. Energy above hull: 0.118525908249999 eV/atom. Stable: False.","No, an experiment cannot be performed at -50 K because absolute temperature on the Kelvin scale cannot be below 0 K.",outdated_or_incorrect,,1.0,qwen_judge,"The answer is directly supported by the retrieved context, specifically the second piece of information which states 'Absolute temperature on the Kelvin scale cannot be below 0 K.' This directly supports the claim in the answer that an experiment cannot be performed at -50 K.",303,418,safety_aware
rag_cov_02_03_current,materials,qwen_output,Can an experiment be performed at -50 K?,"[rank=1 score=28.7554 doc_id=h1ctx_0284_cov_02_01_incorrect] A corrupted lab note reports a synthesis temperature of -50 K.

[rank=2 score=25.6358 doc_id=h1ctx_0283_cov_02_01_current] Absolute temperature on the Kelvin scale cannot be below 0 K.

[rank=3 score=24.8597 doc_id=mp_0086] Materials Project reports K (mp-1180991). Band gap: 0.0 eV. Formation energy per atom: 0.118525908249999 eV/atom. Energy above hull: 0.118525908249999 eV/atom. Stable: False.","No, an experiment cannot be performed at -50 K because absolute temperature on the Kelvin scale cannot be below 0 K.",outdated_or_incorrect,,1.0,qwen_judge,"The answer is directly supported by the retrieved context, specifically the second piece of information which states 'Absolute temperature on the Kelvin scale cannot be below 0 K.' This directly supports the claim in the answer that an experiment cannot be performed at -50 K.",303,418,safety_aware
rag_cov_02_03_incorrect,materials,qwen_output,Can an experiment be performed at -50 K?,"[rank=1 score=28.7554 doc_id=h1ctx_0284_cov_02_01_incorrect] A corrupted lab note reports a synthesis temperature of -50 K.

[rank=2 score=25.6358 doc_id=h1ctx_0283_cov_02_01_current] Absolute temperature on the Kelvin scale cannot be below 0 K.

[rank=3 score=24.8597 doc_id=mp_0086] Materials Project reports K (mp-1180991). Band gap: 0.0 eV. Formation energy per atom: 0.118525908249999 eV/atom. Energy above hull: 0.118525908249999 eV/atom. Stable: False.","No, an experiment cannot be performed at -50 K because absolute temperature on the Kelvin scale cannot be below 0 K.",outdated_or_incorrect,,1.0,qwen_judge,"The answer is directly supported by the retrieved context, specifically the second piece of information which states 'Absolute temperature on the Kelvin scale cannot be below 0 K.' This directly supports the claim in the answer that an experiment cannot be performed at -50 K.",303,418,safety_aware
rag_cov_02_04_current,materials,qwen_output,Can an experiment be performed at -50 K?,"[rank=1 score=28.7554 doc_id=h1ctx_0284_cov_02_01_incorrect] A corrupted lab note reports a synthesis temperature of -50 K.

[rank=2 score=25.6358 doc_id=h1ctx_0283_cov_02_01_current] Absolute temperature on the Kelvin scale cannot be below 0 K.

[rank=3 score=24.8597 doc_id=mp_0086] Materials Project reports K (mp-1180991). Band gap: 0.0 eV. Formation energy per atom: 0.118525908249999 eV/atom. Energy above hull: 0.118525908249999 eV/atom. Stable: False.","No, an experiment cannot be performed at -50 K because absolute temperature on the Kelvin scale cannot be below 0 K.",outdated_or_incorrect,,1.0,qwen_judge,"The answer is directly supported by the retrieved context, specifically the second piece of information which states 'Absolute temperature on the Kelvin scale cannot be below 0 K.' This directly supports the claim in the answer that an experiment cannot be performed at -50 K.",303,418,safety_aware
rag_cov_02_04_incorrect,materials,qwen_output,Can an experiment be performed at -50 K?,"[rank=1 score=28.7554 doc_id=h1ctx_0284_cov_02_01_incorrect] A corrupted lab note reports a synthesis temperature of -50 K.

[rank=2 score=25.6358 doc_id=h1ctx_0283_cov_02_01_current] Absolute temperature on the Kelvin scale cannot be below 0 K.

[rank=3 score=24.8597 doc_id=mp_0086] Materials Project reports K (mp-1180991). Band gap: 0.0 eV. Formation energy per atom: 0.118525908249999 eV/atom. Energy above hull: 0.118525908249999 eV/atom. Stable: False.","No, an experiment cannot be performed at -50 K because absolute temperature on the Kelvin scale cannot be below 0 K.",outdated_or_incorrect,,1.0,qwen_judge,"The answer is directly supported by the retrieved context, specifically the second piece of information which states 'Absolute temperature on the Kelvin scale cannot be below 0 K.' This directly supports the claim in the answer that an experiment cannot be performed at -50 K.",303,418,safety_aware
rag_cov_02_05_current,materials,qwen_output,Can an experiment be performed at -50 K?,"[rank=1 score=28.7554 doc_id=h1ctx_0284_cov_02_01_incorrect] A corrupted lab note reports a synthesis temperature of -50 K.

[rank=2 score=25.6358 doc_id=h1ctx_0283_cov_02_01_current] Absolute temperature on the Kelvin scale cannot be below 0 K.

[rank=3 score=24.8597 doc_id=mp_0086] Materials Project reports K (mp-1180991). Band gap: 0.0 eV. Formation energy per atom: 0.118525908249999 eV/atom. Energy above hull: 0.118525908249999 eV/atom. Stable: False.","No, an experiment cannot be performed at -50 K because absolute temperature on the Kelvin scale cannot be below 0 K.",outdated_or_incorrect,,1.0,qwen_judge,"The answer is directly supported by the retrieved context, specifically the second piece of information which states 'Absolute temperature on the Kelvin scale cannot be below 0 K.' This directly supports the claim in the answer that an experiment cannot be performed at -50 K.",303,418,safety_aware
rag_cov_02_05_incorrect,materials,qwen_output,Can an experiment be performed at -50 K?,"[rank=1 score=28.7554 doc_id=h1ctx_0284_cov_02_01_incorrect] A corrupted lab note reports a synthesis temperature of -50 K.

[rank=2 score=25.6358 doc_id=h1ctx_0283_cov_02_01_current] Absolute temperature on the Kelvin scale cannot be below 0 K.

[rank=3 score=24.8597 doc_id=mp_0086] Materials Project reports K (mp-1180991). Band gap: 0.0 eV. Formation energy per atom: 0.118525908249999 eV/atom. Energy above hull: 0.118525908249999 eV/atom. Stable: False.","No, an experiment cannot be performed at -50 K because absolute temperature on the Kelvin scale cannot be below 0 K.",outdated_or_incorrect,,1.0,qwen_judge,"The answer is directly supported by the retrieved context, specifically the second piece of information which states 'Absolute temperature on the Kelvin scale cannot be below 0 K.' This directly supports the claim in the answer that an experiment cannot be performed at -50 K.",303,418,safety_aware
rag_cov_02_06_current,materials,qwen_output,Can an experiment be performed at -50 K?,"[rank=1 score=28.7554 doc_id=h1ctx_0284_cov_02_01_incorrect] A corrupted lab note reports a synthesis temperature of -50 K.

[rank=2 score=25.6358 doc_id=h1ctx_0283_cov_02_01_current] Absolute temperature on the Kelvin scale cannot be below 0 K.

[rank=3 score=24.8597 doc_id=mp_0086] Materials Project reports K (mp-1180991). Band gap: 0.0 eV. Formation energy per atom: 0.118525908249999 eV/atom. Energy above hull: 0.118525908249999 eV/atom. Stable: False.","No, an experiment cannot be performed at -50 K because absolute temperature on the Kelvin scale cannot be below 0 K.",outdated_or_incorrect,,1.0,qwen_judge,"The answer is directly supported by the retrieved context, specifically the second piece of information which states 'Absolute temperature on the Kelvin scale cannot be below 0 K.' This directly supports the claim in the answer that an experiment cannot be performed at -50 K.",303,418,safety_aware
rag_cov_02_06_incorrect,materials,qwen_output,Can an experiment be performed at -50 K?,"[rank=1 score=28.7554 doc_id=h1ctx_0284_cov_02_01_incorrect] A corrupted lab note reports a synthesis temperature of -50 K.

[rank=2 score=25.6358 doc_id=h1ctx_0283_cov_02_01_current] Absolute temperature on the Kelvin scale cannot be below 0 K.

[rank=3 score=24.8597 doc_id=mp_0086] Materials Project reports K (mp-1180991). Band gap: 0.0 eV. Formation energy per atom: 0.118525908249999 eV/atom. Energy above hull: 0.118525908249999 eV/atom. Stable: False.","No, an experiment cannot be performed at -50 K because absolute temperature on the Kelvin scale cannot be below 0 K.",outdated_or_incorrect,,1.0,qwen_judge,"The answer is directly supported by the retrieved context, specifically the second piece of information which states 'Absolute temperature on the Kelvin scale cannot be below 0 K.' This directly supports the claim in the answer that an experiment cannot be performed at -50 K.",303,418,safety_aware
rag_cov_02_07_current,materials,qwen_output,Can an experiment be performed at -50 K?,"[rank=1 score=28.7554 doc_id=h1ctx_0284_cov_02_01_incorrect] A corrupted lab note reports a synthesis temperature of -50 K.

[rank=2 score=25.6358 doc_id=h1ctx_0283_cov_02_01_current] Absolute temperature on the Kelvin scale cannot be below 0 K.

[rank=3 score=24.8597 doc_id=mp_0086] Materials Project reports K (mp-1180991). Band gap: 0.0 eV. Formation energy per atom: 0.118525908249999 eV/atom. Energy above hull: 0.118525908249999 eV/atom. Stable: False.","No, an experiment cannot be performed at -50 K because absolute temperature on the Kelvin scale cannot be below 0 K.",outdated_or_incorrect,,1.0,qwen_judge,"The answer is directly supported by the retrieved context, specifically the second piece of information which states 'Absolute temperature on the Kelvin scale cannot be below 0 K.' This directly supports the claim in the answer that an experiment cannot be performed at -50 K.",303,418,safety_aware
rag_cov_02_07_incorrect,materials,qwen_output,Can an experiment be performed at -50 K?,"[rank=1 score=28.7554 doc_id=h1ctx_0284_cov_02_01_incorrect] A corrupted lab note reports a synthesis temperature of -50 K.

[rank=2 score=25.6358 doc_id=h1ctx_0283_cov_02_01_current] Absolute temperature on the Kelvin scale cannot be below 0 K.

[rank=3 score=24.8597 doc_id=mp_0086] Materials Project reports K (mp-1180991). Band gap: 0.0 eV. Formation energy per atom: 0.118525908249999 eV/atom. Energy above hull: 0.118525908249999 eV/atom. Stable: False.","No, an experiment cannot be performed at -50 K because absolute temperature on the Kelvin scale cannot be below 0 K.",outdated_or_incorrect,,1.0,qwen_judge,"The answer is directly supported by the retrieved context, specifically the second piece of information which states 'Absolute temperature on the Kelvin scale cannot be below 0 K.' This directly supports the claim in the answer that an experiment cannot be performed at -50 K.",303,418,safety_aware
rag_cov_02_08_current,materials,qwen_output,Can an experiment be performed at -50 K?,"[rank=1 score=28.7554 doc_id=h1ctx_0284_cov_02_01_incorrect] A corrupted lab note reports a synthesis temperature of -50 K.

[rank=2 score=25.6358 doc_id=h1ctx_0283_cov_02_01_current] Absolute temperature on the Kelvin scale cannot be below 0 K.

[rank=3 score=24.8597 doc_id=mp_0086] Materials Project reports K (mp-1180991). Band gap: 0.0 eV. Formation energy per atom: 0.118525908249999 eV/atom. Energy above hull: 0.118525908249999 eV/atom. Stable: False.","No, an experiment cannot be performed at -50 K because absolute temperature on the Kelvin scale cannot be below 0 K.",outdated_or_incorrect,,1.0,qwen_judge,"The answer is directly supported by the retrieved context, specifically the second piece of information which states 'Absolute temperature on the Kelvin scale cannot be below 0 K.' This directly supports the claim in the answer that an experiment cannot be performed at -50 K.",303,418,safety_aware
rag_cov_02_08_incorrect,materials,qwen_output,Can an experiment be performed at -50 K?,"[rank=1 score=28.7554 doc_id=h1ctx_0284_cov_02_01_incorrect] A corrupted lab note reports a synthesis temperature of -50 K.

[rank=2 score=25.6358 doc_id=h1ctx_0283_cov_02_01_current] Absolute temperature on the Kelvin scale cannot be below 0 K.

[rank=3 score=24.8597 doc_id=mp_0086] Materials Project reports K (mp-1180991). Band gap: 0.0 eV. Formation energy per atom: 0.118525908249999 eV/atom. Energy above hull: 0.118525908249999 eV/atom. Stable: False.","No, an experiment cannot be performed at -50 K because absolute temperature on the Kelvin scale cannot be below 0 K.",outdated_or_incorrect,,1.0,qwen_judge,"The answer is directly supported by the retrieved context, specifically the second piece of information which states 'Absolute temperature on the Kelvin scale cannot be below 0 K.' This directly supports the claim in the answer that an experiment cannot be performed at -50 K.",303,418,safety_aware
rag_cov_02_09_current,materials,qwen_output,Can an experiment be performed at -50 K?,"[rank=1 score=28.7554 doc_id=h1ctx_0284_cov_02_01_incorrect] A corrupted lab note reports a synthesis temperature of -50 K.

[rank=2 score=25.6358 doc_id=h1ctx_0283_cov_02_01_current] Absolute temperature on the Kelvin scale cannot be below 0 K.

[rank=3 score=24.8597 doc_id=mp_0086] Materials Project reports K (mp-1180991). Band gap: 0.0 eV. Formation energy per atom: 0.118525908249999 eV/atom. Energy above hull: 0.118525908249999 eV/atom. Stable: False.","No, an experiment cannot be performed at -50 K because absolute temperature on the Kelvin scale cannot be below 0 K.",outdated_or_incorrect,,1.0,qwen_judge,"The answer is directly supported by the retrieved context, specifically the second piece of information which states 'Absolute temperature on the Kelvin scale cannot be below 0 K.' This directly supports the claim in the answer that an experiment cannot be performed at -50 K.",303,418,safety_aware
rag_cov_02_09_incorrect,materials,qwen_output,Can an experiment be performed at -50 K?,"[rank=1 score=28.7554 doc_id=h1ctx_0284_cov_02_01_incorrect] A corrupted lab note reports a synthesis temperature of -50 K.

[rank=2 score=25.6358 doc_id=h1ctx_0283_cov_02_01_current] Absolute temperature on the Kelvin scale cannot be below 0 K.

[rank=3 score=24.8597 doc_id=mp_0086] Materials Project reports K (mp-1180991). Band gap: 0.0 eV. Formation energy per atom: 0.118525908249999 eV/atom. Energy above hull: 0.118525908249999 eV/atom. Stable: False.","No, an experiment cannot be performed at -50 K because absolute temperature on the Kelvin scale cannot be below 0 K.",outdated_or_incorrect,,1.0,qwen_judge,"The answer is directly supported by the retrieved context, specifically the second piece of information which states 'Absolute temperature on the Kelvin scale cannot be below 0 K.' This directly supports the claim in the answer that an experiment cannot be performed at -50 K.",303,418,safety_aware
rag_cov_02_10_current,materials,qwen_output,Can an experiment be performed at -50 K?,"[rank=1 score=28.7554 doc_id=h1ctx_0284_cov_02_01_incorrect] A corrupted lab note reports a synthesis temperature of -50 K.

[rank=2 score=25.6358 doc_id=h1ctx_0283_cov_02_01_current] Absolute temperature on the Kelvin scale cannot be below 0 K.

[rank=3 score=24.8597 doc_id=mp_0086] Materials Project reports K (mp-1180991). Band gap: 0.0 eV. Formation energy per atom: 0.118525908249999 eV/atom. Energy above hull: 0.118525908249999 eV/atom. Stable: False.","No, an experiment cannot be performed at -50 K because absolute temperature on the Kelvin scale cannot be below 0 K.",outdated_or_incorrect,,1.0,qwen_judge,"The answer is directly supported by the retrieved context, specifically the second piece of information which states 'Absolute temperature on the Kelvin scale cannot be below 0 K.' This directly supports the claim in the answer that an experiment cannot be performed at -50 K.",303,418,safety_aware
rag_cov_02_10_incorrect,materials,qwen_output,Can an experiment be performed at -50 K?,"[rank=1 score=28.7554 doc_id=h1ctx_0284_cov_02_01_incorrect] A corrupted lab note reports a synthesis temperature of -50 K.

[rank=2 score=25.6358 doc_id=h1ctx_0283_cov_02_01_current] Absolute temperature on the Kelvin scale cannot be below 0 K.

[rank=3 score=24.8597 doc_id=mp_0086] Materials Project reports K (mp-1180991). Band gap: 0.0 eV. Formation energy per atom: 0.118525908249999 eV/atom. Energy above hull: 0.118525908249999 eV/atom. Stable: False.","No, an experiment cannot be performed at -50 K because absolute temperature on the Kelvin scale cannot be below 0 K.",outdated_or_incorrect,,1.0,qwen_judge,"The answer is directly supported by the retrieved context, specifically the second piece of information which states 'Absolute temperature on the Kelvin scale cannot be below 0 K.' This directly supports the claim in the answer that an experiment cannot be performed at -50 K.",303,418,safety_aware
rag_cov_02_11_current,materials,qwen_output,Can an experiment be performed at -50 K?,"[rank=1 score=28.7554 doc_id=h1ctx_0284_cov_02_01_incorrect] A corrupted lab note reports a synthesis temperature of -50 K.

[rank=2 score=25.6358 doc_id=h1ctx_0283_cov_02_01_current] Absolute temperature on the Kelvin scale cannot be below 0 K.

[rank=3 score=24.8597 doc_id=mp_0086] Materials Project reports K (mp-1180991). Band gap: 0.0 eV. Formation energy per atom: 0.118525908249999 eV/atom. Energy above hull: 0.118525908249999 eV/atom. Stable: False.","No, an experiment cannot be performed at -50 K because absolute temperature on the Kelvin scale cannot be below 0 K.",outdated_or_incorrect,,1.0,qwen_judge,"The answer is directly supported by the retrieved context, specifically the second piece of information which states 'Absolute temperature on the Kelvin scale cannot be below 0 K.' This directly supports the claim in the answer that an experiment cannot be performed at -50 K.",303,418,safety_aware
rag_cov_02_11_incorrect,materials,qwen_output,Can an experiment be performed at -50 K?,"[rank=1 score=28.7554 doc_id=h1ctx_0284_cov_02_01_incorrect] A corrupted lab note reports a synthesis temperature of -50 K.

[rank=2 score=25.6358 doc_id=h1ctx_0283_cov_02_01_current] Absolute temperature on the Kelvin scale cannot be below 0 K.

[rank=3 score=24.8597 doc_id=mp_0086] Materials Project reports K (mp-1180991). Band gap: 0.0 eV. Formation energy per atom: 0.118525908249999 eV/atom. Energy above hull: 0.118525908249999 eV/atom. Stable: False.","No, an experiment cannot be performed at -50 K because absolute temperature on the Kelvin scale cannot be below 0 K.",outdated_or_incorrect,,1.0,qwen_judge,"The answer is directly supported by the retrieved context, specifically the second piece of information which states 'Absolute temperature on the Kelvin scale cannot be below 0 K.' This directly supports the claim in the answer that an experiment cannot be performed at -50 K.",303,418,safety_aware
rag_cov_02_12_current,materials,qwen_output,Can an experiment be performed at -50 K?,"[rank=1 score=28.7554 doc_id=h1ctx_0284_cov_02_01_incorrect] A corrupted lab note reports a synthesis temperature of -50 K.

[rank=2 score=25.6358 doc_id=h1ctx_0283_cov_02_01_current] Absolute temperature on the Kelvin scale cannot be below 0 K.

[rank=3 score=24.8597 doc_id=mp_0086] Materials Project reports K (mp-1180991). Band gap: 0.0 eV. Formation energy per atom: 0.118525908249999 eV/atom. Energy above hull: 0.118525908249999 eV/atom. Stable: False.","No, an experiment cannot be performed at -50 K because absolute temperature on the Kelvin scale cannot be below 0 K.",outdated_or_incorrect,,1.0,qwen_judge,"The answer is directly supported by the retrieved context, specifically the second piece of information which states 'Absolute temperature on the Kelvin scale cannot be below 0 K.' This directly supports the claim in the answer that an experiment cannot be performed at -50 K.",303,418,safety_aware
rag_cov_02_12_incorrect,materials,qwen_output,Can an experiment be performed at -50 K?,"[rank=1 score=28.7554 doc_id=h1ctx_0284_cov_02_01_incorrect] A corrupted lab note reports a synthesis temperature of -50 K.

[rank=2 score=25.6358 doc_id=h1ctx_0283_cov_02_01_current] Absolute temperature on the Kelvin scale cannot be below 0 K.

[rank=3 score=24.8597 doc_id=mp_0086] Materials Project reports K (mp-1180991). Band gap: 0.0 eV. Formation energy per atom: 0.118525908249999 eV/atom. Energy above hull: 0.118525908249999 eV/atom. Stable: False.","No, an experiment cannot be performed at -50 K because absolute temperature on the Kelvin scale cannot be below 0 K.",outdated_or_incorrect,,1.0,qwen_judge,"The answer is directly supported by the retrieved context, specifically the second piece of information which states 'Absolute temperature on the Kelvin scale cannot be below 0 K.' This directly supports the claim in the answer that an experiment cannot be performed at -50 K.",303,418,safety_aware
rag_cov_02_13_current,materials,qwen_output,Can an experiment be performed at -50 K?,"[rank=1 score=28.7554 doc_id=h1ctx_0284_cov_02_01_incorrect] A corrupted lab note reports a synthesis temperature of -50 K.

[rank=2 score=25.6358 doc_id=h1ctx_0283_cov_02_01_current] Absolute temperature on the Kelvin scale cannot be below 0 K.

[rank=3 score=24.8597 doc_id=mp_0086] Materials Project reports K (mp-1180991). Band gap: 0.0 eV. Formation energy per atom: 0.118525908249999 eV/atom. Energy above hull: 0.118525908249999 eV/atom. Stable: False.","No, an experiment cannot be performed at -50 K because absolute temperature on the Kelvin scale cannot be below 0 K.",outdated_or_incorrect,,1.0,qwen_judge,"The answer is directly supported by the retrieved context, specifically the second piece of information which states 'Absolute temperature on the Kelvin scale cannot be below 0 K.' This directly supports the claim in the answer that an experiment cannot be performed at -50 K.",303,418,safety_aware
rag_cov_02_13_incorrect,materials,qwen_output,Can an experiment be performed at -50 K?,"[rank=1 score=28.7554 doc_id=h1ctx_0284_cov_02_01_incorrect] A corrupted lab note reports a synthesis temperature of -50 K.

[rank=2 score=25.6358 doc_id=h1ctx_0283_cov_02_01_current] Absolute temperature on the Kelvin scale cannot be below 0 K.

[rank=3 score=24.8597 doc_id=mp_0086] Materials Project reports K (mp-1180991). Band gap: 0.0 eV. Formation energy per atom: 0.118525908249999 eV/atom. Energy above hull: 0.118525908249999 eV/atom. Stable: False.","No, an experiment cannot be performed at -50 K because absolute temperature on the Kelvin scale cannot be below 0 K.",outdated_or_incorrect,,1.0,qwen_judge,"The answer is directly supported by the retrieved context, specifically the second piece of information which states 'Absolute temperature on the Kelvin scale cannot be below 0 K.' This directly supports the claim in the answer that an experiment cannot be performed at -50 K.",303,418,safety_aware
rag_cov_02_14_current,materials,qwen_output,Can an experiment be performed at -50 K?,"[rank=1 score=28.7554 doc_id=h1ctx_0284_cov_02_01_incorrect] A corrupted lab note reports a synthesis temperature of -50 K.

[rank=2 score=25.6358 doc_id=h1ctx_0283_cov_02_01_current] Absolute temperature on the Kelvin scale cannot be below 0 K.

[rank=3 score=24.8597 doc_id=mp_0086] Materials Project reports K (mp-1180991). Band gap: 0.0 eV. Formation energy per atom: 0.118525908249999 eV/atom. Energy above hull: 0.118525908249999 eV/atom. Stable: False.","No, an experiment cannot be performed at -50 K because absolute temperature on the Kelvin scale cannot be below 0 K.",outdated_or_incorrect,,1.0,qwen_judge,"The answer is directly supported by the retrieved context, specifically the second piece of information which states 'Absolute temperature on the Kelvin scale cannot be below 0 K.' This directly supports the claim in the answer that an experiment cannot be performed at -50 K.",303,418,safety_aware
rag_cov_02_14_incorrect,materials,qwen_output,Can an experiment be performed at -50 K?,"[rank=1 score=28.7554 doc_id=h1ctx_0284_cov_02_01_incorrect] A corrupted lab note reports a synthesis temperature of -50 K.

[rank=2 score=25.6358 doc_id=h1ctx_0283_cov_02_01_current] Absolute temperature on the Kelvin scale cannot be below 0 K.

[rank=3 score=24.8597 doc_id=mp_0086] Materials Project reports K (mp-1180991). Band gap: 0.0 eV. Formation energy per atom: 0.118525908249999 eV/atom. Energy above hull: 0.118525908249999 eV/atom. Stable: False.","No, an experiment cannot be performed at -50 K because absolute temperature on the Kelvin scale cannot be below 0 K.",outdated_or_incorrect,,1.0,qwen_judge,"The answer is directly supported by the retrieved context, specifically the second piece of information which states 'Absolute temperature on the Kelvin scale cannot be below 0 K.' This directly supports the claim in the answer that an experiment cannot be performed at -50 K.",303,418,safety_aware
rag_cov_02_15_current,materials,qwen_output,Can an experiment be performed at -50 K?,"[rank=1 score=28.7554 doc_id=h1ctx_0284_cov_02_01_incorrect] A corrupted lab note reports a synthesis temperature of -50 K.

[rank=2 score=25.6358 doc_id=h1ctx_0283_cov_02_01_current] Absolute temperature on the Kelvin scale cannot be below 0 K.

[rank=3 score=24.8597 doc_id=mp_0086] Materials Project reports K (mp-1180991). Band gap: 0.0 eV. Formation energy per atom: 0.118525908249999 eV/atom. Energy above hull: 0.118525908249999 eV/atom. Stable: False.","No, an experiment cannot be performed at -50 K because absolute temperature on the Kelvin scale cannot be below 0 K.",outdated_or_incorrect,,1.0,qwen_judge,"The answer is directly supported by the retrieved context, specifically the second piece of information which states 'Absolute temperature on the Kelvin scale cannot be below 0 K.' This directly supports the claim in the answer that an experiment cannot be performed at -50 K.",303,418,safety_aware
rag_cov_02_15_incorrect,materials,qwen_output,Can an experiment be performed at -50 K?,"[rank=1 score=28.7554 doc_id=h1ctx_0284_cov_02_01_incorrect] A corrupted lab note reports a synthesis temperature of -50 K.

[rank=2 score=25.6358 doc_id=h1ctx_0283_cov_02_01_current] Absolute temperature on the Kelvin scale cannot be below 0 K.

[rank=3 score=24.8597 doc_id=mp_0086] Materials Project reports K (mp-1180991). Band gap: 0.0 eV. Formation energy per atom: 0.118525908249999 eV/atom. Energy above hull: 0.118525908249999 eV/atom. Stable: False.","No, an experiment cannot be performed at -50 K because absolute temperature on the Kelvin scale cannot be below 0 K.",outdated_or_incorrect,,1.0,qwen_judge,"The answer is directly supported by the retrieved context, specifically the second piece of information which states 'Absolute temperature on the Kelvin scale cannot be below 0 K.' This directly supports the claim in the answer that an experiment cannot be performed at -50 K.",303,418,safety_aware
rag_cov_03_01_current,materials,qwen_output,Is a pressure of -2 GPa physically valid in a standard pressure report?,"[rank=1 score=47.3585 doc_id=h1ctx_0313_cov_03_01_current] Standard pressure reports should not use negative pressure unless a stress sign convention is explicitly defined.

[rank=2 score=45.2006 doc_id=h1ctx_0314_cov_03_01_incorrect] A noisy measurement table reports the pressure as -2 GPa.

[rank=3 score=12.8364 doc_id=arxiv_0011] Stability Analysis of Superconductivity in $\textit{P6/mmm}$-LaSc$_2$H$_{24}$ and its Experimental Reproducibility from La-Sc Alloys. In this work, we analyze the feasibility of room-temperature superconductivity in the lanthanum-scandium hydride $\textit{P6/mmm}$-LaSc$_2$H$_{24}$. We demonstrate that the electron-phonon coupling calculations performed using the $σ$-broadening of the double $δ$-function at the Fermi surface lead to a very strong dependence of $\textit{T$_c$}(σ)$ on the arbitrary $σ$, whereas the tetrahedral method for the electron-phonon interaction is free from this drawback and leads to $\textit{T$_c$}$ > 300 K at 300 GPa in agreement with previous predictions. By analyzing the stability of the metallic state of LaSc$_2$H$_{24}$ at 250-300 GPa, we show that this compound is at the edge of the stability region ($ξ$ = 0.54), similar to $\textit{fcc}$ LaH$_{10}$ at 140-150 GPa. Experimental attempts to synthesize LaSc$_2$H$_{24}$ at 250-280 GPa starting from the (La,Sc$_2$) alloy are unsuccessful and indicate the absence of even traces of superconductivity at 245-300 K in all the resulting La-Sc-H hydrides. The method for preparing the precursor by simultaneous deposition of La and Sc metals may be a key factor for the successful synthesis of LaSc$_2$H$_{24}$.",A pressure of -2 GPa is not physically valid in a standard pressure report unless a stress sign convention is explicitly defined.,current,,1.0,qwen_judge,"The answer is directly supported by the retrieved context, specifically the first piece of information which states: 'Standard pressure reports should not use negative pressure unless a stress sign convention is explicitly defined.' This matches exactly with the provided answer.",613,721,safety_aware
rag_cov_03_01_incorrect,materials,qwen_output,Is a pressure of -2 GPa physically valid in a standard pressure report?,"[rank=1 score=47.3585 doc_id=h1ctx_0313_cov_03_01_current] Standard pressure reports should not use negative pressure unless a stress sign convention is explicitly defined.

[rank=2 score=45.2006 doc_id=h1ctx_0314_cov_03_01_incorrect] A noisy measurement table reports the pressure as -2 GPa.

[rank=3 score=12.8364 doc_id=arxiv_0011] Stability Analysis of Superconductivity in $\textit{P6/mmm}$-LaSc$_2$H$_{24}$ and its Experimental Reproducibility from La-Sc Alloys. In this work, we analyze the feasibility of room-temperature superconductivity in the lanthanum-scandium hydride $\textit{P6/mmm}$-LaSc$_2$H$_{24}$. We demonstrate that the electron-phonon coupling calculations performed using the $σ$-broadening of the double $δ$-function at the Fermi surface lead to a very strong dependence of $\textit{T$_c$}(σ)$ on the arbitrary $σ$, whereas the tetrahedral method for the electron-phonon interaction is free from this drawback and leads to $\textit{T$_c$}$ > 300 K at 300 GPa in agreement with previous predictions. By analyzing the stability of the metallic state of LaSc$_2$H$_{24}$ at 250-300 GPa, we show that this compound is at the edge of the stability region ($ξ$ = 0.54), similar to $\textit{fcc}$ LaH$_{10}$ at 140-150 GPa. Experimental attempts to synthesize LaSc$_2$H$_{24}$ at 250-280 GPa starting from the (La,Sc$_2$) alloy are unsuccessful and indicate the absence of even traces of superconductivity at 245-300 K in all the resulting La-Sc-H hydrides. The method for preparing the precursor by simultaneous deposition of La and Sc metals may be a key factor for the successful synthesis of LaSc$_2$H$_{24}$.",A pressure of -2 GPa is not physically valid in a standard pressure report unless a stress sign convention is explicitly defined.,current,,1.0,qwen_judge,"The answer is directly supported by the retrieved context, specifically the first piece of information which states: 'Standard pressure reports should not use negative pressure unless a stress sign convention is explicitly defined.' This matches exactly with the provided answer.",613,721,safety_aware
rag_cov_03_02_current,materials,qwen_output,Is a pressure of -2 GPa physically valid in a standard pressure report?,"[rank=1 score=47.3585 doc_id=h1ctx_0313_cov_03_01_current] Standard pressure reports should not use negative pressure unless a stress sign convention is explicitly defined.

[rank=2 score=45.2006 doc_id=h1ctx_0314_cov_03_01_incorrect] A noisy measurement table reports the pressure as -2 GPa.

[rank=3 score=12.8364 doc_id=arxiv_0011] Stability Analysis of Superconductivity in $\textit{P6/mmm}$-LaSc$_2$H$_{24}$ and its Experimental Reproducibility from La-Sc Alloys. In this work, we analyze the feasibility of room-temperature superconductivity in the lanthanum-scandium hydride $\textit{P6/mmm}$-LaSc$_2$H$_{24}$. We demonstrate that the electron-phonon coupling calculations performed using the $σ$-broadening of the double $δ$-function at the Fermi surface lead to a very strong dependence of $\textit{T$_c$}(σ)$ on the arbitrary $σ$, whereas the tetrahedral method for the electron-phonon interaction is free from this drawback and leads to $\textit{T$_c$}$ > 300 K at 300 GPa in agreement with previous predictions. By analyzing the stability of the metallic state of LaSc$_2$H$_{24}$ at 250-300 GPa, we show that this compound is at the edge of the stability region ($ξ$ = 0.54), similar to $\textit{fcc}$ LaH$_{10}$ at 140-150 GPa. Experimental attempts to synthesize LaSc$_2$H$_{24}$ at 250-280 GPa starting from the (La,Sc$_2$) alloy are unsuccessful and indicate the absence of even traces of superconductivity at 245-300 K in all the resulting La-Sc-H hydrides. The method for preparing the precursor by simultaneous deposition of La and Sc metals may be a key factor for the successful synthesis of LaSc$_2$H$_{24}$.",A pressure of -2 GPa is not physically valid in a standard pressure report unless a stress sign convention is explicitly defined.,current,,1.0,qwen_judge,"The answer is directly supported by the retrieved context, specifically the first piece of information which states: 'Standard pressure reports should not use negative pressure unless a stress sign convention is explicitly defined.' This matches exactly with the provided answer.",613,721,safety_aware
rag_cov_03_02_incorrect,materials,qwen_output,Is a pressure of -2 GPa physically valid in a standard pressure report?,"[rank=1 score=47.3585 doc_id=h1ctx_0313_cov_03_01_current] Standard pressure reports should not use negative pressure unless a stress sign convention is explicitly defined.

[rank=2 score=45.2006 doc_id=h1ctx_0314_cov_03_01_incorrect] A noisy measurement table reports the pressure as -2 GPa.

[rank=3 score=12.8364 doc_id=arxiv_0011] Stability Analysis of Superconductivity in $\textit{P6/mmm}$-LaSc$_2$H$_{24}$ and its Experimental Reproducibility from La-Sc Alloys. In this work, we analyze the feasibility of room-temperature superconductivity in the lanthanum-scandium hydride $\textit{P6/mmm}$-LaSc$_2$H$_{24}$. We demonstrate that the electron-phonon coupling calculations performed using the $σ$-broadening of the double $δ$-function at the Fermi surface lead to a very strong dependence of $\textit{T$_c$}(σ)$ on the arbitrary $σ$, whereas the tetrahedral method for the electron-phonon interaction is free from this drawback and leads to $\textit{T$_c$}$ > 300 K at 300 GPa in agreement with previous predictions. By analyzing the stability of the metallic state of LaSc$_2$H$_{24}$ at 250-300 GPa, we show that this compound is at the edge of the stability region ($ξ$ = 0.54), similar to $\textit{fcc}$ LaH$_{10}$ at 140-150 GPa. Experimental attempts to synthesize LaSc$_2$H$_{24}$ at 250-280 GPa starting from the (La,Sc$_2$) alloy are unsuccessful and indicate the absence of even traces of superconductivity at 245-300 K in all the resulting La-Sc-H hydrides. The method for preparing the precursor by simultaneous deposition of La and Sc metals may be a key factor for the successful synthesis of LaSc$_2$H$_{24}$.",A pressure of -2 GPa is not physically valid in a standard pressure report unless a stress sign convention is explicitly defined.,current,,1.0,qwen_judge,"The answer is directly supported by the retrieved context, specifically the first piece of information which states: 'Standard pressure reports should not use negative pressure unless a stress sign convention is explicitly defined.' This matches exactly with the provided answer.",613,721,safety_aware
rag_cov_03_03_current,materials,qwen_output,Is a pressure of -2 GPa physically valid in a standard pressure report?,"[rank=1 score=47.3585 doc_id=h1ctx_0313_cov_03_01_current] Standard pressure reports should not use negative pressure unless a stress sign convention is explicitly defined.

[rank=2 score=45.2006 doc_id=h1ctx_0314_cov_03_01_incorrect] A noisy measurement table reports the pressure as -2 GPa.

[rank=3 score=12.8364 doc_id=arxiv_0011] Stability Analysis of Superconductivity in $\textit{P6/mmm}$-LaSc$_2$H$_{24}$ and its Experimental Reproducibility from La-Sc Alloys. In this work, we analyze the feasibility of room-temperature superconductivity in the lanthanum-scandium hydride $\textit{P6/mmm}$-LaSc$_2$H$_{24}$. We demonstrate that the electron-phonon coupling calculations performed using the $σ$-broadening of the double $δ$-function at the Fermi surface lead to a very strong dependence of $\textit{T$_c$}(σ)$ on the arbitrary $σ$, whereas the tetrahedral method for the electron-phonon interaction is free from this drawback and leads to $\textit{T$_c$}$ > 300 K at 300 GPa in agreement with previous predictions. By analyzing the stability of the metallic state of LaSc$_2$H$_{24}$ at 250-300 GPa, we show that this compound is at the edge of the stability region ($ξ$ = 0.54), similar to $\textit{fcc}$ LaH$_{10}$ at 140-150 GPa. Experimental attempts to synthesize LaSc$_2$H$_{24}$ at 250-280 GPa starting from the (La,Sc$_2$) alloy are unsuccessful and indicate the absence of even traces of superconductivity at 245-300 K in all the resulting La-Sc-H hydrides. The method for preparing the precursor by simultaneous deposition of La and Sc metals may be a key factor for the successful synthesis of LaSc$_2$H$_{24}$.",A pressure of -2 GPa is not physically valid in a standard pressure report unless a stress sign convention is explicitly defined.,current,,1.0,qwen_judge,"The answer is directly supported by the retrieved context, specifically the first piece of information which states: 'Standard pressure reports should not use negative pressure unless a stress sign convention is explicitly defined.' This matches exactly with the provided answer.",613,721,safety_aware
rag_cov_03_03_incorrect,materials,qwen_output,Is a pressure of -2 GPa physically valid in a standard pressure report?,"[rank=1 score=47.3585 doc_id=h1ctx_0313_cov_03_01_current] Standard pressure reports should not use negative pressure unless a stress sign convention is explicitly defined.

[rank=2 score=45.2006 doc_id=h1ctx_0314_cov_03_01_incorrect] A noisy measurement table reports the pressure as -2 GPa.

[rank=3 score=12.8364 doc_id=arxiv_0011] Stability Analysis of Superconductivity in $\textit{P6/mmm}$-LaSc$_2$H$_{24}$ and its Experimental Reproducibility from La-Sc Alloys. In this work, we analyze the feasibility of room-temperature superconductivity in the lanthanum-scandium hydride $\textit{P6/mmm}$-LaSc$_2$H$_{24}$. We demonstrate that the electron-phonon coupling calculations performed using the $σ$-broadening of the double $δ$-function at the Fermi surface lead to a very strong dependence of $\textit{T$_c$}(σ)$ on the arbitrary $σ$, whereas the tetrahedral method for the electron-phonon interaction is free from this drawback and leads to $\textit{T$_c$}$ > 300 K at 300 GPa in agreement with previous predictions. By analyzing the stability of the metallic state of LaSc$_2$H$_{24}$ at 250-300 GPa, we show that this compound is at the edge of the stability region ($ξ$ = 0.54), similar to $\textit{fcc}$ LaH$_{10}$ at 140-150 GPa. Experimental attempts to synthesize LaSc$_2$H$_{24}$ at 250-280 GPa starting from the (La,Sc$_2$) alloy are unsuccessful and indicate the absence of even traces of superconductivity at 245-300 K in all the resulting La-Sc-H hydrides. The method for preparing the precursor by simultaneous deposition of La and Sc metals may be a key factor for the successful synthesis of LaSc$_2$H$_{24}$.",A pressure of -2 GPa is not physically valid in a standard pressure report unless a stress sign convention is explicitly defined.,current,,1.0,qwen_judge,"The answer is directly supported by the retrieved context, specifically the first piece of information which states: 'Standard pressure reports should not use negative pressure unless a stress sign convention is explicitly defined.' This matches exactly with the provided answer.",613,721,safety_aware
rag_cov_03_04_current,materials,qwen_output,Is a pressure of -2 GPa physically valid in a standard pressure report?,"[rank=1 score=47.3585 doc_id=h1ctx_0313_cov_03_01_current] Standard pressure reports should not use negative pressure unless a stress sign convention is explicitly defined.

[rank=2 score=45.2006 doc_id=h1ctx_0314_cov_03_01_incorrect] A noisy measurement table reports the pressure as -2 GPa.

[rank=3 score=12.8364 doc_id=arxiv_0011] Stability Analysis of Superconductivity in $\textit{P6/mmm}$-LaSc$_2$H$_{24}$ and its Experimental Reproducibility from La-Sc Alloys. In this work, we analyze the feasibility of room-temperature superconductivity in the lanthanum-scandium hydride $\textit{P6/mmm}$-LaSc$_2$H$_{24}$. We demonstrate that the electron-phonon coupling calculations performed using the $σ$-broadening of the double $δ$-function at the Fermi surface lead to a very strong dependence of $\textit{T$_c$}(σ)$ on the arbitrary $σ$, whereas the tetrahedral method for the electron-phonon interaction is free from this drawback and leads to $\textit{T$_c$}$ > 300 K at 300 GPa in agreement with previous predictions. By analyzing the stability of the metallic state of LaSc$_2$H$_{24}$ at 250-300 GPa, we show that this compound is at the edge of the stability region ($ξ$ = 0.54), similar to $\textit{fcc}$ LaH$_{10}$ at 140-150 GPa. Experimental attempts to synthesize LaSc$_2$H$_{24}$ at 250-280 GPa starting from the (La,Sc$_2$) alloy are unsuccessful and indicate the absence of even traces of superconductivity at 245-300 K in all the resulting La-Sc-H hydrides. The method for preparing the precursor by simultaneous deposition of La and Sc metals may be a key factor for the successful synthesis of LaSc$_2$H$_{24}$.",A pressure of -2 GPa is not physically valid in a standard pressure report unless a stress sign convention is explicitly defined.,current,,1.0,qwen_judge,"The answer is directly supported by the retrieved context, specifically the first piece of information which states: 'Standard pressure reports should not use negative pressure unless a stress sign convention is explicitly defined.' This matches exactly with the provided answer.",613,721,safety_aware
rag_cov_03_04_incorrect,materials,qwen_output,Is a pressure of -2 GPa physically valid in a standard pressure report?,"[rank=1 score=47.3585 doc_id=h1ctx_0313_cov_03_01_current] Standard pressure reports should not use negative pressure unless a stress sign convention is explicitly defined.

[rank=2 score=45.2006 doc_id=h1ctx_0314_cov_03_01_incorrect] A noisy measurement table reports the pressure as -2 GPa.

[rank=3 score=12.8364 doc_id=arxiv_0011] Stability Analysis of Superconductivity in $\textit{P6/mmm}$-LaSc$_2$H$_{24}$ and its Experimental Reproducibility from La-Sc Alloys. In this work, we analyze the feasibility of room-temperature superconductivity in the lanthanum-scandium hydride $\textit{P6/mmm}$-LaSc$_2$H$_{24}$. We demonstrate that the electron-phonon coupling calculations performed using the $σ$-broadening of the double $δ$-function at the Fermi surface lead to a very strong dependence of $\textit{T$_c$}(σ)$ on the arbitrary $σ$, whereas the tetrahedral method for the electron-phonon interaction is free from this drawback and leads to $\textit{T$_c$}$ > 300 K at 300 GPa in agreement with previous predictions. By analyzing the stability of the metallic state of LaSc$_2$H$_{24}$ at 250-300 GPa, we show that this compound is at the edge of the stability region ($ξ$ = 0.54), similar to $\textit{fcc}$ LaH$_{10}$ at 140-150 GPa. Experimental attempts to synthesize LaSc$_2$H$_{24}$ at 250-280 GPa starting from the (La,Sc$_2$) alloy are unsuccessful and indicate the absence of even traces of superconductivity at 245-300 K in all the resulting La-Sc-H hydrides. The method for preparing the precursor by simultaneous deposition of La and Sc metals may be a key factor for the successful synthesis of LaSc$_2$H$_{24}$.",A pressure of -2 GPa is not physically valid in a standard pressure report unless a stress sign convention is explicitly defined.,current,,1.0,qwen_judge,"The answer is directly supported by the retrieved context, specifically the first piece of information which states: 'Standard pressure reports should not use negative pressure unless a stress sign convention is explicitly defined.' This matches exactly with the provided answer.",613,721,safety_aware
rag_cov_03_05_current,materials,qwen_output,Is a pressure of -2 GPa physically valid in a standard pressure report?,"[rank=1 score=47.3585 doc_id=h1ctx_0313_cov_03_01_current] Standard pressure reports should not use negative pressure unless a stress sign convention is explicitly defined.

[rank=2 score=45.2006 doc_id=h1ctx_0314_cov_03_01_incorrect] A noisy measurement table reports the pressure as -2 GPa.

[rank=3 score=12.8364 doc_id=arxiv_0011] Stability Analysis of Superconductivity in $\textit{P6/mmm}$-LaSc$_2$H$_{24}$ and its Experimental Reproducibility from La-Sc Alloys. In this work, we analyze the feasibility of room-temperature superconductivity in the lanthanum-scandium hydride $\textit{P6/mmm}$-LaSc$_2$H$_{24}$. We demonstrate that the electron-phonon coupling calculations performed using the $σ$-broadening of the double $δ$-function at the Fermi surface lead to a very strong dependence of $\textit{T$_c$}(σ)$ on the arbitrary $σ$, whereas the tetrahedral method for the electron-phonon interaction is free from this drawback and leads to $\textit{T$_c$}$ > 300 K at 300 GPa in agreement with previous predictions. By analyzing the stability of the metallic state of LaSc$_2$H$_{24}$ at 250-300 GPa, we show that this compound is at the edge of the stability region ($ξ$ = 0.54), similar to $\textit{fcc}$ LaH$_{10}$ at 140-150 GPa. Experimental attempts to synthesize LaSc$_2$H$_{24}$ at 250-280 GPa starting from the (La,Sc$_2$) alloy are unsuccessful and indicate the absence of even traces of superconductivity at 245-300 K in all the resulting La-Sc-H hydrides. The method for preparing the precursor by simultaneous deposition of La and Sc metals may be a key factor for the successful synthesis of LaSc$_2$H$_{24}$.",A pressure of -2 GPa is not physically valid in a standard pressure report unless a stress sign convention is explicitly defined.,current,,1.0,qwen_judge,"The answer is directly supported by the retrieved context, specifically the first piece of information which states: 'Standard pressure reports should not use negative pressure unless a stress sign convention is explicitly defined.' This matches exactly with the provided answer.",613,721,safety_aware
rag_cov_03_05_incorrect,materials,qwen_output,Is a pressure of -2 GPa physically valid in a standard pressure report?,"[rank=1 score=47.3585 doc_id=h1ctx_0313_cov_03_01_current] Standard pressure reports should not use negative pressure unless a stress sign convention is explicitly defined.

[rank=2 score=45.2006 doc_id=h1ctx_0314_cov_03_01_incorrect] A noisy measurement table reports the pressure as -2 GPa.

[rank=3 score=12.8364 doc_id=arxiv_0011] Stability Analysis of Superconductivity in $\textit{P6/mmm}$-LaSc$_2$H$_{24}$ and its Experimental Reproducibility from La-Sc Alloys. In this work, we analyze the feasibility of room-temperature superconductivity in the lanthanum-scandium hydride $\textit{P6/mmm}$-LaSc$_2$H$_{24}$. We demonstrate that the electron-phonon coupling calculations performed using the $σ$-broadening of the double $δ$-function at the Fermi surface lead to a very strong dependence of $\textit{T$_c$}(σ)$ on the arbitrary $σ$, whereas the tetrahedral method for the electron-phonon interaction is free from this drawback and leads to $\textit{T$_c$}$ > 300 K at 300 GPa in agreement with previous predictions. By analyzing the stability of the metallic state of LaSc$_2$H$_{24}$ at 250-300 GPa, we show that this compound is at the edge of the stability region ($ξ$ = 0.54), similar to $\textit{fcc}$ LaH$_{10}$ at 140-150 GPa. Experimental attempts to synthesize LaSc$_2$H$_{24}$ at 250-280 GPa starting from the (La,Sc$_2$) alloy are unsuccessful and indicate the absence of even traces of superconductivity at 245-300 K in all the resulting La-Sc-H hydrides. The method for preparing the precursor by simultaneous deposition of La and Sc metals may be a key factor for the successful synthesis of LaSc$_2$H$_{24}$.",A pressure of -2 GPa is not physically valid in a standard pressure report unless a stress sign convention is explicitly defined.,current,,1.0,qwen_judge,"The answer is directly supported by the retrieved context, specifically the first piece of information which states: 'Standard pressure reports should not use negative pressure unless a stress sign convention is explicitly defined.' This matches exactly with the provided answer.",613,721,safety_aware
rag_cov_03_06_current,materials,qwen_output,Is a pressure of -2 GPa physically valid in a standard pressure report?,"[rank=1 score=47.3585 doc_id=h1ctx_0313_cov_03_01_current] Standard pressure reports should not use negative pressure unless a stress sign convention is explicitly defined.

[rank=2 score=45.2006 doc_id=h1ctx_0314_cov_03_01_incorrect] A noisy measurement table reports the pressure as -2 GPa.

[rank=3 score=12.8364 doc_id=arxiv_0011] Stability Analysis of Superconductivity in $\textit{P6/mmm}$-LaSc$_2$H$_{24}$ and its Experimental Reproducibility from La-Sc Alloys. In this work, we analyze the feasibility of room-temperature superconductivity in the lanthanum-scandium hydride $\textit{P6/mmm}$-LaSc$_2$H$_{24}$. We demonstrate that the electron-phonon coupling calculations performed using the $σ$-broadening of the double $δ$-function at the Fermi surface lead to a very strong dependence of $\textit{T$_c$}(σ)$ on the arbitrary $σ$, whereas the tetrahedral method for the electron-phonon interaction is free from this drawback and leads to $\textit{T$_c$}$ > 300 K at 300 GPa in agreement with previous predictions. By analyzing the stability of the metallic state of LaSc$_2$H$_{24}$ at 250-300 GPa, we show that this compound is at the edge of the stability region ($ξ$ = 0.54), similar to $\textit{fcc}$ LaH$_{10}$ at 140-150 GPa. Experimental attempts to synthesize LaSc$_2$H$_{24}$ at 250-280 GPa starting from the (La,Sc$_2$) alloy are unsuccessful and indicate the absence of even traces of superconductivity at 245-300 K in all the resulting La-Sc-H hydrides. The method for preparing the precursor by simultaneous deposition of La and Sc metals may be a key factor for the successful synthesis of LaSc$_2$H$_{24}$.",A pressure of -2 GPa is not physically valid in a standard pressure report unless a stress sign convention is explicitly defined.,current,,1.0,qwen_judge,"The answer is directly supported by the retrieved context, specifically the first piece of information which states: 'Standard pressure reports should not use negative pressure unless a stress sign convention is explicitly defined.' This matches exactly with the provided answer.",613,721,safety_aware
rag_cov_03_06_incorrect,materials,qwen_output,Is a pressure of -2 GPa physically valid in a standard pressure report?,"[rank=1 score=47.3585 doc_id=h1ctx_0313_cov_03_01_current] Standard pressure reports should not use negative pressure unless a stress sign convention is explicitly defined.

[rank=2 score=45.2006 doc_id=h1ctx_0314_cov_03_01_incorrect] A noisy measurement table reports the pressure as -2 GPa.

[rank=3 score=12.8364 doc_id=arxiv_0011] Stability Analysis of Superconductivity in $\textit{P6/mmm}$-LaSc$_2$H$_{24}$ and its Experimental Reproducibility from La-Sc Alloys. In this work, we analyze the feasibility of room-temperature superconductivity in the lanthanum-scandium hydride $\textit{P6/mmm}$-LaSc$_2$H$_{24}$. We demonstrate that the electron-phonon coupling calculations performed using the $σ$-broadening of the double $δ$-function at the Fermi surface lead to a very strong dependence of $\textit{T$_c$}(σ)$ on the arbitrary $σ$, whereas the tetrahedral method for the electron-phonon interaction is free from this drawback and leads to $\textit{T$_c$}$ > 300 K at 300 GPa in agreement with previous predictions. By analyzing the stability of the metallic state of LaSc$_2$H$_{24}$ at 250-300 GPa, we show that this compound is at the edge of the stability region ($ξ$ = 0.54), similar to $\textit{fcc}$ LaH$_{10}$ at 140-150 GPa. Experimental attempts to synthesize LaSc$_2$H$_{24}$ at 250-280 GPa starting from the (La,Sc$_2$) alloy are unsuccessful and indicate the absence of even traces of superconductivity at 245-300 K in all the resulting La-Sc-H hydrides. The method for preparing the precursor by simultaneous deposition of La and Sc metals may be a key factor for the successful synthesis of LaSc$_2$H$_{24}$.",A pressure of -2 GPa is not physically valid in a standard pressure report unless a stress sign convention is explicitly defined.,current,,1.0,qwen_judge,"The answer is directly supported by the retrieved context, specifically the first piece of information which states: 'Standard pressure reports should not use negative pressure unless a stress sign convention is explicitly defined.' This matches exactly with the provided answer.",613,721,safety_aware
rag_cov_03_07_current,materials,qwen_output,Is a pressure of -2 GPa physically valid in a standard pressure report?,"[rank=1 score=47.3585 doc_id=h1ctx_0313_cov_03_01_current] Standard pressure reports should not use negative pressure unless a stress sign convention is explicitly defined.

[rank=2 score=45.2006 doc_id=h1ctx_0314_cov_03_01_incorrect] A noisy measurement table reports the pressure as -2 GPa.

[rank=3 score=12.8364 doc_id=arxiv_0011] Stability Analysis of Superconductivity in $\textit{P6/mmm}$-LaSc$_2$H$_{24}$ and its Experimental Reproducibility from La-Sc Alloys. In this work, we analyze the feasibility of room-temperature superconductivity in the lanthanum-scandium hydride $\textit{P6/mmm}$-LaSc$_2$H$_{24}$. We demonstrate that the electron-phonon coupling calculations performed using the $σ$-broadening of the double $δ$-function at the Fermi surface lead to a very strong dependence of $\textit{T$_c$}(σ)$ on the arbitrary $σ$, whereas the tetrahedral method for the electron-phonon interaction is free from this drawback and leads to $\textit{T$_c$}$ > 300 K at 300 GPa in agreement with previous predictions. By analyzing the stability of the metallic state of LaSc$_2$H$_{24}$ at 250-300 GPa, we show that this compound is at the edge of the stability region ($ξ$ = 0.54), similar to $\textit{fcc}$ LaH$_{10}$ at 140-150 GPa. Experimental attempts to synthesize LaSc$_2$H$_{24}$ at 250-280 GPa starting from the (La,Sc$_2$) alloy are unsuccessful and indicate the absence of even traces of superconductivity at 245-300 K in all the resulting La-Sc-H hydrides. The method for preparing the precursor by simultaneous deposition of La and Sc metals may be a key factor for the successful synthesis of LaSc$_2$H$_{24}$.",A pressure of -2 GPa is not physically valid in a standard pressure report unless a stress sign convention is explicitly defined.,current,,1.0,qwen_judge,"The answer is directly supported by the retrieved context, specifically the first piece of information which states: 'Standard pressure reports should not use negative pressure unless a stress sign convention is explicitly defined.' This matches exactly with the provided answer.",613,721,safety_aware
rag_cov_03_07_incorrect,materials,qwen_output,Is a pressure of -2 GPa physically valid in a standard pressure report?,"[rank=1 score=47.3585 doc_id=h1ctx_0313_cov_03_01_current] Standard pressure reports should not use negative pressure unless a stress sign convention is explicitly defined.

[rank=2 score=45.2006 doc_id=h1ctx_0314_cov_03_01_incorrect] A noisy measurement table reports the pressure as -2 GPa.

[rank=3 score=12.8364 doc_id=arxiv_0011] Stability Analysis of Superconductivity in $\textit{P6/mmm}$-LaSc$_2$H$_{24}$ and its Experimental Reproducibility from La-Sc Alloys. In this work, we analyze the feasibility of room-temperature superconductivity in the lanthanum-scandium hydride $\textit{P6/mmm}$-LaSc$_2$H$_{24}$. We demonstrate that the electron-phonon coupling calculations performed using the $σ$-broadening of the double $δ$-function at the Fermi surface lead to a very strong dependence of $\textit{T$_c$}(σ)$ on the arbitrary $σ$, whereas the tetrahedral method for the electron-phonon interaction is free from this drawback and leads to $\textit{T$_c$}$ > 300 K at 300 GPa in agreement with previous predictions. By analyzing the stability of the metallic state of LaSc$_2$H$_{24}$ at 250-300 GPa, we show that this compound is at the edge of the stability region ($ξ$ = 0.54), similar to $\textit{fcc}$ LaH$_{10}$ at 140-150 GPa. Experimental attempts to synthesize LaSc$_2$H$_{24}$ at 250-280 GPa starting from the (La,Sc$_2$) alloy are unsuccessful and indicate the absence of even traces of superconductivity at 245-300 K in all the resulting La-Sc-H hydrides. The method for preparing the precursor by simultaneous deposition of La and Sc metals may be a key factor for the successful synthesis of LaSc$_2$H$_{24}$.",A pressure of -2 GPa is not physically valid in a standard pressure report unless a stress sign convention is explicitly defined.,current,,1.0,qwen_judge,"The answer is directly supported by the retrieved context, specifically the first piece of information which states: 'Standard pressure reports should not use negative pressure unless a stress sign convention is explicitly defined.' This matches exactly with the provided answer.",613,721,safety_aware
rag_cov_03_08_current,materials,qwen_output,Is a pressure of -2 GPa physically valid in a standard pressure report?,"[rank=1 score=47.3585 doc_id=h1ctx_0313_cov_03_01_current] Standard pressure reports should not use negative pressure unless a stress sign convention is explicitly defined.

[rank=2 score=45.2006 doc_id=h1ctx_0314_cov_03_01_incorrect] A noisy measurement table reports the pressure as -2 GPa.

[rank=3 score=12.8364 doc_id=arxiv_0011] Stability Analysis of Superconductivity in $\textit{P6/mmm}$-LaSc$_2$H$_{24}$ and its Experimental Reproducibility from La-Sc Alloys. In this work, we analyze the feasibility of room-temperature superconductivity in the lanthanum-scandium hydride $\textit{P6/mmm}$-LaSc$_2$H$_{24}$. We demonstrate that the electron-phonon coupling calculations performed using the $σ$-broadening of the double $δ$-function at the Fermi surface lead to a very strong dependence of $\textit{T$_c$}(σ)$ on the arbitrary $σ$, whereas the tetrahedral method for the electron-phonon interaction is free from this drawback and leads to $\textit{T$_c$}$ > 300 K at 300 GPa in agreement with previous predictions. By analyzing the stability of the metallic state of LaSc$_2$H$_{24}$ at 250-300 GPa, we show that this compound is at the edge of the stability region ($ξ$ = 0.54), similar to $\textit{fcc}$ LaH$_{10}$ at 140-150 GPa. Experimental attempts to synthesize LaSc$_2$H$_{24}$ at 250-280 GPa starting from the (La,Sc$_2$) alloy are unsuccessful and indicate the absence of even traces of superconductivity at 245-300 K in all the resulting La-Sc-H hydrides. The method for preparing the precursor by simultaneous deposition of La and Sc metals may be a key factor for the successful synthesis of LaSc$_2$H$_{24}$.",A pressure of -2 GPa is not physically valid in a standard pressure report unless a stress sign convention is explicitly defined.,current,,1.0,qwen_judge,"The answer is directly supported by the retrieved context, specifically the first piece of information which states: 'Standard pressure reports should not use negative pressure unless a stress sign convention is explicitly defined.' This matches exactly with the provided answer.",613,721,safety_aware
rag_cov_03_08_incorrect,materials,qwen_output,Is a pressure of -2 GPa physically valid in a standard pressure report?,"[rank=1 score=47.3585 doc_id=h1ctx_0313_cov_03_01_current] Standard pressure reports should not use negative pressure unless a stress sign convention is explicitly defined.

[rank=2 score=45.2006 doc_id=h1ctx_0314_cov_03_01_incorrect] A noisy measurement table reports the pressure as -2 GPa.

[rank=3 score=12.8364 doc_id=arxiv_0011] Stability Analysis of Superconductivity in $\textit{P6/mmm}$-LaSc$_2$H$_{24}$ and its Experimental Reproducibility from La-Sc Alloys. In this work, we analyze the feasibility of room-temperature superconductivity in the lanthanum-scandium hydride $\textit{P6/mmm}$-LaSc$_2$H$_{24}$. We demonstrate that the electron-phonon coupling calculations performed using the $σ$-broadening of the double $δ$-function at the Fermi surface lead to a very strong dependence of $\textit{T$_c$}(σ)$ on the arbitrary $σ$, whereas the tetrahedral method for the electron-phonon interaction is free from this drawback and leads to $\textit{T$_c$}$ > 300 K at 300 GPa in agreement with previous predictions. By analyzing the stability of the metallic state of LaSc$_2$H$_{24}$ at 250-300 GPa, we show that this compound is at the edge of the stability region ($ξ$ = 0.54), similar to $\textit{fcc}$ LaH$_{10}$ at 140-150 GPa. Experimental attempts to synthesize LaSc$_2$H$_{24}$ at 250-280 GPa starting from the (La,Sc$_2$) alloy are unsuccessful and indicate the absence of even traces of superconductivity at 245-300 K in all the resulting La-Sc-H hydrides. The method for preparing the precursor by simultaneous deposition of La and Sc metals may be a key factor for the successful synthesis of LaSc$_2$H$_{24}$.",A pressure of -2 GPa is not physically valid in a standard pressure report unless a stress sign convention is explicitly defined.,current,,1.0,qwen_judge,"The answer is directly supported by the retrieved context, specifically the first piece of information which states: 'Standard pressure reports should not use negative pressure unless a stress sign convention is explicitly defined.' This matches exactly with the provided answer.",613,721,safety_aware
rag_cov_03_09_current,materials,qwen_output,Is a pressure of -2 GPa physically valid in a standard pressure report?,"[rank=1 score=47.3585 doc_id=h1ctx_0313_cov_03_01_current] Standard pressure reports should not use negative pressure unless a stress sign convention is explicitly defined.

[rank=2 score=45.2006 doc_id=h1ctx_0314_cov_03_01_incorrect] A noisy measurement table reports the pressure as -2 GPa.

[rank=3 score=12.8364 doc_id=arxiv_0011] Stability Analysis of Superconductivity in $\textit{P6/mmm}$-LaSc$_2$H$_{24}$ and its Experimental Reproducibility from La-Sc Alloys. In this work, we analyze the feasibility of room-temperature superconductivity in the lanthanum-scandium hydride $\textit{P6/mmm}$-LaSc$_2$H$_{24}$. We demonstrate that the electron-phonon coupling calculations performed using the $σ$-broadening of the double $δ$-function at the Fermi surface lead to a very strong dependence of $\textit{T$_c$}(σ)$ on the arbitrary $σ$, whereas the tetrahedral method for the electron-phonon interaction is free from this drawback and leads to $\textit{T$_c$}$ > 300 K at 300 GPa in agreement with previous predictions. By analyzing the stability of the metallic state of LaSc$_2$H$_{24}$ at 250-300 GPa, we show that this compound is at the edge of the stability region ($ξ$ = 0.54), similar to $\textit{fcc}$ LaH$_{10}$ at 140-150 GPa. Experimental attempts to synthesize LaSc$_2$H$_{24}$ at 250-280 GPa starting from the (La,Sc$_2$) alloy are unsuccessful and indicate the absence of even traces of superconductivity at 245-300 K in all the resulting La-Sc-H hydrides. The method for preparing the precursor by simultaneous deposition of La and Sc metals may be a key factor for the successful synthesis of LaSc$_2$H$_{24}$.",A pressure of -2 GPa is not physically valid in a standard pressure report unless a stress sign convention is explicitly defined.,current,,1.0,qwen_judge,"The answer is directly supported by the retrieved context, specifically the first piece of information which states: 'Standard pressure reports should not use negative pressure unless a stress sign convention is explicitly defined.' This matches exactly with the provided answer.",613,721,safety_aware
rag_cov_03_09_incorrect,materials,qwen_output,Is a pressure of -2 GPa physically valid in a standard pressure report?,"[rank=1 score=47.3585 doc_id=h1ctx_0313_cov_03_01_current] Standard pressure reports should not use negative pressure unless a stress sign convention is explicitly defined.

[rank=2 score=45.2006 doc_id=h1ctx_0314_cov_03_01_incorrect] A noisy measurement table reports the pressure as -2 GPa.

[rank=3 score=12.8364 doc_id=arxiv_0011] Stability Analysis of Superconductivity in $\textit{P6/mmm}$-LaSc$_2$H$_{24}$ and its Experimental Reproducibility from La-Sc Alloys. In this work, we analyze the feasibility of room-temperature superconductivity in the lanthanum-scandium hydride $\textit{P6/mmm}$-LaSc$_2$H$_{24}$. We demonstrate that the electron-phonon coupling calculations performed using the $σ$-broadening of the double $δ$-function at the Fermi surface lead to a very strong dependence of $\textit{T$_c$}(σ)$ on the arbitrary $σ$, whereas the tetrahedral method for the electron-phonon interaction is free from this drawback and leads to $\textit{T$_c$}$ > 300 K at 300 GPa in agreement with previous predictions. By analyzing the stability of the metallic state of LaSc$_2$H$_{24}$ at 250-300 GPa, we show that this compound is at the edge of the stability region ($ξ$ = 0.54), similar to $\textit{fcc}$ LaH$_{10}$ at 140-150 GPa. Experimental attempts to synthesize LaSc$_2$H$_{24}$ at 250-280 GPa starting from the (La,Sc$_2$) alloy are unsuccessful and indicate the absence of even traces of superconductivity at 245-300 K in all the resulting La-Sc-H hydrides. The method for preparing the precursor by simultaneous deposition of La and Sc metals may be a key factor for the successful synthesis of LaSc$_2$H$_{24}$.",A pressure of -2 GPa is not physically valid in a standard pressure report unless a stress sign convention is explicitly defined.,current,,1.0,qwen_judge,"The answer is directly supported by the retrieved context, specifically the first piece of information which states: 'Standard pressure reports should not use negative pressure unless a stress sign convention is explicitly defined.' This matches exactly with the provided answer.",613,721,safety_aware
rag_cov_03_10_current,materials,qwen_output,Is a pressure of -2 GPa physically valid in a standard pressure report?,"[rank=1 score=47.3585 doc_id=h1ctx_0313_cov_03_01_current] Standard pressure reports should not use negative pressure unless a stress sign convention is explicitly defined.

[rank=2 score=45.2006 doc_id=h1ctx_0314_cov_03_01_incorrect] A noisy measurement table reports the pressure as -2 GPa.

[rank=3 score=12.8364 doc_id=arxiv_0011] Stability Analysis of Superconductivity in $\textit{P6/mmm}$-LaSc$_2$H$_{24}$ and its Experimental Reproducibility from La-Sc Alloys. In this work, we analyze the feasibility of room-temperature superconductivity in the lanthanum-scandium hydride $\textit{P6/mmm}$-LaSc$_2$H$_{24}$. We demonstrate that the electron-phonon coupling calculations performed using the $σ$-broadening of the double $δ$-function at the Fermi surface lead to a very strong dependence of $\textit{T$_c$}(σ)$ on the arbitrary $σ$, whereas the tetrahedral method for the electron-phonon interaction is free from this drawback and leads to $\textit{T$_c$}$ > 300 K at 300 GPa in agreement with previous predictions. By analyzing the stability of the metallic state of LaSc$_2$H$_{24}$ at 250-300 GPa, we show that this compound is at the edge of the stability region ($ξ$ = 0.54), similar to $\textit{fcc}$ LaH$_{10}$ at 140-150 GPa. Experimental attempts to synthesize LaSc$_2$H$_{24}$ at 250-280 GPa starting from the (La,Sc$_2$) alloy are unsuccessful and indicate the absence of even traces of superconductivity at 245-300 K in all the resulting La-Sc-H hydrides. The method for preparing the precursor by simultaneous deposition of La and Sc metals may be a key factor for the successful synthesis of LaSc$_2$H$_{24}$.",A pressure of -2 GPa is not physically valid in a standard pressure report unless a stress sign convention is explicitly defined.,current,,1.0,qwen_judge,"The answer is directly supported by the retrieved context, specifically the first piece of information which states: 'Standard pressure reports should not use negative pressure unless a stress sign convention is explicitly defined.' This matches exactly with the provided answer.",613,721,safety_aware
rag_cov_03_10_incorrect,materials,qwen_output,Is a pressure of -2 GPa physically valid in a standard pressure report?,"[rank=1 score=47.3585 doc_id=h1ctx_0313_cov_03_01_current] Standard pressure reports should not use negative pressure unless a stress sign convention is explicitly defined.

[rank=2 score=45.2006 doc_id=h1ctx_0314_cov_03_01_incorrect] A noisy measurement table reports the pressure as -2 GPa.

[rank=3 score=12.8364 doc_id=arxiv_0011] Stability Analysis of Superconductivity in $\textit{P6/mmm}$-LaSc$_2$H$_{24}$ and its Experimental Reproducibility from La-Sc Alloys. In this work, we analyze the feasibility of room-temperature superconductivity in the lanthanum-scandium hydride $\textit{P6/mmm}$-LaSc$_2$H$_{24}$. We demonstrate that the electron-phonon coupling calculations performed using the $σ$-broadening of the double $δ$-function at the Fermi surface lead to a very strong dependence of $\textit{T$_c$}(σ)$ on the arbitrary $σ$, whereas the tetrahedral method for the electron-phonon interaction is free from this drawback and leads to $\textit{T$_c$}$ > 300 K at 300 GPa in agreement with previous predictions. By analyzing the stability of the metallic state of LaSc$_2$H$_{24}$ at 250-300 GPa, we show that this compound is at the edge of the stability region ($ξ$ = 0.54), similar to $\textit{fcc}$ LaH$_{10}$ at 140-150 GPa. Experimental attempts to synthesize LaSc$_2$H$_{24}$ at 250-280 GPa starting from the (La,Sc$_2$) alloy are unsuccessful and indicate the absence of even traces of superconductivity at 245-300 K in all the resulting La-Sc-H hydrides. The method for preparing the precursor by simultaneous deposition of La and Sc metals may be a key factor for the successful synthesis of LaSc$_2$H$_{24}$.",A pressure of -2 GPa is not physically valid in a standard pressure report unless a stress sign convention is explicitly defined.,current,,1.0,qwen_judge,"The answer is directly supported by the retrieved context, specifically the first piece of information which states: 'Standard pressure reports should not use negative pressure unless a stress sign convention is explicitly defined.' This matches exactly with the provided answer.",613,721,safety_aware
rag_cov_03_11_current,materials,qwen_output,Is a pressure of -2 GPa physically valid in a standard pressure report?,"[rank=1 score=47.3585 doc_id=h1ctx_0313_cov_03_01_current] Standard pressure reports should not use negative pressure unless a stress sign convention is explicitly defined.

[rank=2 score=45.2006 doc_id=h1ctx_0314_cov_03_01_incorrect] A noisy measurement table reports the pressure as -2 GPa.

[rank=3 score=12.8364 doc_id=arxiv_0011] Stability Analysis of Superconductivity in $\textit{P6/mmm}$-LaSc$_2$H$_{24}$ and its Experimental Reproducibility from La-Sc Alloys. In this work, we analyze the feasibility of room-temperature superconductivity in the lanthanum-scandium hydride $\textit{P6/mmm}$-LaSc$_2$H$_{24}$. We demonstrate that the electron-phonon coupling calculations performed using the $σ$-broadening of the double $δ$-function at the Fermi surface lead to a very strong dependence of $\textit{T$_c$}(σ)$ on the arbitrary $σ$, whereas the tetrahedral method for the electron-phonon interaction is free from this drawback and leads to $\textit{T$_c$}$ > 300 K at 300 GPa in agreement with previous predictions. By analyzing the stability of the metallic state of LaSc$_2$H$_{24}$ at 250-300 GPa, we show that this compound is at the edge of the stability region ($ξ$ = 0.54), similar to $\textit{fcc}$ LaH$_{10}$ at 140-150 GPa. Experimental attempts to synthesize LaSc$_2$H$_{24}$ at 250-280 GPa starting from the (La,Sc$_2$) alloy are unsuccessful and indicate the absence of even traces of superconductivity at 245-300 K in all the resulting La-Sc-H hydrides. The method for preparing the precursor by simultaneous deposition of La and Sc metals may be a key factor for the successful synthesis of LaSc$_2$H$_{24}$.",A pressure of -2 GPa is not physically valid in a standard pressure report unless a stress sign convention is explicitly defined.,current,,1.0,qwen_judge,"The answer is directly supported by the retrieved context, specifically the first piece of information which states: 'Standard pressure reports should not use negative pressure unless a stress sign convention is explicitly defined.' This matches exactly with the provided answer.",613,721,safety_aware
rag_cov_03_11_incorrect,materials,qwen_output,Is a pressure of -2 GPa physically valid in a standard pressure report?,"[rank=1 score=47.3585 doc_id=h1ctx_0313_cov_03_01_current] Standard pressure reports should not use negative pressure unless a stress sign convention is explicitly defined.

[rank=2 score=45.2006 doc_id=h1ctx_0314_cov_03_01_incorrect] A noisy measurement table reports the pressure as -2 GPa.

[rank=3 score=12.8364 doc_id=arxiv_0011] Stability Analysis of Superconductivity in $\textit{P6/mmm}$-LaSc$_2$H$_{24}$ and its Experimental Reproducibility from La-Sc Alloys. In this work, we analyze the feasibility of room-temperature superconductivity in the lanthanum-scandium hydride $\textit{P6/mmm}$-LaSc$_2$H$_{24}$. We demonstrate that the electron-phonon coupling calculations performed using the $σ$-broadening of the double $δ$-function at the Fermi surface lead to a very strong dependence of $\textit{T$_c$}(σ)$ on the arbitrary $σ$, whereas the tetrahedral method for the electron-phonon interaction is free from this drawback and leads to $\textit{T$_c$}$ > 300 K at 300 GPa in agreement with previous predictions. By analyzing the stability of the metallic state of LaSc$_2$H$_{24}$ at 250-300 GPa, we show that this compound is at the edge of the stability region ($ξ$ = 0.54), similar to $\textit{fcc}$ LaH$_{10}$ at 140-150 GPa. Experimental attempts to synthesize LaSc$_2$H$_{24}$ at 250-280 GPa starting from the (La,Sc$_2$) alloy are unsuccessful and indicate the absence of even traces of superconductivity at 245-300 K in all the resulting La-Sc-H hydrides. The method for preparing the precursor by simultaneous deposition of La and Sc metals may be a key factor for the successful synthesis of LaSc$_2$H$_{24}$.",A pressure of -2 GPa is not physically valid in a standard pressure report unless a stress sign convention is explicitly defined.,current,,1.0,qwen_judge,"The answer is directly supported by the retrieved context, specifically the first piece of information which states: 'Standard pressure reports should not use negative pressure unless a stress sign convention is explicitly defined.' This matches exactly with the provided answer.",613,721,safety_aware
rag_cov_03_12_current,materials,qwen_output,Is a pressure of -2 GPa physically valid in a standard pressure report?,"[rank=1 score=47.3585 doc_id=h1ctx_0313_cov_03_01_current] Standard pressure reports should not use negative pressure unless a stress sign convention is explicitly defined.

[rank=2 score=45.2006 doc_id=h1ctx_0314_cov_03_01_incorrect] A noisy measurement table reports the pressure as -2 GPa.

[rank=3 score=12.8364 doc_id=arxiv_0011] Stability Analysis of Superconductivity in $\textit{P6/mmm}$-LaSc$_2$H$_{24}$ and its Experimental Reproducibility from La-Sc Alloys. In this work, we analyze the feasibility of room-temperature superconductivity in the lanthanum-scandium hydride $\textit{P6/mmm}$-LaSc$_2$H$_{24}$. We demonstrate that the electron-phonon coupling calculations performed using the $σ$-broadening of the double $δ$-function at the Fermi surface lead to a very strong dependence of $\textit{T$_c$}(σ)$ on the arbitrary $σ$, whereas the tetrahedral method for the electron-phonon interaction is free from this drawback and leads to $\textit{T$_c$}$ > 300 K at 300 GPa in agreement with previous predictions. By analyzing the stability of the metallic state of LaSc$_2$H$_{24}$ at 250-300 GPa, we show that this compound is at the edge of the stability region ($ξ$ = 0.54), similar to $\textit{fcc}$ LaH$_{10}$ at 140-150 GPa. Experimental attempts to synthesize LaSc$_2$H$_{24}$ at 250-280 GPa starting from the (La,Sc$_2$) alloy are unsuccessful and indicate the absence of even traces of superconductivity at 245-300 K in all the resulting La-Sc-H hydrides. The method for preparing the precursor by simultaneous deposition of La and Sc metals may be a key factor for the successful synthesis of LaSc$_2$H$_{24}$.",A pressure of -2 GPa is not physically valid in a standard pressure report unless a stress sign convention is explicitly defined.,current,,1.0,qwen_judge,"The answer is directly supported by the retrieved context, specifically the first piece of information which states: 'Standard pressure reports should not use negative pressure unless a stress sign convention is explicitly defined.' This matches exactly with the provided answer.",613,721,safety_aware
rag_cov_03_12_incorrect,materials,qwen_output,Is a pressure of -2 GPa physically valid in a standard pressure report?,"[rank=1 score=47.3585 doc_id=h1ctx_0313_cov_03_01_current] Standard pressure reports should not use negative pressure unless a stress sign convention is explicitly defined.

[rank=2 score=45.2006 doc_id=h1ctx_0314_cov_03_01_incorrect] A noisy measurement table reports the pressure as -2 GPa.

[rank=3 score=12.8364 doc_id=arxiv_0011] Stability Analysis of Superconductivity in $\textit{P6/mmm}$-LaSc$_2$H$_{24}$ and its Experimental Reproducibility from La-Sc Alloys. In this work, we analyze the feasibility of room-temperature superconductivity in the lanthanum-scandium hydride $\textit{P6/mmm}$-LaSc$_2$H$_{24}$. We demonstrate that the electron-phonon coupling calculations performed using the $σ$-broadening of the double $δ$-function at the Fermi surface lead to a very strong dependence of $\textit{T$_c$}(σ)$ on the arbitrary $σ$, whereas the tetrahedral method for the electron-phonon interaction is free from this drawback and leads to $\textit{T$_c$}$ > 300 K at 300 GPa in agreement with previous predictions. By analyzing the stability of the metallic state of LaSc$_2$H$_{24}$ at 250-300 GPa, we show that this compound is at the edge of the stability region ($ξ$ = 0.54), similar to $\textit{fcc}$ LaH$_{10}$ at 140-150 GPa. Experimental attempts to synthesize LaSc$_2$H$_{24}$ at 250-280 GPa starting from the (La,Sc$_2$) alloy are unsuccessful and indicate the absence of even traces of superconductivity at 245-300 K in all the resulting La-Sc-H hydrides. The method for preparing the precursor by simultaneous deposition of La and Sc metals may be a key factor for the successful synthesis of LaSc$_2$H$_{24}$.",A pressure of -2 GPa is not physically valid in a standard pressure report unless a stress sign convention is explicitly defined.,current,,1.0,qwen_judge,"The answer is directly supported by the retrieved context, specifically the first piece of information which states: 'Standard pressure reports should not use negative pressure unless a stress sign convention is explicitly defined.' This matches exactly with the provided answer.",613,721,safety_aware
rag_cov_03_13_current,materials,qwen_output,Is a pressure of -2 GPa physically valid in a standard pressure report?,"[rank=1 score=47.3585 doc_id=h1ctx_0313_cov_03_01_current] Standard pressure reports should not use negative pressure unless a stress sign convention is explicitly defined.

[rank=2 score=45.2006 doc_id=h1ctx_0314_cov_03_01_incorrect] A noisy measurement table reports the pressure as -2 GPa.

[rank=3 score=12.8364 doc_id=arxiv_0011] Stability Analysis of Superconductivity in $\textit{P6/mmm}$-LaSc$_2$H$_{24}$ and its Experimental Reproducibility from La-Sc Alloys. In this work, we analyze the feasibility of room-temperature superconductivity in the lanthanum-scandium hydride $\textit{P6/mmm}$-LaSc$_2$H$_{24}$. We demonstrate that the electron-phonon coupling calculations performed using the $σ$-broadening of the double $δ$-function at the Fermi surface lead to a very strong dependence of $\textit{T$_c$}(σ)$ on the arbitrary $σ$, whereas the tetrahedral method for the electron-phonon interaction is free from this drawback and leads to $\textit{T$_c$}$ > 300 K at 300 GPa in agreement with previous predictions. By analyzing the stability of the metallic state of LaSc$_2$H$_{24}$ at 250-300 GPa, we show that this compound is at the edge of the stability region ($ξ$ = 0.54), similar to $\textit{fcc}$ LaH$_{10}$ at 140-150 GPa. Experimental attempts to synthesize LaSc$_2$H$_{24}$ at 250-280 GPa starting from the (La,Sc$_2$) alloy are unsuccessful and indicate the absence of even traces of superconductivity at 245-300 K in all the resulting La-Sc-H hydrides. The method for preparing the precursor by simultaneous deposition of La and Sc metals may be a key factor for the successful synthesis of LaSc$_2$H$_{24}$.",A pressure of -2 GPa is not physically valid in a standard pressure report unless a stress sign convention is explicitly defined.,current,,1.0,qwen_judge,"The answer is directly supported by the retrieved context, specifically the first piece of information which states: 'Standard pressure reports should not use negative pressure unless a stress sign convention is explicitly defined.' This matches exactly with the provided answer.",613,721,safety_aware
rag_cov_03_13_incorrect,materials,qwen_output,Is a pressure of -2 GPa physically valid in a standard pressure report?,"[rank=1 score=47.3585 doc_id=h1ctx_0313_cov_03_01_current] Standard pressure reports should not use negative pressure unless a stress sign convention is explicitly defined.

[rank=2 score=45.2006 doc_id=h1ctx_0314_cov_03_01_incorrect] A noisy measurement table reports the pressure as -2 GPa.

[rank=3 score=12.8364 doc_id=arxiv_0011] Stability Analysis of Superconductivity in $\textit{P6/mmm}$-LaSc$_2$H$_{24}$ and its Experimental Reproducibility from La-Sc Alloys. In this work, we analyze the feasibility of room-temperature superconductivity in the lanthanum-scandium hydride $\textit{P6/mmm}$-LaSc$_2$H$_{24}$. We demonstrate that the electron-phonon coupling calculations performed using the $σ$-broadening of the double $δ$-function at the Fermi surface lead to a very strong dependence of $\textit{T$_c$}(σ)$ on the arbitrary $σ$, whereas the tetrahedral method for the electron-phonon interaction is free from this drawback and leads to $\textit{T$_c$}$ > 300 K at 300 GPa in agreement with previous predictions. By analyzing the stability of the metallic state of LaSc$_2$H$_{24}$ at 250-300 GPa, we show that this compound is at the edge of the stability region ($ξ$ = 0.54), similar to $\textit{fcc}$ LaH$_{10}$ at 140-150 GPa. Experimental attempts to synthesize LaSc$_2$H$_{24}$ at 250-280 GPa starting from the (La,Sc$_2$) alloy are unsuccessful and indicate the absence of even traces of superconductivity at 245-300 K in all the resulting La-Sc-H hydrides. The method for preparing the precursor by simultaneous deposition of La and Sc metals may be a key factor for the successful synthesis of LaSc$_2$H$_{24}$.",A pressure of -2 GPa is not physically valid in a standard pressure report unless a stress sign convention is explicitly defined.,current,,1.0,qwen_judge,"The answer is directly supported by the retrieved context, specifically the first piece of information which states: 'Standard pressure reports should not use negative pressure unless a stress sign convention is explicitly defined.' This matches exactly with the provided answer.",613,721,safety_aware
rag_cov_03_14_current,materials,qwen_output,Is a pressure of -2 GPa physically valid in a standard pressure report?,"[rank=1 score=47.3585 doc_id=h1ctx_0313_cov_03_01_current] Standard pressure reports should not use negative pressure unless a stress sign convention is explicitly defined.

[rank=2 score=45.2006 doc_id=h1ctx_0314_cov_03_01_incorrect] A noisy measurement table reports the pressure as -2 GPa.

[rank=3 score=12.8364 doc_id=arxiv_0011] Stability Analysis of Superconductivity in $\textit{P6/mmm}$-LaSc$_2$H$_{24}$ and its Experimental Reproducibility from La-Sc Alloys. In this work, we analyze the feasibility of room-temperature superconductivity in the lanthanum-scandium hydride $\textit{P6/mmm}$-LaSc$_2$H$_{24}$. We demonstrate that the electron-phonon coupling calculations performed using the $σ$-broadening of the double $δ$-function at the Fermi surface lead to a very strong dependence of $\textit{T$_c$}(σ)$ on the arbitrary $σ$, whereas the tetrahedral method for the electron-phonon interaction is free from this drawback and leads to $\textit{T$_c$}$ > 300 K at 300 GPa in agreement with previous predictions. By analyzing the stability of the metallic state of LaSc$_2$H$_{24}$ at 250-300 GPa, we show that this compound is at the edge of the stability region ($ξ$ = 0.54), similar to $\textit{fcc}$ LaH$_{10}$ at 140-150 GPa. Experimental attempts to synthesize LaSc$_2$H$_{24}$ at 250-280 GPa starting from the (La,Sc$_2$) alloy are unsuccessful and indicate the absence of even traces of superconductivity at 245-300 K in all the resulting La-Sc-H hydrides. The method for preparing the precursor by simultaneous deposition of La and Sc metals may be a key factor for the successful synthesis of LaSc$_2$H$_{24}$.",A pressure of -2 GPa is not physically valid in a standard pressure report unless a stress sign convention is explicitly defined.,current,,1.0,qwen_judge,"The answer is directly supported by the retrieved context, specifically the first piece of information which states: 'Standard pressure reports should not use negative pressure unless a stress sign convention is explicitly defined.' This matches exactly with the provided answer.",613,721,safety_aware
rag_cov_03_14_incorrect,materials,qwen_output,Is a pressure of -2 GPa physically valid in a standard pressure report?,"[rank=1 score=47.3585 doc_id=h1ctx_0313_cov_03_01_current] Standard pressure reports should not use negative pressure unless a stress sign convention is explicitly defined.

[rank=2 score=45.2006 doc_id=h1ctx_0314_cov_03_01_incorrect] A noisy measurement table reports the pressure as -2 GPa.

[rank=3 score=12.8364 doc_id=arxiv_0011] Stability Analysis of Superconductivity in $\textit{P6/mmm}$-LaSc$_2$H$_{24}$ and its Experimental Reproducibility from La-Sc Alloys. In this work, we analyze the feasibility of room-temperature superconductivity in the lanthanum-scandium hydride $\textit{P6/mmm}$-LaSc$_2$H$_{24}$. We demonstrate that the electron-phonon coupling calculations performed using the $σ$-broadening of the double $δ$-function at the Fermi surface lead to a very strong dependence of $\textit{T$_c$}(σ)$ on the arbitrary $σ$, whereas the tetrahedral method for the electron-phonon interaction is free from this drawback and leads to $\textit{T$_c$}$ > 300 K at 300 GPa in agreement with previous predictions. By analyzing the stability of the metallic state of LaSc$_2$H$_{24}$ at 250-300 GPa, we show that this compound is at the edge of the stability region ($ξ$ = 0.54), similar to $\textit{fcc}$ LaH$_{10}$ at 140-150 GPa. Experimental attempts to synthesize LaSc$_2$H$_{24}$ at 250-280 GPa starting from the (La,Sc$_2$) alloy are unsuccessful and indicate the absence of even traces of superconductivity at 245-300 K in all the resulting La-Sc-H hydrides. The method for preparing the precursor by simultaneous deposition of La and Sc metals may be a key factor for the successful synthesis of LaSc$_2$H$_{24}$.",A pressure of -2 GPa is not physically valid in a standard pressure report unless a stress sign convention is explicitly defined.,current,,1.0,qwen_judge,"The answer is directly supported by the retrieved context, specifically the first piece of information which states: 'Standard pressure reports should not use negative pressure unless a stress sign convention is explicitly defined.' This matches exactly with the provided answer.",613,721,safety_aware
rag_cov_03_15_current,materials,qwen_output,Is a pressure of -2 GPa physically valid in a standard pressure report?,"[rank=1 score=47.3585 doc_id=h1ctx_0313_cov_03_01_current] Standard pressure reports should not use negative pressure unless a stress sign convention is explicitly defined.

[rank=2 score=45.2006 doc_id=h1ctx_0314_cov_03_01_incorrect] A noisy measurement table reports the pressure as -2 GPa.

[rank=3 score=12.8364 doc_id=arxiv_0011] Stability Analysis of Superconductivity in $\textit{P6/mmm}$-LaSc$_2$H$_{24}$ and its Experimental Reproducibility from La-Sc Alloys. In this work, we analyze the feasibility of room-temperature superconductivity in the lanthanum-scandium hydride $\textit{P6/mmm}$-LaSc$_2$H$_{24}$. We demonstrate that the electron-phonon coupling calculations performed using the $σ$-broadening of the double $δ$-function at the Fermi surface lead to a very strong dependence of $\textit{T$_c$}(σ)$ on the arbitrary $σ$, whereas the tetrahedral method for the electron-phonon interaction is free from this drawback and leads to $\textit{T$_c$}$ > 300 K at 300 GPa in agreement with previous predictions. By analyzing the stability of the metallic state of LaSc$_2$H$_{24}$ at 250-300 GPa, we show that this compound is at the edge of the stability region ($ξ$ = 0.54), similar to $\textit{fcc}$ LaH$_{10}$ at 140-150 GPa. Experimental attempts to synthesize LaSc$_2$H$_{24}$ at 250-280 GPa starting from the (La,Sc$_2$) alloy are unsuccessful and indicate the absence of even traces of superconductivity at 245-300 K in all the resulting La-Sc-H hydrides. The method for preparing the precursor by simultaneous deposition of La and Sc metals may be a key factor for the successful synthesis of LaSc$_2$H$_{24}$.",A pressure of -2 GPa is not physically valid in a standard pressure report unless a stress sign convention is explicitly defined.,current,,1.0,qwen_judge,"The answer is directly supported by the retrieved context, specifically the first piece of information which states: 'Standard pressure reports should not use negative pressure unless a stress sign convention is explicitly defined.' This matches exactly with the provided answer.",613,721,safety_aware
rag_cov_03_15_incorrect,materials,qwen_output,Is a pressure of -2 GPa physically valid in a standard pressure report?,"[rank=1 score=47.3585 doc_id=h1ctx_0313_cov_03_01_current] Standard pressure reports should not use negative pressure unless a stress sign convention is explicitly defined.

[rank=2 score=45.2006 doc_id=h1ctx_0314_cov_03_01_incorrect] A noisy measurement table reports the pressure as -2 GPa.

[rank=3 score=12.8364 doc_id=arxiv_0011] Stability Analysis of Superconductivity in $\textit{P6/mmm}$-LaSc$_2$H$_{24}$ and its Experimental Reproducibility from La-Sc Alloys. In this work, we analyze the feasibility of room-temperature superconductivity in the lanthanum-scandium hydride $\textit{P6/mmm}$-LaSc$_2$H$_{24}$. We demonstrate that the electron-phonon coupling calculations performed using the $σ$-broadening of the double $δ$-function at the Fermi surface lead to a very strong dependence of $\textit{T$_c$}(σ)$ on the arbitrary $σ$, whereas the tetrahedral method for the electron-phonon interaction is free from this drawback and leads to $\textit{T$_c$}$ > 300 K at 300 GPa in agreement with previous predictions. By analyzing the stability of the metallic state of LaSc$_2$H$_{24}$ at 250-300 GPa, we show that this compound is at the edge of the stability region ($ξ$ = 0.54), similar to $\textit{fcc}$ LaH$_{10}$ at 140-150 GPa. Experimental attempts to synthesize LaSc$_2$H$_{24}$ at 250-280 GPa starting from the (La,Sc$_2$) alloy are unsuccessful and indicate the absence of even traces of superconductivity at 245-300 K in all the resulting La-Sc-H hydrides. The method for preparing the precursor by simultaneous deposition of La and Sc metals may be a key factor for the successful synthesis of LaSc$_2$H$_{24}$.",A pressure of -2 GPa is not physically valid in a standard pressure report unless a stress sign convention is explicitly defined.,current,,1.0,qwen_judge,"The answer is directly supported by the retrieved context, specifically the first piece of information which states: 'Standard pressure reports should not use negative pressure unless a stress sign convention is explicitly defined.' This matches exactly with the provided answer.",613,721,safety_aware
rag_cov_04_01_current,materials,qwen_output,Can the material be called superconducting without reporting Tc or evidence?,"[rank=1 score=37.5227 doc_id=h1ctx_0343_cov_04_01_current] Superconductivity claims should report Tc, measured evidence, or a transition temperature.

[rank=2 score=29.8788 doc_id=h1ctx_0344_cov_04_01_incorrect] A short retrieved note says the material is superconducting.

[rank=3 score=9.1323 doc_id=h1ctx_0283_cov_02_01_current] Absolute temperature on the Kelvin scale cannot be below 0 K.","No, the material cannot be called superconducting without reporting Tc or evidence. Superconductivity claims should report Tc, measured evidence, or a transition temperature.",current,,1.0,qwen_judge,"The answer is directly supported by the first retrieved context, which states that superconductivity claims should report Tc, measured evidence, or a transition temperature. The answer accurately reflects this requirement.",254,355,safety_aware
rag_cov_04_01_incorrect,materials,qwen_output,Can the material be called superconducting without reporting Tc or evidence?,"[rank=1 score=37.5227 doc_id=h1ctx_0343_cov_04_01_current] Superconductivity claims should report Tc, measured evidence, or a transition temperature.

[rank=2 score=29.8788 doc_id=h1ctx_0344_cov_04_01_incorrect] A short retrieved note says the material is superconducting.

[rank=3 score=9.1323 doc_id=h1ctx_0283_cov_02_01_current] Absolute temperature on the Kelvin scale cannot be below 0 K.","No, the material cannot be called superconducting without reporting Tc or evidence. Superconductivity claims should report Tc, measured evidence, or a transition temperature.",current,,1.0,qwen_judge,"The answer is directly supported by the first retrieved context, which states that superconductivity claims should report Tc, measured evidence, or a transition temperature. The answer accurately reflects this requirement.",254,355,safety_aware
rag_cov_04_02_current,materials,qwen_output,Can the material be called superconducting without reporting Tc or evidence?,"[rank=1 score=37.5227 doc_id=h1ctx_0343_cov_04_01_current] Superconductivity claims should report Tc, measured evidence, or a transition temperature.

[rank=2 score=29.8788 doc_id=h1ctx_0344_cov_04_01_incorrect] A short retrieved note says the material is superconducting.

[rank=3 score=9.1323 doc_id=h1ctx_0283_cov_02_01_current] Absolute temperature on the Kelvin scale cannot be below 0 K.","No, the material cannot be called superconducting without reporting Tc or evidence. Superconductivity claims should report Tc, measured evidence, or a transition temperature.",current,,1.0,qwen_judge,"The answer is directly supported by the first retrieved context, which states that superconductivity claims should report Tc, measured evidence, or a transition temperature. The answer accurately reflects this requirement.",254,355,safety_aware
rag_cov_04_02_incorrect,materials,qwen_output,Can the material be called superconducting without reporting Tc or evidence?,"[rank=1 score=37.5227 doc_id=h1ctx_0343_cov_04_01_current] Superconductivity claims should report Tc, measured evidence, or a transition temperature.

[rank=2 score=29.8788 doc_id=h1ctx_0344_cov_04_01_incorrect] A short retrieved note says the material is superconducting.

[rank=3 score=9.1323 doc_id=h1ctx_0283_cov_02_01_current] Absolute temperature on the Kelvin scale cannot be below 0 K.","No, the material cannot be called superconducting without reporting Tc or evidence. Superconductivity claims should report Tc, measured evidence, or a transition temperature.",current,,1.0,qwen_judge,"The answer is directly supported by the first retrieved context, which states that superconductivity claims should report Tc, measured evidence, or a transition temperature. The answer accurately reflects this requirement.",254,355,safety_aware
rag_cov_04_03_current,materials,qwen_output,Can the material be called superconducting without reporting Tc or evidence?,"[rank=1 score=37.5227 doc_id=h1ctx_0343_cov_04_01_current] Superconductivity claims should report Tc, measured evidence, or a transition temperature.

[rank=2 score=29.8788 doc_id=h1ctx_0344_cov_04_01_incorrect] A short retrieved note says the material is superconducting.

[rank=3 score=9.1323 doc_id=h1ctx_0283_cov_02_01_current] Absolute temperature on the Kelvin scale cannot be below 0 K.","No, the material cannot be called superconducting without reporting Tc or evidence. Superconductivity claims should report Tc, measured evidence, or a transition temperature.",current,,1.0,qwen_judge,"The answer is directly supported by the first retrieved context, which states that superconductivity claims should report Tc, measured evidence, or a transition temperature. The answer accurately reflects this requirement.",254,355,safety_aware
rag_cov_04_03_incorrect,materials,qwen_output,Can the material be called superconducting without reporting Tc or evidence?,"[rank=1 score=37.5227 doc_id=h1ctx_0343_cov_04_01_current] Superconductivity claims should report Tc, measured evidence, or a transition temperature.

[rank=2 score=29.8788 doc_id=h1ctx_0344_cov_04_01_incorrect] A short retrieved note says the material is superconducting.

[rank=3 score=9.1323 doc_id=h1ctx_0283_cov_02_01_current] Absolute temperature on the Kelvin scale cannot be below 0 K.","No, the material cannot be called superconducting without reporting Tc or evidence. Superconductivity claims should report Tc, measured evidence, or a transition temperature.",current,,1.0,qwen_judge,"The answer is directly supported by the first retrieved context, which states that superconductivity claims should report Tc, measured evidence, or a transition temperature. The answer accurately reflects this requirement.",254,355,safety_aware
rag_cov_04_04_current,materials,qwen_output,Can the material be called superconducting without reporting Tc or evidence?,"[rank=1 score=37.5227 doc_id=h1ctx_0343_cov_04_01_current] Superconductivity claims should report Tc, measured evidence, or a transition temperature.

[rank=2 score=29.8788 doc_id=h1ctx_0344_cov_04_01_incorrect] A short retrieved note says the material is superconducting.

[rank=3 score=9.1323 doc_id=h1ctx_0283_cov_02_01_current] Absolute temperature on the Kelvin scale cannot be below 0 K.","No, the material cannot be called superconducting without reporting Tc or evidence. Superconductivity claims should report Tc, measured evidence, or a transition temperature.",current,,1.0,qwen_judge,"The answer is directly supported by the first retrieved context, which states that superconductivity claims should report Tc, measured evidence, or a transition temperature. The answer accurately reflects this requirement.",254,355,safety_aware
rag_cov_04_04_incorrect,materials,qwen_output,Can the material be called superconducting without reporting Tc or evidence?,"[rank=1 score=37.5227 doc_id=h1ctx_0343_cov_04_01_current] Superconductivity claims should report Tc, measured evidence, or a transition temperature.

[rank=2 score=29.8788 doc_id=h1ctx_0344_cov_04_01_incorrect] A short retrieved note says the material is superconducting.

[rank=3 score=9.1323 doc_id=h1ctx_0283_cov_02_01_current] Absolute temperature on the Kelvin scale cannot be below 0 K.","No, the material cannot be called superconducting without reporting Tc or evidence. Superconductivity claims should report Tc, measured evidence, or a transition temperature.",current,,1.0,qwen_judge,"The answer is directly supported by the first retrieved context, which states that superconductivity claims should report Tc, measured evidence, or a transition temperature. The answer accurately reflects this requirement.",254,355,safety_aware
rag_cov_04_05_current,materials,qwen_output,Can the material be called superconducting without reporting Tc or evidence?,"[rank=1 score=37.5227 doc_id=h1ctx_0343_cov_04_01_current] Superconductivity claims should report Tc, measured evidence, or a transition temperature.

[rank=2 score=29.8788 doc_id=h1ctx_0344_cov_04_01_incorrect] A short retrieved note says the material is superconducting.

[rank=3 score=9.1323 doc_id=h1ctx_0283_cov_02_01_current] Absolute temperature on the Kelvin scale cannot be below 0 K.","No, the material cannot be called superconducting without reporting Tc or evidence. Superconductivity claims should report Tc, measured evidence, or a transition temperature.",current,,1.0,qwen_judge,"The answer is directly supported by the first retrieved context, which states that superconductivity claims should report Tc, measured evidence, or a transition temperature. The answer accurately reflects this requirement.",254,355,safety_aware
rag_cov_04_05_incorrect,materials,qwen_output,Can the material be called superconducting without reporting Tc or evidence?,"[rank=1 score=37.5227 doc_id=h1ctx_0343_cov_04_01_current] Superconductivity claims should report Tc, measured evidence, or a transition temperature.

[rank=2 score=29.8788 doc_id=h1ctx_0344_cov_04_01_incorrect] A short retrieved note says the material is superconducting.

[rank=3 score=9.1323 doc_id=h1ctx_0283_cov_02_01_current] Absolute temperature on the Kelvin scale cannot be below 0 K.","No, the material cannot be called superconducting without reporting Tc or evidence. Superconductivity claims should report Tc, measured evidence, or a transition temperature.",current,,1.0,qwen_judge,"The answer is directly supported by the first retrieved context, which states that superconductivity claims should report Tc, measured evidence, or a transition temperature. The answer accurately reflects this requirement.",254,355,safety_aware
rag_cov_04_06_current,materials,qwen_output,Can the material be called superconducting without reporting Tc or evidence?,"[rank=1 score=37.5227 doc_id=h1ctx_0343_cov_04_01_current] Superconductivity claims should report Tc, measured evidence, or a transition temperature.

[rank=2 score=29.8788 doc_id=h1ctx_0344_cov_04_01_incorrect] A short retrieved note says the material is superconducting.

[rank=3 score=9.1323 doc_id=h1ctx_0283_cov_02_01_current] Absolute temperature on the Kelvin scale cannot be below 0 K.","No, the material cannot be called superconducting without reporting Tc or evidence. Superconductivity claims should report Tc, measured evidence, or a transition temperature.",current,,1.0,qwen_judge,"The answer is directly supported by the first retrieved context, which states that superconductivity claims should report Tc, measured evidence, or a transition temperature. The answer accurately reflects this requirement.",254,355,safety_aware
rag_cov_04_06_incorrect,materials,qwen_output,Can the material be called superconducting without reporting Tc or evidence?,"[rank=1 score=37.5227 doc_id=h1ctx_0343_cov_04_01_current] Superconductivity claims should report Tc, measured evidence, or a transition temperature.

[rank=2 score=29.8788 doc_id=h1ctx_0344_cov_04_01_incorrect] A short retrieved note says the material is superconducting.

[rank=3 score=9.1323 doc_id=h1ctx_0283_cov_02_01_current] Absolute temperature on the Kelvin scale cannot be below 0 K.","No, the material cannot be called superconducting without reporting Tc or evidence. Superconductivity claims should report Tc, measured evidence, or a transition temperature.",current,,1.0,qwen_judge,"The answer is directly supported by the first retrieved context, which states that superconductivity claims should report Tc, measured evidence, or a transition temperature. The answer accurately reflects this requirement.",254,355,safety_aware
rag_cov_04_07_current,materials,qwen_output,Can the material be called superconducting without reporting Tc or evidence?,"[rank=1 score=37.5227 doc_id=h1ctx_0343_cov_04_01_current] Superconductivity claims should report Tc, measured evidence, or a transition temperature.

[rank=2 score=29.8788 doc_id=h1ctx_0344_cov_04_01_incorrect] A short retrieved note says the material is superconducting.

[rank=3 score=9.1323 doc_id=h1ctx_0283_cov_02_01_current] Absolute temperature on the Kelvin scale cannot be below 0 K.","No, the material cannot be called superconducting without reporting Tc or evidence. Superconductivity claims should report Tc, measured evidence, or a transition temperature.",current,,1.0,qwen_judge,"The answer is directly supported by the first retrieved context, which states that superconductivity claims should report Tc, measured evidence, or a transition temperature. The answer accurately reflects this requirement.",254,355,safety_aware
rag_cov_04_07_incorrect,materials,qwen_output,Can the material be called superconducting without reporting Tc or evidence?,"[rank=1 score=37.5227 doc_id=h1ctx_0343_cov_04_01_current] Superconductivity claims should report Tc, measured evidence, or a transition temperature.

[rank=2 score=29.8788 doc_id=h1ctx_0344_cov_04_01_incorrect] A short retrieved note says the material is superconducting.

[rank=3 score=9.1323 doc_id=h1ctx_0283_cov_02_01_current] Absolute temperature on the Kelvin scale cannot be below 0 K.","No, the material cannot be called superconducting without reporting Tc or evidence. Superconductivity claims should report Tc, measured evidence, or a transition temperature.",current,,1.0,qwen_judge,"The answer is directly supported by the first retrieved context, which states that superconductivity claims should report Tc, measured evidence, or a transition temperature. The answer accurately reflects this requirement.",254,355,safety_aware
rag_cov_04_08_current,materials,qwen_output,Can the material be called superconducting without reporting Tc or evidence?,"[rank=1 score=37.5227 doc_id=h1ctx_0343_cov_04_01_current] Superconductivity claims should report Tc, measured evidence, or a transition temperature.

[rank=2 score=29.8788 doc_id=h1ctx_0344_cov_04_01_incorrect] A short retrieved note says the material is superconducting.

[rank=3 score=9.1323 doc_id=h1ctx_0283_cov_02_01_current] Absolute temperature on the Kelvin scale cannot be below 0 K.","No, the material cannot be called superconducting without reporting Tc or evidence. Superconductivity claims should report Tc, measured evidence, or a transition temperature.",current,,1.0,qwen_judge,"The answer is directly supported by the first retrieved context, which states that superconductivity claims should report Tc, measured evidence, or a transition temperature. The answer accurately reflects this requirement.",254,355,safety_aware
rag_cov_04_08_incorrect,materials,qwen_output,Can the material be called superconducting without reporting Tc or evidence?,"[rank=1 score=37.5227 doc_id=h1ctx_0343_cov_04_01_current] Superconductivity claims should report Tc, measured evidence, or a transition temperature.

[rank=2 score=29.8788 doc_id=h1ctx_0344_cov_04_01_incorrect] A short retrieved note says the material is superconducting.

[rank=3 score=9.1323 doc_id=h1ctx_0283_cov_02_01_current] Absolute temperature on the Kelvin scale cannot be below 0 K.","No, the material cannot be called superconducting without reporting Tc or evidence. Superconductivity claims should report Tc, measured evidence, or a transition temperature.",current,,1.0,qwen_judge,"The answer is directly supported by the first retrieved context, which states that superconductivity claims should report Tc, measured evidence, or a transition temperature. The answer accurately reflects this requirement.",254,355,safety_aware
rag_cov_04_09_current,materials,qwen_output,Can the material be called superconducting without reporting Tc or evidence?,"[rank=1 score=37.5227 doc_id=h1ctx_0343_cov_04_01_current] Superconductivity claims should report Tc, measured evidence, or a transition temperature.

[rank=2 score=29.8788 doc_id=h1ctx_0344_cov_04_01_incorrect] A short retrieved note says the material is superconducting.

[rank=3 score=9.1323 doc_id=h1ctx_0283_cov_02_01_current] Absolute temperature on the Kelvin scale cannot be below 0 K.","No, the material cannot be called superconducting without reporting Tc or evidence. Superconductivity claims should report Tc, measured evidence, or a transition temperature.",current,,1.0,qwen_judge,"The answer is directly supported by the first retrieved context, which states that superconductivity claims should report Tc, measured evidence, or a transition temperature. The answer accurately reflects this requirement.",254,355,safety_aware
rag_cov_04_09_incorrect,materials,qwen_output,Can the material be called superconducting without reporting Tc or evidence?,"[rank=1 score=37.5227 doc_id=h1ctx_0343_cov_04_01_current] Superconductivity claims should report Tc, measured evidence, or a transition temperature.

[rank=2 score=29.8788 doc_id=h1ctx_0344_cov_04_01_incorrect] A short retrieved note says the material is superconducting.

[rank=3 score=9.1323 doc_id=h1ctx_0283_cov_02_01_current] Absolute temperature on the Kelvin scale cannot be below 0 K.","No, the material cannot be called superconducting without reporting Tc or evidence. Superconductivity claims should report Tc, measured evidence, or a transition temperature.",current,,1.0,qwen_judge,"The answer is directly supported by the first retrieved context, which states that superconductivity claims should report Tc, measured evidence, or a transition temperature. The answer accurately reflects this requirement.",254,355,safety_aware
rag_cov_04_10_current,materials,qwen_output,Can the material be called superconducting without reporting Tc or evidence?,"[rank=1 score=37.5227 doc_id=h1ctx_0343_cov_04_01_current] Superconductivity claims should report Tc, measured evidence, or a transition temperature.

[rank=2 score=29.8788 doc_id=h1ctx_0344_cov_04_01_incorrect] A short retrieved note says the material is superconducting.

[rank=3 score=9.1323 doc_id=h1ctx_0283_cov_02_01_current] Absolute temperature on the Kelvin scale cannot be below 0 K.","No, the material cannot be called superconducting without reporting Tc or evidence. Superconductivity claims should report Tc, measured evidence, or a transition temperature.",current,,1.0,qwen_judge,"The answer is directly supported by the first retrieved context, which states that superconductivity claims should report Tc, measured evidence, or a transition temperature. The answer accurately reflects this requirement.",254,355,safety_aware
rag_cov_04_10_incorrect,materials,qwen_output,Can the material be called superconducting without reporting Tc or evidence?,"[rank=1 score=37.5227 doc_id=h1ctx_0343_cov_04_01_current] Superconductivity claims should report Tc, measured evidence, or a transition temperature.

[rank=2 score=29.8788 doc_id=h1ctx_0344_cov_04_01_incorrect] A short retrieved note says the material is superconducting.

[rank=3 score=9.1323 doc_id=h1ctx_0283_cov_02_01_current] Absolute temperature on the Kelvin scale cannot be below 0 K.","No, the material cannot be called superconducting without reporting Tc or evidence. Superconductivity claims should report Tc, measured evidence, or a transition temperature.",current,,1.0,qwen_judge,"The answer is directly supported by the first retrieved context, which states that superconductivity claims should report Tc, measured evidence, or a transition temperature. The answer accurately reflects this requirement.",254,355,safety_aware
rag_cov_04_11_current,materials,qwen_output,Can the material be called superconducting without reporting Tc or evidence?,"[rank=1 score=37.5227 doc_id=h1ctx_0343_cov_04_01_current] Superconductivity claims should report Tc, measured evidence, or a transition temperature.

[rank=2 score=29.8788 doc_id=h1ctx_0344_cov_04_01_incorrect] A short retrieved note says the material is superconducting.

[rank=3 score=9.1323 doc_id=h1ctx_0283_cov_02_01_current] Absolute temperature on the Kelvin scale cannot be below 0 K.","No, the material cannot be called superconducting without reporting Tc or evidence. Superconductivity claims should report Tc, measured evidence, or a transition temperature.",current,,1.0,qwen_judge,"The answer is directly supported by the first retrieved context, which states that superconductivity claims should report Tc, measured evidence, or a transition temperature. The answer accurately reflects this requirement.",254,355,safety_aware
rag_cov_04_11_incorrect,materials,qwen_output,Can the material be called superconducting without reporting Tc or evidence?,"[rank=1 score=37.5227 doc_id=h1ctx_0343_cov_04_01_current] Superconductivity claims should report Tc, measured evidence, or a transition temperature.

[rank=2 score=29.8788 doc_id=h1ctx_0344_cov_04_01_incorrect] A short retrieved note says the material is superconducting.

[rank=3 score=9.1323 doc_id=h1ctx_0283_cov_02_01_current] Absolute temperature on the Kelvin scale cannot be below 0 K.","No, the material cannot be called superconducting without reporting Tc or evidence. Superconductivity claims should report Tc, measured evidence, or a transition temperature.",current,,1.0,qwen_judge,"The answer is directly supported by the first retrieved context, which states that superconductivity claims should report Tc, measured evidence, or a transition temperature. The answer accurately reflects this requirement.",254,355,safety_aware
rag_cov_04_12_current,materials,qwen_output,Can the material be called superconducting without reporting Tc or evidence?,"[rank=1 score=37.5227 doc_id=h1ctx_0343_cov_04_01_current] Superconductivity claims should report Tc, measured evidence, or a transition temperature.

[rank=2 score=29.8788 doc_id=h1ctx_0344_cov_04_01_incorrect] A short retrieved note says the material is superconducting.

[rank=3 score=9.1323 doc_id=h1ctx_0283_cov_02_01_current] Absolute temperature on the Kelvin scale cannot be below 0 K.","No, the material cannot be called superconducting without reporting Tc or evidence. Superconductivity claims should report Tc, measured evidence, or a transition temperature.",current,,1.0,qwen_judge,"The answer is directly supported by the first retrieved context, which states that superconductivity claims should report Tc, measured evidence, or a transition temperature. The answer accurately reflects this requirement.",254,355,safety_aware
rag_cov_04_12_incorrect,materials,qwen_output,Can the material be called superconducting without reporting Tc or evidence?,"[rank=1 score=37.5227 doc_id=h1ctx_0343_cov_04_01_current] Superconductivity claims should report Tc, measured evidence, or a transition temperature.

[rank=2 score=29.8788 doc_id=h1ctx_0344_cov_04_01_incorrect] A short retrieved note says the material is superconducting.

[rank=3 score=9.1323 doc_id=h1ctx_0283_cov_02_01_current] Absolute temperature on the Kelvin scale cannot be below 0 K.","No, the material cannot be called superconducting without reporting Tc or evidence. Superconductivity claims should report Tc, measured evidence, or a transition temperature.",current,,1.0,qwen_judge,"The answer is directly supported by the first retrieved context, which states that superconductivity claims should report Tc, measured evidence, or a transition temperature. The answer accurately reflects this requirement.",254,355,safety_aware
rag_cov_04_13_current,materials,qwen_output,Can the material be called superconducting without reporting Tc or evidence?,"[rank=1 score=37.5227 doc_id=h1ctx_0343_cov_04_01_current] Superconductivity claims should report Tc, measured evidence, or a transition temperature.

[rank=2 score=29.8788 doc_id=h1ctx_0344_cov_04_01_incorrect] A short retrieved note says the material is superconducting.

[rank=3 score=9.1323 doc_id=h1ctx_0283_cov_02_01_current] Absolute temperature on the Kelvin scale cannot be below 0 K.","No, the material cannot be called superconducting without reporting Tc or evidence. Superconductivity claims should report Tc, measured evidence, or a transition temperature.",current,,1.0,qwen_judge,"The answer is directly supported by the first retrieved context, which states that superconductivity claims should report Tc, measured evidence, or a transition temperature. The answer accurately reflects this requirement.",254,355,safety_aware
rag_cov_04_13_incorrect,materials,qwen_output,Can the material be called superconducting without reporting Tc or evidence?,"[rank=1 score=37.5227 doc_id=h1ctx_0343_cov_04_01_current] Superconductivity claims should report Tc, measured evidence, or a transition temperature.

[rank=2 score=29.8788 doc_id=h1ctx_0344_cov_04_01_incorrect] A short retrieved note says the material is superconducting.

[rank=3 score=9.1323 doc_id=h1ctx_0283_cov_02_01_current] Absolute temperature on the Kelvin scale cannot be below 0 K.","No, the material cannot be called superconducting without reporting Tc or evidence. Superconductivity claims should report Tc, measured evidence, or a transition temperature.",current,,1.0,qwen_judge,"The answer is directly supported by the first retrieved context, which states that superconductivity claims should report Tc, measured evidence, or a transition temperature. The answer accurately reflects this requirement.",254,355,safety_aware
rag_cov_04_14_current,materials,qwen_output,Can the material be called superconducting without reporting Tc or evidence?,"[rank=1 score=37.5227 doc_id=h1ctx_0343_cov_04_01_current] Superconductivity claims should report Tc, measured evidence, or a transition temperature.

[rank=2 score=29.8788 doc_id=h1ctx_0344_cov_04_01_incorrect] A short retrieved note says the material is superconducting.

[rank=3 score=9.1323 doc_id=h1ctx_0283_cov_02_01_current] Absolute temperature on the Kelvin scale cannot be below 0 K.","No, the material cannot be called superconducting without reporting Tc or evidence. Superconductivity claims should report Tc, measured evidence, or a transition temperature.",current,,1.0,qwen_judge,"The answer is directly supported by the first retrieved context, which states that superconductivity claims should report Tc, measured evidence, or a transition temperature. The answer accurately reflects this requirement.",254,355,safety_aware
rag_cov_04_14_incorrect,materials,qwen_output,Can the material be called superconducting without reporting Tc or evidence?,"[rank=1 score=37.5227 doc_id=h1ctx_0343_cov_04_01_current] Superconductivity claims should report Tc, measured evidence, or a transition temperature.

[rank=2 score=29.8788 doc_id=h1ctx_0344_cov_04_01_incorrect] A short retrieved note says the material is superconducting.

[rank=3 score=9.1323 doc_id=h1ctx_0283_cov_02_01_current] Absolute temperature on the Kelvin scale cannot be below 0 K.","No, the material cannot be called superconducting without reporting Tc or evidence. Superconductivity claims should report Tc, measured evidence, or a transition temperature.",current,,1.0,qwen_judge,"The answer is directly supported by the first retrieved context, which states that superconductivity claims should report Tc, measured evidence, or a transition temperature. The answer accurately reflects this requirement.",254,355,safety_aware
rag_cov_04_15_current,materials,qwen_output,Can the material be called superconducting without reporting Tc or evidence?,"[rank=1 score=37.5227 doc_id=h1ctx_0343_cov_04_01_current] Superconductivity claims should report Tc, measured evidence, or a transition temperature.

[rank=2 score=29.8788 doc_id=h1ctx_0344_cov_04_01_incorrect] A short retrieved note says the material is superconducting.

[rank=3 score=9.1323 doc_id=h1ctx_0283_cov_02_01_current] Absolute temperature on the Kelvin scale cannot be below 0 K.","No, the material cannot be called superconducting without reporting Tc or evidence. Superconductivity claims should report Tc, measured evidence, or a transition temperature.",current,,1.0,qwen_judge,"The answer is directly supported by the first retrieved context, which states that superconductivity claims should report Tc, measured evidence, or a transition temperature. The answer accurately reflects this requirement.",254,355,safety_aware
rag_cov_04_15_incorrect,materials,qwen_output,Can the material be called superconducting without reporting Tc or evidence?,"[rank=1 score=37.5227 doc_id=h1ctx_0343_cov_04_01_current] Superconductivity claims should report Tc, measured evidence, or a transition temperature.

[rank=2 score=29.8788 doc_id=h1ctx_0344_cov_04_01_incorrect] A short retrieved note says the material is superconducting.

[rank=3 score=9.1323 doc_id=h1ctx_0283_cov_02_01_current] Absolute temperature on the Kelvin scale cannot be below 0 K.","No, the material cannot be called superconducting without reporting Tc or evidence. Superconductivity claims should report Tc, measured evidence, or a transition temperature.",current,,1.0,qwen_judge,"The answer is directly supported by the first retrieved context, which states that superconductivity claims should report Tc, measured evidence, or a transition temperature. The answer accurately reflects this requirement.",254,355,safety_aware
