material_id,formula_pretty,band_gap,formation_energy_per_atom,energy_above_hull,is_stable,source_type,source_url
mp-1094120,Nb,0.0,0.18974828500000201,0.18974828500000002,False,materials_project,https://materialsproject.org/materials/mp-1094120
mp-1120447,Si,0.0,0.37250966749999903,0.37250966749999903,False,materials_project,https://materialsproject.org/materials/mp-1120447
mp-1179802,Rb,0.0,0.053649282500000006,0.053649282500000006,False,materials_project,https://materialsproject.org/materials/mp-1179802
mp-1180008,O2,1.277299999999999,0.419853780833333,0.419853780833332,False,materials_project,https://materialsproject.org/materials/mp-1180008
mp-1180064,O2,0.042300000000000004,0.38701357200000003,0.38701357199999903,False,materials_project,https://materialsproject.org/materials/mp-1180064
mp-1197903,C,0.07970000000000001,1.4104997176249991,1.4104997176249991,False,materials_project,https://materialsproject.org/materials/mp-1197903
mp-1244913,C,0.10600000000000001,0.9942529476999991,0.9942529476999981,False,materials_project,https://materialsproject.org/materials/mp-1244913
mp-1244924,Ti,0.0,0.183286863166667,0.183286863166667,False,materials_project,https://materialsproject.org/materials/mp-1244924
mp-1244933,Si,0.0,0.34929145859999905,0.34929145859999905,False,materials_project,https://materialsproject.org/materials/mp-1244933
mp-1244953,Al,0.0,0.09572362819999901,0.09572362820000001,False,materials_project,https://materialsproject.org/materials/mp-1244953
mp-1244964,C,0.0724,0.9345966746000001,0.9345966745999991,False,materials_project,https://materialsproject.org/materials/mp-1244964
mp-1244971,Si,0.0030999999999990003,0.31675151759999903,0.31675151760000003,False,materials_project,https://materialsproject.org/materials/mp-1244971
mp-1244987,Zn,0.0,0.058374756800000004,0.058374756800001,False,materials_project,https://materialsproject.org/materials/mp-1244987
mp-1244990,Si,0.0,0.36627406769999904,0.36627406770000004,False,materials_project,https://materialsproject.org/materials/mp-1244990
mp-1245006,Ti,0.0,0.141383983866667,0.141383983866665,False,materials_project,https://materialsproject.org/materials/mp-1245006
mp-1245041,Si,0.027599999999999004,0.310314400899999,0.310314400899999,False,materials_project,https://materialsproject.org/materials/mp-1245041
mp-1245067,Al,0.0,0.11430868649999901,0.1143086865,False,materials_project,https://materialsproject.org/materials/mp-1245067
mp-1245093,Zn,0.0,0.055068915200000006,0.055068915200001005,False,materials_project,https://materialsproject.org/materials/mp-1245093
mp-1245108,Fe,0.0,0.279455497300001,0.2794554973,False,materials_project,https://materialsproject.org/materials/mp-1245108
mp-1245129,Al,0.0,0.094750410799999,0.0947504108,False,materials_project,https://materialsproject.org/materials/mp-1245129
mp-1245152,Al,0.0,0.102081550799999,0.1020815508,False,materials_project,https://materialsproject.org/materials/mp-1245152
mp-1245164,Ti,0.006299999999999001,0.138331885266666,0.138331885266666,False,materials_project,https://materialsproject.org/materials/mp-1245164
mp-1245170,Ti,0.0,0.169614288666666,0.169614288666666,False,materials_project,https://materialsproject.org/materials/mp-1245170
mp-1245184,Zn,0.0,0.0488518927,0.0488518927,False,materials_project,https://materialsproject.org/materials/mp-1245184
mp-1245190,C,0.0,1.014946403599999,1.014946403599999,False,materials_project,https://materialsproject.org/materials/mp-1245190
mp-1245242,Si,0.0,0.31691021609999803,0.31691021610000003,False,materials_project,https://materialsproject.org/materials/mp-1245242
mp-1245266,Zn,0.0,0.052315974800000005,0.052315974800000005,False,materials_project,https://materialsproject.org/materials/mp-1245266
mp-1245307,Al,0.0,0.10754954109999901,0.1075495411,False,materials_project,https://materialsproject.org/materials/mp-1245307
mp-1245320,Ti,0.0,0.155102003566667,0.155102003566666,False,materials_project,https://materialsproject.org/materials/mp-1245320
mp-1403870,Si,0.0,1.250752009999999,1.250752009999999,False,materials_project,https://materialsproject.org/materials/mp-1403870
mp-632401,B,0.0,0.29153570833333303,0.29153570833333303,False,materials_project,https://materialsproject.org/materials/mp-632401
mp-640416,Rb,0.0,0.05672780374999901,0.05672780374999901,False,materials_project,https://materialsproject.org/materials/mp-640416
mp-644693,Si,0.0,0.41511927999999904,0.41511927999999904,False,materials_project,https://materialsproject.org/materials/mp-644693
mp-656615,Rb,0.0,0.022942533749999,0.022942533749999,False,materials_project,https://materialsproject.org/materials/mp-656615
mp-676011,Si,0.0,0.44703532249999905,0.44703532249999905,False,materials_project,https://materialsproject.org/materials/mp-676011
mp-988210,Si,0.0,1.9596229937499992,1.9596229937499992,False,materials_project,https://materialsproject.org/materials/mp-988210
mp-1056079,Cu,0,1.982934489999999,1.982934489999999,False,materials_project,https://materialsproject.org/materials/mp-1056079
mp-1056831,O2,0,1.311098234999999,1.311098234999999,False,materials_project,https://materialsproject.org/materials/mp-1056831
mp-1178801,W,0,1.198139206500002,1.198139206500002,False,materials_project,https://materialsproject.org/materials/mp-1178801
mp-1182029,C,0,1.002409142499999,1.002409142499999,False,materials_project,https://materialsproject.org/materials/mp-1182029
mp-1191581,W,0,1.181116915599996,1.1811169156,False,materials_project,https://materialsproject.org/materials/mp-1191581
mp-43,U,0,0.08967122466668401,0.089671224666673,False,materials_project,https://materialsproject.org/materials/mp-43
mp-1067758,Bi,0.0,0.08585941499999401,0.08585941499999401,False,materials_project,https://materialsproject.org/materials/mp-1067758
mp-1179605,Sb,0.0,0.050482344999998006,0.050482344999998006,False,materials_project,https://materialsproject.org/materials/mp-1179605
mp-1182070,Bi,0.0,0.058095357499993006,0.058095357499993006,False,materials_project,https://materialsproject.org/materials/mp-1182070
mp-2647017,C,0.244099999999999,0.177572003999999,0.177572003999999,False,materials_project,https://materialsproject.org/materials/mp-2647017
mp-567379,Bi,0.0,0.062386567499999004,0.062386567499999004,False,materials_project,https://materialsproject.org/materials/mp-567379
mp-567409,Sb,0.0,0.12089456250000101,0.12089456250000101,False,materials_project,https://materialsproject.org/materials/mp-567409
mp-613989,Pu,0.0,0.008192166249997001,0.008192166249997001,False,materials_project,https://materialsproject.org/materials/mp-613989
mp-632286,Sb,0.0,0.05888531,0.05888531,False,materials_project,https://materialsproject.org/materials/mp-632286
mp-42,Ta,0,7.669666661058728e-06,7.669666665321984e-06,False,materials_project,https://materialsproject.org/materials/mp-42
mp-1009490,O2,1.426,0.0017175900000000002,0.0017175900000000002,False,materials_project,https://materialsproject.org/materials/mp-1009490
mp-1059528,Pr,0.0,0.009701464999999,0.009701464999999,False,materials_project,https://materialsproject.org/materials/mp-1059528
mp-1079297,Si,0.2735,0.08220610625000001,0.08220610625000001,False,materials_project,https://materialsproject.org/materials/mp-1079297
mp-1080826,C,3.4876,0.300915499999998,0.300915499999998,False,materials_project,https://materialsproject.org/materials/mp-1080826
mp-1096915,Cs,0.0,0.042207972068965004,0.042207972068965004,False,materials_project,https://materialsproject.org/materials/mp-1096915
mp-1104341,Nb,0.0,0.023213351428572,0.023213351428573,False,materials_project,https://materialsproject.org/materials/mp-1104341
mp-1179990,P,3.0938,0.8763179616666661,0.8763179616666661,False,materials_project,https://materialsproject.org/materials/mp-1179990
mp-1180307,Mo,0.0,0.39894528437499904,0.39894528437499904,False,materials_project,https://materialsproject.org/materials/mp-1180307
mp-1182248,Bi,1.5046,1.077316884999994,1.077316884999994,False,materials_project,https://materialsproject.org/materials/mp-1182248
mp-1182425,B,0.0,0.482333581666666,0.482333581666666,False,materials_project,https://materialsproject.org/materials/mp-1182425
mp-1238808,Au,0.0,0.11838149999999802,0.11838149999999802,False,materials_project,https://materialsproject.org/materials/mp-1238808
mp-12883,P,3.5354,0.15457059702380901,0.15457059702380901,False,materials_project,https://materialsproject.org/materials/mp-12883
mp-12957,O2,1.0933,0.0,0.0,True,materials_project,https://materialsproject.org/materials/mp-12957
mp-1524462,O2,2.7061,0.0,0.0,True,materials_project,https://materialsproject.org/materials/mp-1524462
mp-1947043,Bi,0.08079999999999901,0.071962377499993,0.071962377499993,False,materials_project,https://materialsproject.org/materials/mp-1947043
mp-1974574,Hg,0.0,0.011028022499999,0.011028022499999,False,materials_project,https://materialsproject.org/materials/mp-1974574
mp-2204849,O2,2.720399999999999,0.0035132812500000003,0.0035132812500000003,False,materials_project,https://materialsproject.org/materials/mp-2204849
mp-2206907,O2,2.285,0.027979431250000002,0.027979431250000002,False,materials_project,https://materialsproject.org/materials/mp-2206907
mp-23157,Bi,0.0,0.050300225000000004,0.050300225000000004,False,materials_project,https://materialsproject.org/materials/mp-23157
mp-3347313,C,1.376199999999999,0.0,0.0,True,materials_project,https://materialsproject.org/materials/mp-3347313
mp-542606,Pu,0.0,0.7908879723529341,0.7908879723529331,False,materials_project,https://materialsproject.org/materials/mp-542606
mp-561367,F2,2.3942,0.00299408,0.00299408,False,materials_project,https://materialsproject.org/materials/mp-561367
mp-567332,Ce,0.0,0.0038607150000010003,0.0038607150000010003,False,materials_project,https://materialsproject.org/materials/mp-567332
mp-569360,Hg,0.09670000000000001,0.006275719166666,0.006275719166666,False,materials_project,https://materialsproject.org/materials/mp-569360
mp-570459,Te,0.0,0.07254629999999901,0.07254629999999901,False,materials_project,https://materialsproject.org/materials/mp-570459
mp-611836,O2,1.314299999999999,0.009970109999999002,0.009970109999999002,False,materials_project,https://materialsproject.org/materials/mp-611836
mp-632329,C,0.0,0.0141120575,0.0141120575,False,materials_project,https://materialsproject.org/materials/mp-632329
mp-1096992,Hg,0,0.028226317499999,0.028226317499999,False,materials_project,https://materialsproject.org/materials/mp-1096992
mp-1056027,K,0,0.496229587,0.496229587,False,materials_project,https://materialsproject.org/materials/mp-1056027
mp-1056059,O2,0,1.557554774999999,1.557554774999999,False,materials_project,https://materialsproject.org/materials/mp-1056059
mp-1065697,O2,0,1.579331004999999,1.579331004999999,False,materials_project,https://materialsproject.org/materials/mp-1065697
mp-1096977,H2,0,0.40012652125000003,0.40012652125000003,False,materials_project,https://materialsproject.org/materials/mp-1096977
mp-1179325,Sr,0,0.39972050333333403,0.39972050333333403,False,materials_project,https://materialsproject.org/materials/mp-1179325
mp-1180991,K,0,0.118525908249999,0.118525908249999,False,materials_project,https://materialsproject.org/materials/mp-1180991
mp-1182332,As,0,1.090449800000001,1.090449800000001,False,materials_project,https://materialsproject.org/materials/mp-1182332
mp-1227541,Ca,0,0.9729114900000011,0.9729114900000011,False,materials_project,https://materialsproject.org/materials/mp-1227541
mp-1977763,Ba,0,0.35921323999999905,0.35921323999999905,False,materials_project,https://materialsproject.org/materials/mp-1977763
mp-1076923,Ta,0,5.146382562500001,5.146382562500001,False,materials_project,https://materialsproject.org/materials/mp-1076923
mp-1064244,Sc,0.0,0.11248714000000001,0.11248714000000001,False,materials_project,https://materialsproject.org/materials/mp-1064244
mp-7098,Np,0.0,0.09617646374999801,0.09617646374999801,False,materials_project,https://materialsproject.org/materials/mp-7098
mp-723897,P,2.1942,3.518999916666667,3.518999916666667,False,materials_project,https://materialsproject.org/materials/mp-723897
mp-1180036,O2,0.46429999999999905,0.029974092499999,0.029974092499999,False,materials_project,https://materialsproject.org/materials/mp-1180036
mp-1190217,Mo,0.0,0.47885933499999905,0.47885933499999905,False,materials_project,https://materialsproject.org/materials/mp-1190217
mp-568348,P,1.8454000000000002,0.0,0.0,True,materials_project,https://materialsproject.org/materials/mp-568348
mp-729184,B,0.5081,1.498615078583334,1.498615078583333,False,materials_project,https://materialsproject.org/materials/mp-729184
mp-96,S,2.748,0.0009478456250010001,0.0009478456250010001,False,materials_project,https://materialsproject.org/materials/mp-96
mp-22046,B,0,0.09513511709999901,0.09513511709999901,False,materials_project,https://materialsproject.org/materials/mp-22046
mp-570316,B,0,0.15526669916666602,0.15526669916666602,False,materials_project,https://materialsproject.org/materials/mp-570316
mp-570602,B,0,0.22346854563333401,0.22346854563333302,False,materials_project,https://materialsproject.org/materials/mp-570602
mp-672241,Cs,0,0.027480051250002004,0.027480051250002004,False,materials_project,https://materialsproject.org/materials/mp-672241
mp-1008501,Be,0.0,0.050546004999999006,0.050546004999999006,False,materials_project,https://materialsproject.org/materials/mp-1008501
mp-1064933,S,0.0,0.349663774375,0.349663774375,False,materials_project,https://materialsproject.org/materials/mp-1064933
mp-1192789,Cr,0.0,0.26357824500000304,0.26357824500000104,False,materials_project,https://materialsproject.org/materials/mp-1192789
mp-1193227,Co,0.0,0.11920180928571401,0.11920180928571401,False,materials_project,https://materialsproject.org/materials/mp-1193227
mp-1194030,Fe,0.0,0.17528872,0.175288720000001,False,materials_project,https://materialsproject.org/materials/mp-1194030
mp-569794,Ta,0.0,0.0,0.0,True,materials_project,https://materialsproject.org/materials/mp-569794
mp-570747,N2,6.739,0.002401956249999,0.002401956249999,False,materials_project,https://materialsproject.org/materials/mp-570747
mp-697196,Ta,0.0,1.211237520000013,1.211237520000011,False,materials_project,https://materialsproject.org/materials/mp-697196
mp-93,U,0.0,0.09751105433333501,0.09751105433332401,False,materials_project,https://materialsproject.org/materials/mp-93
mp-1204046,Si,0.15080000000000002,0.178885465377357,0.178885465377357,False,materials_project,https://materialsproject.org/materials/mp-1204046
mp-570778,Cl2,2.6476,0.07299328437499901,0.07299328437499901,False,materials_project,https://materialsproject.org/materials/mp-570778
mp-1008395,C,2.243399999999999,0.335081674999999,0.335081674999999,False,materials_project,https://materialsproject.org/materials/mp-1008395
mp-1010048,Br,0.0,0.20109457500000003,0.20109457500000003,False,materials_project,https://materialsproject.org/materials/mp-1010048
mp-1010136,Cu,0.0,0.03556281,0.03556281,False,materials_project,https://materialsproject.org/materials/mp-1010136
mp-1055994,In,0.0,0.004489730000003,0.004489730000003,False,materials_project,https://materialsproject.org/materials/mp-1055994
mp-1056351,Mg,0.0,0.037615175,0.037615175,False,materials_project,https://materialsproject.org/materials/mp-1056351
mp-1056366,Sc,0.0,0.10778921500000001,0.10778921500000001,False,materials_project,https://materialsproject.org/materials/mp-1056366
mp-1056579,Si,0.0,0.48407213000000104,0.48407213000000104,False,materials_project,https://materialsproject.org/materials/mp-1056579
mp-10631,Sb,0.0,0.30193994,0.30193994,False,materials_project,https://materialsproject.org/materials/mp-10631
mp-1095534,C,0.371799999999999,1.123357330833332,1.123357330833332,False,materials_project,https://materialsproject.org/materials/mp-1095534
mp-1095633,C,2.5933,0.998754169166666,0.998754169166666,False,materials_project,https://materialsproject.org/materials/mp-1095633
mp-1179832,Rb,0.11029999999999901,0.452524276249999,0.452524276249999,False,materials_project,https://materialsproject.org/materials/mp-1179832
mp-1181996,C,0.0,2.636820752499999,2.636820752499999,False,materials_project,https://materialsproject.org/materials/mp-1181996
mp-1183455,Ca,0.0,0.013071680000001001,0.013071680000001001,False,materials_project,https://materialsproject.org/materials/mp-1183455
mp-1183694,Cs,0.0,0.019629529999999,0.019629529999999,False,materials_project,https://materialsproject.org/materials/mp-1183694
mp-1205417,C,4.1977,1.168639081999999,1.168639082,False,materials_project,https://materialsproject.org/materials/mp-1205417
mp-1238842,As,0.0,0.411891148333334,0.411891148333333,False,materials_project,https://materialsproject.org/materials/mp-1238842
mp-1239196,Al,0.0,0.302125532499999,0.302125532499999,False,materials_project,https://materialsproject.org/materials/mp-1239196
mp-1271068,Fe,0.0,0.017069855000000002,0.017069855000000002,False,materials_project,https://materialsproject.org/materials/mp-1271068
mp-1271128,Fe,0.0,0.099134600000001,0.099134600000001,False,materials_project,https://materialsproject.org/materials/mp-1271128
mp-140,Ga,0.0,0.12798925999999902,0.12798925999999902,False,materials_project,https://materialsproject.org/materials/mp-140
mp-1524991,N2,0.0,3.098628081249999,3.098628081249999,False,materials_project,https://materialsproject.org/materials/mp-1524991
mp-1525568,Hg,0.0,0.0041815424999990004,0.0041815424999990004,False,materials_project,https://materialsproject.org/materials/mp-1525568
mp-1525745,O2,0.0,0.28006160625000004,0.28006160625000004,False,materials_project,https://materialsproject.org/materials/mp-1525745
mp-166,Ca,0.0,0.02121779,0.02121779,False,materials_project,https://materialsproject.org/materials/mp-166
mp-1949606,Cs,0.0,0.0,0.0,True,materials_project,https://materialsproject.org/materials/mp-1949606
mp-2739124,Cs,0.0,0.017216879999999,0.017216879999999,False,materials_project,https://materialsproject.org/materials/mp-2739124
mp-2739136,H2,10.5108,0.0018788512499990002,0.0018788512499990002,False,materials_project,https://materialsproject.org/materials/mp-2739136
mp-2739257,K,0.0,0.000127825,0.000127825,False,materials_project,https://materialsproject.org/materials/mp-2739257
mp-55,Sn,0.0,0.22838304,0.22838304,False,materials_project,https://materialsproject.org/materials/mp-55
mp-568714,Bi,0.0,1.166589019999996,1.166589019999996,False,materials_project,https://materialsproject.org/materials/mp-568714
mp-568938,Pr,0.0,0.11243127833333501,0.11243127833333501,False,materials_project,https://materialsproject.org/materials/mp-568938
mp-569289,Hg,0.0,0.007561465000001001,0.007561465000001001,False,materials_project,https://materialsproject.org/materials/mp-569289
mp-601148,I,0.0,0.119380204999999,0.119380204999999,False,materials_project,https://materialsproject.org/materials/mp-601148
mp-62,Pa,0.0,0.0,0.0,True,materials_project,https://materialsproject.org/materials/mp-62
mp-623511,Sn,0.0,0.061407004999999,0.061407004999999,False,materials_project,https://materialsproject.org/materials/mp-623511
mp-632172,H2,9.328899999999999,0.0006432450000000001,0.0006432450000000001,False,materials_project,https://materialsproject.org/materials/mp-632172
mp-632291,H2,8.8499,0.002950801249999,0.002950801249999,False,materials_project,https://materialsproject.org/materials/mp-632291
mp-639755,Rb,0.0,0.007387402500000001,0.007387402500000001,False,materials_project,https://materialsproject.org/materials/mp-639755
mp-850274,H2,8.5338,0.0017543562500000002,0.0017543562500000002,False,materials_project,https://materialsproject.org/materials/mp-850274
mp-974920,Na,0.0,0.012510683448275,0.012510683448275,False,materials_project,https://materialsproject.org/materials/mp-974920
mp-975519,Rb,0.0,0.016627212499999003,0.016627212499999003,False,materials_project,https://materialsproject.org/materials/mp-975519
mp-999200,Si,0.439799999999999,0.11663319999999901,0.11663319999999901,False,materials_project,https://materialsproject.org/materials/mp-999200
mp-1065250,S,0.0097,0.347627704375,0.347627704375,False,materials_project,https://materialsproject.org/materials/mp-1065250
mp-1077098,Hg,1.0394,0.017943575000003,0.017943575000003,False,materials_project,https://materialsproject.org/materials/mp-1077098
mp-1080694,Os,0.0,0.23444609375000103,0.23444609375000103,False,materials_project,https://materialsproject.org/materials/mp-1080694
mp-1094073,S,0.0,0.5708694668750001,0.5708694668750001,False,materials_project,https://materialsproject.org/materials/mp-1094073
mp-1179643,S,0.0,0.34840703437500004,0.34840703437500004,False,materials_project,https://materialsproject.org/materials/mp-1179643
mp-1179962,Pu,0.0,0.00013866874999700002,0.00013866874999700002,False,materials_project,https://materialsproject.org/materials/mp-1179962
mp-1180157,Os,0.0,3.9035489425000023,3.9035489425000023,False,materials_project,https://materialsproject.org/materials/mp-1180157
mp-542461,Se,1.5703,0.0035756384374990005,0.0035756384374990005,False,materials_project,https://materialsproject.org/materials/mp-542461
mp-542605,Se,1.390199999999999,0.0018038528125000001,0.0018038528125000001,False,materials_project,https://materialsproject.org/materials/mp-542605
mp-556269,S,2.3783,0.031339838715278005,0.031339838715279004,False,materials_project,https://materialsproject.org/materials/mp-556269
mp-557488,S,2.4187,0.012285684965277,0.012285684965277,False,materials_project,https://materialsproject.org/materials/mp-557488
mp-557559,S,2.496299999999999,0.030134763973215004,0.030134763973215004,False,materials_project,https://materialsproject.org/materials/mp-557559
mp-570481,Se,1.7696,0.0,0.0,True,materials_project,https://materialsproject.org/materials/mp-570481
mp-583072,S,2.4672,0.026070752379807,0.026070752379808004,False,materials_project,https://materialsproject.org/materials/mp-583072
mp-723638,C,1.876599999999999,1.041364663541666,1.041364663541665,False,materials_project,https://materialsproject.org/materials/mp-723638
mp-83,S,2.5729,0.028929664687500002,0.028929664687501,False,materials_project,https://materialsproject.org/materials/mp-83
mp-1008498,Ca,0,0.179569497499999,0.179569497499999,False,materials_project,https://materialsproject.org/materials/mp-1008498
mp-1078640,K,0,0.166350255749999,0.166350255749999,False,materials_project,https://materialsproject.org/materials/mp-1078640
mp-1102666,Pb,0,0.11592558166666801,0.11592558166666501,False,materials_project,https://materialsproject.org/materials/mp-1102666
mp-567144,Sb,0,0.27059629500000004,0.27059629500000004,False,materials_project,https://materialsproject.org/materials/mp-567144
mp-567308,Sc,0,0.20573354000000002,0.20573354000000002,False,materials_project,https://materialsproject.org/materials/mp-567308
mp-567826,Sr,0,0.181785007499998,0.181785007499998,False,materials_project,https://materialsproject.org/materials/mp-567826
mp-568087,Bi,0,0.214916299999998,0.214916299999998,False,materials_project,https://materialsproject.org/materials/mp-568087
mp-570384,Ba,0,0.1302275475,0.1302275475,False,materials_project,https://materialsproject.org/materials/mp-570384
mp-1057139,Mn,0,0.657519872068965,0.657519872068965,False,materials_project,https://materialsproject.org/materials/mp-1057139
mp-10617,Sr,0,0.258648878333334,0.258648878333334,False,materials_project,https://materialsproject.org/materials/mp-10617
mp-1180961,K,0,0.07119881125000001,0.07119881125000001,False,materials_project,https://materialsproject.org/materials/mp-1180961
mp-1184591,Hg,0,0.010926082499999,0.010926082499999,False,materials_project,https://materialsproject.org/materials/mp-1184591
mp-1216274,W,0,0.804129780000003,0.804129780000003,False,materials_project,https://materialsproject.org/materials/mp-1216274
mp-1525145,Bi,0,0.081740279999998,0.081740279999998,False,materials_project,https://materialsproject.org/materials/mp-1525145
mp-3,Cs,0,0.07448497000000001,0.07448497000000001,False,materials_project,https://materialsproject.org/materials/mp-3
mp-639736,Rb,0,0.07019465250000001,0.07019465250000001,False,materials_project,https://materialsproject.org/materials/mp-639736
mp-78,Ge,0,0.22971913499999902,0.22971913499999902,False,materials_project,https://materialsproject.org/materials/mp-78
mp-84,Sn,0,0.12017831000000001,0.12017831000000001,False,materials_project,https://materialsproject.org/materials/mp-84
mp-92,Si,0,0.28873980000000005,0.28873980000000005,False,materials_project,https://materialsproject.org/materials/mp-92
mp-608100,S,0.310899999999999,0.44014294409722204,0.44014294409722304,False,materials_project,https://materialsproject.org/materials/mp-608100
mp-655141,S,0.8323,0.357308728541666,0.357308728541666,False,materials_project,https://materialsproject.org/materials/mp-655141
mp-128,Ge,0.0,0.1475858025,0.1475858025,False,materials_project,https://materialsproject.org/materials/mp-128
mp-147,Se,1.5329000000000002,0.023391177604165002,0.023391177604166,False,materials_project,https://materialsproject.org/materials/mp-147
mp-571520,Si,0.0,0.19694103500000001,0.19694103500000001,False,materials_project,https://materialsproject.org/materials/mp-571520
mp-7,S,2.1651,0.0512361921875,0.051236192187499,False,materials_project,https://materialsproject.org/materials/mp-7
mp-1067793,F2,0.0,0.277234039999999,0.277234039999999,False,materials_project,https://materialsproject.org/materials/mp-1067793
mp-1077335,U,0.0,0.281440481666663,0.281440481666663,False,materials_project,https://materialsproject.org/materials/mp-1077335
mp-1087546,O2,0.0,0.017992666249999,0.017992666249999,False,materials_project,https://materialsproject.org/materials/mp-1087546
mp-1179656,Rb,0.0,0.0,0.0,True,materials_project,https://materialsproject.org/materials/mp-1179656
mp-1180050,O2,0.0,0.769024454999999,0.769024454999999,False,materials_project,https://materialsproject.org/materials/mp-1180050
mp-1199894,Si,0.998499999999999,0.128874325731708,0.128874325731707,False,materials_project,https://materialsproject.org/materials/mp-1199894
mp-1523415,F2,0.4797,0.30951384749999905,0.30951384749999905,False,materials_project,https://materialsproject.org/materials/mp-1523415
mp-1525391,Rb,0.0,0.014380673749998001,0.014380673749998001,False,materials_project,https://materialsproject.org/materials/mp-1525391
mp-2739215,O2,2.6679999999999993,0.012019398749999001,0.012019398749999001,False,materials_project,https://materialsproject.org/materials/mp-2739215
mp-557031,S,2.0442,0.0336984834375,0.0336984834375,False,materials_project,https://materialsproject.org/materials/mp-557031
mp-557376,S,2.1627,0.026719425187499,0.026719425187501002,False,materials_project,https://materialsproject.org/materials/mp-557376
mp-561203,F2,2.8962,0.0023734074999990002,0.0023734074999990002,False,materials_project,https://materialsproject.org/materials/mp-561203
mp-604325,K,0.0,0.073541117,0.073541117,False,materials_project,https://materialsproject.org/materials/mp-604325
mp-1183057,Ac,0.0,0.015585797500004002,0.015585797500008,False,materials_project,https://materialsproject.org/materials/mp-1183057
mp-14,Se,0.8765000000000001,0.001081077604167,0.001081077604167,False,materials_project,https://materialsproject.org/materials/mp-14
mp-19,Te,0.18560000000000001,0.0,0.0,True,materials_project,https://materialsproject.org/materials/mp-19
mp-567630,Pr,0.0,0.008282981666662,0.008282981666663001,False,materials_project,https://materialsproject.org/materials/mp-567630
mp-1179917,Pr,0.0,0.035177221666666,0.035177221666668,False,materials_project,https://materialsproject.org/materials/mp-1179917
mp-555760,S,2.2718,0.029379828298611,0.029379828298612003,False,materials_project,https://materialsproject.org/materials/mp-555760
mp-567313,Te,0.5606,0.000981610000001,0.0009816100000000002,False,materials_project,https://materialsproject.org/materials/mp-567313
mp-1023923,O2,2.3448,0.9644220599999991,0.96442206,False,materials_project,https://materialsproject.org/materials/mp-1023923
mp-2421172,O2,2.764199999999999,0.9162664466666661,0.9162664466666661,False,materials_project,https://materialsproject.org/materials/mp-2421172
mp-1014111,Ni,0.0,0.6202391299999991,0.6202391299999991,False,materials_project,https://materialsproject.org/materials/mp-1014111
mp-1120774,Cu,0.0,0.18032071500000002,0.18032071500000002,False,materials_project,https://materialsproject.org/materials/mp-1120774
mp-1202745,Si,0.8932000000000001,0.144239747241379,0.144239747241378,False,materials_project,https://materialsproject.org/materials/mp-1202745
mp-1238818,Ti,0.0,0.310307806666666,0.310307806666665,False,materials_project,https://materialsproject.org/materials/mp-1238818
mp-1271142,Co,0.0,0.010144927499998001,0.010144927499998001,False,materials_project,https://materialsproject.org/materials/mp-1271142
mp-990424,C,0.012399999999999,0.008908770000001,0.008908770000001,False,materials_project,https://materialsproject.org/materials/mp-990424
mp-1018122,Tm,0.0,0.006666056666659001,0.006666056666659001,False,materials_project,https://materialsproject.org/materials/mp-1018122
mp-1018134,Li,0.0,0.0,0.0,True,materials_project,https://materialsproject.org/materials/mp-1018134
mp-104,Sb,0.0,0.0,0.0,True,materials_project,https://materialsproject.org/materials/mp-104
mp-1055932,Sc,0.0,0.052474915000001,0.052474915000001,False,materials_project,https://materialsproject.org/materials/mp-1055932
mp-1057273,Pb,0.0,0.067816855000003,0.067816855000003,False,materials_project,https://materialsproject.org/materials/mp-1057273
mp-10658,Dy,0.0,0.011588688333337,0.011588688333336001,False,materials_project,https://materialsproject.org/materials/mp-10658
mp-10659,Ho,0.0,0.015270595000004002,0.015270595000004002,False,materials_project,https://materialsproject.org/materials/mp-10659
mp-1094057,Si,0.0,0.517749729999999,0.51774973,False,materials_project,https://materialsproject.org/materials/mp-1094057
mp-1094122,Mg,0.0,0.003384133333333,0.003384133333333,False,materials_project,https://materialsproject.org/materials/mp-1094122
mp-11,As,0.0,0.011004127499999001,0.011004127499999001,False,materials_project,https://materialsproject.org/materials/mp-11
mp-1104251,B,0.0,0.21466703350000002,0.21466703350000002,False,materials_project,https://materialsproject.org/materials/mp-1104251
mp-11698,Tb,0.0,0.0034975233333320002,0.0034975233333330003,False,materials_project,https://materialsproject.org/materials/mp-11698
mp-1178932,Te,0.0,0.05409545333333501,0.05409545333333501,False,materials_project,https://materialsproject.org/materials/mp-1178932
mp-1183069,Ac,0.0,0.011821722500002001,0.011821722500002001,False,materials_project,https://materialsproject.org/materials/mp-1183069
mp-1183542,Cd,0.0,0.024284360000002003,0.024284360000002003,False,materials_project,https://materialsproject.org/materials/mp-1183542
mp-1184115,Er,0.0,0.0,0.0,True,materials_project,https://materialsproject.org/materials/mp-1184115
mp-1184502,In,0.0,0.007490013333333,0.0074900133333350005,False,materials_project,https://materialsproject.org/materials/mp-1184502
mp-1184569,Hg,0.0,0.024823714999996003,0.024823714999996003,False,materials_project,https://materialsproject.org/materials/mp-1184569
mp-1184764,K,0.0,0.00803126625,0.00803126625,False,materials_project,https://materialsproject.org/materials/mp-1184764
mp-1186440,Pm,0.0,0.007940435833333,0.007940435833337001,False,materials_project,https://materialsproject.org/materials/mp-1186440
mp-1187073,Sr,0.0,0.002934636666665,0.0029346366666670003,False,materials_project,https://materialsproject.org/materials/mp-1187073
mp-1187739,Y,0.0,0.042620386666664005,0.042620386666666,False,materials_project,https://materialsproject.org/materials/mp-1187739
mp-1187769,Xe,6.2294,0.00214107,0.00214107,False,materials_project,https://materialsproject.org/materials/mp-1187769
mp-1187812,Zn,0.0,0.007402094999998001,0.007402094999999001,False,materials_project,https://materialsproject.org/materials/mp-1187812
mp-121,Hg,0.0,0.016982612499994002,0.016982612499994002,False,materials_project,https://materialsproject.org/materials/mp-121
mp-1228790,B,0.0,0.190684579500001,0.1906845795,False,materials_project,https://materialsproject.org/materials/mp-1228790
mp-130,P,0.0,0.11263016202381002,0.11263016202381002,False,materials_project,https://materialsproject.org/materials/mp-130
mp-160,B,1.433399999999999,0.0,0.0,True,materials_project,https://materialsproject.org/materials/mp-160
mp-161,B,0.0,0.019747466261904,0.019747466261904,False,materials_project,https://materialsproject.org/materials/mp-161
mp-169,C,0.094599999999999,0.0007906250000000001,0.0007906250000000001,False,materials_project,https://materialsproject.org/materials/mp-169
mp-23152,Bi,0.0,0.0,0.0,True,materials_project,https://materialsproject.org/materials/mp-23152
mp-2516584,C,1.4276,0.0023171524999990004,0.0023171524999990004,False,materials_project,https://materialsproject.org/materials/mp-2516584
mp-2629196,Hg,0.40890000000000004,0.0008525383333330001,0.0008525383333330001,False,materials_project,https://materialsproject.org/materials/mp-2629196
mp-2739273,Nb,0.0,0.011771527142859001,0.011771527142858,False,materials_project,https://materialsproject.org/materials/mp-2739273
mp-541848,B,0.0,0.7090749072222221,0.7090749072222221,False,materials_project,https://materialsproject.org/materials/mp-541848
mp-569007,Ga,0.0,0.08874567863636201,0.08874567863636201,False,materials_project,https://materialsproject.org/materials/mp-569007
mp-569304,C,0.0148,0.009060210000001,0.009060210000001,False,materials_project,https://materialsproject.org/materials/mp-569304
mp-569416,C,0.10560000000000001,0.00210089125,0.00210089125,False,materials_project,https://materialsproject.org/materials/mp-569416
mp-569517,C,4.5686,0.12029307100000002,0.12029307100000002,False,materials_project,https://materialsproject.org/materials/mp-569517
mp-569567,C,4.4229,0.117805412142857,0.117805412142857,False,materials_project,https://materialsproject.org/materials/mp-569567
mp-570087,Gd,0.0,0.028687346666676,0.028687346666671002,False,materials_project,https://materialsproject.org/materials/mp-570087
mp-610917,O2,1.3227,0.012108549999999002,0.012108549999999002,False,materials_project,https://materialsproject.org/materials/mp-610917
mp-611219,Hg,1.761099999999999,0.228486112499993,0.228486112499993,False,materials_project,https://materialsproject.org/materials/mp-611219
mp-680372,C,0.7159,0.40914998149999804,0.40914998149999804,False,materials_project,https://materialsproject.org/materials/mp-680372
mp-86,Sm,0.0,0.004673933333331001,0.004673933333329001,False,materials_project,https://materialsproject.org/materials/mp-86
mp-867126,Rb,0.0,0.024408722499999,0.024408722499999,False,materials_project,https://materialsproject.org/materials/mp-867126
mp-972256,Xe,6.1673,0.0,0.0,True,materials_project,https://materialsproject.org/materials/mp-972256
mp-972351,Tl,0.0,0.008828969999996,0.008828969999996,False,materials_project,https://materialsproject.org/materials/mp-972351
mp-972364,Yb,0.0,0.0007620549999950001,0.0007620549999950001,False,materials_project,https://materialsproject.org/materials/mp-972364
mp-973198,Na,0.0,0.0047273466666660005,0.0047273466666660005,False,materials_project,https://materialsproject.org/materials/mp-973198
mp-973571,Lu,0.0,4.736951571734001e-15,0.0,True,materials_project,https://materialsproject.org/materials/mp-973571
mp-974788,Nd,0.0,0.010861629166669001,0.010861629166669001,False,materials_project,https://materialsproject.org/materials/mp-974788
mp-975065,Re,0.0,0.011058360833336,0.011058360833338,False,materials_project,https://materialsproject.org/materials/mp-975065
mp-975590,Kr,7.174799999999999,0.0,0.0,True,materials_project,https://materialsproject.org/materials/mp-975590
mp-979286,Xe,6.1713000000000005,0.006007709999999,0.006007709999999,False,materials_project,https://materialsproject.org/materials/mp-979286
mp-981544,Pr,0.0,0.022790668333333,0.022790668333335002,False,materials_project,https://materialsproject.org/materials/mp-981544
mp-982872,Hg,0.0,0.020471135000001,0.020471135000001,False,materials_project,https://materialsproject.org/materials/mp-982872
mp-989737,Ag,0.0,0.010381675000004,0.010381675000001,False,materials_project,https://materialsproject.org/materials/mp-989737
mp-1077457,Eu,0.0,0.08845976166666401,0.088459761666662,False,materials_project,https://materialsproject.org/materials/mp-1077457
mp-568584,N2,6.9553,0.0016779218750000002,0.0016779218750000002,False,materials_project,https://materialsproject.org/materials/mp-568584
mp-1268191,Si,0,0.36004447499999903,0.36004447500000003,False,materials_project,https://materialsproject.org/materials/mp-1268191
mp-582819,Pu,0,0,0,True,materials_project,https://materialsproject.org/materials/mp-582819
mp-601273,Sc,0,0.127706965000001,0.127706965000001,False,materials_project,https://materialsproject.org/materials/mp-601273
mp-1064307,Te,0,0.09580174749999701,0.09580174749999701,False,materials_project,https://materialsproject.org/materials/mp-1064307
mp-1247808,Se,0,0.147542163437499,0.147542163437499,False,materials_project,https://materialsproject.org/materials/mp-1247808
mp-2018526,Sc,0,0.17160951833333302,0.17160951833333302,False,materials_project,https://materialsproject.org/materials/mp-2018526
mp-1095086,Ta,0,1.329314316249998,1.329314316249998,False,materials_project,https://materialsproject.org/materials/mp-1095086
mp-1067619,Ge,0,0.476145725,0.476145725,False,materials_project,https://materialsproject.org/materials/mp-1067619
mp-669382,Co,0,0.11766239086956701,0.11766239086956701,False,materials_project,https://materialsproject.org/materials/mp-669382
mp-1182684,C,0.26069999999999904,1.529662770124999,1.529662770124998,False,materials_project,https://materialsproject.org/materials/mp-1182684
mp-555915,S,2.574799999999999,0.013625012604167002,0.013625012604167002,False,materials_project,https://materialsproject.org/materials/mp-555915
mp-730101,H2,9.7197,0.0,0.0,True,materials_project,https://materialsproject.org/materials/mp-730101
mp-1008283,Ba,0.0,0.727831655,0.727831655,False,materials_project,https://materialsproject.org/materials/mp-1008283
mp-1009460,Hf,0.0,0.032178136666658,0.032178136666665004,False,materials_project,https://materialsproject.org/materials/mp-1009460
mp-1040425,C,0.0001,0.01760497,0.01760497,False,materials_project,https://materialsproject.org/materials/mp-1040425
mp-1055956,Mg,0.0,0.23651014,0.23651014,False,materials_project,https://materialsproject.org/materials/mp-1055956
mp-1055985,B,0.0,0.7073052808333341,0.7073052808333341,False,materials_project,https://materialsproject.org/materials/mp-1055985
mp-1056004,Mo,0.0,0.870806519999998,0.870806519999998,False,materials_project,https://materialsproject.org/materials/mp-1056004
mp-1056376,Zr,0.0,0.361779639999998,0.361779639999998,False,materials_project,https://materialsproject.org/materials/mp-1056376
mp-1056418,Sr,0.371899999999999,1.399728133333333,1.399728133333333,False,materials_project,https://materialsproject.org/materials/mp-1056418
mp-1063005,Li,0.0,0.015670883333333,0.015670883333333,False,materials_project,https://materialsproject.org/materials/mp-1063005
mp-1076920,U,0.0,0.385251289999999,0.385251289999999,False,materials_project,https://materialsproject.org/materials/mp-1076920
mp-10861,Hg,0.0,0.002960459166663,0.0029604591666580003,False,materials_project,https://materialsproject.org/materials/mp-10861
mp-1094136,Ni,0.0,0.7398515400000001,0.7398515400000001,False,materials_project,https://materialsproject.org/materials/mp-1094136
mp-1096950,Fe,0.0,0.47669942000000104,0.47669942000000104,False,materials_project,https://materialsproject.org/materials/mp-1096950
mp-1178608,Zr,0.0,1.8015615899999982,1.8015615899999982,False,materials_project,https://materialsproject.org/materials/mp-1178608
mp-1196961,Si,1.1285,0.11045900649999901,0.11045900649999901,False,materials_project,https://materialsproject.org/materials/mp-1196961
mp-1246134,Ni,0.0,0.409910799999999,0.409910799999999,False,materials_project,https://materialsproject.org/materials/mp-1246134
mp-1977495,Sc,0.0,0.065322404999998,0.065322404999998,False,materials_project,https://materialsproject.org/materials/mp-1977495
mp-19858,Sr,0.0,0.23638998333333303,0.23638998333333303,False,materials_project,https://materialsproject.org/materials/mp-19858
mp-2049878,C,1.621,0.012914430000000001,0.012914430000000001,False,materials_project,https://materialsproject.org/materials/mp-2049878
mp-34,Si,0.0,0.30530073,0.30530073,False,materials_project,https://materialsproject.org/materials/mp-34
mp-568806,C,0.0,0.011936282499998,0.011936282499998,False,materials_project,https://materialsproject.org/materials/mp-568806
mp-605790,Ba,0.0,0.17547373,0.17547373,False,materials_project,https://materialsproject.org/materials/mp-605790
mp-72,Ti,0.0,0.0,0.0,True,materials_project,https://materialsproject.org/materials/mp-72
mp-754382,He,16.586399999999998,0.0035665899999990005,0.0035665899999990005,False,materials_project,https://materialsproject.org/materials/mp-754382
mp-754417,H2,0.0,0.37902499500000003,0.37902499500000003,False,materials_project,https://materialsproject.org/materials/mp-754417
mp-990448,C,9.999999999998901e-05,0.013120765000000001,0.013120765000000001,False,materials_project,https://materialsproject.org/materials/mp-990448
mp-1007760,Ge,0.0,0.016676869999999,0.016676869999999,False,materials_project,https://materialsproject.org/materials/mp-1007760
mp-1008634,Au,0.0,0.0021085050000020002,0.0021085050000020002,False,materials_project,https://materialsproject.org/materials/mp-1008634
mp-1008733,Ge,0.0,0.33113761499999905,0.33113761499999905,False,materials_project,https://materialsproject.org/materials/mp-1008733
mp-10172,Na,0.0,0.0,0.0,True,materials_project,https://materialsproject.org/materials/mp-10172
mp-10173,Li,0.0,0.005987748333333,0.005987748333333,False,materials_project,https://materialsproject.org/materials/mp-10173
mp-10257,Ni,0.0,0.04583529000000101,0.04583529000000101,False,materials_project,https://materialsproject.org/materials/mp-10257
mp-103,Hf,0.0,0.0,0.0,True,materials_project,https://materialsproject.org/materials/mp-103
mp-1059256,Pr,0.0,0.045817938333335,0.045817938333335,False,materials_project,https://materialsproject.org/materials/mp-1059256
mp-10597,Ag,0.0,0.007668675000001001,0.007668675000001001,False,materials_project,https://materialsproject.org/materials/mp-10597
mp-1061298,N2,0.0,3.6303175850000002,3.6303175850000002,False,materials_project,https://materialsproject.org/materials/mp-1061298
mp-10649,Si,0.0,0.512949795,0.512949795,False,materials_project,https://materialsproject.org/materials/mp-10649
mp-1066100,O2,0.0,0.125710257499999,0.125710257499999,False,materials_project,https://materialsproject.org/materials/mp-1066100
mp-1066523,Mo,0.0,0.44212645999999706,0.44212645999999706,False,materials_project,https://materialsproject.org/materials/mp-1066523
mp-1091415,Ge,0.0,0.006874353749999,0.006874353749999,False,materials_project,https://materialsproject.org/materials/mp-1091415
mp-112,Y,0.0,0.0,0.0,True,materials_project,https://materialsproject.org/materials/mp-112
mp-1120747,Si,0.0,0.453742336666665,0.453742336666666,False,materials_project,https://materialsproject.org/materials/mp-1120747
mp-113,Tc,0.0,0.0,0.0,True,materials_project,https://materialsproject.org/materials/mp-113
mp-1183144,Al,0.0,0.0104807275,0.0104807275,False,materials_project,https://materialsproject.org/materials/mp-1183144
mp-11832,Cs,0.0,0.019877785000002,0.019877785000002,False,materials_project,https://materialsproject.org/materials/mp-11832
mp-1183484,Ca,0.0,0.008999964999999001,0.008999964999999001,False,materials_project,https://materialsproject.org/materials/mp-1183484
mp-1183591,Cd,0.0,0.022316200000002003,0.022316200000002003,False,materials_project,https://materialsproject.org/materials/mp-1183591
mp-1183710,Co,0.0,0.010616019999998,0.010616019999998,False,materials_project,https://materialsproject.org/materials/mp-1183710
mp-1184067,Dy,0.0,0.0022356624999980003,0.0022356624999980003,False,materials_project,https://materialsproject.org/materials/mp-1184067
mp-1184113,Er,0.0,0.022770859166669002,0.022770859166669002,False,materials_project,https://materialsproject.org/materials/mp-1184113
mp-1184367,Eu,0.0,0.012353204999996,0.012353204999996,False,materials_project,https://materialsproject.org/materials/mp-1184367
mp-1184511,In,0.0,0.004732852500001001,0.004732852500001001,False,materials_project,https://materialsproject.org/materials/mp-1184511
mp-1184554,Hg,0.23969999999999902,0.005991672499995,0.005991672499995,False,materials_project,https://materialsproject.org/materials/mp-1184554
mp-1184709,Hg,0.25670000000000004,0.010308889999997,0.010308889999997,False,materials_project,https://materialsproject.org/materials/mp-1184709
mp-1184755,K,0.0,0.008696316249999001,0.008696316249999001,False,materials_project,https://materialsproject.org/materials/mp-1184755
mp-1186367,Pa,0.0,0.008681945000006,0.008681945000006,False,materials_project,https://materialsproject.org/materials/mp-1186367
mp-1186427,Pd,0.0,0.015005062500001002,0.015005062500001002,False,materials_project,https://materialsproject.org/materials/mp-1186427
mp-1186444,Pb,0.0,0.018983265000002,0.018983265000002,False,materials_project,https://materialsproject.org/materials/mp-1186444
mp-1186901,Re,0.0,0.0,0.0,True,materials_project,https://materialsproject.org/materials/mp-1186901
mp-1186916,Rh,0.0,0.021952465000001,0.021952465000001,False,materials_project,https://materialsproject.org/materials/mp-1186916
mp-1187717,Y,0.0,0.043754524999997005,0.043754524999997005,False,materials_project,https://materialsproject.org/materials/mp-1187717
mp-1187761,Xe,6.179399999999999,0.0014944974999990001,0.0014944974999990001,False,materials_project,https://materialsproject.org/materials/mp-1187761
mp-1187875,Yb,0.0,0.0,0.0,True,materials_project,https://materialsproject.org/materials/mp-1187875
mp-1203790,Si,1.359999999999999,0.08439319661764601,0.08439319661764601,False,materials_project,https://materialsproject.org/materials/mp-1203790
mp-12103,N2,0.963499999999999,4.68725978125,4.68725978125,False,materials_project,https://materialsproject.org/materials/mp-12103
mp-123,Nd,0.0,0.0,0.0,True,materials_project,https://materialsproject.org/materials/mp-123
mp-131,Zr,0.0,0.0,0.0,True,materials_project,https://materialsproject.org/materials/mp-131
mp-132,Ca,0.0,0.005909895,0.005909895,False,materials_project,https://materialsproject.org/materials/mp-132
mp-136,Fe,0.0,0.09780592,0.09780592,False,materials_project,https://materialsproject.org/materials/mp-136
mp-139,Sr,0.0,0.0,0.0,True,materials_project,https://materialsproject.org/materials/mp-139
mp-143,Tm,0.0,0.0,0.0,True,materials_project,https://materialsproject.org/materials/mp-143
mp-144,Ho,0.0,0.0,0.0,True,materials_project,https://materialsproject.org/materials/mp-144
mp-145,Lu,0.0,0.0007369333333350001,0.0007369333333350001,False,materials_project,https://materialsproject.org/materials/mp-145
mp-153,Mg,0.0,0.0,0.0,True,materials_project,https://materialsproject.org/materials/mp-153
mp-155,Gd,0.0,0.0,0.0,True,materials_project,https://materialsproject.org/materials/mp-155
mp-165,Si,0.438899999999999,0.013606870000000002,0.013606870000000002,False,materials_project,https://materialsproject.org/materials/mp-165
mp-18,Tb,0.0,0.0,0.0,True,materials_project,https://materialsproject.org/materials/mp-18
mp-19981,Gd,0.0,0.041147265000006004,0.041147265000006004,False,materials_project,https://materialsproject.org/materials/mp-19981
mp-20372,Ce,0.0,0.074905172500002,0.074905172500002,False,materials_project,https://materialsproject.org/materials/mp-20372
mp-20736,Ce,0.0,0.10881668000000001,0.10881668000000001,False,materials_project,https://materialsproject.org/materials/mp-20736
mp-20745,Pb,0.0,0.020497490000003,0.020497490000003,False,materials_project,https://materialsproject.org/materials/mp-20745
mp-21462,Eu,0.0,0.0,0.0,True,materials_project,https://materialsproject.org/materials/mp-21462
mp-23156,He,17.7675,0.001509584999999,0.001509584999999,False,materials_project,https://materialsproject.org/materials/mp-23156
mp-23907,H2,7.4848,2.33081424625,2.33081424625,False,materials_project,https://materialsproject.org/materials/mp-23907
mp-24504,H2,8.0699,0.0024403937500000004,0.0024403937500000004,False,materials_project,https://materialsproject.org/materials/mp-24504
mp-26,La,0.0,0.0,0.0,True,materials_project,https://materialsproject.org/materials/mp-26
mp-2646990,W,0.0,0.496044660000002,0.496044660000002,False,materials_project,https://materialsproject.org/materials/mp-2646990
mp-2646993,Rh,0.0,0.059014695000001005,0.059014695000001005,False,materials_project,https://materialsproject.org/materials/mp-2646993
mp-2646997,Pd,0.0,0.022572985,0.022572985,False,materials_project,https://materialsproject.org/materials/mp-2646997
mp-2647008,Al,0.0,0.032078225,0.032078225,False,materials_project,https://materialsproject.org/materials/mp-2647008
mp-2647013,Mo,0.0,0.42917852499999704,0.42917852499999704,False,materials_project,https://materialsproject.org/materials/mp-2647013
mp-2647022,Pt,0.0,0.069093715000001,0.069093715000001,False,materials_project,https://materialsproject.org/materials/mp-2647022
mp-2647025,Mn,0.0,0.052632352068965,0.052632352068965,False,materials_project,https://materialsproject.org/materials/mp-2647025
mp-2647032,Ir,0.0,0.062916919999999,0.062916919999999,False,materials_project,https://materialsproject.org/materials/mp-2647032
mp-2647044,Ta,0.0,0.285147450000003,0.285147450000003,False,materials_project,https://materialsproject.org/materials/mp-2647044
mp-2647074,V,0.0,0.253784719999998,0.253784719999998,False,materials_project,https://materialsproject.org/materials/mp-2647074
mp-2647103,Nb,0.0,0.30251795999999903,0.30251795999999903,False,materials_project,https://materialsproject.org/materials/mp-2647103
mp-33,Ru,0.0,0.0,0.0,True,materials_project,https://materialsproject.org/materials/mp-33
mp-38,Pr,0.0,0.014565703333335001,0.014565703333335001,False,materials_project,https://materialsproject.org/materials/mp-38
mp-46,Ti,0.0,0.015169603333333,0.015169603333333,False,materials_project,https://materialsproject.org/materials/mp-46
mp-47,C,3.3394999999999992,0.139477217500001,0.139477217500001,False,materials_project,https://materialsproject.org/materials/mp-47
mp-48,C,0.0,0.003121854999999,0.003121854999999,False,materials_project,https://materialsproject.org/materials/mp-48
mp-49,Os,0.0,0.0,0.0,True,materials_project,https://materialsproject.org/materials/mp-49
mp-54,Co,0.0,0.025098924999999002,0.025098924999999002,False,materials_project,https://materialsproject.org/materials/mp-54
mp-56,Ba,0.0,0.015972544999999002,0.015972544999999002,False,materials_project,https://materialsproject.org/materials/mp-56
mp-567365,Kr,7.1771,0.007380098333332001,0.007380098333332001,False,materials_project,https://materialsproject.org/materials/mp-567365
mp-568145,Ar,8.489799999999999,0.0034449549999990003,0.0034449549999990003,False,materials_project,https://materialsproject.org/materials/mp-568145
mp-570510,Xe,6.1917,0.000157779999999,0.000157779999999,False,materials_project,https://materialsproject.org/materials/mp-570510
mp-570752,H2,6.6358999999999995,2.33490076125,2.33490076125,False,materials_project,https://materialsproject.org/materials/mp-570752
mp-571249,Tb,0.0,0.0015717250000000002,0.0015717250000010002,False,materials_project,https://materialsproject.org/materials/mp-571249
mp-604318,K,0.0,0.008703191249999001,0.008703191249999001,False,materials_project,https://materialsproject.org/materials/mp-604318
mp-604321,Rb,0.0,0.0022357275,0.0022357275,False,materials_project,https://materialsproject.org/materials/mp-604321
mp-606949,C,0.0,0.006065369166667001,0.006065369166668001,False,materials_project,https://materialsproject.org/materials/mp-606949
mp-611426,C,4.521799999999999,0.12258669875000001,0.12258669875000001,False,materials_project,https://materialsproject.org/materials/mp-611426
mp-611448,C,4.399799999999999,0.11882863916666701,0.11882863916666601,False,materials_project,https://materialsproject.org/materials/mp-611448
mp-616440,C,4.3668,0.11723812312500001,0.11723812312500001,False,materials_project,https://materialsproject.org/materials/mp-616440
mp-639727,Cs,0.0,0.0198479075,0.0198479075,False,materials_project,https://materialsproject.org/materials/mp-639727
mp-67,Sc,0.0,0.0,0.0,True,materials_project,https://materialsproject.org/materials/mp-67
mp-672233,N2,6.5645,0.011450806249999002,0.011450806249999002,False,materials_project,https://materialsproject.org/materials/mp-672233
mp-68,Sm,0.0,0.019146124999998,0.019146124999998,False,materials_project,https://materialsproject.org/materials/mp-68
mp-69,Sm,0.0,0.0,0.0,True,materials_project,https://materialsproject.org/materials/mp-69
mp-79,Zn,0.0,0.0,0.0,True,materials_project,https://materialsproject.org/materials/mp-79
mp-8,Re,0.0,0.003587022499999,0.003587022499999,False,materials_project,https://materialsproject.org/materials/mp-8
mp-80,Sb,0.0,0.290331829999999,0.290331829999999,False,materials_project,https://materialsproject.org/materials/mp-80
mp-82,Tl,0.0,0.0,0.0,True,materials_project,https://materialsproject.org/materials/mp-82
mp-8566,Ag,0.0,0.0,0.0,True,materials_project,https://materialsproject.org/materials/mp-8566
mp-862690,Ac,0.0,0.0,0.0,True,materials_project,https://materialsproject.org/materials/mp-862690
mp-867200,Pm,0.0,0.0,0.0,True,materials_project,https://materialsproject.org/materials/mp-867200
mp-867202,Sr,0.0,0.026955652499999,0.026955652499999,False,materials_project,https://materialsproject.org/materials/mp-867202
mp-867351,Tc,0.0,0.004149037499999,0.004149037499999,False,materials_project,https://materialsproject.org/materials/mp-867351
mp-87,Be,0.0,0.0,0.0,True,materials_project,https://materialsproject.org/materials/mp-87
mp-88,Dy,0.0,0.0,0.0,True,materials_project,https://materialsproject.org/materials/mp-88
mp-89,Cr,0.0,0.420340105000001,0.420340105000001,False,materials_project,https://materialsproject.org/materials/mp-89
mp-94,Cd,0.0,0.0,0.0,True,materials_project,https://materialsproject.org/materials/mp-94
mp-971769,Tm,0.0,0.029578992499999002,0.029578992499999002,False,materials_project,https://materialsproject.org/materials/mp-971769
mp-972373,Tl,0.0,0.008595309999996,0.008595309999996,False,materials_project,https://materialsproject.org/materials/mp-972373
mp-973111,In,0.0,0.007146905000002,0.007146905000002,False,materials_project,https://materialsproject.org/materials/mp-973111
mp-973364,Mg,0.0,0.008570822499999001,0.008570822499999001,False,materials_project,https://materialsproject.org/materials/mp-973364
mp-973986,Ho,0.0,0.024432154999999,0.024432154999999,False,materials_project,https://materialsproject.org/materials/mp-973986
mp-975129,Rb,0.0,0.010023252500000001,0.010023252500000001,False,materials_project,https://materialsproject.org/materials/mp-975129
mp-976347,Kr,7.1523,0.007857695833331001,0.007857695833331001,False,materials_project,https://materialsproject.org/materials/mp-976347
mp-976411,Li,0.0,0.005889090833333,0.005889090833333,False,materials_project,https://materialsproject.org/materials/mp-976411
mp-982370,Na,0.0,0.011212930000000001,0.011212930000000001,False,materials_project,https://materialsproject.org/materials/mp-982370
mp-989695,Cu,0.0,0.007716539999998001,0.007716539999998001,False,materials_project,https://materialsproject.org/materials/mp-989695
mp-989782,Cu,0.0,0.012339934999999,0.012339934999999,False,materials_project,https://materialsproject.org/materials/mp-989782
mp-99,Er,0.0,0.012441721666668001,0.012441721666668001,False,materials_project,https://materialsproject.org/materials/mp-99
mp-997182,C,9.999999999998901e-05,0.014401535000001001,0.014401535000001001,False,materials_project,https://materialsproject.org/materials/mp-997182
mp-999501,Na,0.0,0.12396916094827501,0.12396916094827501,False,materials_project,https://materialsproject.org/materials/mp-999501
mp-154,N2,7.340999999999999,0.0,0.0,True,materials_project,https://materialsproject.org/materials/mp-154
mp-672234,N2,2.9912,4.68820494375,4.68820494375,False,materials_project,https://materialsproject.org/materials/mp-672234
mp-999498,N2,3.959399999999999,1.468056788749999,1.468056788749999,False,materials_project,https://materialsproject.org/materials/mp-999498
mp-1055423,Pu,0.0,0.089198675000005,0.089198675000005,False,materials_project,https://materialsproject.org/materials/mp-1055423
mp-1104795,Sb,0.0,0.33372651857142605,0.33372651857142804,False,materials_project,https://materialsproject.org/materials/mp-1104795
mp-1179613,Sb,0.0,0.333293312142858,0.33329331214286,False,materials_project,https://materialsproject.org/materials/mp-1179613
mp-1179618,Sb,0.0,0.234567614999999,0.234567614999999,False,materials_project,https://materialsproject.org/materials/mp-1179618
mp-118,P,3.6113,0.15639465327380903,0.156394653273808,False,materials_project,https://materialsproject.org/materials/mp-118
mp-1198724,P,1.9259,0.002171018690476,0.002171018690477,False,materials_project,https://materialsproject.org/materials/mp-1198724
mp-1236935,Sb,0.0,0.267894794285715,0.267894794285716,False,materials_project,https://materialsproject.org/materials/mp-1236935
mp-1949616,Rb,0.0,0.016102911249999,0.016102911249999,False,materials_project,https://materialsproject.org/materials/mp-1949616
mp-561513,S,2.4646,0.018545667901786002,0.018545667901785003,False,materials_project,https://materialsproject.org/materials/mp-561513
mp-569688,Rb,0,0.06207170826923,0.06207170826923,False,materials_project,https://materialsproject.org/materials/mp-569688
mp-1196985,B,0,0.214575271249999,0.214575271249999,False,materials_project,https://materialsproject.org/materials/mp-1196985
mp-667273,C,1.0093,0.39067633833333204,0.39067633833333304,False,materials_project,https://materialsproject.org/materials/mp-667273
mp-1199937,K,0,0.049798189098765,0.049798189098765,False,materials_project,https://materialsproject.org/materials/mp-1199937
mp-1196583,C,1.3517000000000001,0.3850360855,0.385036085500001,False,materials_project,https://materialsproject.org/materials/mp-1196583
mp-1201492,Si,1.010699999999999,0.121153145431034,0.121153145431033,False,materials_project,https://materialsproject.org/materials/mp-1201492
mp-25,N2,7.3685,0.0017828199999980001,0.0017828199999980001,False,materials_project,https://materialsproject.org/materials/mp-25
mp-1080106,Ge,0.0,0.165288171249999,0.165288171249999,False,materials_project,https://materialsproject.org/materials/mp-1080106
mp-168,Si,0.0,0.160020518749998,0.160020518749998,False,materials_project,https://materialsproject.org/materials/mp-168
mp-24,C,2.407,0.8349742562499991,0.8349742562499991,False,materials_project,https://materialsproject.org/materials/mp-24
mp-1183897,Cs,0.0,0.013120229,0.013120229000001002,False,materials_project,https://materialsproject.org/materials/mp-1183897
mp-1184766,Hg,0.7609,0.006726136999998001,0.006726137000001,False,materials_project,https://materialsproject.org/materials/mp-1184766
mp-1184905,K,0.0,0.02097077575,0.02097077575,False,materials_project,https://materialsproject.org/materials/mp-1184905
mp-1186055,Na,0.0,0.0263165645,0.0263165645,False,materials_project,https://materialsproject.org/materials/mp-1186055
mp-1186853,Rb,0.0,0.007491580499999001,0.007491580499999001,False,materials_project,https://materialsproject.org/materials/mp-1186853
mp-542909,Mn,0.0,0.039890561017242004,0.039890561017243004,False,materials_project,https://materialsproject.org/materials/mp-542909
mp-604313,Li,0.0,0.26179874416666604,0.26179874416666604,False,materials_project,https://materialsproject.org/materials/mp-604313
mp-1018088,C,0,1.306076984999999,1.306076984999999,False,materials_project,https://materialsproject.org/materials/mp-1018088
mp-1191484,Mn,0,0.8065849943416921,0.8065849943416921,False,materials_project,https://materialsproject.org/materials/mp-1191484
mp-1221597,Na,0,0.410783303448275,0.410783303448275,False,materials_project,https://materialsproject.org/materials/mp-1221597
mp-1080711,N2,0.0,1.91422121425,1.914221214249999,False,materials_project,https://materialsproject.org/materials/mp-1080711
mp-1184151,Cs,0.13620000000000002,0.012575198275859002,0.012575198275861002,False,materials_project,https://materialsproject.org/materials/mp-1184151
mp-1184693,In,0.0,0.010102724827588,0.010102724827589001,False,materials_project,https://materialsproject.org/materials/mp-1184693
mp-1185201,K,0.0,0.016292821077587002,0.016292821077587002,False,materials_project,https://materialsproject.org/materials/mp-1185201
mp-1186081,Na,0.0,0.019195485172413002,0.019195485172413002,False,materials_project,https://materialsproject.org/materials/mp-1186081
mp-1186899,Rb,0.0,0.039105244913793004,0.039105244913793004,False,materials_project,https://materialsproject.org/materials/mp-1186899
mp-1187790,Tl,0.0,0.011458308620690002,0.011458308620689,False,materials_project,https://materialsproject.org/materials/mp-1187790
mp-1192619,C,0.066799999999999,1.920290190431034,1.920290190431034,False,materials_project,https://materialsproject.org/materials/mp-1192619
mp-1200830,Si,1.073499999999999,0.14326103524390202,0.14326103524390102,False,materials_project,https://materialsproject.org/materials/mp-1200830
mp-35,Mn,0.0,0.0,0.0,True,materials_project,https://materialsproject.org/materials/mp-35
mp-864900,Hg,0.506099999999999,0.007341734224139001,0.007341734224141001,False,materials_project,https://materialsproject.org/materials/mp-864900
mp-971661,Si,1.372199999999999,0.10747738456521701,0.10747738456521601,False,materials_project,https://materialsproject.org/materials/mp-971661
mp-1525464,Na,0,0.014505351249999,0.014505351249999,False,materials_project,https://materialsproject.org/materials/mp-1525464
mp-567337,Li,0,0.008819463333333001,0.008819463333333001,False,materials_project,https://materialsproject.org/materials/mp-567337
mp-567772,Na,0,0.020555261249999002,0.020555261249999002,False,materials_project,https://materialsproject.org/materials/mp-567772
mp-569423,Ga,0,0.100168061666667,0.100168061666666,False,materials_project,https://materialsproject.org/materials/mp-569423
mp-10,As,0,0.11239720500000001,0.11239720500000001,False,materials_project,https://materialsproject.org/materials/mp-10
mp-1008681,Sc,0,0.7194539350000001,0.7194539350000001,False,materials_project,https://materialsproject.org/materials/mp-1008681
mp-1056699,U,0,0.16646344000000102,0.16646344000000102,False,materials_project,https://materialsproject.org/materials/mp-1056699
mp-1062055,Br,0,0.600182258333333,0.600182258333333,False,materials_project,https://materialsproject.org/materials/mp-1062055
mp-10654,Te,0,0.046551583333332,0.046551583333332,False,materials_project,https://materialsproject.org/materials/mp-10654
mp-10683,Ca,0,0.399613499999999,0.399613499999999,False,materials_project,https://materialsproject.org/materials/mp-10683
mp-10869,S,0,0.626441426875,0.626441426875,False,materials_project,https://materialsproject.org/materials/mp-10869
mp-1188817,C,0,0.765223488999998,0.765223488999998,False,materials_project,https://materialsproject.org/materials/mp-1188817
mp-1217756,Ta,0,1.099143480000002,1.099143480000002,False,materials_project,https://materialsproject.org/materials/mp-1217756
mp-1239193,Rh,0,0.792506420000002,0.792506420000002,False,materials_project,https://materialsproject.org/materials/mp-1239193
mp-133,Sb,0,0.046442370000001,0.046442370000001,False,materials_project,https://materialsproject.org/materials/mp-133
mp-1525045,Hg,0,0.010813922499998001,0.010813922499998001,False,materials_project,https://materialsproject.org/materials/mp-1525045
mp-53,P,0,0.143650846666666,0.143650846666666,False,materials_project,https://materialsproject.org/materials/mp-53
mp-567597,Bi,0,0.049545179999995005,0.049545179999995005,False,materials_project,https://materialsproject.org/materials/mp-567597
mp-568345,Fe,0,0.76141216,0.76141216,False,materials_project,https://materialsproject.org/materials/mp-568345
mp-639747,Ba,0,0.296068739999999,0.296068739999999,False,materials_project,https://materialsproject.org/materials/mp-639747
mp-639774,Sr,0,0.39705426333333405,0.39705426333333405,False,materials_project,https://materialsproject.org/materials/mp-639774
mp-689577,Na,0,1.083737383448276,1.083737383448276,False,materials_project,https://materialsproject.org/materials/mp-689577
mp-7755,Se,0,0.25408120093750003,0.25408120093750003,False,materials_project,https://materialsproject.org/materials/mp-7755
mp-998866,C,0,2.756672782499999,2.756672782499999,False,materials_project,https://materialsproject.org/materials/mp-998866
mp-998881,K,0,0.111975176249999,0.111975176249999,False,materials_project,https://materialsproject.org/materials/mp-998881
mp-11334,W,0.0,0.126865590000001,0.126865590000001,False,materials_project,https://materialsproject.org/materials/mp-11334
mp-1184657,Hg,0.5663,0.016785043749997,0.016785043749997,False,materials_project,https://materialsproject.org/materials/mp-1184657
mp-1184808,K,0.0,0.013478061250000001,0.013478061250000001,False,materials_project,https://materialsproject.org/materials/mp-1184808
mp-1186040,Na,0.0,0.023657278750000003,0.023657278750000003,False,materials_project,https://materialsproject.org/materials/mp-1186040
mp-17,Cr,0.0,0.357538657500001,0.357538657500001,False,materials_project,https://materialsproject.org/materials/mp-17
mp-21848,F2,0.0,0.779028336249999,0.779028336249999,False,materials_project,https://materialsproject.org/materials/mp-21848
mp-949028,Sn,0.4806,0.041698340652171005,0.041698340652171005,False,materials_project,https://materialsproject.org/materials/mp-949028
mp-949029,Cs,0.0,0.032965812500002,0.032965812500002,False,materials_project,https://materialsproject.org/materials/mp-949029
mp-971662,Si,1.4428,0.09184994826086901,0.09184994826086801,False,materials_project,https://materialsproject.org/materials/mp-971662
mp-974620,Rb,0.0,0.036396663749999,0.036396663749999,False,materials_project,https://materialsproject.org/materials/mp-974620
mp-10018,Ac,0.0,0.0216390625,0.0216390625,False,materials_project,https://materialsproject.org/materials/mp-10018
mp-1008669,U,0.0,0.371577350000009,0.371577350000009,False,materials_project,https://materialsproject.org/materials/mp-1008669
mp-101,Ir,0.0,0.0,0.0,True,materials_project,https://materialsproject.org/materials/mp-101
mp-10157,K,0.0,0.006930266250000001,0.006930266250000001,False,materials_project,https://materialsproject.org/materials/mp-10157
mp-102,Co,0.0,0.0,0.0,True,materials_project,https://materialsproject.org/materials/mp-102
mp-1022725,Sn,0.0,0.23677220000000002,0.23677220000000002,False,materials_project,https://materialsproject.org/materials/mp-1022725
mp-1055940,Cs,0.0,0.009248450000001001,0.009248450000001001,False,materials_project,https://materialsproject.org/materials/mp-1055940
mp-1056702,Mg,0.0,0.030189964999999003,0.030189964999999003,False,materials_project,https://materialsproject.org/materials/mp-1056702
mp-10630,Sb,0.0,0.328350750000002,0.328350750000002,False,materials_project,https://materialsproject.org/materials/mp-10630
mp-10660,Tm,0.0,0.057614779999994,0.057614779999994,False,materials_project,https://materialsproject.org/materials/mp-10660
mp-10679,Ba,0.0,0.01299892,0.01299892,False,materials_project,https://materialsproject.org/materials/mp-10679
mp-10740,Pa,0.0,0.029632520000006,0.029632520000006,False,materials_project,https://materialsproject.org/materials/mp-10740
mp-10750,Dy,0.0,0.021323329999997,0.021323329999997,False,materials_project,https://materialsproject.org/materials/mp-10750
mp-10752,Er,0.0,0.06685896666666401,0.06685896666666401,False,materials_project,https://materialsproject.org/materials/mp-10752
mp-10765,Ho,0.0,0.049763695000002,0.049763695000002,False,materials_project,https://materialsproject.org/materials/mp-10765
mp-1096826,As,0.0,0.558594425,0.558594425,False,materials_project,https://materialsproject.org/materials/mp-1096826
mp-1096861,Cd,0.0,0.037120430000001,0.037120430000001,False,materials_project,https://materialsproject.org/materials/mp-1096861
mp-111,Ne,11.6898,0.0,0.0,True,materials_project,https://materialsproject.org/materials/mp-111
mp-114,Pu,0.0,0.277217059999998,0.277217059999998,False,materials_project,https://materialsproject.org/materials/mp-114
mp-1186429,Pm,0.0,0.016863862499999,0.016863862499999,False,materials_project,https://materialsproject.org/materials/mp-1186429
mp-1202723,B,0.0,0.32143077000000003,0.32143077000000003,False,materials_project,https://materialsproject.org/materials/mp-1202723
mp-12093,Ge,0.0,0.334029505,0.334029505,False,materials_project,https://materialsproject.org/materials/mp-12093
mp-124,Ag,0.0,0.0021267149999990003,0.0021267149999990003,False,materials_project,https://materialsproject.org/materials/mp-124
mp-126,Pt,0.0,0.0,0.0,True,materials_project,https://materialsproject.org/materials/mp-126
mp-12628,Rb,0.0,0.015341202500000001,0.015341202500000001,False,materials_project,https://materialsproject.org/materials/mp-12628
mp-134,Al,0.0,0.0,0.0,True,materials_project,https://materialsproject.org/materials/mp-134
mp-150,Fe,0.0,0.148364500000001,0.148364500000001,False,materials_project,https://materialsproject.org/materials/mp-150
mp-151,Tl,0.0,0.029167420000000003,0.029167420000000003,False,materials_project,https://materialsproject.org/materials/mp-151
mp-156,La,0.0,0.019361705000001003,0.019361705000001003,False,materials_project,https://materialsproject.org/materials/mp-156
mp-159,Nd,0.0,0.009693512500000001,0.009693512500000001,False,materials_project,https://materialsproject.org/materials/mp-159
mp-162,Yb,0.0,0.040395814999996005,0.040395814999996005,False,materials_project,https://materialsproject.org/materials/mp-162
mp-2,Pd,0.0,0.0,0.0,True,materials_project,https://materialsproject.org/materials/mp-2
mp-20483,Pb,0.0,0.0,0.0,True,materials_project,https://materialsproject.org/materials/mp-20483
mp-21377,Sm,0.0,0.018011249999997002,0.018011249999997002,False,materials_project,https://materialsproject.org/materials/mp-21377
mp-23,Ni,0.0,0.0,0.0,True,materials_project,https://materialsproject.org/materials/mp-23
mp-23155,Ar,8.5132,0.0,0.0,True,materials_project,https://materialsproject.org/materials/mp-23155
mp-2646972,Zn,0.0,0.005205379999999001,0.005205379999999001,False,materials_project,https://materialsproject.org/materials/mp-2646972
mp-27,Si,0.0,0.53156601,0.53156601,False,materials_project,https://materialsproject.org/materials/mp-27
mp-28,Ce,0.0,0.0,0.0,True,materials_project,https://materialsproject.org/materials/mp-28
mp-30,Cu,0.0,0.0,0.0,True,materials_project,https://materialsproject.org/materials/mp-30
mp-36,Sc,0.0,0.101017464999999,0.101017464999999,False,materials_project,https://materialsproject.org/materials/mp-36
mp-37,Th,0.0,0.0,0.0,True,materials_project,https://materialsproject.org/materials/mp-37
mp-45,Ca,0.0,0.0,0.0,True,materials_project,https://materialsproject.org/materials/mp-45
mp-51,Li,0.0,0.001672373333333,0.001672373333333,False,materials_project,https://materialsproject.org/materials/mp-51
mp-611517,Xe,6.2094,0.0057806999999990005,0.0057806999999990005,False,materials_project,https://materialsproject.org/materials/mp-611517
mp-612118,Kr,7.1828,0.007569553333333001,0.007569553333333001,False,materials_project,https://materialsproject.org/materials/mp-612118
mp-614456,He,17.8914,0.0026731600000000004,0.0026731600000000004,False,materials_project,https://materialsproject.org/materials/mp-614456
mp-614502,Gd,0.0,0.07462653000000301,0.07462653000000301,False,materials_project,https://materialsproject.org/materials/mp-614502
mp-623532,Eu,0.0,0.031110114999997003,0.031110114999997003,False,materials_project,https://materialsproject.org/materials/mp-623532
mp-634659,H2,7.5517,2.33094435125,2.33094435125,False,materials_project,https://materialsproject.org/materials/mp-634659
mp-674158,P,2.0034,3.517774656666667,3.517774656666667,False,materials_project,https://materialsproject.org/materials/mp-674158
mp-684673,S,0.0,1.301282766875,1.301282766875,False,materials_project,https://materialsproject.org/materials/mp-684673
mp-6985,Ti,0.0,0.08726523333333301,0.08726523333333301,False,materials_project,https://materialsproject.org/materials/mp-6985
mp-6986,Ta,0.0,0.24488082999999902,0.24488082999999902,False,materials_project,https://materialsproject.org/materials/mp-6986
mp-7163,Tb,0.0,0.031530149999998,0.031530149999998,False,materials_project,https://materialsproject.org/materials/mp-7163
mp-721759,N2,0.0,4.506578815000001,4.506578815000001,False,materials_project,https://materialsproject.org/materials/mp-721759
mp-74,Rh,0.0,0.0,0.0,True,materials_project,https://materialsproject.org/materials/mp-74
mp-753304,Hg,0.5361,0.022511372499998003,0.022511372499998003,False,materials_project,https://materialsproject.org/materials/mp-753304
mp-76,Sr,0.0,0.044811709999999005,0.044811709999999005,False,materials_project,https://materialsproject.org/materials/mp-76
mp-81,Au,0.0,0.0,0.0,True,materials_project,https://materialsproject.org/materials/mp-81
mp-85,In,0.0,0.0,0.0,True,materials_project,https://materialsproject.org/materials/mp-85
mp-8632,V,0.0,0.247140399999999,0.247140399999999,False,materials_project,https://materialsproject.org/materials/mp-8632
mp-8633,Cr,0.0,0.40252634000000104,0.40252634000000104,False,materials_project,https://materialsproject.org/materials/mp-8633
mp-8634,Mn,0.0,0.42059543551724204,0.42059543551724204,False,materials_project,https://materialsproject.org/materials/mp-8634
mp-8635,Zr,0.0,0.056982134999998005,0.056982134999998005,False,materials_project,https://materialsproject.org/materials/mp-8635
mp-8636,Nb,0.0,0.32016416000000003,0.32016416000000003,False,materials_project,https://materialsproject.org/materials/mp-8636
mp-8637,Mo,0.0,0.41146717999999805,0.41146717999999805,False,materials_project,https://materialsproject.org/materials/mp-8637
mp-8638,Tc,0.0,0.073442249999999,0.073442249999999,False,materials_project,https://materialsproject.org/materials/mp-8638
mp-8639,Ru,0.0,0.13095969499999702,0.13095969499999702,False,materials_project,https://materialsproject.org/materials/mp-8639
mp-8640,Hf,0.0,0.08898112999999301,0.08898112999999301,False,materials_project,https://materialsproject.org/materials/mp-8640
mp-8641,W,0.0,0.47142784000000404,0.47142784000000404,False,materials_project,https://materialsproject.org/materials/mp-8641
mp-8642,Re,0.0,0.068419187500005,0.068419187500005,False,materials_project,https://materialsproject.org/materials/mp-8642
mp-8643,Os,0.0,0.16492783999999702,0.16492783999999702,False,materials_project,https://materialsproject.org/materials/mp-8643
mp-9,Y,0.0,0.097818,0.097818,False,materials_project,https://materialsproject.org/materials/mp-9
mp-97,Pr,0.0,0.008044545,0.008044545,False,materials_project,https://materialsproject.org/materials/mp-97
mp-974558,Na,0.0,0.008802479999999,0.008802479999999,False,materials_project,https://materialsproject.org/materials/mp-974558
mp-998861,Br,0.0,0.6662806450000001,0.6662806450000001,False,materials_project,https://materialsproject.org/materials/mp-998861
mp-1057818,O2,0.0,1.8808411749999991,1.8808411749999991,False,materials_project,https://materialsproject.org/materials/mp-1057818
mp-1072089,Co,0.0,0.19932627500000102,0.19932627500000002,False,materials_project,https://materialsproject.org/materials/mp-1072089
mp-117,Sn,0.0,0.0,0.0,True,materials_project,https://materialsproject.org/materials/mp-117
mp-1197020,Ge,0.0,0.326883863529412,0.326883863529412,False,materials_project,https://materialsproject.org/materials/mp-1197020
mp-1198022,Ge,1.1428,0.043253197058822,0.043253197058822,False,materials_project,https://materialsproject.org/materials/mp-1198022
mp-1247117,Pb,0.0,0.262423895000004,0.262423895000004,False,materials_project,https://materialsproject.org/materials/mp-1247117
mp-12771,Se,0.0,0.514120702656249,0.514120702656249,False,materials_project,https://materialsproject.org/materials/mp-12771
mp-149,Si,0.6105,0.0,0.0,True,materials_project,https://materialsproject.org/materials/mp-149
mp-16220,Si,0.5334000000000001,0.393193089411763,0.393193089411763,False,materials_project,https://materialsproject.org/materials/mp-16220
mp-32,Ge,0.0,0.0,0.0,True,materials_project,https://materialsproject.org/materials/mp-32
mp-66,C,4.1145,0.11226490000000101,0.11226490000000101,False,materials_project,https://materialsproject.org/materials/mp-66
mp-1,Cs,0.0,0.019341450000002,0.019341450000002,False,materials_project,https://materialsproject.org/materials/mp-1
mp-100,Hf,0.0,0.212179789999993,0.212179789999993,False,materials_project,https://materialsproject.org/materials/mp-100
mp-10023,La,0.0,0.104221345000002,0.104221345000002,False,materials_project,https://materialsproject.org/materials/mp-10023
mp-10024,Ce,0.0,0.22825040500000002,0.22825040500000002,False,materials_project,https://materialsproject.org/materials/mp-10024
mp-1008728,Ni,0.0,0.11925923000000001,0.11925923000000001,False,materials_project,https://materialsproject.org/materials/mp-1008728
mp-1014212,Si,0.0,0.525495500000001,0.525495500000001,False,materials_project,https://materialsproject.org/materials/mp-1014212
mp-1017981,Hg,0.0,0.001088535,0.001088535,False,materials_project,https://materialsproject.org/materials/mp-1017981
mp-10190,Lu,0.0,0.10293042333334,0.10293042333334,False,materials_project,https://materialsproject.org/materials/mp-10190
mp-10207,Np,0.0,0.44749432125000504,0.44749432125000504,False,materials_project,https://materialsproject.org/materials/mp-10207
mp-1055908,Mn,0.0,0.36972538551724204,0.36972538551724204,False,materials_project,https://materialsproject.org/materials/mp-1055908
mp-1063988,S,0.0,1.137483786875002,1.137483786875002,False,materials_project,https://materialsproject.org/materials/mp-1063988
mp-10641,Sc,0.0,0.102231445000001,0.102231445000001,False,materials_project,https://materialsproject.org/materials/mp-10641
mp-10661,Tm,0.0,0.117054029999998,0.117054029999998,False,materials_project,https://materialsproject.org/materials/mp-10661
mp-107,Pu,0.0,0.545743319999999,0.545743319999999,False,materials_project,https://materialsproject.org/materials/mp-107
mp-1072544,Si,0.1444,0.22239860833333203,0.22239860833333203,False,materials_project,https://materialsproject.org/materials/mp-1072544
mp-10751,Dy,0.0,0.127580304999998,0.127580304999998,False,materials_project,https://materialsproject.org/materials/mp-10751
mp-10753,Er,0.0,0.139390026666667,0.139390026666667,False,materials_project,https://materialsproject.org/materials/mp-10753
mp-108,U,0.0,0.268548380000012,0.268548380000012,False,materials_project,https://materialsproject.org/materials/mp-108
mp-110,Mg,0.0,0.039679875,0.039679875,False,materials_project,https://materialsproject.org/materials/mp-110
mp-11343,Th,0.0,0.15152667000000902,0.15152667000000902,False,materials_project,https://materialsproject.org/materials/mp-11343
mp-11421,Gd,0.0,0.14971621000000102,0.14971621000000102,False,materials_project,https://materialsproject.org/materials/mp-11421
mp-11446,Tb,0.0,0.12420621999999701,0.12420621999999701,False,materials_project,https://materialsproject.org/materials/mp-11446
mp-1184478,In,0.0,0.027791910000001002,0.027791910000001002,False,materials_project,https://materialsproject.org/materials/mp-1184478
mp-119,Se,0.0,0.5956268076562501,0.5956268076562501,False,materials_project,https://materialsproject.org/materials/mp-119
mp-122,Ba,0.0,0.0,0.0,True,materials_project,https://materialsproject.org/materials/mp-122
mp-127,Na,0.0,0.015772269999999002,0.015772269999999002,False,materials_project,https://materialsproject.org/materials/mp-127
mp-129,Mo,0.0,0.0,0.0,True,materials_project,https://materialsproject.org/materials/mp-129
mp-13,Fe,0.0,0.0,0.0,True,materials_project,https://materialsproject.org/materials/mp-13
mp-135,Li,0.0,0.009650863333333001,0.009650863333333001,False,materials_project,https://materialsproject.org/materials/mp-135
mp-146,V,0.0,0.0,0.0,True,materials_project,https://materialsproject.org/materials/mp-146
mp-20,Be,0.0,0.09567004499999901,0.09567004499999901,False,materials_project,https://materialsproject.org/materials/mp-20
mp-20071,Eu,0.0,0.041439605000000004,0.041439605000000004,False,materials_project,https://materialsproject.org/materials/mp-20071
mp-21,Ca,0.0,0.005616039999999,0.005616039999999,False,materials_project,https://materialsproject.org/materials/mp-21
mp-22692,Pb,0.0,0.042154440000004005,0.042154440000004005,False,materials_project,https://materialsproject.org/materials/mp-22692
mp-23158,He,17.6377,0.0,0.0,True,materials_project,https://materialsproject.org/materials/mp-23158
mp-2646971,Ag,0.0,0.034337163333333004,0.034337163333333004,False,materials_project,https://materialsproject.org/materials/mp-2646971
mp-2646977,Pd,0.0,0.044765070000000004,0.044765070000000004,False,materials_project,https://materialsproject.org/materials/mp-2646977
mp-2646979,Pt,0.0,0.10703881999999901,0.10703881999999901,False,materials_project,https://materialsproject.org/materials/mp-2646979
mp-2647000,Rh,0.0,0.34932510000000105,0.34932510000000105,False,materials_project,https://materialsproject.org/materials/mp-2647000
mp-2647031,Os,0.0,0.88282908,0.88282908,False,materials_project,https://materialsproject.org/materials/mp-2647031
mp-2647037,Re,0.0,0.318312104999996,0.318312104999996,False,materials_project,https://materialsproject.org/materials/mp-2647037
mp-2647047,Ir,0.0,0.588982909999998,0.588982909999998,False,materials_project,https://materialsproject.org/materials/mp-2647047
mp-2647057,Co,0.0,0.08956573499999801,0.08956573499999801,False,materials_project,https://materialsproject.org/materials/mp-2647057
mp-2647062,Au,0.0,0.021884700000001003,0.021884700000001003,False,materials_project,https://materialsproject.org/materials/mp-2647062
mp-2647117,Zn,0.0,0.071662429999999,0.071662429999999,False,materials_project,https://materialsproject.org/materials/mp-2647117
mp-2647135,Cd,0.0,0.065309160000001,0.065309160000001,False,materials_project,https://materialsproject.org/materials/mp-2647135
mp-39,Tl,0.0,0.009790289999997,0.009790289999997,False,materials_project,https://materialsproject.org/materials/mp-39
mp-4,Nd,0.0,0.11538799250000001,0.11538799250000001,False,materials_project,https://materialsproject.org/materials/mp-4
mp-41,Zr,0.0,0.121641834999998,0.121641834999998,False,materials_project,https://materialsproject.org/materials/mp-41
mp-50,Ta,0.0,0.009149912666664001,0.009149912666664001,False,materials_project,https://materialsproject.org/materials/mp-50
mp-568610,Bi,0.0,0.23528697499999301,0.23528697499999301,False,materials_project,https://materialsproject.org/materials/mp-568610
mp-570002,C,3.0059,0.765540527499998,0.765540527499998,False,materials_project,https://materialsproject.org/materials/mp-570002
mp-58,K,0.0,0.015213726250000002,0.015213726250000002,False,materials_project,https://materialsproject.org/materials/mp-58
mp-63,Pr,0.0,0.12602521833333502,0.12602521833333502,False,materials_project,https://materialsproject.org/materials/mp-63
mp-632250,H2,7.4222,2.33223158125,2.33223158125,False,materials_project,https://materialsproject.org/materials/mp-632250
mp-673171,Br,0.0,0.629577425,0.629577425,False,materials_project,https://materialsproject.org/materials/mp-673171
mp-684663,I,0.0,0.44566658499999906,0.44566658499999906,False,materials_project,https://materialsproject.org/materials/mp-684663
mp-70,Rb,0.0,0.0092124725,0.0092124725,False,materials_project,https://materialsproject.org/materials/mp-70
mp-71,Yb,0.0,0.091576164999999,0.091576164999999,False,materials_project,https://materialsproject.org/materials/mp-71
mp-7162,Sn,0.0,0.24906495999999803,0.24906495999999803,False,materials_project,https://materialsproject.org/materials/mp-7162
mp-7236,Ho,0.0,0.12785612500000101,0.12785612500000101,False,materials_project,https://materialsproject.org/materials/mp-7236
mp-73,Ti,0.0,0.151428373333333,0.151428373333333,False,materials_project,https://materialsproject.org/materials/mp-73
mp-75,Nb,0.0,0.0,0.0,True,materials_project,https://materialsproject.org/materials/mp-75
mp-7761,Sb,0.0,0.23852457000000202,0.23852457000000202,False,materials_project,https://materialsproject.org/materials/mp-7761
mp-90,Cr,0.0,0.0,0.0,True,materials_project,https://materialsproject.org/materials/mp-90
mp-91,W,0.0,0.0,0.0,True,materials_project,https://materialsproject.org/materials/mp-91
mp-95,Sr,0.0,0.061362349999999004,0.061362349999999004,False,materials_project,https://materialsproject.org/materials/mp-95
mp-974400,Kr,7.1667,0.013854593333332001,0.013854593333332001,False,materials_project,https://materialsproject.org/materials/mp-974400
mp-979285,Xe,6.236800000000001,0.00193749,0.00193749,False,materials_project,https://materialsproject.org/materials/mp-979285
mp-998860,Al,0.0,0.10340029,0.10340029,False,materials_project,https://materialsproject.org/materials/mp-998860
mp-998883,Ge,0.0,0.33948980499999903,0.33948980499999903,False,materials_project,https://materialsproject.org/materials/mp-998883
mp-998890,Cu,0.0,0.033066179999998,0.033066179999998,False,materials_project,https://materialsproject.org/materials/mp-998890
mp-1178952,Te,0,0.049135678333332,0.049135678333332,False,materials_project,https://materialsproject.org/materials/mp-1178952
mp-561370,S,2.4117,0.027740434687500003,0.027740434687499003,False,materials_project,https://materialsproject.org/materials/mp-561370
mp-1196831,S,2.3162000000000003,0.010508631999999001,0.010508632,False,materials_project,https://materialsproject.org/materials/mp-1196831
mp-1977409,S,2.5977,0.006323890562499001,0.0063238905625,False,materials_project,https://materialsproject.org/materials/mp-1977409
mp-2017534,Mg,0,0.16564932200000002,0.16564932200000002,False,materials_project,https://materialsproject.org/materials/mp-2017534
mp-1181019,Mo,0.0,0.331962506875001,0.331962506875001,False,materials_project,https://materialsproject.org/materials/mp-1181019
mp-557869,S,2.3843,0.0003716303125,0.0003716303125,False,materials_project,https://materialsproject.org/materials/mp-557869
mp-731594,C,1.6358000000000001,1.5011551592857142,1.5011551592857142,False,materials_project,https://materialsproject.org/materials/mp-731594
mp-738409,H2,8.1865,0.0027149890625,0.0027149890625,False,materials_project,https://materialsproject.org/materials/mp-738409
mp-1224431,Hg,0.7993,0.040622631176467,0.040622631176468006,False,materials_project,https://materialsproject.org/materials/mp-1224431
mp-1949777,Rb,0.0,0.004658701249999,0.004658701249999,False,materials_project,https://materialsproject.org/materials/mp-1949777
mp-1983234,U,0,0.35454259125000903,0.35454259125000903,False,materials_project,https://materialsproject.org/materials/mp-1983234
mp-2646980,C,0,0.642655674166666,0.642655674166666,False,materials_project,https://materialsproject.org/materials/mp-2646980
mp-666931,S,2.603399999999999,0.020726370312500002,0.020726370312500002,False,materials_project,https://materialsproject.org/materials/mp-666931
mp-105,Te,0.0,0.07849671499999601,0.07849671499999601,False,materials_project,https://materialsproject.org/materials/mp-105
mp-1060567,Ir,0.0,3.780912309999998,3.780912309999998,False,materials_project,https://materialsproject.org/materials/mp-1060567
mp-1096851,Bi,0.0,0.09904824999999501,0.09904824999999501,False,materials_project,https://materialsproject.org/materials/mp-1096851
mp-1197206,U,0.0,0.355388935000007,0.355388935000007,False,materials_project,https://materialsproject.org/materials/mp-1197206
mp-1200324,U,0.0,0.360812943437508,0.360812943437508,False,materials_project,https://materialsproject.org/materials/mp-1200324
mp-569358,Bi,0.0,0.5993978949999951,0.5993978949999951,False,materials_project,https://materialsproject.org/materials/mp-569358
mp-1014013,P,0.8832000000000001,0.053987197023809004,0.053987197023809004,False,materials_project,https://materialsproject.org/materials/mp-1014013
mp-1189505,N2,0.27180000000000004,2.17741108875,2.17741108875,False,materials_project,https://materialsproject.org/materials/mp-1189505
mp-1545661,N2,0.46340000000000003,2.004468542499999,2.004468542499999,False,materials_project,https://materialsproject.org/materials/mp-1545661
mp-1012110,Cs,0,0.024368322499999002,0.024368322499999002,False,materials_project,https://materialsproject.org/materials/mp-1012110
mp-1065340,W,0,0.4913923625,0.4913923625,False,materials_project,https://materialsproject.org/materials/mp-1065340
mp-1182809,Cs,0,0.024276159999999002,0.024276159999999002,False,materials_project,https://materialsproject.org/materials/mp-1182809
mp-1147718,C,0.9669000000000001,0.388692925583332,0.388692925583333,False,materials_project,https://materialsproject.org/materials/mp-1147718
mp-1193675,B,1.5133,0.029066011071428,0.029066011071428,False,materials_project,https://materialsproject.org/materials/mp-1193675
mp-1205283,C,0.10600000000000001,0.6993028923333321,0.6993028923333331,False,materials_project,https://materialsproject.org/materials/mp-1205283
mp-558014,S,2.1763,0.010299026770834,0.010299026770834,False,materials_project,https://materialsproject.org/materials/mp-558014
mp-568028,C,0.304199999999999,0.5308612086666661,0.5308612086666671,False,materials_project,https://materialsproject.org/materials/mp-568028
mp-1247180,Mg,0,0.17737867100000101,0.17737867100000002,False,materials_project,https://materialsproject.org/materials/mp-1247180
mp-1094075,P,1.305899999999999,0.08636613702381,0.08636613702381,False,materials_project,https://materialsproject.org/materials/mp-1094075
mp-558964,S,2.5982000000000003,0.0139460190625,0.013946019062501001,False,materials_project,https://materialsproject.org/materials/mp-558964
mp-560602,O2,1.3241,0.41129867541666604,0.41129867541666604,False,materials_project,https://materialsproject.org/materials/mp-560602
mp-1007976,Cs,0.0,0.054916592068963,0.054916592068963,False,materials_project,https://materialsproject.org/materials/mp-1007976
mp-1079952,Na,0.0,0.086311797198275,0.086311797198275,False,materials_project,https://materialsproject.org/materials/mp-1079952
mp-1080043,K,0.0,0.06362052450000001,0.06362052450000001,False,materials_project,https://materialsproject.org/materials/mp-1080043
mp-11534,Np,0.0,0.0,0.0,True,materials_project,https://materialsproject.org/materials/mp-11534
mp-1176403,N2,0.0,1.08825211125,1.08825211125,False,materials_project,https://materialsproject.org/materials/mp-1176403
mp-1178958,U,0.0,0.020668409999998003,0.020668409999998003,False,materials_project,https://materialsproject.org/materials/mp-1178958
mp-1181265,H2,1.517799999999999,1.188433449375,1.188433449375,False,materials_project,https://materialsproject.org/materials/mp-1181265
mp-1188177,H2,7.3865,0.003537998749999,0.003537998749999,False,materials_project,https://materialsproject.org/materials/mp-1188177
mp-1190171,C,4.3294999999999995,0.292670106874998,0.292670106874998,False,materials_project,https://materialsproject.org/materials/mp-1190171
mp-1196857,C,0.5989,1.601080180192307,1.601080180192307,False,materials_project,https://materialsproject.org/materials/mp-1196857
mp-1545455,K,0.0,0.00632175,0.00632175,False,materials_project,https://materialsproject.org/materials/mp-1545455
mp-731827,H2,8.3343,0.002278983125,0.002278983125,False,materials_project,https://materialsproject.org/materials/mp-731827
mp-1001113,Si,0.0,0.48982796249999905,0.48982796249999905,False,materials_project,https://materialsproject.org/materials/mp-1001113
mp-10021,Ga,0.0,0.08339199499999901,0.08339199499999901,False,materials_project,https://materialsproject.org/materials/mp-10021
mp-1009594,Pr,0.0,0.046940603333336,0.046940603333336,False,materials_project,https://materialsproject.org/materials/mp-1009594
mp-1009757,Se,0.0,0.20952714093749902,0.20952714093749902,False,materials_project,https://materialsproject.org/materials/mp-1009757
mp-1056957,C,0.0,2.6181942174999993,2.6181942174999993,False,materials_project,https://materialsproject.org/materials/mp-1056957
mp-1057315,Eu,0.0,0.015575354999995001,0.015575354999995001,False,materials_project,https://materialsproject.org/materials/mp-1057315
mp-1058581,Ba,0.0,0.018660005,0.018660005,False,materials_project,https://materialsproject.org/materials/mp-1058581
mp-1058623,O2,0.0,1.570656844999999,1.570656844999999,False,materials_project,https://materialsproject.org/materials/mp-1058623
mp-1059259,Cu,0.0,0.15576821999999801,0.15576821999999801,False,materials_project,https://materialsproject.org/materials/mp-1059259
mp-1059289,Cr,0.0,0.335908380000001,0.335908380000001,False,materials_project,https://materialsproject.org/materials/mp-1059289
mp-1064227,Ca,0.0,0.010473554999999002,0.010473554999999002,False,materials_project,https://materialsproject.org/materials/mp-1064227
mp-1067880,Ga,0.0,0.011309182499999001,0.011309182499999001,False,materials_project,https://materialsproject.org/materials/mp-1067880
mp-1095269,Si,0.5013000000000001,0.11054831833333201,0.11054831833333201,False,materials_project,https://materialsproject.org/materials/mp-1095269
mp-1096835,Ba,0.0,0.513503127499999,0.513503127499999,False,materials_project,https://materialsproject.org/materials/mp-1096835
mp-1096840,Ba,0.0,7.525500000005181e-05,7.525500000005181e-05,False,materials_project,https://materialsproject.org/materials/mp-1096840
mp-1097832,C,0.0,2.607661687499999,2.607661687499999,False,materials_project,https://materialsproject.org/materials/mp-1097832
mp-1204627,Si,1.521599999999999,0.12913409456521602,0.12913409456521602,False,materials_project,https://materialsproject.org/materials/mp-1204627
mp-1271198,Fe,0.0,0.054992034999999,0.054992034999999,False,materials_project,https://materialsproject.org/materials/mp-1271198
mp-1545923,Na,0.0,0.006627077500000001,0.006627077500000001,False,materials_project,https://materialsproject.org/materials/mp-1545923
mp-1949763,Bi,0.0655,0.07226496999999901,0.07226496999999901,False,materials_project,https://materialsproject.org/materials/mp-1949763
mp-2018774,Na,0.0,0.010884320000000001,0.010884320000000001,False,materials_project,https://materialsproject.org/materials/mp-2018774
mp-2351841,Si,0.0,0.44883388250000006,0.44883388250000006,False,materials_project,https://materialsproject.org/materials/mp-2351841
mp-44,U,0.0,0.0,0.0,True,materials_project,https://materialsproject.org/materials/mp-44
mp-567540,Ga,0.0,0.081974896999999,0.081974897,False,materials_project,https://materialsproject.org/materials/mp-567540
mp-64,Ce,0.0,0.03472009,0.03472009,False,materials_project,https://materialsproject.org/materials/mp-64
mp-683919,C,1.1035,0.35041286907142705,0.35041286907142805,False,materials_project,https://materialsproject.org/materials/mp-683919
mp-972981,K,0.0,0.006670691249999,0.006670691249999,False,materials_project,https://materialsproject.org/materials/mp-972981
mp-975204,Rb,0.0,0.011841107500000001,0.011841107500000001,False,materials_project,https://materialsproject.org/materials/mp-975204
mp-975272,Hg,0.104199999999999,0.006845172500000001,0.006845172500000001,False,materials_project,https://materialsproject.org/materials/mp-975272
mp-1007857,Ga,0.0,0.12453846500000001,0.12453846500000001,False,materials_project,https://materialsproject.org/materials/mp-1007857
mp-1008394,Cl2,2.2818,6.139999999987822e-06,6.139999999987822e-06,False,materials_project,https://materialsproject.org/materials/mp-1008394
mp-1067285,Ca,0.0,0.27683042,0.27683042,False,materials_project,https://materialsproject.org/materials/mp-1067285
mp-1078637,Bi,0.0,0.100849827499999,0.100849827499999,False,materials_project,https://materialsproject.org/materials/mp-1078637
mp-1079020,Ge,0.0,0.313740758749999,0.313740758749999,False,materials_project,https://materialsproject.org/materials/mp-1079020
mp-1079649,Si,0.0,0.42791178374999905,0.42791178374999905,False,materials_project,https://materialsproject.org/materials/mp-1079649
mp-1103107,Li,0.0,0.055379472500000006,0.055379472500000006,False,materials_project,https://materialsproject.org/materials/mp-1103107
mp-1120743,P,2.783299999999999,0.8729975666666651,0.8729975666666651,False,materials_project,https://materialsproject.org/materials/mp-1120743
mp-1184804,K,0.0,0.0,0.0,True,materials_project,https://materialsproject.org/materials/mp-1184804
mp-1187777,Xe,6.152100000000001,0.004449892499999,0.004449892499999,False,materials_project,https://materialsproject.org/materials/mp-1187777
mp-142,Ga,0.0,0.0,0.0,True,materials_project,https://materialsproject.org/materials/mp-142
mp-1524762,Xe,6.0836,0.021933189999998003,0.021933189999998003,False,materials_project,https://materialsproject.org/materials/mp-1524762
mp-1525121,Br,1.687399999999999,0.0,0.0,True,materials_project,https://materialsproject.org/materials/mp-1525121
mp-1525632,F2,2.8979,0.0,0.0,True,materials_project,https://materialsproject.org/materials/mp-1525632
mp-1525634,I,1.2444,0.0,0.0,True,materials_project,https://materialsproject.org/materials/mp-1525634
mp-1546032,Hg,0.43909999999999905,0.008225503333335,0.008225503333335,False,materials_project,https://materialsproject.org/materials/mp-1546032
mp-157,P,0.010399999999999,0.020214559523809003,0.020214559523809003,False,materials_project,https://materialsproject.org/materials/mp-157
mp-158,As,0.0,0.0,0.0,True,materials_project,https://materialsproject.org/materials/mp-158
mp-1987603,U,0.0,1.6651529475000042,1.6651529475000042,False,materials_project,https://materialsproject.org/materials/mp-1987603
mp-22848,Cl2,2.5434,0.0,0.0,True,materials_project,https://materialsproject.org/materials/mp-22848
mp-23153,I,0.9846,0.0,0.0,True,materials_project,https://materialsproject.org/materials/mp-23153
mp-23154,Br,1.3261999999999992,0.0,0.0,True,materials_project,https://materialsproject.org/materials/mp-23154
mp-573579,Cs,0.0,0.053976002068964,0.053976002068964,False,materials_project,https://materialsproject.org/materials/mp-573579
mp-573691,K,0.0,0.031988253249999,0.031988253249999,False,materials_project,https://materialsproject.org/materials/mp-573691
mp-760482,F2,3.0949,0.0034656799999990004,0.0034656799999990004,False,materials_project,https://materialsproject.org/materials/mp-760482
mp-867305,Pu,0.0,0.587283381250003,0.587283381250003,False,materials_project,https://materialsproject.org/materials/mp-867305
mp-973783,H2,8.802200000000001,0.001528826249999,0.001528826249999,False,materials_project,https://materialsproject.org/materials/mp-973783
mp-1008374,C,0.0,0.43841150499999904,0.43841150499999904,False,materials_project,https://materialsproject.org/materials/mp-1008374
mp-1066989,H2,6.2332,0.05246598,0.05246598,False,materials_project,https://materialsproject.org/materials/mp-1066989
mp-1068966,K,0.0,0.17913493500000002,0.17913493500000002,False,materials_project,https://materialsproject.org/materials/mp-1068966
mp-1078845,C,3.3272999999999993,0.267769908749999,0.267769908749999,False,materials_project,https://materialsproject.org/materials/mp-1078845
mp-1217805,Ta,0.0,5.145464995000005,5.145464995000005,False,materials_project,https://materialsproject.org/materials/mp-1217805
mp-1224349,Ge,0.0,0.251753895,0.251753895,False,materials_project,https://materialsproject.org/materials/mp-1224349
mp-1525492,H2,0.0,0.39538021125,0.39538021125,False,materials_project,https://materialsproject.org/materials/mp-1525492
mp-1981700,U,0.0,0.359552800000003,0.359552800000003,False,materials_project,https://materialsproject.org/materials/mp-1981700
mp-568410,C,0.028100000000000003,0.508887008749999,0.508887008749999,False,materials_project,https://materialsproject.org/materials/mp-568410
mp-579909,C,0.0,0.9450012137499981,0.9450012137499981,False,materials_project,https://materialsproject.org/materials/mp-579909
mp-9924,Te,0.0,0.127406703333335,0.127406703333335,False,materials_project,https://materialsproject.org/materials/mp-9924
mp-1179639,S,0,0.355039354375,0.355039354375,False,materials_project,https://materialsproject.org/materials/mp-1179639
mp-1179641,S,0,0.344424966874999,0.344424966874999,False,materials_project,https://materialsproject.org/materials/mp-1179641
mp-1524452,O2,0.9855,0.16492055875,0.16492055875,False,materials_project,https://materialsproject.org/materials/mp-1524452
mp-568286,C,0.0,0.008188829999999,0.008188829999999,False,materials_project,https://materialsproject.org/materials/mp-568286
mp-568363,C,0.0,0.008253912499998,0.008253912499998,False,materials_project,https://materialsproject.org/materials/mp-568363
mp-624889,C,0.0,1.256077986249998,1.256077986249998,False,materials_project,https://materialsproject.org/materials/mp-624889
mp-109,Si,0,0.29561939749999905,0.29561939749999905,False,materials_project,https://materialsproject.org/materials/mp-109
mp-1180981,I,0,0.11707855499999902,0.11707855499999902,False,materials_project,https://materialsproject.org/materials/mp-1180981
mp-1181096,Hg,0,0.012642065000001,0.012642065000001,False,materials_project,https://materialsproject.org/materials/mp-1181096
mp-1184687,Hg,0,0.019197834999999,0.019197834999999,False,materials_project,https://materialsproject.org/materials/mp-1184687
mp-148,Ge,0,0.243109495,0.243109495,False,materials_project,https://materialsproject.org/materials/mp-148
mp-1524805,Si,0,0.6645676274999981,0.6645676274999981,False,materials_project,https://materialsproject.org/materials/mp-1524805
mp-1525652,Bi,0,0.096277074999996,0.096277074999996,False,materials_project,https://materialsproject.org/materials/mp-1525652
mp-607540,O2,0,0.12115633999999902,0.12115633999999902,False,materials_project,https://materialsproject.org/materials/mp-607540
mp-937760,C,0,0.006056227500000001,0.006056227500000001,False,materials_project,https://materialsproject.org/materials/mp-937760
mp-1018045,Rb,0.0,0.07453195499999901,0.07453195499999901,False,materials_project,https://materialsproject.org/materials/mp-1018045
mp-1063817,Rb,0.0,0.181163509999999,0.181163509999999,False,materials_project,https://materialsproject.org/materials/mp-1063817
mp-1120813,Br,1.4606,0.11358546468750001,0.11358546468750001,False,materials_project,https://materialsproject.org/materials/mp-1120813
mp-571261,Pu,0.0,0.47009415125000903,0.47009415125000903,False,materials_project,https://materialsproject.org/materials/mp-571261
mp-77,S,2.5807,0.0,0.0,True,materials_project,https://materialsproject.org/materials/mp-77
mp-1056308,Sn,0.0,0.065968104999999,0.065968104999999,False,materials_project,https://materialsproject.org/materials/mp-1056308
mp-1179414,Sn,0.0,0.09648671749999901,0.09648671749999901,False,materials_project,https://materialsproject.org/materials/mp-1179414
mp-630227,C,0.9121999999999991,0.39554219849999606,0.39554219849999706,False,materials_project,https://materialsproject.org/materials/mp-630227
mp-639751,I,0.0,0.050646264999999004,0.050646264999999004,False,materials_project,https://materialsproject.org/materials/mp-639751
mp-998864,Br,0.0,0.08391820500000001,0.08391820500000001,False,materials_project,https://materialsproject.org/materials/mp-998864
mp-1077723,Zr,0.0,0.008909571666668,0.008909571666666,False,materials_project,https://materialsproject.org/materials/mp-1077723
mp-1543931,Rb,0.0,0.00013048499999900002,0.00013048499999900002,False,materials_project,https://materialsproject.org/materials/mp-1543931
mp-2204861,Rb,0.0,0.008728708750000001,0.008728708750000001,False,materials_project,https://materialsproject.org/materials/mp-2204861
mp-1061054,Ge,0,0.23597901000000102,0.23597901000000102,False,materials_project,https://materialsproject.org/materials/mp-1061054
mp-7245,P,0,0.093512971666665,0.093512971666665,False,materials_project,https://materialsproject.org/materials/mp-7245
mp-754514,N2,0,1.037821919999999,1.037821919999999,False,materials_project,https://materialsproject.org/materials/mp-754514
mp-1096869,C,0,0.11787022052816801,0.117870220528169,False,materials_project,https://materialsproject.org/materials/mp-1096869
mp-1078638,Ca,0.0,0.019152001249999002,0.019152001249999002,False,materials_project,https://materialsproject.org/materials/mp-1078638
mp-1102442,O2,0.7723,0.7395696983333331,0.7395696983333321,False,materials_project,https://materialsproject.org/materials/mp-1102442
mp-723285,O2,0.0,0.001272293749999,0.001272293749999,False,materials_project,https://materialsproject.org/materials/mp-723285
mp-734188,O2,1.2826,0.43474388499999905,0.43474388499999905,False,materials_project,https://materialsproject.org/materials/mp-734188
mp-137,Ge,0.34330000000000005,0.14938990666666702,0.14938990666666802,False,materials_project,https://materialsproject.org/materials/mp-137
mp-994911,S,3.3265000000000002,0.042196687187500005,0.042196687187500005,False,materials_project,https://materialsproject.org/materials/mp-994911
mp-1001608,C4O3,0.0519,0.7493088065476181,1.886345246904762,False,materials_project,https://materialsproject.org/materials/mp-1001608
mp-1016063,CrN2,0.12890000000000001,-0.054033927083333,0.44542395249999805,False,materials_project,https://materialsproject.org/materials/mp-1016063
mp-1016069,CrN2,0.2328,-0.017336512083332003,0.48212136750000106,False,materials_project,https://materialsproject.org/materials/mp-1016069
mp-1040910,VO2,0.9781000000000001,-2.317210477499999,0.205257699166653,False,materials_project,https://materialsproject.org/materials/mp-1040910
mp-1044869,SbO2,1.8679000000000001,-1.668299978055555,0.170706668194422,False,materials_project,https://materialsproject.org/materials/mp-1044869
mp-1072984,Mg2Si3,0.0,0.183425799999999,0.24858505799999903,False,materials_project,https://materialsproject.org/materials/mp-1072984
mp-1072989,Mg2Si3,0.0,0.160926878499999,0.226086136499999,False,materials_project,https://materialsproject.org/materials/mp-1072989
mp-1072996,Mg2Si3,0.0,0.18295004750000002,0.24810930550000002,False,materials_project,https://materialsproject.org/materials/mp-1072996
mp-1073012,Mg2Si3,0.0,0.169351488499999,0.234510746499999,False,materials_project,https://materialsproject.org/materials/mp-1073012
mp-1073015,Mg2Si3,0.0,0.18472304850000001,0.2498823065,False,materials_project,https://materialsproject.org/materials/mp-1073015
mp-1073021,Mg2Si3,0.0,0.15756406149999902,0.22272331949999902,False,materials_project,https://materialsproject.org/materials/mp-1073021
mp-1073037,Mg2Si3,0.0,0.144373645499999,0.209532903499999,False,materials_project,https://materialsproject.org/materials/mp-1073037
mp-1073041,Mg2Si3,0.0,0.15895445499999902,0.22411371299999902,False,materials_project,https://materialsproject.org/materials/mp-1073041
mp-1073061,Mg2Si3,0.0,0.20484593950000002,0.2700051975,False,materials_project,https://materialsproject.org/materials/mp-1073061
mp-1073075,Mg2Si3,0.0,0.281312467,0.346471724999999,False,materials_project,https://materialsproject.org/materials/mp-1073075
mp-1073089,Mg2Si3,0.0,0.1873695025,0.2525287605,False,materials_project,https://materialsproject.org/materials/mp-1073089
mp-1073121,Mg2Si3,0.0,0.1811593635,0.24631862149999903,False,materials_project,https://materialsproject.org/materials/mp-1073121
mp-1073122,Mg2Si3,0.0,0.20192560650000002,0.2670848645,False,materials_project,https://materialsproject.org/materials/mp-1073122
mp-1073130,Mg2Si3,0.0,0.25794206750000004,0.32310132550000004,False,materials_project,https://materialsproject.org/materials/mp-1073130
mp-1073134,Mg2Si3,0.0,0.18945085450000002,0.2546101125,False,materials_project,https://materialsproject.org/materials/mp-1073134
mp-1073146,Mg2Si3,0.0,0.2075674945,0.2727267525,False,materials_project,https://materialsproject.org/materials/mp-1073146
mp-1073164,Mg2Si3,0.0,0.09132888399999901,0.15648814199999903,False,materials_project,https://materialsproject.org/materials/mp-1073164
mp-1073166,Mg2Si3,0.0,0.17310206699999903,0.23826132499999902,False,materials_project,https://materialsproject.org/materials/mp-1073166
mp-1073210,Mg2Si3,0.0,0.269788752,0.33494801,False,materials_project,https://materialsproject.org/materials/mp-1073210
mp-1073232,Mg2Si3,0.0,0.14795850000000002,0.21311775800000002,False,materials_project,https://materialsproject.org/materials/mp-1073232
mp-1073316,MgSi2,0.0,0.172869781666666,0.227169163333333,False,materials_project,https://materialsproject.org/materials/mp-1073316
mp-1073358,MgSi2,0.0,0.15937452666666602,0.21367390833333302,False,materials_project,https://materialsproject.org/materials/mp-1073358
mp-1073363,MgSi2,0.0,0.186797357083333,0.241096738749999,False,materials_project,https://materialsproject.org/materials/mp-1073363
mp-1073371,MgSi2,0.0,0.176922766666666,0.23122214833333302,False,materials_project,https://materialsproject.org/materials/mp-1073371
mp-1073395,MgSi2,0.0,0.255130814166666,0.30943019583333303,False,materials_project,https://materialsproject.org/materials/mp-1073395
mp-1073396,MgSi2,0.0,0.17801538249999901,0.23231476416666602,False,materials_project,https://materialsproject.org/materials/mp-1073396
mp-1073398,MgSi2,0.0,0.20275739416666602,0.25705677583333303,False,materials_project,https://materialsproject.org/materials/mp-1073398
mp-1073405,MgSi2,0.0,0.189919986666666,0.24421936833333302,False,materials_project,https://materialsproject.org/materials/mp-1073405
mp-1073409,MgSi2,0.0,0.185604217499999,0.239903599166666,False,materials_project,https://materialsproject.org/materials/mp-1073409
mp-1073451,MgSi2,0.0,0.247561959166666,0.30186134083333305,False,materials_project,https://materialsproject.org/materials/mp-1073451
mp-1073459,MgSi2,0.0,0.248619899999999,0.30291928166666604,False,materials_project,https://materialsproject.org/materials/mp-1073459
mp-1073465,MgSi2,0.0,0.23766056916666603,0.29195995083333304,False,materials_project,https://materialsproject.org/materials/mp-1073465
mp-1073470,MgSi2,0.0,0.19278391083333302,0.24708329250000002,False,materials_project,https://materialsproject.org/materials/mp-1073470
mp-1073483,MgSi2,0.0,0.18384773583333203,0.2381471175,False,materials_project,https://materialsproject.org/materials/mp-1073483
mp-1073493,MgSi2,0.0,0.173824345833333,0.2281237275,False,materials_project,https://materialsproject.org/materials/mp-1073493
mp-1073519,MgSi2,0.0,0.189984703333333,0.244284085,False,materials_project,https://materialsproject.org/materials/mp-1073519
mp-1073528,MgSi2,0.0,0.132578834999999,0.186878216666666,False,materials_project,https://materialsproject.org/materials/mp-1073528
mp-1073530,MgSi2,0.0,0.215986827499999,0.270286209166666,False,materials_project,https://materialsproject.org/materials/mp-1073530
mp-1073545,MgSi2,0.0,0.25662408333333203,0.310923465,False,materials_project,https://materialsproject.org/materials/mp-1073545
mp-1073557,MgSi2,0.0,0.22729358666666602,0.281592968333333,False,materials_project,https://materialsproject.org/materials/mp-1073557
mp-1073562,MgSi2,0.0,0.254377444166666,0.308676825833333,False,materials_project,https://materialsproject.org/materials/mp-1073562
mp-1073590,MgSi2,0.0,0.169590942083332,0.223890323749999,False,materials_project,https://materialsproject.org/materials/mp-1073590
mp-1073592,MgSi2,0.0,0.205900298333332,0.26019967999999905,False,materials_project,https://materialsproject.org/materials/mp-1073592
mp-1073613,MgSi2,0.0,0.24086602416666603,0.295165405833333,False,materials_project,https://materialsproject.org/materials/mp-1073613
mp-1073623,MgSi2,0.0,0.17467379499999902,0.22897317666666603,False,materials_project,https://materialsproject.org/materials/mp-1073623
mp-1073655,MgSi2,0.0,0.19490408124999903,0.249203462916666,False,materials_project,https://materialsproject.org/materials/mp-1073655
mp-1073665,MgSi2,0.0,0.22749447249999902,0.281793854166666,False,materials_project,https://materialsproject.org/materials/mp-1073665
mp-1073686,MgSi,0.0,0.10169729333333301,0.18314636583333302,False,materials_project,https://materialsproject.org/materials/mp-1073686
mp-1073695,MgSi,0.0,0.09275888833333301,0.174207960833333,False,materials_project,https://materialsproject.org/materials/mp-1073695
mp-1073702,MgSi,0.0,0.12316111458333301,0.204610187083333,False,materials_project,https://materialsproject.org/materials/mp-1073702
mp-1073720,MgSi,0.0,0.17340512666666602,0.254854199166666,False,materials_project,https://materialsproject.org/materials/mp-1073720
mp-1073721,MgSi,0.0,0.08357148291666701,0.16502055541666702,False,materials_project,https://materialsproject.org/materials/mp-1073721
mp-1073730,MgSi,0.0,0.1526103175,0.23405939,False,materials_project,https://materialsproject.org/materials/mp-1073730
mp-1073733,MgSi,0.0,0.202360349166666,0.283809421666666,False,materials_project,https://materialsproject.org/materials/mp-1073733
mp-1073734,MgSi,0.0,0.10845523083333301,0.18990430333333302,False,materials_project,https://materialsproject.org/materials/mp-1073734
mp-1073750,MgSi,0.0,0.071313884583333,0.152762957083333,False,materials_project,https://materialsproject.org/materials/mp-1073750
mp-1073785,MgSi,0.0,0.12877525583333302,0.21022432833333302,False,materials_project,https://materialsproject.org/materials/mp-1073785
mp-1073809,MgSi,0.0,0.129123764999999,0.21057283749999903,False,materials_project,https://materialsproject.org/materials/mp-1073809
mp-1073816,MgSi,0.0,0.094470571666666,0.175919644166666,False,materials_project,https://materialsproject.org/materials/mp-1073816
mp-1073819,MgSi,0.0,0.126140004999999,0.20758907749999903,False,materials_project,https://materialsproject.org/materials/mp-1073819
mp-1073822,MgSi,0.0,0.12900074416666601,0.210449816666666,False,materials_project,https://materialsproject.org/materials/mp-1073822
mp-1073857,MgSi,0.0,0.08365501583333301,0.165104088333333,False,materials_project,https://materialsproject.org/materials/mp-1073857
mp-1073859,MgSi,0.0,0.16925799333333302,0.250707065833333,False,materials_project,https://materialsproject.org/materials/mp-1073859
mp-1073861,MgSi,0.0,0.131659663333333,0.213108735833333,False,materials_project,https://materialsproject.org/materials/mp-1073861
mp-1073877,Mg6Si5,0.0,0.173279111818181,0.262132645454545,False,materials_project,https://materialsproject.org/materials/mp-1073877
mp-1073900,Mg6Si5,0.0,0.134344772272726,0.22319830590909,False,materials_project,https://materialsproject.org/materials/mp-1073900
mp-1073903,Mg6Si5,0.0,0.066623427727272,0.155476961363635,False,materials_project,https://materialsproject.org/materials/mp-1073903
mp-1073904,Mg6Si5,0.0,0.107174874545454,0.19602840818181802,False,materials_project,https://materialsproject.org/materials/mp-1073904
mp-1073910,Mg6Si5,0.0,0.049520425454544006,0.13837395909090802,False,materials_project,https://materialsproject.org/materials/mp-1073910
mp-1073915,Mg6Si5,0.0,0.13752151136363502,0.22637504499999903,False,materials_project,https://materialsproject.org/materials/mp-1073915
mp-1073916,Mg6Si5,0.0,0.13130103090909,0.220154564545454,False,materials_project,https://materialsproject.org/materials/mp-1073916
mp-1073917,Mg6Si5,0.0,0.09985328727272601,0.18870682090909002,False,materials_project,https://materialsproject.org/materials/mp-1073917
mp-1073919,Mg6Si5,0.0,0.12946909636363602,0.21832262999999902,False,materials_project,https://materialsproject.org/materials/mp-1073919
mp-1073927,Mg6Si5,0.0,0.10973560499999901,0.19858913863636302,False,materials_project,https://materialsproject.org/materials/mp-1073927
mp-1073929,Mg6Si5,0.0,0.15629844727272701,0.24515198090909002,False,materials_project,https://materialsproject.org/materials/mp-1073929
mp-1073933,Mg6Si5,0.0,0.12403212090909001,0.21288565454545302,False,materials_project,https://materialsproject.org/materials/mp-1073933
mp-1073934,Mg6Si5,0.0,0.123252914999999,0.21210644863636302,False,materials_project,https://materialsproject.org/materials/mp-1073934
mp-1073935,Mg6Si5,0.0,0.07275689636363501,0.161610429999999,False,materials_project,https://materialsproject.org/materials/mp-1073935
mp-1073940,Mg6Si5,0.0,0.107484787727272,0.19633832136363602,False,materials_project,https://materialsproject.org/materials/mp-1073940
mp-1073950,Mg6Si5,0.0,0.149714401363636,0.238567934999999,False,materials_project,https://materialsproject.org/materials/mp-1073950
mp-1073958,Mg6Si5,0.0,0.138068449090908,0.22692198272727201,False,materials_project,https://materialsproject.org/materials/mp-1073958
mp-1073962,Mg6Si5,0.0,0.152467113636363,0.241320647272726,False,materials_project,https://materialsproject.org/materials/mp-1073962
mp-1073996,Mg6Si5,0.0,0.142403693181818,0.231257226818181,False,materials_project,https://materialsproject.org/materials/mp-1073996
mp-1073998,Mg6Si5,0.0,0.19692653499999901,0.285780068636363,False,materials_project,https://materialsproject.org/materials/mp-1073998
mp-1074003,Mg9Si5,0.0,0.005551356785714,0.11027159285714201,False,materials_project,https://materialsproject.org/materials/mp-1074003
mp-1074007,Mg6Si5,0.0,0.14359235772727202,0.23244589136363603,False,materials_project,https://materialsproject.org/materials/mp-1074007
mp-1074008,Mg9Si5,0.0,0.016059980357142,0.12078021642857001,False,materials_project,https://materialsproject.org/materials/mp-1074008
mp-1074009,Mg9Si5,0.0,0.054083191428571,0.158803427499999,False,materials_project,https://materialsproject.org/materials/mp-1074009
mp-1074011,Mg6Si5,0.0,0.13435156954545302,0.22320510318181702,False,materials_project,https://materialsproject.org/materials/mp-1074011
mp-1074023,Mg9Si5,0.0,0.044241434999999,0.14896167107142802,False,materials_project,https://materialsproject.org/materials/mp-1074023
mp-1074026,Mg9Si5,0.0,0.08785966107142801,0.192579897142856,False,materials_project,https://materialsproject.org/materials/mp-1074026
mp-1074028,Mg9Si5,0.0,0.034188965357142005,0.13890920142857002,False,materials_project,https://materialsproject.org/materials/mp-1074028
mp-1074041,Mg9Si5,0.0,0.05718140964285601,0.161901645714285,False,materials_project,https://materialsproject.org/materials/mp-1074041
mp-1074044,Mg9Si5,0.0,0.041205285714285,0.14592552178571302,False,materials_project,https://materialsproject.org/materials/mp-1074044
mp-1074046,Mg9Si5,0.0,0.020499387142857,0.125219623214285,False,materials_project,https://materialsproject.org/materials/mp-1074046
mp-1074050,Mg9Si5,0.0,0.08838071035714201,0.19310094642857,False,materials_project,https://materialsproject.org/materials/mp-1074050
mp-1074057,Mg9Si5,0.0,0.004123977857142001,0.10884421392857001,False,materials_project,https://materialsproject.org/materials/mp-1074057
mp-1074061,Mg9Si5,0.0,0.016739832499999,0.12146006857142701,False,materials_project,https://materialsproject.org/materials/mp-1074061
mp-1074062,Mg9Si5,0.0,0.065600488214285,0.17032072428571302,False,materials_project,https://materialsproject.org/materials/mp-1074062
mp-1074063,Mg9Si5,0.0,0.073569130714285,0.17828936678571303,False,materials_project,https://materialsproject.org/materials/mp-1074063
mp-1074064,Mg9Si5,0.0,0.10065703714285601,0.205377273214284,False,materials_project,https://materialsproject.org/materials/mp-1074064
mp-1074066,Mg9Si5,0.0,0.030294349642856003,0.135014585714285,False,materials_project,https://materialsproject.org/materials/mp-1074066
mp-1074069,Mg9Si5,0.0,0.048391583214285,0.15311181928571302,False,materials_project,https://materialsproject.org/materials/mp-1074069
mp-1074088,Mg4Si7,0.0,0.22540517636363602,0.28464086545454503,False,materials_project,https://materialsproject.org/materials/mp-1074088
mp-1074093,Mg9Si5,0.0,0.050164098928571,0.154884334999999,False,materials_project,https://materialsproject.org/materials/mp-1074093
mp-1074094,Mg4Si7,0.0,0.18330022590909,0.24253591500000002,False,materials_project,https://materialsproject.org/materials/mp-1074094
mp-1074095,Mg9Si5,0.0,0.09017775392857101,0.19489798999999902,False,materials_project,https://materialsproject.org/materials/mp-1074095
mp-1074122,Mg4Si7,0.0,0.185230219090908,0.24446590818181801,False,materials_project,https://materialsproject.org/materials/mp-1074122
mp-1074131,Mg4Si7,0.0,0.20188683727272702,0.26112252636363703,False,materials_project,https://materialsproject.org/materials/mp-1074131
mp-1074135,Mg4Si7,0.0,0.171256775,0.230492464090909,False,materials_project,https://materialsproject.org/materials/mp-1074135
mp-1074143,Mg4Si7,0.0,0.16478938727272702,0.22402507636363603,False,materials_project,https://materialsproject.org/materials/mp-1074143
mp-1074145,Mg4Si7,0.0,0.16060255136363602,0.21983824045454503,False,materials_project,https://materialsproject.org/materials/mp-1074145
mp-1074146,Mg4Si7,0.0,0.179111155454545,0.23834684454545502,False,materials_project,https://materialsproject.org/materials/mp-1074146
mp-1074147,Mg4Si7,0.0,0.17124280590909002,0.230478495,False,materials_project,https://materialsproject.org/materials/mp-1074147
mp-1074178,Mg4Si7,0.0,0.16456210499999901,0.22379779409090902,False,materials_project,https://materialsproject.org/materials/mp-1074178
mp-1074181,Mg4Si7,0.0,0.17372606409090902,0.23296175318181803,False,materials_project,https://materialsproject.org/materials/mp-1074181
mp-1074189,Mg4Si7,0.0,0.160848535454545,0.220084224545455,False,materials_project,https://materialsproject.org/materials/mp-1074189
mp-1074194,Mg4Si7,0.0,0.157131259545454,0.21636694863636402,False,materials_project,https://materialsproject.org/materials/mp-1074194
mp-1074199,Mg4Si7,0.0,0.18938143090909101,0.24861712000000002,False,materials_project,https://materialsproject.org/materials/mp-1074199
mp-1074207,Mg4Si7,0.0,0.166767286818181,0.22600297590909102,False,materials_project,https://materialsproject.org/materials/mp-1074207
mp-1074209,Mg4Si7,0.0,0.17638099409090802,0.23561668318181803,False,materials_project,https://materialsproject.org/materials/mp-1074209
mp-1074213,Mg4Si7,0.0,0.226398261818181,0.285633950909091,False,materials_project,https://materialsproject.org/materials/mp-1074213
mp-1074218,Mg4Si7,0.0,0.19526300409090802,0.254498693181818,False,materials_project,https://materialsproject.org/materials/mp-1074218
mp-1074259,Mg4Si3,0.0,0.071984507857142,0.16506916214285602,False,materials_project,https://materialsproject.org/materials/mp-1074259
mp-1074263,Mg4Si3,0.0,0.12202215678571401,0.215106811071428,False,materials_project,https://materialsproject.org/materials/mp-1074263
mp-1074264,Mg4Si3,0.0,0.069477854285714,0.162562508571428,False,materials_project,https://materialsproject.org/materials/mp-1074264
mp-1074265,Mg4Si7,0.0,0.20268958227272701,0.261925271363637,False,materials_project,https://materialsproject.org/materials/mp-1074265
mp-1074272,Mg4Si3,0.0,0.075161505,0.16824615928571302,False,materials_project,https://materialsproject.org/materials/mp-1074272
mp-1074276,Mg4Si3,0.0,0.037336630714285,0.147672693571428,False,materials_project,https://materialsproject.org/materials/mp-1074276
mp-1074278,Mg4Si3,0.0,0.1156977975,0.208782451785713,False,materials_project,https://materialsproject.org/materials/mp-1074278
mp-1074279,Mg4Si3,0.0,0.094791897142857,0.18787655142857101,False,materials_project,https://materialsproject.org/materials/mp-1074279
mp-1074283,Mg4Si3,0.0,0.090420655,0.183505309285714,False,materials_project,https://materialsproject.org/materials/mp-1074283
mp-1074288,Mg4Si3,0.0,0.053103592142857,0.14618824642857,False,materials_project,https://materialsproject.org/materials/mp-1074288
mp-1074291,Mg4Si3,0.0,0.163710110714286,0.25679476500000004,False,materials_project,https://materialsproject.org/materials/mp-1074291
mp-1074292,Mg4Si3,0.0,0.059995609285714006,0.153080263571428,False,materials_project,https://materialsproject.org/materials/mp-1074292
mp-1074320,Mg4Si3,0.0,0.07907966500000001,0.17216431928571402,False,materials_project,https://materialsproject.org/materials/mp-1074320
mp-1074327,Mg4Si3,0.0,0.13632797928571402,0.22941263357142802,False,materials_project,https://materialsproject.org/materials/mp-1074327
mp-1074338,Mg4Si3,0.0,0.081010159285714,0.174094813571428,False,materials_project,https://materialsproject.org/materials/mp-1074338
mp-1074344,Mg4Si3,0.0,0.115737660357142,0.20882231464285603,False,materials_project,https://materialsproject.org/materials/mp-1074344
mp-1074345,Mg4Si3,0.0,0.130800149999999,0.22388480428571403,False,materials_project,https://materialsproject.org/materials/mp-1074345
mp-1074346,Mg4Si3,0.0,0.069991993571428,0.16307664785714202,False,materials_project,https://materialsproject.org/materials/mp-1074346
mp-1074347,Mg4Si3,0.0,0.11804604535714201,0.21113069964285602,False,materials_project,https://materialsproject.org/materials/mp-1074347
mp-1074349,Mg4Si3,0.0,0.121133989285714,0.21421864357142803,False,materials_project,https://materialsproject.org/materials/mp-1074349
mp-1074350,Mg4Si3,0.0,0.127348812142857,0.220433466428571,False,materials_project,https://materialsproject.org/materials/mp-1074350
mp-1074356,Mg4Si3,0.0,0.022733099285714,0.11581775357142801,False,materials_project,https://materialsproject.org/materials/mp-1074356
mp-1074380,Mg4Si3,0.0,0.17256465,0.26564930428571404,False,materials_project,https://materialsproject.org/materials/mp-1074380
mp-1074382,Mg4Si3,0.0,0.054284232142857006,0.14736888642857102,False,materials_project,https://materialsproject.org/materials/mp-1074382
mp-1074386,Mg4Si3,0.0,0.11251684928571401,0.205601503571428,False,materials_project,https://materialsproject.org/materials/mp-1074386
mp-1074388,Mg4Si3,0.0,0.132454677142857,0.22553933142857102,False,materials_project,https://materialsproject.org/materials/mp-1074388
mp-1074396,Mg4Si3,0.0,0.211231042857142,0.304315697142856,False,materials_project,https://materialsproject.org/materials/mp-1074396
mp-1074404,Mg4Si3,0.0,0.050528463571428005,0.143613117857142,False,materials_project,https://materialsproject.org/materials/mp-1074404
mp-1074408,Mg4Si3,0.0,0.072215727857143,0.165300382142857,False,materials_project,https://materialsproject.org/materials/mp-1074408
mp-1074413,Mg4Si3,0.0,0.16875291142857102,0.261837565714285,False,materials_project,https://materialsproject.org/materials/mp-1074413
mp-1074417,Mg4Si3,0.0,0.06487637428571401,0.15796102857142802,False,materials_project,https://materialsproject.org/materials/mp-1074417
mp-1074429,Mg4Si3,0.0,0.127588616428571,0.22067327071428502,False,materials_project,https://materialsproject.org/materials/mp-1074429
mp-1074433,Mg4Si3,0.0,0.092917694285714,0.18600234857142803,False,materials_project,https://materialsproject.org/materials/mp-1074433
mp-1074455,Mg4Si3,0.0,0.10257705857142801,0.195661712857142,False,materials_project,https://materialsproject.org/materials/mp-1074455
mp-1074458,Mg4Si3,0.0,0.101227111428571,0.19431176571428502,False,materials_project,https://materialsproject.org/materials/mp-1074458
mp-1074465,Mg4Si3,0.0,0.09461194285714301,0.18769659714285702,False,materials_project,https://materialsproject.org/materials/mp-1074465
mp-1074466,Mg4Si3,0.0,0.067240105714286,0.160324759999999,False,materials_project,https://materialsproject.org/materials/mp-1074466
mp-1074468,Mg4Si3,0.0,0.11022871714285701,0.203313371428571,False,materials_project,https://materialsproject.org/materials/mp-1074468
