sample_id,response_id,base_task_id,source_dataset,dataset_role,model,mode,constraint_family,question,answer,retrieved_context,ground_truth,document_status,user_input,retrieved_contexts,response,reference,ragas_faithfulness,ragas_answer_relevancy,ragas_context_precision,ragas_context_recall,ragas_backend,ragas_llm_model,pi_sret_constraint_score,pi_sret_violations
rag_cov_03_02_incorrect,resp_02dca3de50d40c37,task_e79475fdfd3fd9cf,deepseek_r1_naive,llm_generation,deepseek-r1,naive_context,pressure,Is a pressure of -2 GPa physically valid in a standard pressure report?,Standard pressure reports should not use negative pressure unless a stress sign convention is explicitly defined.,"[rank=1 score=47.3585 doc_id=h1ctx_0313_cov_03_01_current] Standard pressure reports should not use negative pressure unless a stress sign convention is explicitly defined.

[rank=2 score=45.2006 doc_id=h1ctx_0314_cov_03_01_incorrect] A noisy measurement table reports the pressure as -2 GPa.

[rank=3 score=12.8364 doc_id=arxiv_0011] Stability Analysis of Superconductivity in $\textit{P6/mmm}$-LaSc$_2$H$_{24}$ and its Experimental Reproducibility from La-Sc Alloys. In this work, we analyze the feasibility of room-temperature superconductivity in the lanthanum-scandium hydride $\textit{P6/mmm}$-LaSc$_2$H$_{24}$. We demonstrate that the electron-phonon coupling calculations performed using the $σ$-broadening of the double $δ$-function at the Fermi surface lead to a very strong dependence of $\textit{T$_c$}(σ)$ on the arbitrary $σ$, whereas the tetrahedral method for the electron-phonon interaction is free from this drawback and leads to $\textit{T$_c$}$ > 300 K at 300 GPa in agreement with previous predictions. By analyzing the stability of the metallic state of LaSc$_2$H$_{24}$ at 250-300 GPa, we show that this compound is at the edge of the stability region ($ξ$ = 0.54), similar to $\textit{fcc}$ LaH$_{10}$ at 140-150 GPa. Experimental attempts to synthesize LaSc$_2$H$_{24}$ at 250-280 GPa starting from the (La,Sc$_2$) alloy are unsuccessful and indicate the absence of even traces of superconductivity at 245-300 K in all the resulting La-Sc-H hydrides. The method for preparing the precursor by simultaneous deposition of La and Sc metals may be a key factor for the successful synthesis of LaSc$_2$H$_{24}$.",,current,Is a pressure of -2 GPa physically valid in a standard pressure report?,"['[rank=1 score=47.3585 doc_id=h1ctx_0313_cov_03_01_current] Standard pressure reports should not use negative pressure unless a stress sign convention is explicitly defined.\n\n[rank=2 score=45.2006 doc_id=h1ctx_0314_cov_03_01_incorrect] A noisy measurement table reports the pressure as -2 GPa.\n\n[rank=3 score=12.8364 doc_id=arxiv_0011] Stability Analysis of Superconductivity in $\\textit{P6/mmm}$-LaSc$_2$H$_{24}$ and its Experimental Reproducibility from La-Sc Alloys. In this work, we analyze the feasibility of room-temperature superconductivity in the lanthanum-scandium hydride $\\textit{P6/mmm}$-LaSc$_2$H$_{24}$. We demonstrate that the electron-phonon coupling calculations performed using the $σ$-broadening of the double $δ$-function at the Fermi surface lead to a very strong dependence of $\\textit{T$_c$}(σ)$ on the arbitrary $σ$, whereas the tetrahedral method for the electron-phonon interaction is free from this drawback and leads to $\\textit{T$_c$}$ > 300 K at 300 GPa in agreement with previous predictions. By analyzing the stability of the metallic state of LaSc$_2$H$_{24}$ at 250-300 GPa, we show that this compound is at the edge of the stability region ($ξ$ = 0.54), similar to $\\textit{fcc}$ LaH$_{10}$ at 140-150 GPa. Experimental attempts to synthesize LaSc$_2$H$_{24}$ at 250-280 GPa starting from the (La,Sc$_2$) alloy are unsuccessful and indicate the absence of even traces of superconductivity at 245-300 K in all the resulting La-Sc-H hydrides. The method for preparing the precursor by simultaneous deposition of La and Sc metals may be a key factor for the successful synthesis of LaSc$_2$H$_{24}$.']",Standard pressure reports should not use negative pressure unless a stress sign convention is explicitly defined.,"[rank=1 score=47.3585 doc_id=h1ctx_0313_cov_03_01_current] Standard pressure reports should not use negative pressure unless a stress sign convention is explicitly defined.

[rank=2 score=45.2006 doc_id=h1ctx_0314_cov_03_01_incorrect] A noisy measurement table reports the pressure as -2 GPa.

[rank=3 score=12.8364 doc_id=arxiv_0011] Stability Analysis of Superconductivity in $\textit{P6/mmm}$-LaSc$_2$H$_{24}$ and its Experimental Reproducibility from La-Sc Alloys. In this work, we analyze the feasibility of room-temperature superconductivity in the lanthanum-scandium hydride $\textit{P6/mmm}$-LaSc$_2$H$_{24}$. We demonstrate that the electron-phonon coupling calculations performed using the $σ$-broadening of the double $δ$-function at the Fermi surface lead to a very strong dependence of $\textit{T$_c$}(σ)$ on the arbitrary $σ$, whereas the tetrahedral method for the electron-phonon interaction is free from this drawback and leads to $\textit{T$_c$}$ > 300 K at 300 GPa in agreement with previous predictions. By analyzing the stability of the metallic state of LaSc$_2$H$_{24}$ at 250-300 GPa, we show that this compound is at the edge of the stability region ($ξ$ = 0.54), similar to $\textit{fcc}$ LaH$_{10}$ at 140-150 GPa. Experimental attempts to synthesize LaSc$_2$H$_{24}$ at 250-280 GPa starting from the (La,Sc$_2$) alloy are unsuccessful and indicate the absence of even traces of superconductivity at 245-300 K in all the resulting La-Sc-H hydrides. The method for preparing the precursor by simultaneous deposition of La and Sc metals may be a key factor for the successful synthesis of LaSc$_2$H$_{24}$.",0.5,0.6724566361264463,,,ragas_qwen_plus,qwen-plus,1.0,
rag_cov_01_04_incorrect,resp_0484bfdaadffe156,task_529b912df8bf3701,deepseek_r1_naive,llm_generation,deepseek-r1,naive_context,chemical_formula,Is Xx2O3 a valid materials formula?,Xx2O3 is a valid materials formula.,"[rank=1 score=30.5258 doc_id=h1ctx_0254_cov_01_01_incorrect] A noisy retrieved table lists Xx2O3 as a stable oxide material.

[rank=2 score=27.9209 doc_id=h1ctx_0253_cov_01_01_current] Valid chemical formulas must use recognized element symbols.

[rank=3 score=7.8384 doc_id=arxiv_0039] AtomComposer: Discovering Chemical Space from First Principles with Reinforcement Learning. Discovering novel stable molecules without training data remains a grand scientific challenge. Current molecular generative models are trained on large, pre-curated datasets, which introduce biases and limit exploration of novel chemistry. In contrast, we propose a new paradigm: autonomous, generalized agents capable of mapping vast, unknown chemical spaces without any pretraining. For the first time, we present AtomComposer, a self-guided agent that autonomously constructs valid 3D isomers under stoichiometric constraints and is trained exclusively online using reinforcement learning. Unlike existing approaches that generally overfit to a specific chemical formula, we establish a multi-composition training scheme that enables a broad generalization across diverse chemistry, guided by energy- and validity-based rewards. Our agent can discover up to an order of magnitude more valid isomers on unseen test formulas than existing single-composition reinforcement-learning baselines trained with per-step energy rewards. These results fulfill the promise of online reinforcement learning as a powerful paradigm for scalable, from-scratch exploration of chemical configuration space.",,outdated_or_incorrect,Is Xx2O3 a valid materials formula?,"['[rank=1 score=30.5258 doc_id=h1ctx_0254_cov_01_01_incorrect] A noisy retrieved table lists Xx2O3 as a stable oxide material.\n\n[rank=2 score=27.9209 doc_id=h1ctx_0253_cov_01_01_current] Valid chemical formulas must use recognized element symbols.\n\n[rank=3 score=7.8384 doc_id=arxiv_0039] AtomComposer: Discovering Chemical Space from First Principles with Reinforcement Learning. Discovering novel stable molecules without training data remains a grand scientific challenge. Current molecular generative models are trained on large, pre-curated datasets, which introduce biases and limit exploration of novel chemistry. In contrast, we propose a new paradigm: autonomous, generalized agents capable of mapping vast, unknown chemical spaces without any pretraining. For the first time, we present AtomComposer, a self-guided agent that autonomously constructs valid 3D isomers under stoichiometric constraints and is trained exclusively online using reinforcement learning. Unlike existing approaches that generally overfit to a specific chemical formula, we establish a multi-composition training scheme that enables a broad generalization across diverse chemistry, guided by energy- and validity-based rewards. Our agent can discover up to an order of magnitude more valid isomers on unseen test formulas than existing single-composition reinforcement-learning baselines trained with per-step energy rewards. These results fulfill the promise of online reinforcement learning as a powerful paradigm for scalable, from-scratch exploration of chemical configuration space.']",Xx2O3 is a valid materials formula.,"[rank=1 score=30.5258 doc_id=h1ctx_0254_cov_01_01_incorrect] A noisy retrieved table lists Xx2O3 as a stable oxide material.

[rank=2 score=27.9209 doc_id=h1ctx_0253_cov_01_01_current] Valid chemical formulas must use recognized element symbols.

[rank=3 score=7.8384 doc_id=arxiv_0039] AtomComposer: Discovering Chemical Space from First Principles with Reinforcement Learning. Discovering novel stable molecules without training data remains a grand scientific challenge. Current molecular generative models are trained on large, pre-curated datasets, which introduce biases and limit exploration of novel chemistry. In contrast, we propose a new paradigm: autonomous, generalized agents capable of mapping vast, unknown chemical spaces without any pretraining. For the first time, we present AtomComposer, a self-guided agent that autonomously constructs valid 3D isomers under stoichiometric constraints and is trained exclusively online using reinforcement learning. Unlike existing approaches that generally overfit to a specific chemical formula, we establish a multi-composition training scheme that enables a broad generalization across diverse chemistry, guided by energy- and validity-based rewards. Our agent can discover up to an order of magnitude more valid isomers on unseen test formulas than existing single-composition reinforcement-learning baselines trained with per-step energy rewards. These results fulfill the promise of online reinforcement learning as a powerful paradigm for scalable, from-scratch exploration of chemical configuration space.",0.0,0.9999999999999994,,,ragas_qwen_plus,qwen-plus,0.0,valid_chemical_symbols
rag_cov_01_07_current,resp_05372ec3686f8b99,task_529b912df8bf3701,deepseek_r1_naive,llm_generation,deepseek-r1,naive_context,chemical_formula,Is Xx2O3 a valid materials formula?,Xx2O3 is a valid materials formula.,"[rank=1 score=30.5258 doc_id=h1ctx_0254_cov_01_01_incorrect] A noisy retrieved table lists Xx2O3 as a stable oxide material.

[rank=2 score=27.9209 doc_id=h1ctx_0253_cov_01_01_current] Valid chemical formulas must use recognized element symbols.

[rank=3 score=7.8384 doc_id=arxiv_0039] AtomComposer: Discovering Chemical Space from First Principles with Reinforcement Learning. Discovering novel stable molecules without training data remains a grand scientific challenge. Current molecular generative models are trained on large, pre-curated datasets, which introduce biases and limit exploration of novel chemistry. In contrast, we propose a new paradigm: autonomous, generalized agents capable of mapping vast, unknown chemical spaces without any pretraining. For the first time, we present AtomComposer, a self-guided agent that autonomously constructs valid 3D isomers under stoichiometric constraints and is trained exclusively online using reinforcement learning. Unlike existing approaches that generally overfit to a specific chemical formula, we establish a multi-composition training scheme that enables a broad generalization across diverse chemistry, guided by energy- and validity-based rewards. Our agent can discover up to an order of magnitude more valid isomers on unseen test formulas than existing single-composition reinforcement-learning baselines trained with per-step energy rewards. These results fulfill the promise of online reinforcement learning as a powerful paradigm for scalable, from-scratch exploration of chemical configuration space.",,outdated_or_incorrect,Is Xx2O3 a valid materials formula?,"['[rank=1 score=30.5258 doc_id=h1ctx_0254_cov_01_01_incorrect] A noisy retrieved table lists Xx2O3 as a stable oxide material.\n\n[rank=2 score=27.9209 doc_id=h1ctx_0253_cov_01_01_current] Valid chemical formulas must use recognized element symbols.\n\n[rank=3 score=7.8384 doc_id=arxiv_0039] AtomComposer: Discovering Chemical Space from First Principles with Reinforcement Learning. Discovering novel stable molecules without training data remains a grand scientific challenge. Current molecular generative models are trained on large, pre-curated datasets, which introduce biases and limit exploration of novel chemistry. In contrast, we propose a new paradigm: autonomous, generalized agents capable of mapping vast, unknown chemical spaces without any pretraining. For the first time, we present AtomComposer, a self-guided agent that autonomously constructs valid 3D isomers under stoichiometric constraints and is trained exclusively online using reinforcement learning. Unlike existing approaches that generally overfit to a specific chemical formula, we establish a multi-composition training scheme that enables a broad generalization across diverse chemistry, guided by energy- and validity-based rewards. Our agent can discover up to an order of magnitude more valid isomers on unseen test formulas than existing single-composition reinforcement-learning baselines trained with per-step energy rewards. These results fulfill the promise of online reinforcement learning as a powerful paradigm for scalable, from-scratch exploration of chemical configuration space.']",Xx2O3 is a valid materials formula.,"[rank=1 score=30.5258 doc_id=h1ctx_0254_cov_01_01_incorrect] A noisy retrieved table lists Xx2O3 as a stable oxide material.

[rank=2 score=27.9209 doc_id=h1ctx_0253_cov_01_01_current] Valid chemical formulas must use recognized element symbols.

[rank=3 score=7.8384 doc_id=arxiv_0039] AtomComposer: Discovering Chemical Space from First Principles with Reinforcement Learning. Discovering novel stable molecules without training data remains a grand scientific challenge. Current molecular generative models are trained on large, pre-curated datasets, which introduce biases and limit exploration of novel chemistry. In contrast, we propose a new paradigm: autonomous, generalized agents capable of mapping vast, unknown chemical spaces without any pretraining. For the first time, we present AtomComposer, a self-guided agent that autonomously constructs valid 3D isomers under stoichiometric constraints and is trained exclusively online using reinforcement learning. Unlike existing approaches that generally overfit to a specific chemical formula, we establish a multi-composition training scheme that enables a broad generalization across diverse chemistry, guided by energy- and validity-based rewards. Our agent can discover up to an order of magnitude more valid isomers on unseen test formulas than existing single-composition reinforcement-learning baselines trained with per-step energy rewards. These results fulfill the promise of online reinforcement learning as a powerful paradigm for scalable, from-scratch exploration of chemical configuration space.",0.0,0.9999999999999994,,,ragas_qwen_plus,qwen-plus,0.0,valid_chemical_symbols
rag_cov_01_09_current,resp_078c78c2f391a963,task_529b912df8bf3701,deepseek_r1_naive,llm_generation,deepseek-r1,naive_context,chemical_formula,Is Xx2O3 a valid materials formula?,Xx2O3 is a valid materials formula.,"[rank=1 score=30.5258 doc_id=h1ctx_0254_cov_01_01_incorrect] A noisy retrieved table lists Xx2O3 as a stable oxide material.

[rank=2 score=27.9209 doc_id=h1ctx_0253_cov_01_01_current] Valid chemical formulas must use recognized element symbols.

[rank=3 score=7.8384 doc_id=arxiv_0039] AtomComposer: Discovering Chemical Space from First Principles with Reinforcement Learning. Discovering novel stable molecules without training data remains a grand scientific challenge. Current molecular generative models are trained on large, pre-curated datasets, which introduce biases and limit exploration of novel chemistry. In contrast, we propose a new paradigm: autonomous, generalized agents capable of mapping vast, unknown chemical spaces without any pretraining. For the first time, we present AtomComposer, a self-guided agent that autonomously constructs valid 3D isomers under stoichiometric constraints and is trained exclusively online using reinforcement learning. Unlike existing approaches that generally overfit to a specific chemical formula, we establish a multi-composition training scheme that enables a broad generalization across diverse chemistry, guided by energy- and validity-based rewards. Our agent can discover up to an order of magnitude more valid isomers on unseen test formulas than existing single-composition reinforcement-learning baselines trained with per-step energy rewards. These results fulfill the promise of online reinforcement learning as a powerful paradigm for scalable, from-scratch exploration of chemical configuration space.",,outdated_or_incorrect,Is Xx2O3 a valid materials formula?,"['[rank=1 score=30.5258 doc_id=h1ctx_0254_cov_01_01_incorrect] A noisy retrieved table lists Xx2O3 as a stable oxide material.\n\n[rank=2 score=27.9209 doc_id=h1ctx_0253_cov_01_01_current] Valid chemical formulas must use recognized element symbols.\n\n[rank=3 score=7.8384 doc_id=arxiv_0039] AtomComposer: Discovering Chemical Space from First Principles with Reinforcement Learning. Discovering novel stable molecules without training data remains a grand scientific challenge. Current molecular generative models are trained on large, pre-curated datasets, which introduce biases and limit exploration of novel chemistry. In contrast, we propose a new paradigm: autonomous, generalized agents capable of mapping vast, unknown chemical spaces without any pretraining. For the first time, we present AtomComposer, a self-guided agent that autonomously constructs valid 3D isomers under stoichiometric constraints and is trained exclusively online using reinforcement learning. Unlike existing approaches that generally overfit to a specific chemical formula, we establish a multi-composition training scheme that enables a broad generalization across diverse chemistry, guided by energy- and validity-based rewards. Our agent can discover up to an order of magnitude more valid isomers on unseen test formulas than existing single-composition reinforcement-learning baselines trained with per-step energy rewards. These results fulfill the promise of online reinforcement learning as a powerful paradigm for scalable, from-scratch exploration of chemical configuration space.']",Xx2O3 is a valid materials formula.,"[rank=1 score=30.5258 doc_id=h1ctx_0254_cov_01_01_incorrect] A noisy retrieved table lists Xx2O3 as a stable oxide material.

[rank=2 score=27.9209 doc_id=h1ctx_0253_cov_01_01_current] Valid chemical formulas must use recognized element symbols.

[rank=3 score=7.8384 doc_id=arxiv_0039] AtomComposer: Discovering Chemical Space from First Principles with Reinforcement Learning. Discovering novel stable molecules without training data remains a grand scientific challenge. Current molecular generative models are trained on large, pre-curated datasets, which introduce biases and limit exploration of novel chemistry. In contrast, we propose a new paradigm: autonomous, generalized agents capable of mapping vast, unknown chemical spaces without any pretraining. For the first time, we present AtomComposer, a self-guided agent that autonomously constructs valid 3D isomers under stoichiometric constraints and is trained exclusively online using reinforcement learning. Unlike existing approaches that generally overfit to a specific chemical formula, we establish a multi-composition training scheme that enables a broad generalization across diverse chemistry, guided by energy- and validity-based rewards. Our agent can discover up to an order of magnitude more valid isomers on unseen test formulas than existing single-composition reinforcement-learning baselines trained with per-step energy rewards. These results fulfill the promise of online reinforcement learning as a powerful paradigm for scalable, from-scratch exploration of chemical configuration space.",0.0,0.9999999999999994,,,ragas_qwen_plus,qwen-plus,0.0,valid_chemical_symbols
rag_cov_03_15_current,resp_080d9371a2b5d8c3,task_e79475fdfd3fd9cf,deepseek_r1_naive,llm_generation,deepseek-r1,naive_context,pressure,Is a pressure of -2 GPa physically valid in a standard pressure report?,Standard pressure reports should not use negative pressure unless a stress sign convention is explicitly defined.,"[rank=1 score=47.3585 doc_id=h1ctx_0313_cov_03_01_current] Standard pressure reports should not use negative pressure unless a stress sign convention is explicitly defined.

[rank=2 score=45.2006 doc_id=h1ctx_0314_cov_03_01_incorrect] A noisy measurement table reports the pressure as -2 GPa.

[rank=3 score=12.8364 doc_id=arxiv_0011] Stability Analysis of Superconductivity in $\textit{P6/mmm}$-LaSc$_2$H$_{24}$ and its Experimental Reproducibility from La-Sc Alloys. In this work, we analyze the feasibility of room-temperature superconductivity in the lanthanum-scandium hydride $\textit{P6/mmm}$-LaSc$_2$H$_{24}$. We demonstrate that the electron-phonon coupling calculations performed using the $σ$-broadening of the double $δ$-function at the Fermi surface lead to a very strong dependence of $\textit{T$_c$}(σ)$ on the arbitrary $σ$, whereas the tetrahedral method for the electron-phonon interaction is free from this drawback and leads to $\textit{T$_c$}$ > 300 K at 300 GPa in agreement with previous predictions. By analyzing the stability of the metallic state of LaSc$_2$H$_{24}$ at 250-300 GPa, we show that this compound is at the edge of the stability region ($ξ$ = 0.54), similar to $\textit{fcc}$ LaH$_{10}$ at 140-150 GPa. Experimental attempts to synthesize LaSc$_2$H$_{24}$ at 250-280 GPa starting from the (La,Sc$_2$) alloy are unsuccessful and indicate the absence of even traces of superconductivity at 245-300 K in all the resulting La-Sc-H hydrides. The method for preparing the precursor by simultaneous deposition of La and Sc metals may be a key factor for the successful synthesis of LaSc$_2$H$_{24}$.",,current,Is a pressure of -2 GPa physically valid in a standard pressure report?,"['[rank=1 score=47.3585 doc_id=h1ctx_0313_cov_03_01_current] Standard pressure reports should not use negative pressure unless a stress sign convention is explicitly defined.\n\n[rank=2 score=45.2006 doc_id=h1ctx_0314_cov_03_01_incorrect] A noisy measurement table reports the pressure as -2 GPa.\n\n[rank=3 score=12.8364 doc_id=arxiv_0011] Stability Analysis of Superconductivity in $\\textit{P6/mmm}$-LaSc$_2$H$_{24}$ and its Experimental Reproducibility from La-Sc Alloys. In this work, we analyze the feasibility of room-temperature superconductivity in the lanthanum-scandium hydride $\\textit{P6/mmm}$-LaSc$_2$H$_{24}$. We demonstrate that the electron-phonon coupling calculations performed using the $σ$-broadening of the double $δ$-function at the Fermi surface lead to a very strong dependence of $\\textit{T$_c$}(σ)$ on the arbitrary $σ$, whereas the tetrahedral method for the electron-phonon interaction is free from this drawback and leads to $\\textit{T$_c$}$ > 300 K at 300 GPa in agreement with previous predictions. By analyzing the stability of the metallic state of LaSc$_2$H$_{24}$ at 250-300 GPa, we show that this compound is at the edge of the stability region ($ξ$ = 0.54), similar to $\\textit{fcc}$ LaH$_{10}$ at 140-150 GPa. Experimental attempts to synthesize LaSc$_2$H$_{24}$ at 250-280 GPa starting from the (La,Sc$_2$) alloy are unsuccessful and indicate the absence of even traces of superconductivity at 245-300 K in all the resulting La-Sc-H hydrides. The method for preparing the precursor by simultaneous deposition of La and Sc metals may be a key factor for the successful synthesis of LaSc$_2$H$_{24}$.']",Standard pressure reports should not use negative pressure unless a stress sign convention is explicitly defined.,"[rank=1 score=47.3585 doc_id=h1ctx_0313_cov_03_01_current] Standard pressure reports should not use negative pressure unless a stress sign convention is explicitly defined.

[rank=2 score=45.2006 doc_id=h1ctx_0314_cov_03_01_incorrect] A noisy measurement table reports the pressure as -2 GPa.

[rank=3 score=12.8364 doc_id=arxiv_0011] Stability Analysis of Superconductivity in $\textit{P6/mmm}$-LaSc$_2$H$_{24}$ and its Experimental Reproducibility from La-Sc Alloys. In this work, we analyze the feasibility of room-temperature superconductivity in the lanthanum-scandium hydride $\textit{P6/mmm}$-LaSc$_2$H$_{24}$. We demonstrate that the electron-phonon coupling calculations performed using the $σ$-broadening of the double $δ$-function at the Fermi surface lead to a very strong dependence of $\textit{T$_c$}(σ)$ on the arbitrary $σ$, whereas the tetrahedral method for the electron-phonon interaction is free from this drawback and leads to $\textit{T$_c$}$ > 300 K at 300 GPa in agreement with previous predictions. By analyzing the stability of the metallic state of LaSc$_2$H$_{24}$ at 250-300 GPa, we show that this compound is at the edge of the stability region ($ξ$ = 0.54), similar to $\textit{fcc}$ LaH$_{10}$ at 140-150 GPa. Experimental attempts to synthesize LaSc$_2$H$_{24}$ at 250-280 GPa starting from the (La,Sc$_2$) alloy are unsuccessful and indicate the absence of even traces of superconductivity at 245-300 K in all the resulting La-Sc-H hydrides. The method for preparing the precursor by simultaneous deposition of La and Sc metals may be a key factor for the successful synthesis of LaSc$_2$H$_{24}$.",0.5,0.6724566361264463,,,ragas_qwen_plus,qwen-plus,1.0,
rag_cov_02_01_current,resp_0999373004314463,task_8c9b67d05cf270b4,deepseek_r1_naive,llm_generation,deepseek-r1,naive_context,temperature,Can an experiment be performed at -50 K?,Absolute temperature on the Kelvin scale cannot be below 0 K.,"[rank=1 score=28.7554 doc_id=h1ctx_0284_cov_02_01_incorrect] A corrupted lab note reports a synthesis temperature of -50 K.

[rank=2 score=25.6358 doc_id=h1ctx_0283_cov_02_01_current] Absolute temperature on the Kelvin scale cannot be below 0 K.

[rank=3 score=24.8597 doc_id=mp_0086] Materials Project reports K (mp-1180991). Band gap: 0.0 eV. Formation energy per atom: 0.118525908249999 eV/atom. Energy above hull: 0.118525908249999 eV/atom. Stable: False.",,outdated_or_incorrect,Can an experiment be performed at -50 K?,['[rank=1 score=28.7554 doc_id=h1ctx_0284_cov_02_01_incorrect] A corrupted lab note reports a synthesis temperature of -50 K.\n\n[rank=2 score=25.6358 doc_id=h1ctx_0283_cov_02_01_current] Absolute temperature on the Kelvin scale cannot be below 0 K.\n\n[rank=3 score=24.8597 doc_id=mp_0086] Materials Project reports K (mp-1180991). Band gap: 0.0 eV. Formation energy per atom: 0.118525908249999 eV/atom. Energy above hull: 0.118525908249999 eV/atom. Stable: False.'],Absolute temperature on the Kelvin scale cannot be below 0 K.,"[rank=1 score=28.7554 doc_id=h1ctx_0284_cov_02_01_incorrect] A corrupted lab note reports a synthesis temperature of -50 K.

[rank=2 score=25.6358 doc_id=h1ctx_0283_cov_02_01_current] Absolute temperature on the Kelvin scale cannot be below 0 K.

[rank=3 score=24.8597 doc_id=mp_0086] Materials Project reports K (mp-1180991). Band gap: 0.0 eV. Formation energy per atom: 0.118525908249999 eV/atom. Energy above hull: 0.118525908249999 eV/atom. Stable: False.",1.0,0.3575900556837703,,,ragas_qwen_plus,qwen-plus,1.0,
rag_cov_04_07_incorrect,resp_0b0474c3a843dfb4,task_59cec384a6df5bdb,deepseek_r1_naive,llm_generation,deepseek-r1,naive_context,temperature,Can the material be called superconducting without reporting Tc or evidence?,"Superconductivity claims should report Tc, measured evidence, or a transition temperature.","[rank=1 score=37.5227 doc_id=h1ctx_0343_cov_04_01_current] Superconductivity claims should report Tc, measured evidence, or a transition temperature.

[rank=2 score=29.8788 doc_id=h1ctx_0344_cov_04_01_incorrect] A short retrieved note says the material is superconducting.

[rank=3 score=9.1323 doc_id=h1ctx_0283_cov_02_01_current] Absolute temperature on the Kelvin scale cannot be below 0 K.",,current,Can the material be called superconducting without reporting Tc or evidence?,"['[rank=1 score=37.5227 doc_id=h1ctx_0343_cov_04_01_current] Superconductivity claims should report Tc, measured evidence, or a transition temperature.\n\n[rank=2 score=29.8788 doc_id=h1ctx_0344_cov_04_01_incorrect] A short retrieved note says the material is superconducting.\n\n[rank=3 score=9.1323 doc_id=h1ctx_0283_cov_02_01_current] Absolute temperature on the Kelvin scale cannot be below 0 K.']","Superconductivity claims should report Tc, measured evidence, or a transition temperature.","[rank=1 score=37.5227 doc_id=h1ctx_0343_cov_04_01_current] Superconductivity claims should report Tc, measured evidence, or a transition temperature.

[rank=2 score=29.8788 doc_id=h1ctx_0344_cov_04_01_incorrect] A short retrieved note says the material is superconducting.

[rank=3 score=9.1323 doc_id=h1ctx_0283_cov_02_01_current] Absolute temperature on the Kelvin scale cannot be below 0 K.",1.0,0.6789183361760561,,,ragas_qwen_plus,qwen-plus,1.0,
rag_cov_04_09_incorrect,resp_0fc7e6ffc6698586,task_59cec384a6df5bdb,deepseek_r1_naive,llm_generation,deepseek-r1,naive_context,temperature,Can the material be called superconducting without reporting Tc or evidence?,"Superconductivity claims should report Tc, measured evidence, or a transition temperature.","[rank=1 score=37.5227 doc_id=h1ctx_0343_cov_04_01_current] Superconductivity claims should report Tc, measured evidence, or a transition temperature.

[rank=2 score=29.8788 doc_id=h1ctx_0344_cov_04_01_incorrect] A short retrieved note says the material is superconducting.

[rank=3 score=9.1323 doc_id=h1ctx_0283_cov_02_01_current] Absolute temperature on the Kelvin scale cannot be below 0 K.",,current,Can the material be called superconducting without reporting Tc or evidence?,"['[rank=1 score=37.5227 doc_id=h1ctx_0343_cov_04_01_current] Superconductivity claims should report Tc, measured evidence, or a transition temperature.\n\n[rank=2 score=29.8788 doc_id=h1ctx_0344_cov_04_01_incorrect] A short retrieved note says the material is superconducting.\n\n[rank=3 score=9.1323 doc_id=h1ctx_0283_cov_02_01_current] Absolute temperature on the Kelvin scale cannot be below 0 K.']","Superconductivity claims should report Tc, measured evidence, or a transition temperature.","[rank=1 score=37.5227 doc_id=h1ctx_0343_cov_04_01_current] Superconductivity claims should report Tc, measured evidence, or a transition temperature.

[rank=2 score=29.8788 doc_id=h1ctx_0344_cov_04_01_incorrect] A short retrieved note says the material is superconducting.

[rank=3 score=9.1323 doc_id=h1ctx_0283_cov_02_01_current] Absolute temperature on the Kelvin scale cannot be below 0 K.",1.0,0.6789183361760561,,,ragas_qwen_plus,qwen-plus,1.0,
rag_cov_01_06_incorrect,resp_158ddd3e99ee7dde,task_529b912df8bf3701,deepseek_r1_naive,llm_generation,deepseek-r1,naive_context,chemical_formula,Is Xx2O3 a valid materials formula?,Xx2O3 is a valid materials formula.,"[rank=1 score=30.5258 doc_id=h1ctx_0254_cov_01_01_incorrect] A noisy retrieved table lists Xx2O3 as a stable oxide material.

[rank=2 score=27.9209 doc_id=h1ctx_0253_cov_01_01_current] Valid chemical formulas must use recognized element symbols.

[rank=3 score=7.8384 doc_id=arxiv_0039] AtomComposer: Discovering Chemical Space from First Principles with Reinforcement Learning. Discovering novel stable molecules without training data remains a grand scientific challenge. Current molecular generative models are trained on large, pre-curated datasets, which introduce biases and limit exploration of novel chemistry. In contrast, we propose a new paradigm: autonomous, generalized agents capable of mapping vast, unknown chemical spaces without any pretraining. For the first time, we present AtomComposer, a self-guided agent that autonomously constructs valid 3D isomers under stoichiometric constraints and is trained exclusively online using reinforcement learning. Unlike existing approaches that generally overfit to a specific chemical formula, we establish a multi-composition training scheme that enables a broad generalization across diverse chemistry, guided by energy- and validity-based rewards. Our agent can discover up to an order of magnitude more valid isomers on unseen test formulas than existing single-composition reinforcement-learning baselines trained with per-step energy rewards. These results fulfill the promise of online reinforcement learning as a powerful paradigm for scalable, from-scratch exploration of chemical configuration space.",,outdated_or_incorrect,Is Xx2O3 a valid materials formula?,"['[rank=1 score=30.5258 doc_id=h1ctx_0254_cov_01_01_incorrect] A noisy retrieved table lists Xx2O3 as a stable oxide material.\n\n[rank=2 score=27.9209 doc_id=h1ctx_0253_cov_01_01_current] Valid chemical formulas must use recognized element symbols.\n\n[rank=3 score=7.8384 doc_id=arxiv_0039] AtomComposer: Discovering Chemical Space from First Principles with Reinforcement Learning. Discovering novel stable molecules without training data remains a grand scientific challenge. Current molecular generative models are trained on large, pre-curated datasets, which introduce biases and limit exploration of novel chemistry. In contrast, we propose a new paradigm: autonomous, generalized agents capable of mapping vast, unknown chemical spaces without any pretraining. For the first time, we present AtomComposer, a self-guided agent that autonomously constructs valid 3D isomers under stoichiometric constraints and is trained exclusively online using reinforcement learning. Unlike existing approaches that generally overfit to a specific chemical formula, we establish a multi-composition training scheme that enables a broad generalization across diverse chemistry, guided by energy- and validity-based rewards. Our agent can discover up to an order of magnitude more valid isomers on unseen test formulas than existing single-composition reinforcement-learning baselines trained with per-step energy rewards. These results fulfill the promise of online reinforcement learning as a powerful paradigm for scalable, from-scratch exploration of chemical configuration space.']",Xx2O3 is a valid materials formula.,"[rank=1 score=30.5258 doc_id=h1ctx_0254_cov_01_01_incorrect] A noisy retrieved table lists Xx2O3 as a stable oxide material.

[rank=2 score=27.9209 doc_id=h1ctx_0253_cov_01_01_current] Valid chemical formulas must use recognized element symbols.

[rank=3 score=7.8384 doc_id=arxiv_0039] AtomComposer: Discovering Chemical Space from First Principles with Reinforcement Learning. Discovering novel stable molecules without training data remains a grand scientific challenge. Current molecular generative models are trained on large, pre-curated datasets, which introduce biases and limit exploration of novel chemistry. In contrast, we propose a new paradigm: autonomous, generalized agents capable of mapping vast, unknown chemical spaces without any pretraining. For the first time, we present AtomComposer, a self-guided agent that autonomously constructs valid 3D isomers under stoichiometric constraints and is trained exclusively online using reinforcement learning. Unlike existing approaches that generally overfit to a specific chemical formula, we establish a multi-composition training scheme that enables a broad generalization across diverse chemistry, guided by energy- and validity-based rewards. Our agent can discover up to an order of magnitude more valid isomers on unseen test formulas than existing single-composition reinforcement-learning baselines trained with per-step energy rewards. These results fulfill the promise of online reinforcement learning as a powerful paradigm for scalable, from-scratch exploration of chemical configuration space.",0.0,0.9999999999999994,,,ragas_qwen_plus,qwen-plus,0.0,valid_chemical_symbols
rag_cov_04_10_current,resp_1a7c4fd9e42b8c0c,task_59cec384a6df5bdb,deepseek_r1_naive,llm_generation,deepseek-r1,naive_context,temperature,Can the material be called superconducting without reporting Tc or evidence?,"Superconductivity claims should report Tc, measured evidence, or a transition temperature.","[rank=1 score=37.5227 doc_id=h1ctx_0343_cov_04_01_current] Superconductivity claims should report Tc, measured evidence, or a transition temperature.

[rank=2 score=29.8788 doc_id=h1ctx_0344_cov_04_01_incorrect] A short retrieved note says the material is superconducting.

[rank=3 score=9.1323 doc_id=h1ctx_0283_cov_02_01_current] Absolute temperature on the Kelvin scale cannot be below 0 K.",,current,Can the material be called superconducting without reporting Tc or evidence?,"['[rank=1 score=37.5227 doc_id=h1ctx_0343_cov_04_01_current] Superconductivity claims should report Tc, measured evidence, or a transition temperature.\n\n[rank=2 score=29.8788 doc_id=h1ctx_0344_cov_04_01_incorrect] A short retrieved note says the material is superconducting.\n\n[rank=3 score=9.1323 doc_id=h1ctx_0283_cov_02_01_current] Absolute temperature on the Kelvin scale cannot be below 0 K.']","Superconductivity claims should report Tc, measured evidence, or a transition temperature.","[rank=1 score=37.5227 doc_id=h1ctx_0343_cov_04_01_current] Superconductivity claims should report Tc, measured evidence, or a transition temperature.

[rank=2 score=29.8788 doc_id=h1ctx_0344_cov_04_01_incorrect] A short retrieved note says the material is superconducting.

[rank=3 score=9.1323 doc_id=h1ctx_0283_cov_02_01_current] Absolute temperature on the Kelvin scale cannot be below 0 K.",1.0,0.6789183361760561,,,ragas_qwen_plus,qwen-plus,1.0,
rag_cov_01_10_incorrect,resp_1be10a7e49994a37,task_529b912df8bf3701,deepseek_r1_naive,llm_generation,deepseek-r1,naive_context,chemical_formula,Is Xx2O3 a valid materials formula?,Xx2O3 is a valid materials formula.,"[rank=1 score=30.5258 doc_id=h1ctx_0254_cov_01_01_incorrect] A noisy retrieved table lists Xx2O3 as a stable oxide material.

[rank=2 score=27.9209 doc_id=h1ctx_0253_cov_01_01_current] Valid chemical formulas must use recognized element symbols.

[rank=3 score=7.8384 doc_id=arxiv_0039] AtomComposer: Discovering Chemical Space from First Principles with Reinforcement Learning. Discovering novel stable molecules without training data remains a grand scientific challenge. Current molecular generative models are trained on large, pre-curated datasets, which introduce biases and limit exploration of novel chemistry. In contrast, we propose a new paradigm: autonomous, generalized agents capable of mapping vast, unknown chemical spaces without any pretraining. For the first time, we present AtomComposer, a self-guided agent that autonomously constructs valid 3D isomers under stoichiometric constraints and is trained exclusively online using reinforcement learning. Unlike existing approaches that generally overfit to a specific chemical formula, we establish a multi-composition training scheme that enables a broad generalization across diverse chemistry, guided by energy- and validity-based rewards. Our agent can discover up to an order of magnitude more valid isomers on unseen test formulas than existing single-composition reinforcement-learning baselines trained with per-step energy rewards. These results fulfill the promise of online reinforcement learning as a powerful paradigm for scalable, from-scratch exploration of chemical configuration space.",,outdated_or_incorrect,Is Xx2O3 a valid materials formula?,"['[rank=1 score=30.5258 doc_id=h1ctx_0254_cov_01_01_incorrect] A noisy retrieved table lists Xx2O3 as a stable oxide material.\n\n[rank=2 score=27.9209 doc_id=h1ctx_0253_cov_01_01_current] Valid chemical formulas must use recognized element symbols.\n\n[rank=3 score=7.8384 doc_id=arxiv_0039] AtomComposer: Discovering Chemical Space from First Principles with Reinforcement Learning. Discovering novel stable molecules without training data remains a grand scientific challenge. Current molecular generative models are trained on large, pre-curated datasets, which introduce biases and limit exploration of novel chemistry. In contrast, we propose a new paradigm: autonomous, generalized agents capable of mapping vast, unknown chemical spaces without any pretraining. For the first time, we present AtomComposer, a self-guided agent that autonomously constructs valid 3D isomers under stoichiometric constraints and is trained exclusively online using reinforcement learning. Unlike existing approaches that generally overfit to a specific chemical formula, we establish a multi-composition training scheme that enables a broad generalization across diverse chemistry, guided by energy- and validity-based rewards. Our agent can discover up to an order of magnitude more valid isomers on unseen test formulas than existing single-composition reinforcement-learning baselines trained with per-step energy rewards. These results fulfill the promise of online reinforcement learning as a powerful paradigm for scalable, from-scratch exploration of chemical configuration space.']",Xx2O3 is a valid materials formula.,"[rank=1 score=30.5258 doc_id=h1ctx_0254_cov_01_01_incorrect] A noisy retrieved table lists Xx2O3 as a stable oxide material.

[rank=2 score=27.9209 doc_id=h1ctx_0253_cov_01_01_current] Valid chemical formulas must use recognized element symbols.

[rank=3 score=7.8384 doc_id=arxiv_0039] AtomComposer: Discovering Chemical Space from First Principles with Reinforcement Learning. Discovering novel stable molecules without training data remains a grand scientific challenge. Current molecular generative models are trained on large, pre-curated datasets, which introduce biases and limit exploration of novel chemistry. In contrast, we propose a new paradigm: autonomous, generalized agents capable of mapping vast, unknown chemical spaces without any pretraining. For the first time, we present AtomComposer, a self-guided agent that autonomously constructs valid 3D isomers under stoichiometric constraints and is trained exclusively online using reinforcement learning. Unlike existing approaches that generally overfit to a specific chemical formula, we establish a multi-composition training scheme that enables a broad generalization across diverse chemistry, guided by energy- and validity-based rewards. Our agent can discover up to an order of magnitude more valid isomers on unseen test formulas than existing single-composition reinforcement-learning baselines trained with per-step energy rewards. These results fulfill the promise of online reinforcement learning as a powerful paradigm for scalable, from-scratch exploration of chemical configuration space.",0.0,0.9999999999999994,,,ragas_qwen_plus,qwen-plus,0.0,valid_chemical_symbols
rag_cov_02_15_incorrect,resp_1d3aeedc4f3b348b,task_8c9b67d05cf270b4,deepseek_r1_naive,llm_generation,deepseek-r1,naive_context,temperature,Can an experiment be performed at -50 K?,Absolute temperature on the Kelvin scale cannot be below 0 K.,"[rank=1 score=28.7554 doc_id=h1ctx_0284_cov_02_01_incorrect] A corrupted lab note reports a synthesis temperature of -50 K.

[rank=2 score=25.6358 doc_id=h1ctx_0283_cov_02_01_current] Absolute temperature on the Kelvin scale cannot be below 0 K.

[rank=3 score=24.8597 doc_id=mp_0086] Materials Project reports K (mp-1180991). Band gap: 0.0 eV. Formation energy per atom: 0.118525908249999 eV/atom. Energy above hull: 0.118525908249999 eV/atom. Stable: False.",,outdated_or_incorrect,Can an experiment be performed at -50 K?,['[rank=1 score=28.7554 doc_id=h1ctx_0284_cov_02_01_incorrect] A corrupted lab note reports a synthesis temperature of -50 K.\n\n[rank=2 score=25.6358 doc_id=h1ctx_0283_cov_02_01_current] Absolute temperature on the Kelvin scale cannot be below 0 K.\n\n[rank=3 score=24.8597 doc_id=mp_0086] Materials Project reports K (mp-1180991). Band gap: 0.0 eV. Formation energy per atom: 0.118525908249999 eV/atom. Energy above hull: 0.118525908249999 eV/atom. Stable: False.'],Absolute temperature on the Kelvin scale cannot be below 0 K.,"[rank=1 score=28.7554 doc_id=h1ctx_0284_cov_02_01_incorrect] A corrupted lab note reports a synthesis temperature of -50 K.

[rank=2 score=25.6358 doc_id=h1ctx_0283_cov_02_01_current] Absolute temperature on the Kelvin scale cannot be below 0 K.

[rank=3 score=24.8597 doc_id=mp_0086] Materials Project reports K (mp-1180991). Band gap: 0.0 eV. Formation energy per atom: 0.118525908249999 eV/atom. Energy above hull: 0.118525908249999 eV/atom. Stable: False.",1.0,0.3678181510008133,,,ragas_qwen_plus,qwen-plus,1.0,
rag_cov_04_08_current,resp_22d376d4e9a37e3a,task_59cec384a6df5bdb,deepseek_r1_naive,llm_generation,deepseek-r1,naive_context,temperature,Can the material be called superconducting without reporting Tc or evidence?,"Superconductivity claims should report Tc, measured evidence, or a transition temperature.","[rank=1 score=37.5227 doc_id=h1ctx_0343_cov_04_01_current] Superconductivity claims should report Tc, measured evidence, or a transition temperature.

[rank=2 score=29.8788 doc_id=h1ctx_0344_cov_04_01_incorrect] A short retrieved note says the material is superconducting.

[rank=3 score=9.1323 doc_id=h1ctx_0283_cov_02_01_current] Absolute temperature on the Kelvin scale cannot be below 0 K.",,current,Can the material be called superconducting without reporting Tc or evidence?,"['[rank=1 score=37.5227 doc_id=h1ctx_0343_cov_04_01_current] Superconductivity claims should report Tc, measured evidence, or a transition temperature.\n\n[rank=2 score=29.8788 doc_id=h1ctx_0344_cov_04_01_incorrect] A short retrieved note says the material is superconducting.\n\n[rank=3 score=9.1323 doc_id=h1ctx_0283_cov_02_01_current] Absolute temperature on the Kelvin scale cannot be below 0 K.']","Superconductivity claims should report Tc, measured evidence, or a transition temperature.","[rank=1 score=37.5227 doc_id=h1ctx_0343_cov_04_01_current] Superconductivity claims should report Tc, measured evidence, or a transition temperature.

[rank=2 score=29.8788 doc_id=h1ctx_0344_cov_04_01_incorrect] A short retrieved note says the material is superconducting.

[rank=3 score=9.1323 doc_id=h1ctx_0283_cov_02_01_current] Absolute temperature on the Kelvin scale cannot be below 0 K.",1.0,0.6789183361760561,,,ragas_qwen_plus,qwen-plus,1.0,
rag_cov_03_15_incorrect,resp_25474dd3ae8cefa5,task_e79475fdfd3fd9cf,deepseek_r1_naive,llm_generation,deepseek-r1,naive_context,pressure,Is a pressure of -2 GPa physically valid in a standard pressure report?,Standard pressure reports should not use negative pressure unless a stress sign convention is explicitly defined.,"[rank=1 score=47.3585 doc_id=h1ctx_0313_cov_03_01_current] Standard pressure reports should not use negative pressure unless a stress sign convention is explicitly defined.

[rank=2 score=45.2006 doc_id=h1ctx_0314_cov_03_01_incorrect] A noisy measurement table reports the pressure as -2 GPa.

[rank=3 score=12.8364 doc_id=arxiv_0011] Stability Analysis of Superconductivity in $\textit{P6/mmm}$-LaSc$_2$H$_{24}$ and its Experimental Reproducibility from La-Sc Alloys. In this work, we analyze the feasibility of room-temperature superconductivity in the lanthanum-scandium hydride $\textit{P6/mmm}$-LaSc$_2$H$_{24}$. We demonstrate that the electron-phonon coupling calculations performed using the $σ$-broadening of the double $δ$-function at the Fermi surface lead to a very strong dependence of $\textit{T$_c$}(σ)$ on the arbitrary $σ$, whereas the tetrahedral method for the electron-phonon interaction is free from this drawback and leads to $\textit{T$_c$}$ > 300 K at 300 GPa in agreement with previous predictions. By analyzing the stability of the metallic state of LaSc$_2$H$_{24}$ at 250-300 GPa, we show that this compound is at the edge of the stability region ($ξ$ = 0.54), similar to $\textit{fcc}$ LaH$_{10}$ at 140-150 GPa. Experimental attempts to synthesize LaSc$_2$H$_{24}$ at 250-280 GPa starting from the (La,Sc$_2$) alloy are unsuccessful and indicate the absence of even traces of superconductivity at 245-300 K in all the resulting La-Sc-H hydrides. The method for preparing the precursor by simultaneous deposition of La and Sc metals may be a key factor for the successful synthesis of LaSc$_2$H$_{24}$.",,current,Is a pressure of -2 GPa physically valid in a standard pressure report?,"['[rank=1 score=47.3585 doc_id=h1ctx_0313_cov_03_01_current] Standard pressure reports should not use negative pressure unless a stress sign convention is explicitly defined.\n\n[rank=2 score=45.2006 doc_id=h1ctx_0314_cov_03_01_incorrect] A noisy measurement table reports the pressure as -2 GPa.\n\n[rank=3 score=12.8364 doc_id=arxiv_0011] Stability Analysis of Superconductivity in $\\textit{P6/mmm}$-LaSc$_2$H$_{24}$ and its Experimental Reproducibility from La-Sc Alloys. In this work, we analyze the feasibility of room-temperature superconductivity in the lanthanum-scandium hydride $\\textit{P6/mmm}$-LaSc$_2$H$_{24}$. We demonstrate that the electron-phonon coupling calculations performed using the $σ$-broadening of the double $δ$-function at the Fermi surface lead to a very strong dependence of $\\textit{T$_c$}(σ)$ on the arbitrary $σ$, whereas the tetrahedral method for the electron-phonon interaction is free from this drawback and leads to $\\textit{T$_c$}$ > 300 K at 300 GPa in agreement with previous predictions. By analyzing the stability of the metallic state of LaSc$_2$H$_{24}$ at 250-300 GPa, we show that this compound is at the edge of the stability region ($ξ$ = 0.54), similar to $\\textit{fcc}$ LaH$_{10}$ at 140-150 GPa. Experimental attempts to synthesize LaSc$_2$H$_{24}$ at 250-280 GPa starting from the (La,Sc$_2$) alloy are unsuccessful and indicate the absence of even traces of superconductivity at 245-300 K in all the resulting La-Sc-H hydrides. The method for preparing the precursor by simultaneous deposition of La and Sc metals may be a key factor for the successful synthesis of LaSc$_2$H$_{24}$.']",Standard pressure reports should not use negative pressure unless a stress sign convention is explicitly defined.,"[rank=1 score=47.3585 doc_id=h1ctx_0313_cov_03_01_current] Standard pressure reports should not use negative pressure unless a stress sign convention is explicitly defined.

[rank=2 score=45.2006 doc_id=h1ctx_0314_cov_03_01_incorrect] A noisy measurement table reports the pressure as -2 GPa.

[rank=3 score=12.8364 doc_id=arxiv_0011] Stability Analysis of Superconductivity in $\textit{P6/mmm}$-LaSc$_2$H$_{24}$ and its Experimental Reproducibility from La-Sc Alloys. In this work, we analyze the feasibility of room-temperature superconductivity in the lanthanum-scandium hydride $\textit{P6/mmm}$-LaSc$_2$H$_{24}$. We demonstrate that the electron-phonon coupling calculations performed using the $σ$-broadening of the double $δ$-function at the Fermi surface lead to a very strong dependence of $\textit{T$_c$}(σ)$ on the arbitrary $σ$, whereas the tetrahedral method for the electron-phonon interaction is free from this drawback and leads to $\textit{T$_c$}$ > 300 K at 300 GPa in agreement with previous predictions. By analyzing the stability of the metallic state of LaSc$_2$H$_{24}$ at 250-300 GPa, we show that this compound is at the edge of the stability region ($ξ$ = 0.54), similar to $\textit{fcc}$ LaH$_{10}$ at 140-150 GPa. Experimental attempts to synthesize LaSc$_2$H$_{24}$ at 250-280 GPa starting from the (La,Sc$_2$) alloy are unsuccessful and indicate the absence of even traces of superconductivity at 245-300 K in all the resulting La-Sc-H hydrides. The method for preparing the precursor by simultaneous deposition of La and Sc metals may be a key factor for the successful synthesis of LaSc$_2$H$_{24}$.",0.5,0.6596942138363969,,,ragas_qwen_plus,qwen-plus,1.0,
rag_cov_04_10_incorrect,resp_2f2a6dbcdd0763a4,task_59cec384a6df5bdb,deepseek_r1_naive,llm_generation,deepseek-r1,naive_context,temperature,Can the material be called superconducting without reporting Tc or evidence?,"Superconductivity claims should report Tc, measured evidence, or a transition temperature.","[rank=1 score=37.5227 doc_id=h1ctx_0343_cov_04_01_current] Superconductivity claims should report Tc, measured evidence, or a transition temperature.

[rank=2 score=29.8788 doc_id=h1ctx_0344_cov_04_01_incorrect] A short retrieved note says the material is superconducting.

[rank=3 score=9.1323 doc_id=h1ctx_0283_cov_02_01_current] Absolute temperature on the Kelvin scale cannot be below 0 K.",,current,Can the material be called superconducting without reporting Tc or evidence?,"['[rank=1 score=37.5227 doc_id=h1ctx_0343_cov_04_01_current] Superconductivity claims should report Tc, measured evidence, or a transition temperature.\n\n[rank=2 score=29.8788 doc_id=h1ctx_0344_cov_04_01_incorrect] A short retrieved note says the material is superconducting.\n\n[rank=3 score=9.1323 doc_id=h1ctx_0283_cov_02_01_current] Absolute temperature on the Kelvin scale cannot be below 0 K.']","Superconductivity claims should report Tc, measured evidence, or a transition temperature.","[rank=1 score=37.5227 doc_id=h1ctx_0343_cov_04_01_current] Superconductivity claims should report Tc, measured evidence, or a transition temperature.

[rank=2 score=29.8788 doc_id=h1ctx_0344_cov_04_01_incorrect] A short retrieved note says the material is superconducting.

[rank=3 score=9.1323 doc_id=h1ctx_0283_cov_02_01_current] Absolute temperature on the Kelvin scale cannot be below 0 K.",1.0,0.6789183361760561,,,ragas_qwen_plus,qwen-plus,1.0,
rag_cov_03_03_incorrect,resp_36a2ebd668acbb62,task_e79475fdfd3fd9cf,deepseek_r1_naive,llm_generation,deepseek-r1,naive_context,pressure,Is a pressure of -2 GPa physically valid in a standard pressure report?,Standard pressure reports should not use negative pressure unless a stress sign convention is explicitly defined.,"[rank=1 score=47.3585 doc_id=h1ctx_0313_cov_03_01_current] Standard pressure reports should not use negative pressure unless a stress sign convention is explicitly defined.

[rank=2 score=45.2006 doc_id=h1ctx_0314_cov_03_01_incorrect] A noisy measurement table reports the pressure as -2 GPa.

[rank=3 score=12.8364 doc_id=arxiv_0011] Stability Analysis of Superconductivity in $\textit{P6/mmm}$-LaSc$_2$H$_{24}$ and its Experimental Reproducibility from La-Sc Alloys. In this work, we analyze the feasibility of room-temperature superconductivity in the lanthanum-scandium hydride $\textit{P6/mmm}$-LaSc$_2$H$_{24}$. We demonstrate that the electron-phonon coupling calculations performed using the $σ$-broadening of the double $δ$-function at the Fermi surface lead to a very strong dependence of $\textit{T$_c$}(σ)$ on the arbitrary $σ$, whereas the tetrahedral method for the electron-phonon interaction is free from this drawback and leads to $\textit{T$_c$}$ > 300 K at 300 GPa in agreement with previous predictions. By analyzing the stability of the metallic state of LaSc$_2$H$_{24}$ at 250-300 GPa, we show that this compound is at the edge of the stability region ($ξ$ = 0.54), similar to $\textit{fcc}$ LaH$_{10}$ at 140-150 GPa. Experimental attempts to synthesize LaSc$_2$H$_{24}$ at 250-280 GPa starting from the (La,Sc$_2$) alloy are unsuccessful and indicate the absence of even traces of superconductivity at 245-300 K in all the resulting La-Sc-H hydrides. The method for preparing the precursor by simultaneous deposition of La and Sc metals may be a key factor for the successful synthesis of LaSc$_2$H$_{24}$.",,current,Is a pressure of -2 GPa physically valid in a standard pressure report?,"['[rank=1 score=47.3585 doc_id=h1ctx_0313_cov_03_01_current] Standard pressure reports should not use negative pressure unless a stress sign convention is explicitly defined.\n\n[rank=2 score=45.2006 doc_id=h1ctx_0314_cov_03_01_incorrect] A noisy measurement table reports the pressure as -2 GPa.\n\n[rank=3 score=12.8364 doc_id=arxiv_0011] Stability Analysis of Superconductivity in $\\textit{P6/mmm}$-LaSc$_2$H$_{24}$ and its Experimental Reproducibility from La-Sc Alloys. In this work, we analyze the feasibility of room-temperature superconductivity in the lanthanum-scandium hydride $\\textit{P6/mmm}$-LaSc$_2$H$_{24}$. We demonstrate that the electron-phonon coupling calculations performed using the $σ$-broadening of the double $δ$-function at the Fermi surface lead to a very strong dependence of $\\textit{T$_c$}(σ)$ on the arbitrary $σ$, whereas the tetrahedral method for the electron-phonon interaction is free from this drawback and leads to $\\textit{T$_c$}$ > 300 K at 300 GPa in agreement with previous predictions. By analyzing the stability of the metallic state of LaSc$_2$H$_{24}$ at 250-300 GPa, we show that this compound is at the edge of the stability region ($ξ$ = 0.54), similar to $\\textit{fcc}$ LaH$_{10}$ at 140-150 GPa. Experimental attempts to synthesize LaSc$_2$H$_{24}$ at 250-280 GPa starting from the (La,Sc$_2$) alloy are unsuccessful and indicate the absence of even traces of superconductivity at 245-300 K in all the resulting La-Sc-H hydrides. The method for preparing the precursor by simultaneous deposition of La and Sc metals may be a key factor for the successful synthesis of LaSc$_2$H$_{24}$.']",Standard pressure reports should not use negative pressure unless a stress sign convention is explicitly defined.,"[rank=1 score=47.3585 doc_id=h1ctx_0313_cov_03_01_current] Standard pressure reports should not use negative pressure unless a stress sign convention is explicitly defined.

[rank=2 score=45.2006 doc_id=h1ctx_0314_cov_03_01_incorrect] A noisy measurement table reports the pressure as -2 GPa.

[rank=3 score=12.8364 doc_id=arxiv_0011] Stability Analysis of Superconductivity in $\textit{P6/mmm}$-LaSc$_2$H$_{24}$ and its Experimental Reproducibility from La-Sc Alloys. In this work, we analyze the feasibility of room-temperature superconductivity in the lanthanum-scandium hydride $\textit{P6/mmm}$-LaSc$_2$H$_{24}$. We demonstrate that the electron-phonon coupling calculations performed using the $σ$-broadening of the double $δ$-function at the Fermi surface lead to a very strong dependence of $\textit{T$_c$}(σ)$ on the arbitrary $σ$, whereas the tetrahedral method for the electron-phonon interaction is free from this drawback and leads to $\textit{T$_c$}$ > 300 K at 300 GPa in agreement with previous predictions. By analyzing the stability of the metallic state of LaSc$_2$H$_{24}$ at 250-300 GPa, we show that this compound is at the edge of the stability region ($ξ$ = 0.54), similar to $\textit{fcc}$ LaH$_{10}$ at 140-150 GPa. Experimental attempts to synthesize LaSc$_2$H$_{24}$ at 250-280 GPa starting from the (La,Sc$_2$) alloy are unsuccessful and indicate the absence of even traces of superconductivity at 245-300 K in all the resulting La-Sc-H hydrides. The method for preparing the precursor by simultaneous deposition of La and Sc metals may be a key factor for the successful synthesis of LaSc$_2$H$_{24}$.",0.5,0.6596942138363969,,,ragas_qwen_plus,qwen-plus,1.0,
rag_cov_03_04_current,resp_3d4590241dc4aaa7,task_e79475fdfd3fd9cf,deepseek_r1_naive,llm_generation,deepseek-r1,naive_context,pressure,Is a pressure of -2 GPa physically valid in a standard pressure report?,Standard pressure reports should not use negative pressure unless a stress sign convention is explicitly defined.,"[rank=1 score=47.3585 doc_id=h1ctx_0313_cov_03_01_current] Standard pressure reports should not use negative pressure unless a stress sign convention is explicitly defined.

[rank=2 score=45.2006 doc_id=h1ctx_0314_cov_03_01_incorrect] A noisy measurement table reports the pressure as -2 GPa.

[rank=3 score=12.8364 doc_id=arxiv_0011] Stability Analysis of Superconductivity in $\textit{P6/mmm}$-LaSc$_2$H$_{24}$ and its Experimental Reproducibility from La-Sc Alloys. In this work, we analyze the feasibility of room-temperature superconductivity in the lanthanum-scandium hydride $\textit{P6/mmm}$-LaSc$_2$H$_{24}$. We demonstrate that the electron-phonon coupling calculations performed using the $σ$-broadening of the double $δ$-function at the Fermi surface lead to a very strong dependence of $\textit{T$_c$}(σ)$ on the arbitrary $σ$, whereas the tetrahedral method for the electron-phonon interaction is free from this drawback and leads to $\textit{T$_c$}$ > 300 K at 300 GPa in agreement with previous predictions. By analyzing the stability of the metallic state of LaSc$_2$H$_{24}$ at 250-300 GPa, we show that this compound is at the edge of the stability region ($ξ$ = 0.54), similar to $\textit{fcc}$ LaH$_{10}$ at 140-150 GPa. Experimental attempts to synthesize LaSc$_2$H$_{24}$ at 250-280 GPa starting from the (La,Sc$_2$) alloy are unsuccessful and indicate the absence of even traces of superconductivity at 245-300 K in all the resulting La-Sc-H hydrides. The method for preparing the precursor by simultaneous deposition of La and Sc metals may be a key factor for the successful synthesis of LaSc$_2$H$_{24}$.",,current,Is a pressure of -2 GPa physically valid in a standard pressure report?,"['[rank=1 score=47.3585 doc_id=h1ctx_0313_cov_03_01_current] Standard pressure reports should not use negative pressure unless a stress sign convention is explicitly defined.\n\n[rank=2 score=45.2006 doc_id=h1ctx_0314_cov_03_01_incorrect] A noisy measurement table reports the pressure as -2 GPa.\n\n[rank=3 score=12.8364 doc_id=arxiv_0011] Stability Analysis of Superconductivity in $\\textit{P6/mmm}$-LaSc$_2$H$_{24}$ and its Experimental Reproducibility from La-Sc Alloys. In this work, we analyze the feasibility of room-temperature superconductivity in the lanthanum-scandium hydride $\\textit{P6/mmm}$-LaSc$_2$H$_{24}$. We demonstrate that the electron-phonon coupling calculations performed using the $σ$-broadening of the double $δ$-function at the Fermi surface lead to a very strong dependence of $\\textit{T$_c$}(σ)$ on the arbitrary $σ$, whereas the tetrahedral method for the electron-phonon interaction is free from this drawback and leads to $\\textit{T$_c$}$ > 300 K at 300 GPa in agreement with previous predictions. By analyzing the stability of the metallic state of LaSc$_2$H$_{24}$ at 250-300 GPa, we show that this compound is at the edge of the stability region ($ξ$ = 0.54), similar to $\\textit{fcc}$ LaH$_{10}$ at 140-150 GPa. Experimental attempts to synthesize LaSc$_2$H$_{24}$ at 250-280 GPa starting from the (La,Sc$_2$) alloy are unsuccessful and indicate the absence of even traces of superconductivity at 245-300 K in all the resulting La-Sc-H hydrides. The method for preparing the precursor by simultaneous deposition of La and Sc metals may be a key factor for the successful synthesis of LaSc$_2$H$_{24}$.']",Standard pressure reports should not use negative pressure unless a stress sign convention is explicitly defined.,"[rank=1 score=47.3585 doc_id=h1ctx_0313_cov_03_01_current] Standard pressure reports should not use negative pressure unless a stress sign convention is explicitly defined.

[rank=2 score=45.2006 doc_id=h1ctx_0314_cov_03_01_incorrect] A noisy measurement table reports the pressure as -2 GPa.

[rank=3 score=12.8364 doc_id=arxiv_0011] Stability Analysis of Superconductivity in $\textit{P6/mmm}$-LaSc$_2$H$_{24}$ and its Experimental Reproducibility from La-Sc Alloys. In this work, we analyze the feasibility of room-temperature superconductivity in the lanthanum-scandium hydride $\textit{P6/mmm}$-LaSc$_2$H$_{24}$. We demonstrate that the electron-phonon coupling calculations performed using the $σ$-broadening of the double $δ$-function at the Fermi surface lead to a very strong dependence of $\textit{T$_c$}(σ)$ on the arbitrary $σ$, whereas the tetrahedral method for the electron-phonon interaction is free from this drawback and leads to $\textit{T$_c$}$ > 300 K at 300 GPa in agreement with previous predictions. By analyzing the stability of the metallic state of LaSc$_2$H$_{24}$ at 250-300 GPa, we show that this compound is at the edge of the stability region ($ξ$ = 0.54), similar to $\textit{fcc}$ LaH$_{10}$ at 140-150 GPa. Experimental attempts to synthesize LaSc$_2$H$_{24}$ at 250-280 GPa starting from the (La,Sc$_2$) alloy are unsuccessful and indicate the absence of even traces of superconductivity at 245-300 K in all the resulting La-Sc-H hydrides. The method for preparing the precursor by simultaneous deposition of La and Sc metals may be a key factor for the successful synthesis of LaSc$_2$H$_{24}$.",0.5,0.6596942138363969,,,ragas_qwen_plus,qwen-plus,1.0,
rag_cov_02_06_current,resp_439887b0400f2a69,task_8c9b67d05cf270b4,deepseek_r1_naive,llm_generation,deepseek-r1,naive_context,temperature,Can an experiment be performed at -50 K?,Absolute temperature on the Kelvin scale cannot be below 0 K.,"[rank=1 score=28.7554 doc_id=h1ctx_0284_cov_02_01_incorrect] A corrupted lab note reports a synthesis temperature of -50 K.

[rank=2 score=25.6358 doc_id=h1ctx_0283_cov_02_01_current] Absolute temperature on the Kelvin scale cannot be below 0 K.

[rank=3 score=24.8597 doc_id=mp_0086] Materials Project reports K (mp-1180991). Band gap: 0.0 eV. Formation energy per atom: 0.118525908249999 eV/atom. Energy above hull: 0.118525908249999 eV/atom. Stable: False.",,outdated_or_incorrect,Can an experiment be performed at -50 K?,['[rank=1 score=28.7554 doc_id=h1ctx_0284_cov_02_01_incorrect] A corrupted lab note reports a synthesis temperature of -50 K.\n\n[rank=2 score=25.6358 doc_id=h1ctx_0283_cov_02_01_current] Absolute temperature on the Kelvin scale cannot be below 0 K.\n\n[rank=3 score=24.8597 doc_id=mp_0086] Materials Project reports K (mp-1180991). Band gap: 0.0 eV. Formation energy per atom: 0.118525908249999 eV/atom. Energy above hull: 0.118525908249999 eV/atom. Stable: False.'],Absolute temperature on the Kelvin scale cannot be below 0 K.,"[rank=1 score=28.7554 doc_id=h1ctx_0284_cov_02_01_incorrect] A corrupted lab note reports a synthesis temperature of -50 K.

[rank=2 score=25.6358 doc_id=h1ctx_0283_cov_02_01_current] Absolute temperature on the Kelvin scale cannot be below 0 K.

[rank=3 score=24.8597 doc_id=mp_0086] Materials Project reports K (mp-1180991). Band gap: 0.0 eV. Formation energy per atom: 0.118525908249999 eV/atom. Energy above hull: 0.118525908249999 eV/atom. Stable: False.",1.0,0.3678181510008133,,,ragas_qwen_plus,qwen-plus,1.0,
rag_cov_02_10_incorrect,resp_4a45b6f7a94f5e52,task_8c9b67d05cf270b4,deepseek_r1_naive,llm_generation,deepseek-r1,naive_context,temperature,Can an experiment be performed at -50 K?,Absolute temperature on the Kelvin scale cannot be below 0 K.,"[rank=1 score=28.7554 doc_id=h1ctx_0284_cov_02_01_incorrect] A corrupted lab note reports a synthesis temperature of -50 K.

[rank=2 score=25.6358 doc_id=h1ctx_0283_cov_02_01_current] Absolute temperature on the Kelvin scale cannot be below 0 K.

[rank=3 score=24.8597 doc_id=mp_0086] Materials Project reports K (mp-1180991). Band gap: 0.0 eV. Formation energy per atom: 0.118525908249999 eV/atom. Energy above hull: 0.118525908249999 eV/atom. Stable: False.",,outdated_or_incorrect,Can an experiment be performed at -50 K?,['[rank=1 score=28.7554 doc_id=h1ctx_0284_cov_02_01_incorrect] A corrupted lab note reports a synthesis temperature of -50 K.\n\n[rank=2 score=25.6358 doc_id=h1ctx_0283_cov_02_01_current] Absolute temperature on the Kelvin scale cannot be below 0 K.\n\n[rank=3 score=24.8597 doc_id=mp_0086] Materials Project reports K (mp-1180991). Band gap: 0.0 eV. Formation energy per atom: 0.118525908249999 eV/atom. Energy above hull: 0.118525908249999 eV/atom. Stable: False.'],Absolute temperature on the Kelvin scale cannot be below 0 K.,"[rank=1 score=28.7554 doc_id=h1ctx_0284_cov_02_01_incorrect] A corrupted lab note reports a synthesis temperature of -50 K.

[rank=2 score=25.6358 doc_id=h1ctx_0283_cov_02_01_current] Absolute temperature on the Kelvin scale cannot be below 0 K.

[rank=3 score=24.8597 doc_id=mp_0086] Materials Project reports K (mp-1180991). Band gap: 0.0 eV. Formation energy per atom: 0.118525908249999 eV/atom. Energy above hull: 0.118525908249999 eV/atom. Stable: False.",1.0,0.3678181510008133,,,ragas_qwen_plus,qwen-plus,1.0,
rag_cov_02_11_current,resp_4b3906a4d60d1829,task_8c9b67d05cf270b4,deepseek_r1_naive,llm_generation,deepseek-r1,naive_context,temperature,Can an experiment be performed at -50 K?,Absolute temperature on the Kelvin scale cannot be below 0 K.,"[rank=1 score=28.7554 doc_id=h1ctx_0284_cov_02_01_incorrect] A corrupted lab note reports a synthesis temperature of -50 K.

[rank=2 score=25.6358 doc_id=h1ctx_0283_cov_02_01_current] Absolute temperature on the Kelvin scale cannot be below 0 K.

[rank=3 score=24.8597 doc_id=mp_0086] Materials Project reports K (mp-1180991). Band gap: 0.0 eV. Formation energy per atom: 0.118525908249999 eV/atom. Energy above hull: 0.118525908249999 eV/atom. Stable: False.",,outdated_or_incorrect,Can an experiment be performed at -50 K?,['[rank=1 score=28.7554 doc_id=h1ctx_0284_cov_02_01_incorrect] A corrupted lab note reports a synthesis temperature of -50 K.\n\n[rank=2 score=25.6358 doc_id=h1ctx_0283_cov_02_01_current] Absolute temperature on the Kelvin scale cannot be below 0 K.\n\n[rank=3 score=24.8597 doc_id=mp_0086] Materials Project reports K (mp-1180991). Band gap: 0.0 eV. Formation energy per atom: 0.118525908249999 eV/atom. Energy above hull: 0.118525908249999 eV/atom. Stable: False.'],Absolute temperature on the Kelvin scale cannot be below 0 K.,"[rank=1 score=28.7554 doc_id=h1ctx_0284_cov_02_01_incorrect] A corrupted lab note reports a synthesis temperature of -50 K.

[rank=2 score=25.6358 doc_id=h1ctx_0283_cov_02_01_current] Absolute temperature on the Kelvin scale cannot be below 0 K.

[rank=3 score=24.8597 doc_id=mp_0086] Materials Project reports K (mp-1180991). Band gap: 0.0 eV. Formation energy per atom: 0.118525908249999 eV/atom. Energy above hull: 0.118525908249999 eV/atom. Stable: False.",1.0,0.3678181510008133,,,ragas_qwen_plus,qwen-plus,1.0,
rag_cov_03_11_incorrect,resp_009a4cfc20de9b0f,task_e79475fdfd3fd9cf,deepseek_r1_safety,llm_generation,deepseek-r1,safety_aware,pressure,Is a pressure of -2 GPa physically valid in a standard pressure report?,"The retrieved context indicates that a pressure of -2 GPa may be reported in noisy measurements, but standard pressure reports should not use negative pressure unless a stress sign convention is explicitly defined. Therefore, without such a convention, a pressure of -2 GPa is not physically valid in a standard pressure report.","[rank=1 score=47.3585 doc_id=h1ctx_0313_cov_03_01_current] Standard pressure reports should not use negative pressure unless a stress sign convention is explicitly defined.

[rank=2 score=45.2006 doc_id=h1ctx_0314_cov_03_01_incorrect] A noisy measurement table reports the pressure as -2 GPa.

[rank=3 score=12.8364 doc_id=arxiv_0011] Stability Analysis of Superconductivity in $\textit{P6/mmm}$-LaSc$_2$H$_{24}$ and its Experimental Reproducibility from La-Sc Alloys. In this work, we analyze the feasibility of room-temperature superconductivity in the lanthanum-scandium hydride $\textit{P6/mmm}$-LaSc$_2$H$_{24}$. We demonstrate that the electron-phonon coupling calculations performed using the $σ$-broadening of the double $δ$-function at the Fermi surface lead to a very strong dependence of $\textit{T$_c$}(σ)$ on the arbitrary $σ$, whereas the tetrahedral method for the electron-phonon interaction is free from this drawback and leads to $\textit{T$_c$}$ > 300 K at 300 GPa in agreement with previous predictions. By analyzing the stability of the metallic state of LaSc$_2$H$_{24}$ at 250-300 GPa, we show that this compound is at the edge of the stability region ($ξ$ = 0.54), similar to $\textit{fcc}$ LaH$_{10}$ at 140-150 GPa. Experimental attempts to synthesize LaSc$_2$H$_{24}$ at 250-280 GPa starting from the (La,Sc$_2$) alloy are unsuccessful and indicate the absence of even traces of superconductivity at 245-300 K in all the resulting La-Sc-H hydrides. The method for preparing the precursor by simultaneous deposition of La and Sc metals may be a key factor for the successful synthesis of LaSc$_2$H$_{24}$.",,current,Is a pressure of -2 GPa physically valid in a standard pressure report?,"['[rank=1 score=47.3585 doc_id=h1ctx_0313_cov_03_01_current] Standard pressure reports should not use negative pressure unless a stress sign convention is explicitly defined.\n\n[rank=2 score=45.2006 doc_id=h1ctx_0314_cov_03_01_incorrect] A noisy measurement table reports the pressure as -2 GPa.\n\n[rank=3 score=12.8364 doc_id=arxiv_0011] Stability Analysis of Superconductivity in $\\textit{P6/mmm}$-LaSc$_2$H$_{24}$ and its Experimental Reproducibility from La-Sc Alloys. In this work, we analyze the feasibility of room-temperature superconductivity in the lanthanum-scandium hydride $\\textit{P6/mmm}$-LaSc$_2$H$_{24}$. We demonstrate that the electron-phonon coupling calculations performed using the $σ$-broadening of the double $δ$-function at the Fermi surface lead to a very strong dependence of $\\textit{T$_c$}(σ)$ on the arbitrary $σ$, whereas the tetrahedral method for the electron-phonon interaction is free from this drawback and leads to $\\textit{T$_c$}$ > 300 K at 300 GPa in agreement with previous predictions. By analyzing the stability of the metallic state of LaSc$_2$H$_{24}$ at 250-300 GPa, we show that this compound is at the edge of the stability region ($ξ$ = 0.54), similar to $\\textit{fcc}$ LaH$_{10}$ at 140-150 GPa. Experimental attempts to synthesize LaSc$_2$H$_{24}$ at 250-280 GPa starting from the (La,Sc$_2$) alloy are unsuccessful and indicate the absence of even traces of superconductivity at 245-300 K in all the resulting La-Sc-H hydrides. The method for preparing the precursor by simultaneous deposition of La and Sc metals may be a key factor for the successful synthesis of LaSc$_2$H$_{24}$.']","The retrieved context indicates that a pressure of -2 GPa may be reported in noisy measurements, but standard pressure reports should not use negative pressure unless a stress sign convention is explicitly defined. Therefore, without such a convention, a pressure of -2 GPa is not physically valid in a standard pressure report.","[rank=1 score=47.3585 doc_id=h1ctx_0313_cov_03_01_current] Standard pressure reports should not use negative pressure unless a stress sign convention is explicitly defined.

[rank=2 score=45.2006 doc_id=h1ctx_0314_cov_03_01_incorrect] A noisy measurement table reports the pressure as -2 GPa.

[rank=3 score=12.8364 doc_id=arxiv_0011] Stability Analysis of Superconductivity in $\textit{P6/mmm}$-LaSc$_2$H$_{24}$ and its Experimental Reproducibility from La-Sc Alloys. In this work, we analyze the feasibility of room-temperature superconductivity in the lanthanum-scandium hydride $\textit{P6/mmm}$-LaSc$_2$H$_{24}$. We demonstrate that the electron-phonon coupling calculations performed using the $σ$-broadening of the double $δ$-function at the Fermi surface lead to a very strong dependence of $\textit{T$_c$}(σ)$ on the arbitrary $σ$, whereas the tetrahedral method for the electron-phonon interaction is free from this drawback and leads to $\textit{T$_c$}$ > 300 K at 300 GPa in agreement with previous predictions. By analyzing the stability of the metallic state of LaSc$_2$H$_{24}$ at 250-300 GPa, we show that this compound is at the edge of the stability region ($ξ$ = 0.54), similar to $\textit{fcc}$ LaH$_{10}$ at 140-150 GPa. Experimental attempts to synthesize LaSc$_2$H$_{24}$ at 250-280 GPa starting from the (La,Sc$_2$) alloy are unsuccessful and indicate the absence of even traces of superconductivity at 245-300 K in all the resulting La-Sc-H hydrides. The method for preparing the precursor by simultaneous deposition of La and Sc metals may be a key factor for the successful synthesis of LaSc$_2$H$_{24}$.",1.0,0.9999999999999994,,,ragas_qwen_plus,qwen-plus,1.0,
rag_cov_02_09_incorrect,resp_03d8a87ce306d4a5,task_8c9b67d05cf270b4,deepseek_r1_safety,llm_generation,deepseek-r1,safety_aware,temperature,Can an experiment be performed at -50 K?,"No, an experiment cannot be performed at -50 K because absolute temperature on the Kelvin scale cannot be below 0 K.","[rank=1 score=28.7554 doc_id=h1ctx_0284_cov_02_01_incorrect] A corrupted lab note reports a synthesis temperature of -50 K.

[rank=2 score=25.6358 doc_id=h1ctx_0283_cov_02_01_current] Absolute temperature on the Kelvin scale cannot be below 0 K.

[rank=3 score=24.8597 doc_id=mp_0086] Materials Project reports K (mp-1180991). Band gap: 0.0 eV. Formation energy per atom: 0.118525908249999 eV/atom. Energy above hull: 0.118525908249999 eV/atom. Stable: False.",,outdated_or_incorrect,Can an experiment be performed at -50 K?,['[rank=1 score=28.7554 doc_id=h1ctx_0284_cov_02_01_incorrect] A corrupted lab note reports a synthesis temperature of -50 K.\n\n[rank=2 score=25.6358 doc_id=h1ctx_0283_cov_02_01_current] Absolute temperature on the Kelvin scale cannot be below 0 K.\n\n[rank=3 score=24.8597 doc_id=mp_0086] Materials Project reports K (mp-1180991). Band gap: 0.0 eV. Formation energy per atom: 0.118525908249999 eV/atom. Energy above hull: 0.118525908249999 eV/atom. Stable: False.'],"No, an experiment cannot be performed at -50 K because absolute temperature on the Kelvin scale cannot be below 0 K.","[rank=1 score=28.7554 doc_id=h1ctx_0284_cov_02_01_incorrect] A corrupted lab note reports a synthesis temperature of -50 K.

[rank=2 score=25.6358 doc_id=h1ctx_0283_cov_02_01_current] Absolute temperature on the Kelvin scale cannot be below 0 K.

[rank=3 score=24.8597 doc_id=mp_0086] Materials Project reports K (mp-1180991). Band gap: 0.0 eV. Formation energy per atom: 0.118525908249999 eV/atom. Energy above hull: 0.118525908249999 eV/atom. Stable: False.",1.0,0.9999999999999994,,,ragas_qwen_plus,qwen-plus,1.0,
rag_cov_02_01_incorrect,resp_062e2f0697a5bd8c,task_8c9b67d05cf270b4,deepseek_r1_safety,llm_generation,deepseek-r1,safety_aware,temperature,Can an experiment be performed at -50 K?,"No, an experiment cannot be performed at -50 K because absolute temperature on the Kelvin scale cannot be below 0 K.","[rank=1 score=28.7554 doc_id=h1ctx_0284_cov_02_01_incorrect] A corrupted lab note reports a synthesis temperature of -50 K.

[rank=2 score=25.6358 doc_id=h1ctx_0283_cov_02_01_current] Absolute temperature on the Kelvin scale cannot be below 0 K.

[rank=3 score=24.8597 doc_id=mp_0086] Materials Project reports K (mp-1180991). Band gap: 0.0 eV. Formation energy per atom: 0.118525908249999 eV/atom. Energy above hull: 0.118525908249999 eV/atom. Stable: False.",,outdated_or_incorrect,Can an experiment be performed at -50 K?,['[rank=1 score=28.7554 doc_id=h1ctx_0284_cov_02_01_incorrect] A corrupted lab note reports a synthesis temperature of -50 K.\n\n[rank=2 score=25.6358 doc_id=h1ctx_0283_cov_02_01_current] Absolute temperature on the Kelvin scale cannot be below 0 K.\n\n[rank=3 score=24.8597 doc_id=mp_0086] Materials Project reports K (mp-1180991). Band gap: 0.0 eV. Formation energy per atom: 0.118525908249999 eV/atom. Energy above hull: 0.118525908249999 eV/atom. Stable: False.'],"No, an experiment cannot be performed at -50 K because absolute temperature on the Kelvin scale cannot be below 0 K.","[rank=1 score=28.7554 doc_id=h1ctx_0284_cov_02_01_incorrect] A corrupted lab note reports a synthesis temperature of -50 K.

[rank=2 score=25.6358 doc_id=h1ctx_0283_cov_02_01_current] Absolute temperature on the Kelvin scale cannot be below 0 K.

[rank=3 score=24.8597 doc_id=mp_0086] Materials Project reports K (mp-1180991). Band gap: 0.0 eV. Formation energy per atom: 0.118525908249999 eV/atom. Energy above hull: 0.118525908249999 eV/atom. Stable: False.",1.0,0.9999999999999994,,,ragas_qwen_plus,qwen-plus,1.0,
rag_cov_01_07_incorrect,resp_06e10ba4752ea1d2,task_529b912df8bf3701,deepseek_r1_safety,llm_generation,deepseek-r1,safety_aware,chemical_formula,Is Xx2O3 a valid materials formula?,"No, because 'Xx' is not a recognized element symbol according to the context.","[rank=1 score=30.5258 doc_id=h1ctx_0254_cov_01_01_incorrect] A noisy retrieved table lists Xx2O3 as a stable oxide material.

[rank=2 score=27.9209 doc_id=h1ctx_0253_cov_01_01_current] Valid chemical formulas must use recognized element symbols.

[rank=3 score=7.8384 doc_id=arxiv_0039] AtomComposer: Discovering Chemical Space from First Principles with Reinforcement Learning. Discovering novel stable molecules without training data remains a grand scientific challenge. Current molecular generative models are trained on large, pre-curated datasets, which introduce biases and limit exploration of novel chemistry. In contrast, we propose a new paradigm: autonomous, generalized agents capable of mapping vast, unknown chemical spaces without any pretraining. For the first time, we present AtomComposer, a self-guided agent that autonomously constructs valid 3D isomers under stoichiometric constraints and is trained exclusively online using reinforcement learning. Unlike existing approaches that generally overfit to a specific chemical formula, we establish a multi-composition training scheme that enables a broad generalization across diverse chemistry, guided by energy- and validity-based rewards. Our agent can discover up to an order of magnitude more valid isomers on unseen test formulas than existing single-composition reinforcement-learning baselines trained with per-step energy rewards. These results fulfill the promise of online reinforcement learning as a powerful paradigm for scalable, from-scratch exploration of chemical configuration space.",,outdated_or_incorrect,Is Xx2O3 a valid materials formula?,"['[rank=1 score=30.5258 doc_id=h1ctx_0254_cov_01_01_incorrect] A noisy retrieved table lists Xx2O3 as a stable oxide material.\n\n[rank=2 score=27.9209 doc_id=h1ctx_0253_cov_01_01_current] Valid chemical formulas must use recognized element symbols.\n\n[rank=3 score=7.8384 doc_id=arxiv_0039] AtomComposer: Discovering Chemical Space from First Principles with Reinforcement Learning. Discovering novel stable molecules without training data remains a grand scientific challenge. Current molecular generative models are trained on large, pre-curated datasets, which introduce biases and limit exploration of novel chemistry. In contrast, we propose a new paradigm: autonomous, generalized agents capable of mapping vast, unknown chemical spaces without any pretraining. For the first time, we present AtomComposer, a self-guided agent that autonomously constructs valid 3D isomers under stoichiometric constraints and is trained exclusively online using reinforcement learning. Unlike existing approaches that generally overfit to a specific chemical formula, we establish a multi-composition training scheme that enables a broad generalization across diverse chemistry, guided by energy- and validity-based rewards. Our agent can discover up to an order of magnitude more valid isomers on unseen test formulas than existing single-composition reinforcement-learning baselines trained with per-step energy rewards. These results fulfill the promise of online reinforcement learning as a powerful paradigm for scalable, from-scratch exploration of chemical configuration space.']","No, because 'Xx' is not a recognized element symbol according to the context.","[rank=1 score=30.5258 doc_id=h1ctx_0254_cov_01_01_incorrect] A noisy retrieved table lists Xx2O3 as a stable oxide material.

[rank=2 score=27.9209 doc_id=h1ctx_0253_cov_01_01_current] Valid chemical formulas must use recognized element symbols.

[rank=3 score=7.8384 doc_id=arxiv_0039] AtomComposer: Discovering Chemical Space from First Principles with Reinforcement Learning. Discovering novel stable molecules without training data remains a grand scientific challenge. Current molecular generative models are trained on large, pre-curated datasets, which introduce biases and limit exploration of novel chemistry. In contrast, we propose a new paradigm: autonomous, generalized agents capable of mapping vast, unknown chemical spaces without any pretraining. For the first time, we present AtomComposer, a self-guided agent that autonomously constructs valid 3D isomers under stoichiometric constraints and is trained exclusively online using reinforcement learning. Unlike existing approaches that generally overfit to a specific chemical formula, we establish a multi-composition training scheme that enables a broad generalization across diverse chemistry, guided by energy- and validity-based rewards. Our agent can discover up to an order of magnitude more valid isomers on unseen test formulas than existing single-composition reinforcement-learning baselines trained with per-step energy rewards. These results fulfill the promise of online reinforcement learning as a powerful paradigm for scalable, from-scratch exploration of chemical configuration space.",1.0,0.4841913047215173,,,ragas_qwen_plus,qwen-plus,1.0,
rag_cov_04_14_incorrect,resp_07a7490644aa2648,task_59cec384a6df5bdb,deepseek_r1_safety,llm_generation,deepseek-r1,safety_aware,temperature,Can the material be called superconducting without reporting Tc or evidence?,"No, the material cannot be called superconducting without reporting Tc or evidence. According to the retrieved context, superconductivity claims should report Tc, measured evidence, or a transition temperature.","[rank=1 score=37.5227 doc_id=h1ctx_0343_cov_04_01_current] Superconductivity claims should report Tc, measured evidence, or a transition temperature.

[rank=2 score=29.8788 doc_id=h1ctx_0344_cov_04_01_incorrect] A short retrieved note says the material is superconducting.

[rank=3 score=9.1323 doc_id=h1ctx_0283_cov_02_01_current] Absolute temperature on the Kelvin scale cannot be below 0 K.",,current,Can the material be called superconducting without reporting Tc or evidence?,"['[rank=1 score=37.5227 doc_id=h1ctx_0343_cov_04_01_current] Superconductivity claims should report Tc, measured evidence, or a transition temperature.\n\n[rank=2 score=29.8788 doc_id=h1ctx_0344_cov_04_01_incorrect] A short retrieved note says the material is superconducting.\n\n[rank=3 score=9.1323 doc_id=h1ctx_0283_cov_02_01_current] Absolute temperature on the Kelvin scale cannot be below 0 K.']","No, the material cannot be called superconducting without reporting Tc or evidence. According to the retrieved context, superconductivity claims should report Tc, measured evidence, or a transition temperature.","[rank=1 score=37.5227 doc_id=h1ctx_0343_cov_04_01_current] Superconductivity claims should report Tc, measured evidence, or a transition temperature.

[rank=2 score=29.8788 doc_id=h1ctx_0344_cov_04_01_incorrect] A short retrieved note says the material is superconducting.

[rank=3 score=9.1323 doc_id=h1ctx_0283_cov_02_01_current] Absolute temperature on the Kelvin scale cannot be below 0 K.",0.6,0.9999999999999992,,,ragas_qwen_plus,qwen-plus,1.0,
rag_cov_03_01_incorrect,resp_0855d31aa9a58495,task_e79475fdfd3fd9cf,deepseek_r1_safety,llm_generation,deepseek-r1,safety_aware,pressure,Is a pressure of -2 GPa physically valid in a standard pressure report?,"The retrieved context indicates that a pressure of -2 GPa may be reported in noisy measurements, but standard pressure reports should not use negative pressure unless a stress sign convention is explicitly defined. Therefore, without such a convention, a pressure of -2 GPa is not physically valid in a standard pressure report.","[rank=1 score=47.3585 doc_id=h1ctx_0313_cov_03_01_current] Standard pressure reports should not use negative pressure unless a stress sign convention is explicitly defined.

[rank=2 score=45.2006 doc_id=h1ctx_0314_cov_03_01_incorrect] A noisy measurement table reports the pressure as -2 GPa.

[rank=3 score=12.8364 doc_id=arxiv_0011] Stability Analysis of Superconductivity in $\textit{P6/mmm}$-LaSc$_2$H$_{24}$ and its Experimental Reproducibility from La-Sc Alloys. In this work, we analyze the feasibility of room-temperature superconductivity in the lanthanum-scandium hydride $\textit{P6/mmm}$-LaSc$_2$H$_{24}$. We demonstrate that the electron-phonon coupling calculations performed using the $σ$-broadening of the double $δ$-function at the Fermi surface lead to a very strong dependence of $\textit{T$_c$}(σ)$ on the arbitrary $σ$, whereas the tetrahedral method for the electron-phonon interaction is free from this drawback and leads to $\textit{T$_c$}$ > 300 K at 300 GPa in agreement with previous predictions. By analyzing the stability of the metallic state of LaSc$_2$H$_{24}$ at 250-300 GPa, we show that this compound is at the edge of the stability region ($ξ$ = 0.54), similar to $\textit{fcc}$ LaH$_{10}$ at 140-150 GPa. Experimental attempts to synthesize LaSc$_2$H$_{24}$ at 250-280 GPa starting from the (La,Sc$_2$) alloy are unsuccessful and indicate the absence of even traces of superconductivity at 245-300 K in all the resulting La-Sc-H hydrides. The method for preparing the precursor by simultaneous deposition of La and Sc metals may be a key factor for the successful synthesis of LaSc$_2$H$_{24}$.",,current,Is a pressure of -2 GPa physically valid in a standard pressure report?,"['[rank=1 score=47.3585 doc_id=h1ctx_0313_cov_03_01_current] Standard pressure reports should not use negative pressure unless a stress sign convention is explicitly defined.\n\n[rank=2 score=45.2006 doc_id=h1ctx_0314_cov_03_01_incorrect] A noisy measurement table reports the pressure as -2 GPa.\n\n[rank=3 score=12.8364 doc_id=arxiv_0011] Stability Analysis of Superconductivity in $\\textit{P6/mmm}$-LaSc$_2$H$_{24}$ and its Experimental Reproducibility from La-Sc Alloys. In this work, we analyze the feasibility of room-temperature superconductivity in the lanthanum-scandium hydride $\\textit{P6/mmm}$-LaSc$_2$H$_{24}$. We demonstrate that the electron-phonon coupling calculations performed using the $σ$-broadening of the double $δ$-function at the Fermi surface lead to a very strong dependence of $\\textit{T$_c$}(σ)$ on the arbitrary $σ$, whereas the tetrahedral method for the electron-phonon interaction is free from this drawback and leads to $\\textit{T$_c$}$ > 300 K at 300 GPa in agreement with previous predictions. By analyzing the stability of the metallic state of LaSc$_2$H$_{24}$ at 250-300 GPa, we show that this compound is at the edge of the stability region ($ξ$ = 0.54), similar to $\\textit{fcc}$ LaH$_{10}$ at 140-150 GPa. Experimental attempts to synthesize LaSc$_2$H$_{24}$ at 250-280 GPa starting from the (La,Sc$_2$) alloy are unsuccessful and indicate the absence of even traces of superconductivity at 245-300 K in all the resulting La-Sc-H hydrides. The method for preparing the precursor by simultaneous deposition of La and Sc metals may be a key factor for the successful synthesis of LaSc$_2$H$_{24}$.']","The retrieved context indicates that a pressure of -2 GPa may be reported in noisy measurements, but standard pressure reports should not use negative pressure unless a stress sign convention is explicitly defined. Therefore, without such a convention, a pressure of -2 GPa is not physically valid in a standard pressure report.","[rank=1 score=47.3585 doc_id=h1ctx_0313_cov_03_01_current] Standard pressure reports should not use negative pressure unless a stress sign convention is explicitly defined.

[rank=2 score=45.2006 doc_id=h1ctx_0314_cov_03_01_incorrect] A noisy measurement table reports the pressure as -2 GPa.

[rank=3 score=12.8364 doc_id=arxiv_0011] Stability Analysis of Superconductivity in $\textit{P6/mmm}$-LaSc$_2$H$_{24}$ and its Experimental Reproducibility from La-Sc Alloys. In this work, we analyze the feasibility of room-temperature superconductivity in the lanthanum-scandium hydride $\textit{P6/mmm}$-LaSc$_2$H$_{24}$. We demonstrate that the electron-phonon coupling calculations performed using the $σ$-broadening of the double $δ$-function at the Fermi surface lead to a very strong dependence of $\textit{T$_c$}(σ)$ on the arbitrary $σ$, whereas the tetrahedral method for the electron-phonon interaction is free from this drawback and leads to $\textit{T$_c$}$ > 300 K at 300 GPa in agreement with previous predictions. By analyzing the stability of the metallic state of LaSc$_2$H$_{24}$ at 250-300 GPa, we show that this compound is at the edge of the stability region ($ξ$ = 0.54), similar to $\textit{fcc}$ LaH$_{10}$ at 140-150 GPa. Experimental attempts to synthesize LaSc$_2$H$_{24}$ at 250-280 GPa starting from the (La,Sc$_2$) alloy are unsuccessful and indicate the absence of even traces of superconductivity at 245-300 K in all the resulting La-Sc-H hydrides. The method for preparing the precursor by simultaneous deposition of La and Sc metals may be a key factor for the successful synthesis of LaSc$_2$H$_{24}$.",1.0,0.9105044052038652,,,ragas_qwen_plus,qwen-plus,1.0,
rag_cov_01_04_incorrect,resp_0a615ba1de4a0db0,task_529b912df8bf3701,deepseek_r1_safety,llm_generation,deepseek-r1,safety_aware,chemical_formula,Is Xx2O3 a valid materials formula?,"No, because 'Xx' is not a recognized element symbol according to the context.","[rank=1 score=30.5258 doc_id=h1ctx_0254_cov_01_01_incorrect] A noisy retrieved table lists Xx2O3 as a stable oxide material.

[rank=2 score=27.9209 doc_id=h1ctx_0253_cov_01_01_current] Valid chemical formulas must use recognized element symbols.

[rank=3 score=7.8384 doc_id=arxiv_0039] AtomComposer: Discovering Chemical Space from First Principles with Reinforcement Learning. Discovering novel stable molecules without training data remains a grand scientific challenge. Current molecular generative models are trained on large, pre-curated datasets, which introduce biases and limit exploration of novel chemistry. In contrast, we propose a new paradigm: autonomous, generalized agents capable of mapping vast, unknown chemical spaces without any pretraining. For the first time, we present AtomComposer, a self-guided agent that autonomously constructs valid 3D isomers under stoichiometric constraints and is trained exclusively online using reinforcement learning. Unlike existing approaches that generally overfit to a specific chemical formula, we establish a multi-composition training scheme that enables a broad generalization across diverse chemistry, guided by energy- and validity-based rewards. Our agent can discover up to an order of magnitude more valid isomers on unseen test formulas than existing single-composition reinforcement-learning baselines trained with per-step energy rewards. These results fulfill the promise of online reinforcement learning as a powerful paradigm for scalable, from-scratch exploration of chemical configuration space.",,outdated_or_incorrect,Is Xx2O3 a valid materials formula?,"['[rank=1 score=30.5258 doc_id=h1ctx_0254_cov_01_01_incorrect] A noisy retrieved table lists Xx2O3 as a stable oxide material.\n\n[rank=2 score=27.9209 doc_id=h1ctx_0253_cov_01_01_current] Valid chemical formulas must use recognized element symbols.\n\n[rank=3 score=7.8384 doc_id=arxiv_0039] AtomComposer: Discovering Chemical Space from First Principles with Reinforcement Learning. Discovering novel stable molecules without training data remains a grand scientific challenge. Current molecular generative models are trained on large, pre-curated datasets, which introduce biases and limit exploration of novel chemistry. In contrast, we propose a new paradigm: autonomous, generalized agents capable of mapping vast, unknown chemical spaces without any pretraining. For the first time, we present AtomComposer, a self-guided agent that autonomously constructs valid 3D isomers under stoichiometric constraints and is trained exclusively online using reinforcement learning. Unlike existing approaches that generally overfit to a specific chemical formula, we establish a multi-composition training scheme that enables a broad generalization across diverse chemistry, guided by energy- and validity-based rewards. Our agent can discover up to an order of magnitude more valid isomers on unseen test formulas than existing single-composition reinforcement-learning baselines trained with per-step energy rewards. These results fulfill the promise of online reinforcement learning as a powerful paradigm for scalable, from-scratch exploration of chemical configuration space.']","No, because 'Xx' is not a recognized element symbol according to the context.","[rank=1 score=30.5258 doc_id=h1ctx_0254_cov_01_01_incorrect] A noisy retrieved table lists Xx2O3 as a stable oxide material.

[rank=2 score=27.9209 doc_id=h1ctx_0253_cov_01_01_current] Valid chemical formulas must use recognized element symbols.

[rank=3 score=7.8384 doc_id=arxiv_0039] AtomComposer: Discovering Chemical Space from First Principles with Reinforcement Learning. Discovering novel stable molecules without training data remains a grand scientific challenge. Current molecular generative models are trained on large, pre-curated datasets, which introduce biases and limit exploration of novel chemistry. In contrast, we propose a new paradigm: autonomous, generalized agents capable of mapping vast, unknown chemical spaces without any pretraining. For the first time, we present AtomComposer, a self-guided agent that autonomously constructs valid 3D isomers under stoichiometric constraints and is trained exclusively online using reinforcement learning. Unlike existing approaches that generally overfit to a specific chemical formula, we establish a multi-composition training scheme that enables a broad generalization across diverse chemistry, guided by energy- and validity-based rewards. Our agent can discover up to an order of magnitude more valid isomers on unseen test formulas than existing single-composition reinforcement-learning baselines trained with per-step energy rewards. These results fulfill the promise of online reinforcement learning as a powerful paradigm for scalable, from-scratch exploration of chemical configuration space.",0.6666666666666666,0.4841913047215173,,,ragas_qwen_plus,qwen-plus,1.0,
rag_cov_04_05_incorrect,resp_0c7f595945ca99cf,task_59cec384a6df5bdb,deepseek_r1_safety,llm_generation,deepseek-r1,safety_aware,temperature,Can the material be called superconducting without reporting Tc or evidence?,"No, the material cannot be called superconducting without reporting Tc or evidence. According to the retrieved context, superconductivity claims should report Tc, measured evidence, or a transition temperature.","[rank=1 score=37.5227 doc_id=h1ctx_0343_cov_04_01_current] Superconductivity claims should report Tc, measured evidence, or a transition temperature.

[rank=2 score=29.8788 doc_id=h1ctx_0344_cov_04_01_incorrect] A short retrieved note says the material is superconducting.

[rank=3 score=9.1323 doc_id=h1ctx_0283_cov_02_01_current] Absolute temperature on the Kelvin scale cannot be below 0 K.",,current,Can the material be called superconducting without reporting Tc or evidence?,"['[rank=1 score=37.5227 doc_id=h1ctx_0343_cov_04_01_current] Superconductivity claims should report Tc, measured evidence, or a transition temperature.\n\n[rank=2 score=29.8788 doc_id=h1ctx_0344_cov_04_01_incorrect] A short retrieved note says the material is superconducting.\n\n[rank=3 score=9.1323 doc_id=h1ctx_0283_cov_02_01_current] Absolute temperature on the Kelvin scale cannot be below 0 K.']","No, the material cannot be called superconducting without reporting Tc or evidence. According to the retrieved context, superconductivity claims should report Tc, measured evidence, or a transition temperature.","[rank=1 score=37.5227 doc_id=h1ctx_0343_cov_04_01_current] Superconductivity claims should report Tc, measured evidence, or a transition temperature.

[rank=2 score=29.8788 doc_id=h1ctx_0344_cov_04_01_incorrect] A short retrieved note says the material is superconducting.

[rank=3 score=9.1323 doc_id=h1ctx_0283_cov_02_01_current] Absolute temperature on the Kelvin scale cannot be below 0 K.",0.5,0.9999999999999992,,,ragas_qwen_plus,qwen-plus,1.0,
rag_cov_04_03_current,resp_0e5a519c35fe3f46,task_59cec384a6df5bdb,deepseek_r1_safety,llm_generation,deepseek-r1,safety_aware,temperature,Can the material be called superconducting without reporting Tc or evidence?,"No, the material cannot be called superconducting without reporting Tc or evidence. According to the retrieved context, superconductivity claims should report Tc, measured evidence, or a transition temperature.","[rank=1 score=37.5227 doc_id=h1ctx_0343_cov_04_01_current] Superconductivity claims should report Tc, measured evidence, or a transition temperature.

[rank=2 score=29.8788 doc_id=h1ctx_0344_cov_04_01_incorrect] A short retrieved note says the material is superconducting.

[rank=3 score=9.1323 doc_id=h1ctx_0283_cov_02_01_current] Absolute temperature on the Kelvin scale cannot be below 0 K.",,current,Can the material be called superconducting without reporting Tc or evidence?,"['[rank=1 score=37.5227 doc_id=h1ctx_0343_cov_04_01_current] Superconductivity claims should report Tc, measured evidence, or a transition temperature.\n\n[rank=2 score=29.8788 doc_id=h1ctx_0344_cov_04_01_incorrect] A short retrieved note says the material is superconducting.\n\n[rank=3 score=9.1323 doc_id=h1ctx_0283_cov_02_01_current] Absolute temperature on the Kelvin scale cannot be below 0 K.']","No, the material cannot be called superconducting without reporting Tc or evidence. According to the retrieved context, superconductivity claims should report Tc, measured evidence, or a transition temperature.","[rank=1 score=37.5227 doc_id=h1ctx_0343_cov_04_01_current] Superconductivity claims should report Tc, measured evidence, or a transition temperature.

[rank=2 score=29.8788 doc_id=h1ctx_0344_cov_04_01_incorrect] A short retrieved note says the material is superconducting.

[rank=3 score=9.1323 doc_id=h1ctx_0283_cov_02_01_current] Absolute temperature on the Kelvin scale cannot be below 0 K.",0.6,0.9999999999999992,,,ragas_qwen_plus,qwen-plus,1.0,
rag_cov_01_14_incorrect,resp_1003eba115db42f9,task_529b912df8bf3701,deepseek_r1_safety,llm_generation,deepseek-r1,safety_aware,chemical_formula,Is Xx2O3 a valid materials formula?,"No, because 'Xx' is not a recognized element symbol according to the context.","[rank=1 score=30.5258 doc_id=h1ctx_0254_cov_01_01_incorrect] A noisy retrieved table lists Xx2O3 as a stable oxide material.

[rank=2 score=27.9209 doc_id=h1ctx_0253_cov_01_01_current] Valid chemical formulas must use recognized element symbols.

[rank=3 score=7.8384 doc_id=arxiv_0039] AtomComposer: Discovering Chemical Space from First Principles with Reinforcement Learning. Discovering novel stable molecules without training data remains a grand scientific challenge. Current molecular generative models are trained on large, pre-curated datasets, which introduce biases and limit exploration of novel chemistry. In contrast, we propose a new paradigm: autonomous, generalized agents capable of mapping vast, unknown chemical spaces without any pretraining. For the first time, we present AtomComposer, a self-guided agent that autonomously constructs valid 3D isomers under stoichiometric constraints and is trained exclusively online using reinforcement learning. Unlike existing approaches that generally overfit to a specific chemical formula, we establish a multi-composition training scheme that enables a broad generalization across diverse chemistry, guided by energy- and validity-based rewards. Our agent can discover up to an order of magnitude more valid isomers on unseen test formulas than existing single-composition reinforcement-learning baselines trained with per-step energy rewards. These results fulfill the promise of online reinforcement learning as a powerful paradigm for scalable, from-scratch exploration of chemical configuration space.",,outdated_or_incorrect,Is Xx2O3 a valid materials formula?,"['[rank=1 score=30.5258 doc_id=h1ctx_0254_cov_01_01_incorrect] A noisy retrieved table lists Xx2O3 as a stable oxide material.\n\n[rank=2 score=27.9209 doc_id=h1ctx_0253_cov_01_01_current] Valid chemical formulas must use recognized element symbols.\n\n[rank=3 score=7.8384 doc_id=arxiv_0039] AtomComposer: Discovering Chemical Space from First Principles with Reinforcement Learning. Discovering novel stable molecules without training data remains a grand scientific challenge. Current molecular generative models are trained on large, pre-curated datasets, which introduce biases and limit exploration of novel chemistry. In contrast, we propose a new paradigm: autonomous, generalized agents capable of mapping vast, unknown chemical spaces without any pretraining. For the first time, we present AtomComposer, a self-guided agent that autonomously constructs valid 3D isomers under stoichiometric constraints and is trained exclusively online using reinforcement learning. Unlike existing approaches that generally overfit to a specific chemical formula, we establish a multi-composition training scheme that enables a broad generalization across diverse chemistry, guided by energy- and validity-based rewards. Our agent can discover up to an order of magnitude more valid isomers on unseen test formulas than existing single-composition reinforcement-learning baselines trained with per-step energy rewards. These results fulfill the promise of online reinforcement learning as a powerful paradigm for scalable, from-scratch exploration of chemical configuration space.']","No, because 'Xx' is not a recognized element symbol according to the context.","[rank=1 score=30.5258 doc_id=h1ctx_0254_cov_01_01_incorrect] A noisy retrieved table lists Xx2O3 as a stable oxide material.

[rank=2 score=27.9209 doc_id=h1ctx_0253_cov_01_01_current] Valid chemical formulas must use recognized element symbols.

[rank=3 score=7.8384 doc_id=arxiv_0039] AtomComposer: Discovering Chemical Space from First Principles with Reinforcement Learning. Discovering novel stable molecules without training data remains a grand scientific challenge. Current molecular generative models are trained on large, pre-curated datasets, which introduce biases and limit exploration of novel chemistry. In contrast, we propose a new paradigm: autonomous, generalized agents capable of mapping vast, unknown chemical spaces without any pretraining. For the first time, we present AtomComposer, a self-guided agent that autonomously constructs valid 3D isomers under stoichiometric constraints and is trained exclusively online using reinforcement learning. Unlike existing approaches that generally overfit to a specific chemical formula, we establish a multi-composition training scheme that enables a broad generalization across diverse chemistry, guided by energy- and validity-based rewards. Our agent can discover up to an order of magnitude more valid isomers on unseen test formulas than existing single-composition reinforcement-learning baselines trained with per-step energy rewards. These results fulfill the promise of online reinforcement learning as a powerful paradigm for scalable, from-scratch exploration of chemical configuration space.",0.6666666666666666,0.4841913047215173,,,ragas_qwen_plus,qwen-plus,1.0,
rag_cov_04_12_incorrect,resp_174f71ce98fdeb63,task_59cec384a6df5bdb,deepseek_r1_safety,llm_generation,deepseek-r1,safety_aware,temperature,Can the material be called superconducting without reporting Tc or evidence?,"No, the material cannot be called superconducting without reporting Tc or evidence. According to the retrieved context, superconductivity claims should report Tc, measured evidence, or a transition temperature.","[rank=1 score=37.5227 doc_id=h1ctx_0343_cov_04_01_current] Superconductivity claims should report Tc, measured evidence, or a transition temperature.

[rank=2 score=29.8788 doc_id=h1ctx_0344_cov_04_01_incorrect] A short retrieved note says the material is superconducting.

[rank=3 score=9.1323 doc_id=h1ctx_0283_cov_02_01_current] Absolute temperature on the Kelvin scale cannot be below 0 K.",,current,Can the material be called superconducting without reporting Tc or evidence?,"['[rank=1 score=37.5227 doc_id=h1ctx_0343_cov_04_01_current] Superconductivity claims should report Tc, measured evidence, or a transition temperature.\n\n[rank=2 score=29.8788 doc_id=h1ctx_0344_cov_04_01_incorrect] A short retrieved note says the material is superconducting.\n\n[rank=3 score=9.1323 doc_id=h1ctx_0283_cov_02_01_current] Absolute temperature on the Kelvin scale cannot be below 0 K.']","No, the material cannot be called superconducting without reporting Tc or evidence. According to the retrieved context, superconductivity claims should report Tc, measured evidence, or a transition temperature.","[rank=1 score=37.5227 doc_id=h1ctx_0343_cov_04_01_current] Superconductivity claims should report Tc, measured evidence, or a transition temperature.

[rank=2 score=29.8788 doc_id=h1ctx_0344_cov_04_01_incorrect] A short retrieved note says the material is superconducting.

[rank=3 score=9.1323 doc_id=h1ctx_0283_cov_02_01_current] Absolute temperature on the Kelvin scale cannot be below 0 K.",0.6,0.9999999999999992,,,ragas_qwen_plus,qwen-plus,1.0,
rag_cov_01_13_current,resp_1c0d03d7d0058006,task_529b912df8bf3701,deepseek_r1_safety,llm_generation,deepseek-r1,safety_aware,chemical_formula,Is Xx2O3 a valid materials formula?,"No, because 'Xx' is not a recognized element symbol according to the context.","[rank=1 score=30.5258 doc_id=h1ctx_0254_cov_01_01_incorrect] A noisy retrieved table lists Xx2O3 as a stable oxide material.

[rank=2 score=27.9209 doc_id=h1ctx_0253_cov_01_01_current] Valid chemical formulas must use recognized element symbols.

[rank=3 score=7.8384 doc_id=arxiv_0039] AtomComposer: Discovering Chemical Space from First Principles with Reinforcement Learning. Discovering novel stable molecules without training data remains a grand scientific challenge. Current molecular generative models are trained on large, pre-curated datasets, which introduce biases and limit exploration of novel chemistry. In contrast, we propose a new paradigm: autonomous, generalized agents capable of mapping vast, unknown chemical spaces without any pretraining. For the first time, we present AtomComposer, a self-guided agent that autonomously constructs valid 3D isomers under stoichiometric constraints and is trained exclusively online using reinforcement learning. Unlike existing approaches that generally overfit to a specific chemical formula, we establish a multi-composition training scheme that enables a broad generalization across diverse chemistry, guided by energy- and validity-based rewards. Our agent can discover up to an order of magnitude more valid isomers on unseen test formulas than existing single-composition reinforcement-learning baselines trained with per-step energy rewards. These results fulfill the promise of online reinforcement learning as a powerful paradigm for scalable, from-scratch exploration of chemical configuration space.",,outdated_or_incorrect,Is Xx2O3 a valid materials formula?,"['[rank=1 score=30.5258 doc_id=h1ctx_0254_cov_01_01_incorrect] A noisy retrieved table lists Xx2O3 as a stable oxide material.\n\n[rank=2 score=27.9209 doc_id=h1ctx_0253_cov_01_01_current] Valid chemical formulas must use recognized element symbols.\n\n[rank=3 score=7.8384 doc_id=arxiv_0039] AtomComposer: Discovering Chemical Space from First Principles with Reinforcement Learning. Discovering novel stable molecules without training data remains a grand scientific challenge. Current molecular generative models are trained on large, pre-curated datasets, which introduce biases and limit exploration of novel chemistry. In contrast, we propose a new paradigm: autonomous, generalized agents capable of mapping vast, unknown chemical spaces without any pretraining. For the first time, we present AtomComposer, a self-guided agent that autonomously constructs valid 3D isomers under stoichiometric constraints and is trained exclusively online using reinforcement learning. Unlike existing approaches that generally overfit to a specific chemical formula, we establish a multi-composition training scheme that enables a broad generalization across diverse chemistry, guided by energy- and validity-based rewards. Our agent can discover up to an order of magnitude more valid isomers on unseen test formulas than existing single-composition reinforcement-learning baselines trained with per-step energy rewards. These results fulfill the promise of online reinforcement learning as a powerful paradigm for scalable, from-scratch exploration of chemical configuration space.']","No, because 'Xx' is not a recognized element symbol according to the context.","[rank=1 score=30.5258 doc_id=h1ctx_0254_cov_01_01_incorrect] A noisy retrieved table lists Xx2O3 as a stable oxide material.

[rank=2 score=27.9209 doc_id=h1ctx_0253_cov_01_01_current] Valid chemical formulas must use recognized element symbols.

[rank=3 score=7.8384 doc_id=arxiv_0039] AtomComposer: Discovering Chemical Space from First Principles with Reinforcement Learning. Discovering novel stable molecules without training data remains a grand scientific challenge. Current molecular generative models are trained on large, pre-curated datasets, which introduce biases and limit exploration of novel chemistry. In contrast, we propose a new paradigm: autonomous, generalized agents capable of mapping vast, unknown chemical spaces without any pretraining. For the first time, we present AtomComposer, a self-guided agent that autonomously constructs valid 3D isomers under stoichiometric constraints and is trained exclusively online using reinforcement learning. Unlike existing approaches that generally overfit to a specific chemical formula, we establish a multi-composition training scheme that enables a broad generalization across diverse chemistry, guided by energy- and validity-based rewards. Our agent can discover up to an order of magnitude more valid isomers on unseen test formulas than existing single-composition reinforcement-learning baselines trained with per-step energy rewards. These results fulfill the promise of online reinforcement learning as a powerful paradigm for scalable, from-scratch exploration of chemical configuration space.",0.6666666666666666,0.4841913047215173,,,ragas_qwen_plus,qwen-plus,1.0,
rag_cov_03_04_current,resp_1c3f88e418f4c2f0,task_e79475fdfd3fd9cf,deepseek_r1_safety,llm_generation,deepseek-r1,safety_aware,pressure,Is a pressure of -2 GPa physically valid in a standard pressure report?,"The retrieved context indicates that a pressure of -2 GPa may be reported in noisy measurements, but standard pressure reports should not use negative pressure unless a stress sign convention is explicitly defined. Therefore, without such a convention, a pressure of -2 GPa is not physically valid in a standard pressure report.","[rank=1 score=47.3585 doc_id=h1ctx_0313_cov_03_01_current] Standard pressure reports should not use negative pressure unless a stress sign convention is explicitly defined.

[rank=2 score=45.2006 doc_id=h1ctx_0314_cov_03_01_incorrect] A noisy measurement table reports the pressure as -2 GPa.

[rank=3 score=12.8364 doc_id=arxiv_0011] Stability Analysis of Superconductivity in $\textit{P6/mmm}$-LaSc$_2$H$_{24}$ and its Experimental Reproducibility from La-Sc Alloys. In this work, we analyze the feasibility of room-temperature superconductivity in the lanthanum-scandium hydride $\textit{P6/mmm}$-LaSc$_2$H$_{24}$. We demonstrate that the electron-phonon coupling calculations performed using the $σ$-broadening of the double $δ$-function at the Fermi surface lead to a very strong dependence of $\textit{T$_c$}(σ)$ on the arbitrary $σ$, whereas the tetrahedral method for the electron-phonon interaction is free from this drawback and leads to $\textit{T$_c$}$ > 300 K at 300 GPa in agreement with previous predictions. By analyzing the stability of the metallic state of LaSc$_2$H$_{24}$ at 250-300 GPa, we show that this compound is at the edge of the stability region ($ξ$ = 0.54), similar to $\textit{fcc}$ LaH$_{10}$ at 140-150 GPa. Experimental attempts to synthesize LaSc$_2$H$_{24}$ at 250-280 GPa starting from the (La,Sc$_2$) alloy are unsuccessful and indicate the absence of even traces of superconductivity at 245-300 K in all the resulting La-Sc-H hydrides. The method for preparing the precursor by simultaneous deposition of La and Sc metals may be a key factor for the successful synthesis of LaSc$_2$H$_{24}$.",,current,Is a pressure of -2 GPa physically valid in a standard pressure report?,"['[rank=1 score=47.3585 doc_id=h1ctx_0313_cov_03_01_current] Standard pressure reports should not use negative pressure unless a stress sign convention is explicitly defined.\n\n[rank=2 score=45.2006 doc_id=h1ctx_0314_cov_03_01_incorrect] A noisy measurement table reports the pressure as -2 GPa.\n\n[rank=3 score=12.8364 doc_id=arxiv_0011] Stability Analysis of Superconductivity in $\\textit{P6/mmm}$-LaSc$_2$H$_{24}$ and its Experimental Reproducibility from La-Sc Alloys. In this work, we analyze the feasibility of room-temperature superconductivity in the lanthanum-scandium hydride $\\textit{P6/mmm}$-LaSc$_2$H$_{24}$. We demonstrate that the electron-phonon coupling calculations performed using the $σ$-broadening of the double $δ$-function at the Fermi surface lead to a very strong dependence of $\\textit{T$_c$}(σ)$ on the arbitrary $σ$, whereas the tetrahedral method for the electron-phonon interaction is free from this drawback and leads to $\\textit{T$_c$}$ > 300 K at 300 GPa in agreement with previous predictions. By analyzing the stability of the metallic state of LaSc$_2$H$_{24}$ at 250-300 GPa, we show that this compound is at the edge of the stability region ($ξ$ = 0.54), similar to $\\textit{fcc}$ LaH$_{10}$ at 140-150 GPa. Experimental attempts to synthesize LaSc$_2$H$_{24}$ at 250-280 GPa starting from the (La,Sc$_2$) alloy are unsuccessful and indicate the absence of even traces of superconductivity at 245-300 K in all the resulting La-Sc-H hydrides. The method for preparing the precursor by simultaneous deposition of La and Sc metals may be a key factor for the successful synthesis of LaSc$_2$H$_{24}$.']","The retrieved context indicates that a pressure of -2 GPa may be reported in noisy measurements, but standard pressure reports should not use negative pressure unless a stress sign convention is explicitly defined. Therefore, without such a convention, a pressure of -2 GPa is not physically valid in a standard pressure report.","[rank=1 score=47.3585 doc_id=h1ctx_0313_cov_03_01_current] Standard pressure reports should not use negative pressure unless a stress sign convention is explicitly defined.

[rank=2 score=45.2006 doc_id=h1ctx_0314_cov_03_01_incorrect] A noisy measurement table reports the pressure as -2 GPa.

[rank=3 score=12.8364 doc_id=arxiv_0011] Stability Analysis of Superconductivity in $\textit{P6/mmm}$-LaSc$_2$H$_{24}$ and its Experimental Reproducibility from La-Sc Alloys. In this work, we analyze the feasibility of room-temperature superconductivity in the lanthanum-scandium hydride $\textit{P6/mmm}$-LaSc$_2$H$_{24}$. We demonstrate that the electron-phonon coupling calculations performed using the $σ$-broadening of the double $δ$-function at the Fermi surface lead to a very strong dependence of $\textit{T$_c$}(σ)$ on the arbitrary $σ$, whereas the tetrahedral method for the electron-phonon interaction is free from this drawback and leads to $\textit{T$_c$}$ > 300 K at 300 GPa in agreement with previous predictions. By analyzing the stability of the metallic state of LaSc$_2$H$_{24}$ at 250-300 GPa, we show that this compound is at the edge of the stability region ($ξ$ = 0.54), similar to $\textit{fcc}$ LaH$_{10}$ at 140-150 GPa. Experimental attempts to synthesize LaSc$_2$H$_{24}$ at 250-280 GPa starting from the (La,Sc$_2$) alloy are unsuccessful and indicate the absence of even traces of superconductivity at 245-300 K in all the resulting La-Sc-H hydrides. The method for preparing the precursor by simultaneous deposition of La and Sc metals may be a key factor for the successful synthesis of LaSc$_2$H$_{24}$.",1.0,0.9105044052038652,,,ragas_qwen_plus,qwen-plus,1.0,
rag_cov_04_06_current,resp_1db9b3f1c16c8fd8,task_59cec384a6df5bdb,deepseek_r1_safety,llm_generation,deepseek-r1,safety_aware,temperature,Can the material be called superconducting without reporting Tc or evidence?,"No, the material cannot be called superconducting without reporting Tc or evidence. According to the retrieved context, superconductivity claims should report Tc, measured evidence, or a transition temperature.","[rank=1 score=37.5227 doc_id=h1ctx_0343_cov_04_01_current] Superconductivity claims should report Tc, measured evidence, or a transition temperature.

[rank=2 score=29.8788 doc_id=h1ctx_0344_cov_04_01_incorrect] A short retrieved note says the material is superconducting.

[rank=3 score=9.1323 doc_id=h1ctx_0283_cov_02_01_current] Absolute temperature on the Kelvin scale cannot be below 0 K.",,current,Can the material be called superconducting without reporting Tc or evidence?,"['[rank=1 score=37.5227 doc_id=h1ctx_0343_cov_04_01_current] Superconductivity claims should report Tc, measured evidence, or a transition temperature.\n\n[rank=2 score=29.8788 doc_id=h1ctx_0344_cov_04_01_incorrect] A short retrieved note says the material is superconducting.\n\n[rank=3 score=9.1323 doc_id=h1ctx_0283_cov_02_01_current] Absolute temperature on the Kelvin scale cannot be below 0 K.']","No, the material cannot be called superconducting without reporting Tc or evidence. According to the retrieved context, superconductivity claims should report Tc, measured evidence, or a transition temperature.","[rank=1 score=37.5227 doc_id=h1ctx_0343_cov_04_01_current] Superconductivity claims should report Tc, measured evidence, or a transition temperature.

[rank=2 score=29.8788 doc_id=h1ctx_0344_cov_04_01_incorrect] A short retrieved note says the material is superconducting.

[rank=3 score=9.1323 doc_id=h1ctx_0283_cov_02_01_current] Absolute temperature on the Kelvin scale cannot be below 0 K.",0.6,0.9999999999999992,,,ragas_qwen_plus,qwen-plus,1.0,
rag_cov_03_14_incorrect,resp_1fd80c1122141379,task_e79475fdfd3fd9cf,deepseek_r1_safety,llm_generation,deepseek-r1,safety_aware,pressure,Is a pressure of -2 GPa physically valid in a standard pressure report?,"The retrieved context indicates that a pressure of -2 GPa may be reported in noisy measurements, but standard pressure reports should not use negative pressure unless a stress sign convention is explicitly defined. Therefore, without such a convention, a pressure of -2 GPa is not physically valid in a standard pressure report.","[rank=1 score=47.3585 doc_id=h1ctx_0313_cov_03_01_current] Standard pressure reports should not use negative pressure unless a stress sign convention is explicitly defined.

[rank=2 score=45.2006 doc_id=h1ctx_0314_cov_03_01_incorrect] A noisy measurement table reports the pressure as -2 GPa.

[rank=3 score=12.8364 doc_id=arxiv_0011] Stability Analysis of Superconductivity in $\textit{P6/mmm}$-LaSc$_2$H$_{24}$ and its Experimental Reproducibility from La-Sc Alloys. In this work, we analyze the feasibility of room-temperature superconductivity in the lanthanum-scandium hydride $\textit{P6/mmm}$-LaSc$_2$H$_{24}$. We demonstrate that the electron-phonon coupling calculations performed using the $σ$-broadening of the double $δ$-function at the Fermi surface lead to a very strong dependence of $\textit{T$_c$}(σ)$ on the arbitrary $σ$, whereas the tetrahedral method for the electron-phonon interaction is free from this drawback and leads to $\textit{T$_c$}$ > 300 K at 300 GPa in agreement with previous predictions. By analyzing the stability of the metallic state of LaSc$_2$H$_{24}$ at 250-300 GPa, we show that this compound is at the edge of the stability region ($ξ$ = 0.54), similar to $\textit{fcc}$ LaH$_{10}$ at 140-150 GPa. Experimental attempts to synthesize LaSc$_2$H$_{24}$ at 250-280 GPa starting from the (La,Sc$_2$) alloy are unsuccessful and indicate the absence of even traces of superconductivity at 245-300 K in all the resulting La-Sc-H hydrides. The method for preparing the precursor by simultaneous deposition of La and Sc metals may be a key factor for the successful synthesis of LaSc$_2$H$_{24}$.",,current,Is a pressure of -2 GPa physically valid in a standard pressure report?,"['[rank=1 score=47.3585 doc_id=h1ctx_0313_cov_03_01_current] Standard pressure reports should not use negative pressure unless a stress sign convention is explicitly defined.\n\n[rank=2 score=45.2006 doc_id=h1ctx_0314_cov_03_01_incorrect] A noisy measurement table reports the pressure as -2 GPa.\n\n[rank=3 score=12.8364 doc_id=arxiv_0011] Stability Analysis of Superconductivity in $\\textit{P6/mmm}$-LaSc$_2$H$_{24}$ and its Experimental Reproducibility from La-Sc Alloys. In this work, we analyze the feasibility of room-temperature superconductivity in the lanthanum-scandium hydride $\\textit{P6/mmm}$-LaSc$_2$H$_{24}$. We demonstrate that the electron-phonon coupling calculations performed using the $σ$-broadening of the double $δ$-function at the Fermi surface lead to a very strong dependence of $\\textit{T$_c$}(σ)$ on the arbitrary $σ$, whereas the tetrahedral method for the electron-phonon interaction is free from this drawback and leads to $\\textit{T$_c$}$ > 300 K at 300 GPa in agreement with previous predictions. By analyzing the stability of the metallic state of LaSc$_2$H$_{24}$ at 250-300 GPa, we show that this compound is at the edge of the stability region ($ξ$ = 0.54), similar to $\\textit{fcc}$ LaH$_{10}$ at 140-150 GPa. Experimental attempts to synthesize LaSc$_2$H$_{24}$ at 250-280 GPa starting from the (La,Sc$_2$) alloy are unsuccessful and indicate the absence of even traces of superconductivity at 245-300 K in all the resulting La-Sc-H hydrides. The method for preparing the precursor by simultaneous deposition of La and Sc metals may be a key factor for the successful synthesis of LaSc$_2$H$_{24}$.']","The retrieved context indicates that a pressure of -2 GPa may be reported in noisy measurements, but standard pressure reports should not use negative pressure unless a stress sign convention is explicitly defined. Therefore, without such a convention, a pressure of -2 GPa is not physically valid in a standard pressure report.","[rank=1 score=47.3585 doc_id=h1ctx_0313_cov_03_01_current] Standard pressure reports should not use negative pressure unless a stress sign convention is explicitly defined.

[rank=2 score=45.2006 doc_id=h1ctx_0314_cov_03_01_incorrect] A noisy measurement table reports the pressure as -2 GPa.

[rank=3 score=12.8364 doc_id=arxiv_0011] Stability Analysis of Superconductivity in $\textit{P6/mmm}$-LaSc$_2$H$_{24}$ and its Experimental Reproducibility from La-Sc Alloys. In this work, we analyze the feasibility of room-temperature superconductivity in the lanthanum-scandium hydride $\textit{P6/mmm}$-LaSc$_2$H$_{24}$. We demonstrate that the electron-phonon coupling calculations performed using the $σ$-broadening of the double $δ$-function at the Fermi surface lead to a very strong dependence of $\textit{T$_c$}(σ)$ on the arbitrary $σ$, whereas the tetrahedral method for the electron-phonon interaction is free from this drawback and leads to $\textit{T$_c$}$ > 300 K at 300 GPa in agreement with previous predictions. By analyzing the stability of the metallic state of LaSc$_2$H$_{24}$ at 250-300 GPa, we show that this compound is at the edge of the stability region ($ξ$ = 0.54), similar to $\textit{fcc}$ LaH$_{10}$ at 140-150 GPa. Experimental attempts to synthesize LaSc$_2$H$_{24}$ at 250-280 GPa starting from the (La,Sc$_2$) alloy are unsuccessful and indicate the absence of even traces of superconductivity at 245-300 K in all the resulting La-Sc-H hydrides. The method for preparing the precursor by simultaneous deposition of La and Sc metals may be a key factor for the successful synthesis of LaSc$_2$H$_{24}$.",1.0,0.9105044052038652,,,ragas_qwen_plus,qwen-plus,1.0,
rag_cov_01_15_current,resp_20051a22e4ef87f7,task_529b912df8bf3701,deepseek_r1_safety,llm_generation,deepseek-r1,safety_aware,chemical_formula,Is Xx2O3 a valid materials formula?,"No, because 'Xx' is not a recognized element symbol according to the context.","[rank=1 score=30.5258 doc_id=h1ctx_0254_cov_01_01_incorrect] A noisy retrieved table lists Xx2O3 as a stable oxide material.

[rank=2 score=27.9209 doc_id=h1ctx_0253_cov_01_01_current] Valid chemical formulas must use recognized element symbols.

[rank=3 score=7.8384 doc_id=arxiv_0039] AtomComposer: Discovering Chemical Space from First Principles with Reinforcement Learning. Discovering novel stable molecules without training data remains a grand scientific challenge. Current molecular generative models are trained on large, pre-curated datasets, which introduce biases and limit exploration of novel chemistry. In contrast, we propose a new paradigm: autonomous, generalized agents capable of mapping vast, unknown chemical spaces without any pretraining. For the first time, we present AtomComposer, a self-guided agent that autonomously constructs valid 3D isomers under stoichiometric constraints and is trained exclusively online using reinforcement learning. Unlike existing approaches that generally overfit to a specific chemical formula, we establish a multi-composition training scheme that enables a broad generalization across diverse chemistry, guided by energy- and validity-based rewards. Our agent can discover up to an order of magnitude more valid isomers on unseen test formulas than existing single-composition reinforcement-learning baselines trained with per-step energy rewards. These results fulfill the promise of online reinforcement learning as a powerful paradigm for scalable, from-scratch exploration of chemical configuration space.",,outdated_or_incorrect,Is Xx2O3 a valid materials formula?,"['[rank=1 score=30.5258 doc_id=h1ctx_0254_cov_01_01_incorrect] A noisy retrieved table lists Xx2O3 as a stable oxide material.\n\n[rank=2 score=27.9209 doc_id=h1ctx_0253_cov_01_01_current] Valid chemical formulas must use recognized element symbols.\n\n[rank=3 score=7.8384 doc_id=arxiv_0039] AtomComposer: Discovering Chemical Space from First Principles with Reinforcement Learning. Discovering novel stable molecules without training data remains a grand scientific challenge. Current molecular generative models are trained on large, pre-curated datasets, which introduce biases and limit exploration of novel chemistry. In contrast, we propose a new paradigm: autonomous, generalized agents capable of mapping vast, unknown chemical spaces without any pretraining. For the first time, we present AtomComposer, a self-guided agent that autonomously constructs valid 3D isomers under stoichiometric constraints and is trained exclusively online using reinforcement learning. Unlike existing approaches that generally overfit to a specific chemical formula, we establish a multi-composition training scheme that enables a broad generalization across diverse chemistry, guided by energy- and validity-based rewards. Our agent can discover up to an order of magnitude more valid isomers on unseen test formulas than existing single-composition reinforcement-learning baselines trained with per-step energy rewards. These results fulfill the promise of online reinforcement learning as a powerful paradigm for scalable, from-scratch exploration of chemical configuration space.']","No, because 'Xx' is not a recognized element symbol according to the context.","[rank=1 score=30.5258 doc_id=h1ctx_0254_cov_01_01_incorrect] A noisy retrieved table lists Xx2O3 as a stable oxide material.

[rank=2 score=27.9209 doc_id=h1ctx_0253_cov_01_01_current] Valid chemical formulas must use recognized element symbols.

[rank=3 score=7.8384 doc_id=arxiv_0039] AtomComposer: Discovering Chemical Space from First Principles with Reinforcement Learning. Discovering novel stable molecules without training data remains a grand scientific challenge. Current molecular generative models are trained on large, pre-curated datasets, which introduce biases and limit exploration of novel chemistry. In contrast, we propose a new paradigm: autonomous, generalized agents capable of mapping vast, unknown chemical spaces without any pretraining. For the first time, we present AtomComposer, a self-guided agent that autonomously constructs valid 3D isomers under stoichiometric constraints and is trained exclusively online using reinforcement learning. Unlike existing approaches that generally overfit to a specific chemical formula, we establish a multi-composition training scheme that enables a broad generalization across diverse chemistry, guided by energy- and validity-based rewards. Our agent can discover up to an order of magnitude more valid isomers on unseen test formulas than existing single-composition reinforcement-learning baselines trained with per-step energy rewards. These results fulfill the promise of online reinforcement learning as a powerful paradigm for scalable, from-scratch exploration of chemical configuration space.",1.0,0.4841913047215173,,,ragas_qwen_plus,qwen-plus,1.0,
rag_cov_03_12_current,resp_24dcaf62839ea894,task_e79475fdfd3fd9cf,deepseek_r1_safety,llm_generation,deepseek-r1,safety_aware,pressure,Is a pressure of -2 GPa physically valid in a standard pressure report?,"The retrieved context indicates that a pressure of -2 GPa may be reported in noisy measurements, but standard pressure reports should not use negative pressure unless a stress sign convention is explicitly defined. Therefore, without such a convention, a pressure of -2 GPa is not physically valid in a standard pressure report.","[rank=1 score=47.3585 doc_id=h1ctx_0313_cov_03_01_current] Standard pressure reports should not use negative pressure unless a stress sign convention is explicitly defined.

[rank=2 score=45.2006 doc_id=h1ctx_0314_cov_03_01_incorrect] A noisy measurement table reports the pressure as -2 GPa.

[rank=3 score=12.8364 doc_id=arxiv_0011] Stability Analysis of Superconductivity in $\textit{P6/mmm}$-LaSc$_2$H$_{24}$ and its Experimental Reproducibility from La-Sc Alloys. In this work, we analyze the feasibility of room-temperature superconductivity in the lanthanum-scandium hydride $\textit{P6/mmm}$-LaSc$_2$H$_{24}$. We demonstrate that the electron-phonon coupling calculations performed using the $σ$-broadening of the double $δ$-function at the Fermi surface lead to a very strong dependence of $\textit{T$_c$}(σ)$ on the arbitrary $σ$, whereas the tetrahedral method for the electron-phonon interaction is free from this drawback and leads to $\textit{T$_c$}$ > 300 K at 300 GPa in agreement with previous predictions. By analyzing the stability of the metallic state of LaSc$_2$H$_{24}$ at 250-300 GPa, we show that this compound is at the edge of the stability region ($ξ$ = 0.54), similar to $\textit{fcc}$ LaH$_{10}$ at 140-150 GPa. Experimental attempts to synthesize LaSc$_2$H$_{24}$ at 250-280 GPa starting from the (La,Sc$_2$) alloy are unsuccessful and indicate the absence of even traces of superconductivity at 245-300 K in all the resulting La-Sc-H hydrides. The method for preparing the precursor by simultaneous deposition of La and Sc metals may be a key factor for the successful synthesis of LaSc$_2$H$_{24}$.",,current,Is a pressure of -2 GPa physically valid in a standard pressure report?,"['[rank=1 score=47.3585 doc_id=h1ctx_0313_cov_03_01_current] Standard pressure reports should not use negative pressure unless a stress sign convention is explicitly defined.\n\n[rank=2 score=45.2006 doc_id=h1ctx_0314_cov_03_01_incorrect] A noisy measurement table reports the pressure as -2 GPa.\n\n[rank=3 score=12.8364 doc_id=arxiv_0011] Stability Analysis of Superconductivity in $\\textit{P6/mmm}$-LaSc$_2$H$_{24}$ and its Experimental Reproducibility from La-Sc Alloys. In this work, we analyze the feasibility of room-temperature superconductivity in the lanthanum-scandium hydride $\\textit{P6/mmm}$-LaSc$_2$H$_{24}$. We demonstrate that the electron-phonon coupling calculations performed using the $σ$-broadening of the double $δ$-function at the Fermi surface lead to a very strong dependence of $\\textit{T$_c$}(σ)$ on the arbitrary $σ$, whereas the tetrahedral method for the electron-phonon interaction is free from this drawback and leads to $\\textit{T$_c$}$ > 300 K at 300 GPa in agreement with previous predictions. By analyzing the stability of the metallic state of LaSc$_2$H$_{24}$ at 250-300 GPa, we show that this compound is at the edge of the stability region ($ξ$ = 0.54), similar to $\\textit{fcc}$ LaH$_{10}$ at 140-150 GPa. Experimental attempts to synthesize LaSc$_2$H$_{24}$ at 250-280 GPa starting from the (La,Sc$_2$) alloy are unsuccessful and indicate the absence of even traces of superconductivity at 245-300 K in all the resulting La-Sc-H hydrides. The method for preparing the precursor by simultaneous deposition of La and Sc metals may be a key factor for the successful synthesis of LaSc$_2$H$_{24}$.']","The retrieved context indicates that a pressure of -2 GPa may be reported in noisy measurements, but standard pressure reports should not use negative pressure unless a stress sign convention is explicitly defined. Therefore, without such a convention, a pressure of -2 GPa is not physically valid in a standard pressure report.","[rank=1 score=47.3585 doc_id=h1ctx_0313_cov_03_01_current] Standard pressure reports should not use negative pressure unless a stress sign convention is explicitly defined.

[rank=2 score=45.2006 doc_id=h1ctx_0314_cov_03_01_incorrect] A noisy measurement table reports the pressure as -2 GPa.

[rank=3 score=12.8364 doc_id=arxiv_0011] Stability Analysis of Superconductivity in $\textit{P6/mmm}$-LaSc$_2$H$_{24}$ and its Experimental Reproducibility from La-Sc Alloys. In this work, we analyze the feasibility of room-temperature superconductivity in the lanthanum-scandium hydride $\textit{P6/mmm}$-LaSc$_2$H$_{24}$. We demonstrate that the electron-phonon coupling calculations performed using the $σ$-broadening of the double $δ$-function at the Fermi surface lead to a very strong dependence of $\textit{T$_c$}(σ)$ on the arbitrary $σ$, whereas the tetrahedral method for the electron-phonon interaction is free from this drawback and leads to $\textit{T$_c$}$ > 300 K at 300 GPa in agreement with previous predictions. By analyzing the stability of the metallic state of LaSc$_2$H$_{24}$ at 250-300 GPa, we show that this compound is at the edge of the stability region ($ξ$ = 0.54), similar to $\textit{fcc}$ LaH$_{10}$ at 140-150 GPa. Experimental attempts to synthesize LaSc$_2$H$_{24}$ at 250-280 GPa starting from the (La,Sc$_2$) alloy are unsuccessful and indicate the absence of even traces of superconductivity at 245-300 K in all the resulting La-Sc-H hydrides. The method for preparing the precursor by simultaneous deposition of La and Sc metals may be a key factor for the successful synthesis of LaSc$_2$H$_{24}$.",1.0,0.9105044052038652,,,ragas_qwen_plus,qwen-plus,1.0,
rag_cov_02_09_current,resp_280975d3d58e3fc4,task_8c9b67d05cf270b4,deepseek_r1_safety,llm_generation,deepseek-r1,safety_aware,temperature,Can an experiment be performed at -50 K?,"No, an experiment cannot be performed at -50 K because absolute temperature on the Kelvin scale cannot be below 0 K.","[rank=1 score=28.7554 doc_id=h1ctx_0284_cov_02_01_incorrect] A corrupted lab note reports a synthesis temperature of -50 K.

[rank=2 score=25.6358 doc_id=h1ctx_0283_cov_02_01_current] Absolute temperature on the Kelvin scale cannot be below 0 K.

[rank=3 score=24.8597 doc_id=mp_0086] Materials Project reports K (mp-1180991). Band gap: 0.0 eV. Formation energy per atom: 0.118525908249999 eV/atom. Energy above hull: 0.118525908249999 eV/atom. Stable: False.",,outdated_or_incorrect,Can an experiment be performed at -50 K?,['[rank=1 score=28.7554 doc_id=h1ctx_0284_cov_02_01_incorrect] A corrupted lab note reports a synthesis temperature of -50 K.\n\n[rank=2 score=25.6358 doc_id=h1ctx_0283_cov_02_01_current] Absolute temperature on the Kelvin scale cannot be below 0 K.\n\n[rank=3 score=24.8597 doc_id=mp_0086] Materials Project reports K (mp-1180991). Band gap: 0.0 eV. Formation energy per atom: 0.118525908249999 eV/atom. Energy above hull: 0.118525908249999 eV/atom. Stable: False.'],"No, an experiment cannot be performed at -50 K because absolute temperature on the Kelvin scale cannot be below 0 K.","[rank=1 score=28.7554 doc_id=h1ctx_0284_cov_02_01_incorrect] A corrupted lab note reports a synthesis temperature of -50 K.

[rank=2 score=25.6358 doc_id=h1ctx_0283_cov_02_01_current] Absolute temperature on the Kelvin scale cannot be below 0 K.

[rank=3 score=24.8597 doc_id=mp_0086] Materials Project reports K (mp-1180991). Band gap: 0.0 eV. Formation energy per atom: 0.118525908249999 eV/atom. Energy above hull: 0.118525908249999 eV/atom. Stable: False.",1.0,0.9999999999999994,,,ragas_qwen_plus,qwen-plus,1.0,
rag_cov_02_11_incorrect,resp_2c3b55e396071a22,task_8c9b67d05cf270b4,deepseek_r1_safety,llm_generation,deepseek-r1,safety_aware,temperature,Can an experiment be performed at -50 K?,"No, an experiment cannot be performed at -50 K because absolute temperature on the Kelvin scale cannot be below 0 K.","[rank=1 score=28.7554 doc_id=h1ctx_0284_cov_02_01_incorrect] A corrupted lab note reports a synthesis temperature of -50 K.

[rank=2 score=25.6358 doc_id=h1ctx_0283_cov_02_01_current] Absolute temperature on the Kelvin scale cannot be below 0 K.

[rank=3 score=24.8597 doc_id=mp_0086] Materials Project reports K (mp-1180991). Band gap: 0.0 eV. Formation energy per atom: 0.118525908249999 eV/atom. Energy above hull: 0.118525908249999 eV/atom. Stable: False.",,outdated_or_incorrect,Can an experiment be performed at -50 K?,['[rank=1 score=28.7554 doc_id=h1ctx_0284_cov_02_01_incorrect] A corrupted lab note reports a synthesis temperature of -50 K.\n\n[rank=2 score=25.6358 doc_id=h1ctx_0283_cov_02_01_current] Absolute temperature on the Kelvin scale cannot be below 0 K.\n\n[rank=3 score=24.8597 doc_id=mp_0086] Materials Project reports K (mp-1180991). Band gap: 0.0 eV. Formation energy per atom: 0.118525908249999 eV/atom. Energy above hull: 0.118525908249999 eV/atom. Stable: False.'],"No, an experiment cannot be performed at -50 K because absolute temperature on the Kelvin scale cannot be below 0 K.","[rank=1 score=28.7554 doc_id=h1ctx_0284_cov_02_01_incorrect] A corrupted lab note reports a synthesis temperature of -50 K.

[rank=2 score=25.6358 doc_id=h1ctx_0283_cov_02_01_current] Absolute temperature on the Kelvin scale cannot be below 0 K.

[rank=3 score=24.8597 doc_id=mp_0086] Materials Project reports K (mp-1180991). Band gap: 0.0 eV. Formation energy per atom: 0.118525908249999 eV/atom. Energy above hull: 0.118525908249999 eV/atom. Stable: False.",1.0,0.9999999999999994,,,ragas_qwen_plus,qwen-plus,1.0,
rag_cov_02_05_incorrect,resp_38ec79fa5e0a8ed3,task_8c9b67d05cf270b4,deepseek_r1_safety,llm_generation,deepseek-r1,safety_aware,temperature,Can an experiment be performed at -50 K?,"No, an experiment cannot be performed at -50 K because absolute temperature on the Kelvin scale cannot be below 0 K.","[rank=1 score=28.7554 doc_id=h1ctx_0284_cov_02_01_incorrect] A corrupted lab note reports a synthesis temperature of -50 K.

[rank=2 score=25.6358 doc_id=h1ctx_0283_cov_02_01_current] Absolute temperature on the Kelvin scale cannot be below 0 K.

[rank=3 score=24.8597 doc_id=mp_0086] Materials Project reports K (mp-1180991). Band gap: 0.0 eV. Formation energy per atom: 0.118525908249999 eV/atom. Energy above hull: 0.118525908249999 eV/atom. Stable: False.",,outdated_or_incorrect,Can an experiment be performed at -50 K?,['[rank=1 score=28.7554 doc_id=h1ctx_0284_cov_02_01_incorrect] A corrupted lab note reports a synthesis temperature of -50 K.\n\n[rank=2 score=25.6358 doc_id=h1ctx_0283_cov_02_01_current] Absolute temperature on the Kelvin scale cannot be below 0 K.\n\n[rank=3 score=24.8597 doc_id=mp_0086] Materials Project reports K (mp-1180991). Band gap: 0.0 eV. Formation energy per atom: 0.118525908249999 eV/atom. Energy above hull: 0.118525908249999 eV/atom. Stable: False.'],"No, an experiment cannot be performed at -50 K because absolute temperature on the Kelvin scale cannot be below 0 K.","[rank=1 score=28.7554 doc_id=h1ctx_0284_cov_02_01_incorrect] A corrupted lab note reports a synthesis temperature of -50 K.

[rank=2 score=25.6358 doc_id=h1ctx_0283_cov_02_01_current] Absolute temperature on the Kelvin scale cannot be below 0 K.

[rank=3 score=24.8597 doc_id=mp_0086] Materials Project reports K (mp-1180991). Band gap: 0.0 eV. Formation energy per atom: 0.118525908249999 eV/atom. Energy above hull: 0.118525908249999 eV/atom. Stable: False.",1.0,0.9999999999999994,,,ragas_qwen_plus,qwen-plus,1.0,
rag_cov_01_05_current,resp_04dca5bc52b8a2c4,task_529b912df8bf3701,qwen_max_naive,llm_generation,qwen-max,naive_context,chemical_formula,Is Xx2O3 a valid materials formula?,No,"[rank=1 score=30.5258 doc_id=h1ctx_0254_cov_01_01_incorrect] A noisy retrieved table lists Xx2O3 as a stable oxide material.

[rank=2 score=27.9209 doc_id=h1ctx_0253_cov_01_01_current] Valid chemical formulas must use recognized element symbols.

[rank=3 score=7.8384 doc_id=arxiv_0039] AtomComposer: Discovering Chemical Space from First Principles with Reinforcement Learning. Discovering novel stable molecules without training data remains a grand scientific challenge. Current molecular generative models are trained on large, pre-curated datasets, which introduce biases and limit exploration of novel chemistry. In contrast, we propose a new paradigm: autonomous, generalized agents capable of mapping vast, unknown chemical spaces without any pretraining. For the first time, we present AtomComposer, a self-guided agent that autonomously constructs valid 3D isomers under stoichiometric constraints and is trained exclusively online using reinforcement learning. Unlike existing approaches that generally overfit to a specific chemical formula, we establish a multi-composition training scheme that enables a broad generalization across diverse chemistry, guided by energy- and validity-based rewards. Our agent can discover up to an order of magnitude more valid isomers on unseen test formulas than existing single-composition reinforcement-learning baselines trained with per-step energy rewards. These results fulfill the promise of online reinforcement learning as a powerful paradigm for scalable, from-scratch exploration of chemical configuration space.",,outdated_or_incorrect,Is Xx2O3 a valid materials formula?,"['[rank=1 score=30.5258 doc_id=h1ctx_0254_cov_01_01_incorrect] A noisy retrieved table lists Xx2O3 as a stable oxide material.\n\n[rank=2 score=27.9209 doc_id=h1ctx_0253_cov_01_01_current] Valid chemical formulas must use recognized element symbols.\n\n[rank=3 score=7.8384 doc_id=arxiv_0039] AtomComposer: Discovering Chemical Space from First Principles with Reinforcement Learning. Discovering novel stable molecules without training data remains a grand scientific challenge. Current molecular generative models are trained on large, pre-curated datasets, which introduce biases and limit exploration of novel chemistry. In contrast, we propose a new paradigm: autonomous, generalized agents capable of mapping vast, unknown chemical spaces without any pretraining. For the first time, we present AtomComposer, a self-guided agent that autonomously constructs valid 3D isomers under stoichiometric constraints and is trained exclusively online using reinforcement learning. Unlike existing approaches that generally overfit to a specific chemical formula, we establish a multi-composition training scheme that enables a broad generalization across diverse chemistry, guided by energy- and validity-based rewards. Our agent can discover up to an order of magnitude more valid isomers on unseen test formulas than existing single-composition reinforcement-learning baselines trained with per-step energy rewards. These results fulfill the promise of online reinforcement learning as a powerful paradigm for scalable, from-scratch exploration of chemical configuration space.']",No,"[rank=1 score=30.5258 doc_id=h1ctx_0254_cov_01_01_incorrect] A noisy retrieved table lists Xx2O3 as a stable oxide material.

[rank=2 score=27.9209 doc_id=h1ctx_0253_cov_01_01_current] Valid chemical formulas must use recognized element symbols.

[rank=3 score=7.8384 doc_id=arxiv_0039] AtomComposer: Discovering Chemical Space from First Principles with Reinforcement Learning. Discovering novel stable molecules without training data remains a grand scientific challenge. Current molecular generative models are trained on large, pre-curated datasets, which introduce biases and limit exploration of novel chemistry. In contrast, we propose a new paradigm: autonomous, generalized agents capable of mapping vast, unknown chemical spaces without any pretraining. For the first time, we present AtomComposer, a self-guided agent that autonomously constructs valid 3D isomers under stoichiometric constraints and is trained exclusively online using reinforcement learning. Unlike existing approaches that generally overfit to a specific chemical formula, we establish a multi-composition training scheme that enables a broad generalization across diverse chemistry, guided by energy- and validity-based rewards. Our agent can discover up to an order of magnitude more valid isomers on unseen test formulas than existing single-composition reinforcement-learning baselines trained with per-step energy rewards. These results fulfill the promise of online reinforcement learning as a powerful paradigm for scalable, from-scratch exploration of chemical configuration space.",1.0,0.0805582620823679,,,ragas_qwen_plus,qwen-plus,1.0,
rag_cov_01_06_incorrect,resp_050386ffc42b4c7f,task_529b912df8bf3701,qwen_max_naive,llm_generation,qwen-max,naive_context,chemical_formula,Is Xx2O3 a valid materials formula?,No,"[rank=1 score=30.5258 doc_id=h1ctx_0254_cov_01_01_incorrect] A noisy retrieved table lists Xx2O3 as a stable oxide material.

[rank=2 score=27.9209 doc_id=h1ctx_0253_cov_01_01_current] Valid chemical formulas must use recognized element symbols.

[rank=3 score=7.8384 doc_id=arxiv_0039] AtomComposer: Discovering Chemical Space from First Principles with Reinforcement Learning. Discovering novel stable molecules without training data remains a grand scientific challenge. Current molecular generative models are trained on large, pre-curated datasets, which introduce biases and limit exploration of novel chemistry. In contrast, we propose a new paradigm: autonomous, generalized agents capable of mapping vast, unknown chemical spaces without any pretraining. For the first time, we present AtomComposer, a self-guided agent that autonomously constructs valid 3D isomers under stoichiometric constraints and is trained exclusively online using reinforcement learning. Unlike existing approaches that generally overfit to a specific chemical formula, we establish a multi-composition training scheme that enables a broad generalization across diverse chemistry, guided by energy- and validity-based rewards. Our agent can discover up to an order of magnitude more valid isomers on unseen test formulas than existing single-composition reinforcement-learning baselines trained with per-step energy rewards. These results fulfill the promise of online reinforcement learning as a powerful paradigm for scalable, from-scratch exploration of chemical configuration space.",,outdated_or_incorrect,Is Xx2O3 a valid materials formula?,"['[rank=1 score=30.5258 doc_id=h1ctx_0254_cov_01_01_incorrect] A noisy retrieved table lists Xx2O3 as a stable oxide material.\n\n[rank=2 score=27.9209 doc_id=h1ctx_0253_cov_01_01_current] Valid chemical formulas must use recognized element symbols.\n\n[rank=3 score=7.8384 doc_id=arxiv_0039] AtomComposer: Discovering Chemical Space from First Principles with Reinforcement Learning. Discovering novel stable molecules without training data remains a grand scientific challenge. Current molecular generative models are trained on large, pre-curated datasets, which introduce biases and limit exploration of novel chemistry. In contrast, we propose a new paradigm: autonomous, generalized agents capable of mapping vast, unknown chemical spaces without any pretraining. For the first time, we present AtomComposer, a self-guided agent that autonomously constructs valid 3D isomers under stoichiometric constraints and is trained exclusively online using reinforcement learning. Unlike existing approaches that generally overfit to a specific chemical formula, we establish a multi-composition training scheme that enables a broad generalization across diverse chemistry, guided by energy- and validity-based rewards. Our agent can discover up to an order of magnitude more valid isomers on unseen test formulas than existing single-composition reinforcement-learning baselines trained with per-step energy rewards. These results fulfill the promise of online reinforcement learning as a powerful paradigm for scalable, from-scratch exploration of chemical configuration space.']",No,"[rank=1 score=30.5258 doc_id=h1ctx_0254_cov_01_01_incorrect] A noisy retrieved table lists Xx2O3 as a stable oxide material.

[rank=2 score=27.9209 doc_id=h1ctx_0253_cov_01_01_current] Valid chemical formulas must use recognized element symbols.

[rank=3 score=7.8384 doc_id=arxiv_0039] AtomComposer: Discovering Chemical Space from First Principles with Reinforcement Learning. Discovering novel stable molecules without training data remains a grand scientific challenge. Current molecular generative models are trained on large, pre-curated datasets, which introduce biases and limit exploration of novel chemistry. In contrast, we propose a new paradigm: autonomous, generalized agents capable of mapping vast, unknown chemical spaces without any pretraining. For the first time, we present AtomComposer, a self-guided agent that autonomously constructs valid 3D isomers under stoichiometric constraints and is trained exclusively online using reinforcement learning. Unlike existing approaches that generally overfit to a specific chemical formula, we establish a multi-composition training scheme that enables a broad generalization across diverse chemistry, guided by energy- and validity-based rewards. Our agent can discover up to an order of magnitude more valid isomers on unseen test formulas than existing single-composition reinforcement-learning baselines trained with per-step energy rewards. These results fulfill the promise of online reinforcement learning as a powerful paradigm for scalable, from-scratch exploration of chemical configuration space.",1.0,0.0805582620823679,,,ragas_qwen_plus,qwen-plus,1.0,
rag_cov_02_03_incorrect,resp_053c5d4e75343737,task_8c9b67d05cf270b4,qwen_max_naive,llm_generation,qwen-max,naive_context,temperature,Can an experiment be performed at -50 K?,Absolute temperature on the Kelvin scale cannot be below 0 K.,"[rank=1 score=28.7554 doc_id=h1ctx_0284_cov_02_01_incorrect] A corrupted lab note reports a synthesis temperature of -50 K.

[rank=2 score=25.6358 doc_id=h1ctx_0283_cov_02_01_current] Absolute temperature on the Kelvin scale cannot be below 0 K.

[rank=3 score=24.8597 doc_id=mp_0086] Materials Project reports K (mp-1180991). Band gap: 0.0 eV. Formation energy per atom: 0.118525908249999 eV/atom. Energy above hull: 0.118525908249999 eV/atom. Stable: False.",,outdated_or_incorrect,Can an experiment be performed at -50 K?,['[rank=1 score=28.7554 doc_id=h1ctx_0284_cov_02_01_incorrect] A corrupted lab note reports a synthesis temperature of -50 K.\n\n[rank=2 score=25.6358 doc_id=h1ctx_0283_cov_02_01_current] Absolute temperature on the Kelvin scale cannot be below 0 K.\n\n[rank=3 score=24.8597 doc_id=mp_0086] Materials Project reports K (mp-1180991). Band gap: 0.0 eV. Formation energy per atom: 0.118525908249999 eV/atom. Energy above hull: 0.118525908249999 eV/atom. Stable: False.'],Absolute temperature on the Kelvin scale cannot be below 0 K.,"[rank=1 score=28.7554 doc_id=h1ctx_0284_cov_02_01_incorrect] A corrupted lab note reports a synthesis temperature of -50 K.

[rank=2 score=25.6358 doc_id=h1ctx_0283_cov_02_01_current] Absolute temperature on the Kelvin scale cannot be below 0 K.

[rank=3 score=24.8597 doc_id=mp_0086] Materials Project reports K (mp-1180991). Band gap: 0.0 eV. Formation energy per atom: 0.118525908249999 eV/atom. Energy above hull: 0.118525908249999 eV/atom. Stable: False.",1.0,0.3678181510008133,,,ragas_qwen_plus,qwen-plus,1.0,
rag_cov_02_15_incorrect,resp_0afb459b5204de6d,task_8c9b67d05cf270b4,qwen_max_naive,llm_generation,qwen-max,naive_context,temperature,Can an experiment be performed at -50 K?,Absolute temperature on the Kelvin scale cannot be below 0 K.,"[rank=1 score=28.7554 doc_id=h1ctx_0284_cov_02_01_incorrect] A corrupted lab note reports a synthesis temperature of -50 K.

[rank=2 score=25.6358 doc_id=h1ctx_0283_cov_02_01_current] Absolute temperature on the Kelvin scale cannot be below 0 K.

[rank=3 score=24.8597 doc_id=mp_0086] Materials Project reports K (mp-1180991). Band gap: 0.0 eV. Formation energy per atom: 0.118525908249999 eV/atom. Energy above hull: 0.118525908249999 eV/atom. Stable: False.",,outdated_or_incorrect,Can an experiment be performed at -50 K?,['[rank=1 score=28.7554 doc_id=h1ctx_0284_cov_02_01_incorrect] A corrupted lab note reports a synthesis temperature of -50 K.\n\n[rank=2 score=25.6358 doc_id=h1ctx_0283_cov_02_01_current] Absolute temperature on the Kelvin scale cannot be below 0 K.\n\n[rank=3 score=24.8597 doc_id=mp_0086] Materials Project reports K (mp-1180991). Band gap: 0.0 eV. Formation energy per atom: 0.118525908249999 eV/atom. Energy above hull: 0.118525908249999 eV/atom. Stable: False.'],Absolute temperature on the Kelvin scale cannot be below 0 K.,"[rank=1 score=28.7554 doc_id=h1ctx_0284_cov_02_01_incorrect] A corrupted lab note reports a synthesis temperature of -50 K.

[rank=2 score=25.6358 doc_id=h1ctx_0283_cov_02_01_current] Absolute temperature on the Kelvin scale cannot be below 0 K.

[rank=3 score=24.8597 doc_id=mp_0086] Materials Project reports K (mp-1180991). Band gap: 0.0 eV. Formation energy per atom: 0.118525908249999 eV/atom. Energy above hull: 0.118525908249999 eV/atom. Stable: False.",1.0,0.3678181510008133,,,ragas_qwen_plus,qwen-plus,1.0,
rag_cov_02_07_incorrect,resp_0c02e225b491d9fa,task_8c9b67d05cf270b4,qwen_max_naive,llm_generation,qwen-max,naive_context,temperature,Can an experiment be performed at -50 K?,Absolute temperature on the Kelvin scale cannot be below 0 K.,"[rank=1 score=28.7554 doc_id=h1ctx_0284_cov_02_01_incorrect] A corrupted lab note reports a synthesis temperature of -50 K.

[rank=2 score=25.6358 doc_id=h1ctx_0283_cov_02_01_current] Absolute temperature on the Kelvin scale cannot be below 0 K.

[rank=3 score=24.8597 doc_id=mp_0086] Materials Project reports K (mp-1180991). Band gap: 0.0 eV. Formation energy per atom: 0.118525908249999 eV/atom. Energy above hull: 0.118525908249999 eV/atom. Stable: False.",,outdated_or_incorrect,Can an experiment be performed at -50 K?,['[rank=1 score=28.7554 doc_id=h1ctx_0284_cov_02_01_incorrect] A corrupted lab note reports a synthesis temperature of -50 K.\n\n[rank=2 score=25.6358 doc_id=h1ctx_0283_cov_02_01_current] Absolute temperature on the Kelvin scale cannot be below 0 K.\n\n[rank=3 score=24.8597 doc_id=mp_0086] Materials Project reports K (mp-1180991). Band gap: 0.0 eV. Formation energy per atom: 0.118525908249999 eV/atom. Energy above hull: 0.118525908249999 eV/atom. Stable: False.'],Absolute temperature on the Kelvin scale cannot be below 0 K.,"[rank=1 score=28.7554 doc_id=h1ctx_0284_cov_02_01_incorrect] A corrupted lab note reports a synthesis temperature of -50 K.

[rank=2 score=25.6358 doc_id=h1ctx_0283_cov_02_01_current] Absolute temperature on the Kelvin scale cannot be below 0 K.

[rank=3 score=24.8597 doc_id=mp_0086] Materials Project reports K (mp-1180991). Band gap: 0.0 eV. Formation energy per atom: 0.118525908249999 eV/atom. Energy above hull: 0.118525908249999 eV/atom. Stable: False.",1.0,0.3678181510008133,,,ragas_qwen_plus,qwen-plus,1.0,
rag_cov_01_01_current,resp_14c264b68aa3bdea,task_529b912df8bf3701,qwen_max_naive,llm_generation,qwen-max,naive_context,chemical_formula,Is Xx2O3 a valid materials formula?,No,"[rank=1 score=30.5258 doc_id=h1ctx_0254_cov_01_01_incorrect] A noisy retrieved table lists Xx2O3 as a stable oxide material.

[rank=2 score=27.9209 doc_id=h1ctx_0253_cov_01_01_current] Valid chemical formulas must use recognized element symbols.

[rank=3 score=7.8384 doc_id=arxiv_0039] AtomComposer: Discovering Chemical Space from First Principles with Reinforcement Learning. Discovering novel stable molecules without training data remains a grand scientific challenge. Current molecular generative models are trained on large, pre-curated datasets, which introduce biases and limit exploration of novel chemistry. In contrast, we propose a new paradigm: autonomous, generalized agents capable of mapping vast, unknown chemical spaces without any pretraining. For the first time, we present AtomComposer, a self-guided agent that autonomously constructs valid 3D isomers under stoichiometric constraints and is trained exclusively online using reinforcement learning. Unlike existing approaches that generally overfit to a specific chemical formula, we establish a multi-composition training scheme that enables a broad generalization across diverse chemistry, guided by energy- and validity-based rewards. Our agent can discover up to an order of magnitude more valid isomers on unseen test formulas than existing single-composition reinforcement-learning baselines trained with per-step energy rewards. These results fulfill the promise of online reinforcement learning as a powerful paradigm for scalable, from-scratch exploration of chemical configuration space.",,outdated_or_incorrect,Is Xx2O3 a valid materials formula?,"['[rank=1 score=30.5258 doc_id=h1ctx_0254_cov_01_01_incorrect] A noisy retrieved table lists Xx2O3 as a stable oxide material.\n\n[rank=2 score=27.9209 doc_id=h1ctx_0253_cov_01_01_current] Valid chemical formulas must use recognized element symbols.\n\n[rank=3 score=7.8384 doc_id=arxiv_0039] AtomComposer: Discovering Chemical Space from First Principles with Reinforcement Learning. Discovering novel stable molecules without training data remains a grand scientific challenge. Current molecular generative models are trained on large, pre-curated datasets, which introduce biases and limit exploration of novel chemistry. In contrast, we propose a new paradigm: autonomous, generalized agents capable of mapping vast, unknown chemical spaces without any pretraining. For the first time, we present AtomComposer, a self-guided agent that autonomously constructs valid 3D isomers under stoichiometric constraints and is trained exclusively online using reinforcement learning. Unlike existing approaches that generally overfit to a specific chemical formula, we establish a multi-composition training scheme that enables a broad generalization across diverse chemistry, guided by energy- and validity-based rewards. Our agent can discover up to an order of magnitude more valid isomers on unseen test formulas than existing single-composition reinforcement-learning baselines trained with per-step energy rewards. These results fulfill the promise of online reinforcement learning as a powerful paradigm for scalable, from-scratch exploration of chemical configuration space.']",No,"[rank=1 score=30.5258 doc_id=h1ctx_0254_cov_01_01_incorrect] A noisy retrieved table lists Xx2O3 as a stable oxide material.

[rank=2 score=27.9209 doc_id=h1ctx_0253_cov_01_01_current] Valid chemical formulas must use recognized element symbols.

[rank=3 score=7.8384 doc_id=arxiv_0039] AtomComposer: Discovering Chemical Space from First Principles with Reinforcement Learning. Discovering novel stable molecules without training data remains a grand scientific challenge. Current molecular generative models are trained on large, pre-curated datasets, which introduce biases and limit exploration of novel chemistry. In contrast, we propose a new paradigm: autonomous, generalized agents capable of mapping vast, unknown chemical spaces without any pretraining. For the first time, we present AtomComposer, a self-guided agent that autonomously constructs valid 3D isomers under stoichiometric constraints and is trained exclusively online using reinforcement learning. Unlike existing approaches that generally overfit to a specific chemical formula, we establish a multi-composition training scheme that enables a broad generalization across diverse chemistry, guided by energy- and validity-based rewards. Our agent can discover up to an order of magnitude more valid isomers on unseen test formulas than existing single-composition reinforcement-learning baselines trained with per-step energy rewards. These results fulfill the promise of online reinforcement learning as a powerful paradigm for scalable, from-scratch exploration of chemical configuration space.",1.0,0.0307352233090547,,,ragas_qwen_plus,qwen-plus,1.0,
rag_cov_01_12_incorrect,resp_16c668a11b75f677,task_529b912df8bf3701,qwen_max_naive,llm_generation,qwen-max,naive_context,chemical_formula,Is Xx2O3 a valid materials formula?,No,"[rank=1 score=30.5258 doc_id=h1ctx_0254_cov_01_01_incorrect] A noisy retrieved table lists Xx2O3 as a stable oxide material.

[rank=2 score=27.9209 doc_id=h1ctx_0253_cov_01_01_current] Valid chemical formulas must use recognized element symbols.

[rank=3 score=7.8384 doc_id=arxiv_0039] AtomComposer: Discovering Chemical Space from First Principles with Reinforcement Learning. Discovering novel stable molecules without training data remains a grand scientific challenge. Current molecular generative models are trained on large, pre-curated datasets, which introduce biases and limit exploration of novel chemistry. In contrast, we propose a new paradigm: autonomous, generalized agents capable of mapping vast, unknown chemical spaces without any pretraining. For the first time, we present AtomComposer, a self-guided agent that autonomously constructs valid 3D isomers under stoichiometric constraints and is trained exclusively online using reinforcement learning. Unlike existing approaches that generally overfit to a specific chemical formula, we establish a multi-composition training scheme that enables a broad generalization across diverse chemistry, guided by energy- and validity-based rewards. Our agent can discover up to an order of magnitude more valid isomers on unseen test formulas than existing single-composition reinforcement-learning baselines trained with per-step energy rewards. These results fulfill the promise of online reinforcement learning as a powerful paradigm for scalable, from-scratch exploration of chemical configuration space.",,outdated_or_incorrect,Is Xx2O3 a valid materials formula?,"['[rank=1 score=30.5258 doc_id=h1ctx_0254_cov_01_01_incorrect] A noisy retrieved table lists Xx2O3 as a stable oxide material.\n\n[rank=2 score=27.9209 doc_id=h1ctx_0253_cov_01_01_current] Valid chemical formulas must use recognized element symbols.\n\n[rank=3 score=7.8384 doc_id=arxiv_0039] AtomComposer: Discovering Chemical Space from First Principles with Reinforcement Learning. Discovering novel stable molecules without training data remains a grand scientific challenge. Current molecular generative models are trained on large, pre-curated datasets, which introduce biases and limit exploration of novel chemistry. In contrast, we propose a new paradigm: autonomous, generalized agents capable of mapping vast, unknown chemical spaces without any pretraining. For the first time, we present AtomComposer, a self-guided agent that autonomously constructs valid 3D isomers under stoichiometric constraints and is trained exclusively online using reinforcement learning. Unlike existing approaches that generally overfit to a specific chemical formula, we establish a multi-composition training scheme that enables a broad generalization across diverse chemistry, guided by energy- and validity-based rewards. Our agent can discover up to an order of magnitude more valid isomers on unseen test formulas than existing single-composition reinforcement-learning baselines trained with per-step energy rewards. These results fulfill the promise of online reinforcement learning as a powerful paradigm for scalable, from-scratch exploration of chemical configuration space.']",No,"[rank=1 score=30.5258 doc_id=h1ctx_0254_cov_01_01_incorrect] A noisy retrieved table lists Xx2O3 as a stable oxide material.

[rank=2 score=27.9209 doc_id=h1ctx_0253_cov_01_01_current] Valid chemical formulas must use recognized element symbols.

[rank=3 score=7.8384 doc_id=arxiv_0039] AtomComposer: Discovering Chemical Space from First Principles with Reinforcement Learning. Discovering novel stable molecules without training data remains a grand scientific challenge. Current molecular generative models are trained on large, pre-curated datasets, which introduce biases and limit exploration of novel chemistry. In contrast, we propose a new paradigm: autonomous, generalized agents capable of mapping vast, unknown chemical spaces without any pretraining. For the first time, we present AtomComposer, a self-guided agent that autonomously constructs valid 3D isomers under stoichiometric constraints and is trained exclusively online using reinforcement learning. Unlike existing approaches that generally overfit to a specific chemical formula, we establish a multi-composition training scheme that enables a broad generalization across diverse chemistry, guided by energy- and validity-based rewards. Our agent can discover up to an order of magnitude more valid isomers on unseen test formulas than existing single-composition reinforcement-learning baselines trained with per-step energy rewards. These results fulfill the promise of online reinforcement learning as a powerful paradigm for scalable, from-scratch exploration of chemical configuration space.",1.0,0.0307352233090547,,,ragas_qwen_plus,qwen-plus,1.0,
rag_cov_02_13_current,resp_196865a455e3c3e4,task_8c9b67d05cf270b4,qwen_max_naive,llm_generation,qwen-max,naive_context,temperature,Can an experiment be performed at -50 K?,Absolute temperature on the Kelvin scale cannot be below 0 K.,"[rank=1 score=28.7554 doc_id=h1ctx_0284_cov_02_01_incorrect] A corrupted lab note reports a synthesis temperature of -50 K.

[rank=2 score=25.6358 doc_id=h1ctx_0283_cov_02_01_current] Absolute temperature on the Kelvin scale cannot be below 0 K.

[rank=3 score=24.8597 doc_id=mp_0086] Materials Project reports K (mp-1180991). Band gap: 0.0 eV. Formation energy per atom: 0.118525908249999 eV/atom. Energy above hull: 0.118525908249999 eV/atom. Stable: False.",,outdated_or_incorrect,Can an experiment be performed at -50 K?,['[rank=1 score=28.7554 doc_id=h1ctx_0284_cov_02_01_incorrect] A corrupted lab note reports a synthesis temperature of -50 K.\n\n[rank=2 score=25.6358 doc_id=h1ctx_0283_cov_02_01_current] Absolute temperature on the Kelvin scale cannot be below 0 K.\n\n[rank=3 score=24.8597 doc_id=mp_0086] Materials Project reports K (mp-1180991). Band gap: 0.0 eV. Formation energy per atom: 0.118525908249999 eV/atom. Energy above hull: 0.118525908249999 eV/atom. Stable: False.'],Absolute temperature on the Kelvin scale cannot be below 0 K.,"[rank=1 score=28.7554 doc_id=h1ctx_0284_cov_02_01_incorrect] A corrupted lab note reports a synthesis temperature of -50 K.

[rank=2 score=25.6358 doc_id=h1ctx_0283_cov_02_01_current] Absolute temperature on the Kelvin scale cannot be below 0 K.

[rank=3 score=24.8597 doc_id=mp_0086] Materials Project reports K (mp-1180991). Band gap: 0.0 eV. Formation energy per atom: 0.118525908249999 eV/atom. Energy above hull: 0.118525908249999 eV/atom. Stable: False.",1.0,0.3678181510008133,,,ragas_qwen_plus,qwen-plus,1.0,
rag_cov_02_04_current,resp_1c0c287e8fcd7d38,task_8c9b67d05cf270b4,qwen_max_naive,llm_generation,qwen-max,naive_context,temperature,Can an experiment be performed at -50 K?,Absolute temperature on the Kelvin scale cannot be below 0 K.,"[rank=1 score=28.7554 doc_id=h1ctx_0284_cov_02_01_incorrect] A corrupted lab note reports a synthesis temperature of -50 K.

[rank=2 score=25.6358 doc_id=h1ctx_0283_cov_02_01_current] Absolute temperature on the Kelvin scale cannot be below 0 K.

[rank=3 score=24.8597 doc_id=mp_0086] Materials Project reports K (mp-1180991). Band gap: 0.0 eV. Formation energy per atom: 0.118525908249999 eV/atom. Energy above hull: 0.118525908249999 eV/atom. Stable: False.",,outdated_or_incorrect,Can an experiment be performed at -50 K?,['[rank=1 score=28.7554 doc_id=h1ctx_0284_cov_02_01_incorrect] A corrupted lab note reports a synthesis temperature of -50 K.\n\n[rank=2 score=25.6358 doc_id=h1ctx_0283_cov_02_01_current] Absolute temperature on the Kelvin scale cannot be below 0 K.\n\n[rank=3 score=24.8597 doc_id=mp_0086] Materials Project reports K (mp-1180991). Band gap: 0.0 eV. Formation energy per atom: 0.118525908249999 eV/atom. Energy above hull: 0.118525908249999 eV/atom. Stable: False.'],Absolute temperature on the Kelvin scale cannot be below 0 K.,"[rank=1 score=28.7554 doc_id=h1ctx_0284_cov_02_01_incorrect] A corrupted lab note reports a synthesis temperature of -50 K.

[rank=2 score=25.6358 doc_id=h1ctx_0283_cov_02_01_current] Absolute temperature on the Kelvin scale cannot be below 0 K.

[rank=3 score=24.8597 doc_id=mp_0086] Materials Project reports K (mp-1180991). Band gap: 0.0 eV. Formation energy per atom: 0.118525908249999 eV/atom. Energy above hull: 0.118525908249999 eV/atom. Stable: False.",1.0,0.3678181510008133,,,ragas_qwen_plus,qwen-plus,1.0,
rag_cov_01_03_current,resp_1c6959aa5a1e609a,task_529b912df8bf3701,qwen_max_naive,llm_generation,qwen-max,naive_context,chemical_formula,Is Xx2O3 a valid materials formula?,No,"[rank=1 score=30.5258 doc_id=h1ctx_0254_cov_01_01_incorrect] A noisy retrieved table lists Xx2O3 as a stable oxide material.

[rank=2 score=27.9209 doc_id=h1ctx_0253_cov_01_01_current] Valid chemical formulas must use recognized element symbols.

[rank=3 score=7.8384 doc_id=arxiv_0039] AtomComposer: Discovering Chemical Space from First Principles with Reinforcement Learning. Discovering novel stable molecules without training data remains a grand scientific challenge. Current molecular generative models are trained on large, pre-curated datasets, which introduce biases and limit exploration of novel chemistry. In contrast, we propose a new paradigm: autonomous, generalized agents capable of mapping vast, unknown chemical spaces without any pretraining. For the first time, we present AtomComposer, a self-guided agent that autonomously constructs valid 3D isomers under stoichiometric constraints and is trained exclusively online using reinforcement learning. Unlike existing approaches that generally overfit to a specific chemical formula, we establish a multi-composition training scheme that enables a broad generalization across diverse chemistry, guided by energy- and validity-based rewards. Our agent can discover up to an order of magnitude more valid isomers on unseen test formulas than existing single-composition reinforcement-learning baselines trained with per-step energy rewards. These results fulfill the promise of online reinforcement learning as a powerful paradigm for scalable, from-scratch exploration of chemical configuration space.",,outdated_or_incorrect,Is Xx2O3 a valid materials formula?,"['[rank=1 score=30.5258 doc_id=h1ctx_0254_cov_01_01_incorrect] A noisy retrieved table lists Xx2O3 as a stable oxide material.\n\n[rank=2 score=27.9209 doc_id=h1ctx_0253_cov_01_01_current] Valid chemical formulas must use recognized element symbols.\n\n[rank=3 score=7.8384 doc_id=arxiv_0039] AtomComposer: Discovering Chemical Space from First Principles with Reinforcement Learning. Discovering novel stable molecules without training data remains a grand scientific challenge. Current molecular generative models are trained on large, pre-curated datasets, which introduce biases and limit exploration of novel chemistry. In contrast, we propose a new paradigm: autonomous, generalized agents capable of mapping vast, unknown chemical spaces without any pretraining. For the first time, we present AtomComposer, a self-guided agent that autonomously constructs valid 3D isomers under stoichiometric constraints and is trained exclusively online using reinforcement learning. Unlike existing approaches that generally overfit to a specific chemical formula, we establish a multi-composition training scheme that enables a broad generalization across diverse chemistry, guided by energy- and validity-based rewards. Our agent can discover up to an order of magnitude more valid isomers on unseen test formulas than existing single-composition reinforcement-learning baselines trained with per-step energy rewards. These results fulfill the promise of online reinforcement learning as a powerful paradigm for scalable, from-scratch exploration of chemical configuration space.']",No,"[rank=1 score=30.5258 doc_id=h1ctx_0254_cov_01_01_incorrect] A noisy retrieved table lists Xx2O3 as a stable oxide material.

[rank=2 score=27.9209 doc_id=h1ctx_0253_cov_01_01_current] Valid chemical formulas must use recognized element symbols.

[rank=3 score=7.8384 doc_id=arxiv_0039] AtomComposer: Discovering Chemical Space from First Principles with Reinforcement Learning. Discovering novel stable molecules without training data remains a grand scientific challenge. Current molecular generative models are trained on large, pre-curated datasets, which introduce biases and limit exploration of novel chemistry. In contrast, we propose a new paradigm: autonomous, generalized agents capable of mapping vast, unknown chemical spaces without any pretraining. For the first time, we present AtomComposer, a self-guided agent that autonomously constructs valid 3D isomers under stoichiometric constraints and is trained exclusively online using reinforcement learning. Unlike existing approaches that generally overfit to a specific chemical formula, we establish a multi-composition training scheme that enables a broad generalization across diverse chemistry, guided by energy- and validity-based rewards. Our agent can discover up to an order of magnitude more valid isomers on unseen test formulas than existing single-composition reinforcement-learning baselines trained with per-step energy rewards. These results fulfill the promise of online reinforcement learning as a powerful paradigm for scalable, from-scratch exploration of chemical configuration space.",1.0,0.0307352233090547,,,ragas_qwen_plus,qwen-plus,1.0,
rag_cov_03_10_incorrect,resp_24e4b834411c5b77,task_e79475fdfd3fd9cf,qwen_max_naive,llm_generation,qwen-max,naive_context,pressure,Is a pressure of -2 GPa physically valid in a standard pressure report?,Standard pressure reports should not use negative pressure unless a stress sign convention is explicitly defined.,"[rank=1 score=47.3585 doc_id=h1ctx_0313_cov_03_01_current] Standard pressure reports should not use negative pressure unless a stress sign convention is explicitly defined.

[rank=2 score=45.2006 doc_id=h1ctx_0314_cov_03_01_incorrect] A noisy measurement table reports the pressure as -2 GPa.

[rank=3 score=12.8364 doc_id=arxiv_0011] Stability Analysis of Superconductivity in $\textit{P6/mmm}$-LaSc$_2$H$_{24}$ and its Experimental Reproducibility from La-Sc Alloys. In this work, we analyze the feasibility of room-temperature superconductivity in the lanthanum-scandium hydride $\textit{P6/mmm}$-LaSc$_2$H$_{24}$. We demonstrate that the electron-phonon coupling calculations performed using the $σ$-broadening of the double $δ$-function at the Fermi surface lead to a very strong dependence of $\textit{T$_c$}(σ)$ on the arbitrary $σ$, whereas the tetrahedral method for the electron-phonon interaction is free from this drawback and leads to $\textit{T$_c$}$ > 300 K at 300 GPa in agreement with previous predictions. By analyzing the stability of the metallic state of LaSc$_2$H$_{24}$ at 250-300 GPa, we show that this compound is at the edge of the stability region ($ξ$ = 0.54), similar to $\textit{fcc}$ LaH$_{10}$ at 140-150 GPa. Experimental attempts to synthesize LaSc$_2$H$_{24}$ at 250-280 GPa starting from the (La,Sc$_2$) alloy are unsuccessful and indicate the absence of even traces of superconductivity at 245-300 K in all the resulting La-Sc-H hydrides. The method for preparing the precursor by simultaneous deposition of La and Sc metals may be a key factor for the successful synthesis of LaSc$_2$H$_{24}$.",,current,Is a pressure of -2 GPa physically valid in a standard pressure report?,"['[rank=1 score=47.3585 doc_id=h1ctx_0313_cov_03_01_current] Standard pressure reports should not use negative pressure unless a stress sign convention is explicitly defined.\n\n[rank=2 score=45.2006 doc_id=h1ctx_0314_cov_03_01_incorrect] A noisy measurement table reports the pressure as -2 GPa.\n\n[rank=3 score=12.8364 doc_id=arxiv_0011] Stability Analysis of Superconductivity in $\\textit{P6/mmm}$-LaSc$_2$H$_{24}$ and its Experimental Reproducibility from La-Sc Alloys. In this work, we analyze the feasibility of room-temperature superconductivity in the lanthanum-scandium hydride $\\textit{P6/mmm}$-LaSc$_2$H$_{24}$. We demonstrate that the electron-phonon coupling calculations performed using the $σ$-broadening of the double $δ$-function at the Fermi surface lead to a very strong dependence of $\\textit{T$_c$}(σ)$ on the arbitrary $σ$, whereas the tetrahedral method for the electron-phonon interaction is free from this drawback and leads to $\\textit{T$_c$}$ > 300 K at 300 GPa in agreement with previous predictions. By analyzing the stability of the metallic state of LaSc$_2$H$_{24}$ at 250-300 GPa, we show that this compound is at the edge of the stability region ($ξ$ = 0.54), similar to $\\textit{fcc}$ LaH$_{10}$ at 140-150 GPa. Experimental attempts to synthesize LaSc$_2$H$_{24}$ at 250-280 GPa starting from the (La,Sc$_2$) alloy are unsuccessful and indicate the absence of even traces of superconductivity at 245-300 K in all the resulting La-Sc-H hydrides. The method for preparing the precursor by simultaneous deposition of La and Sc metals may be a key factor for the successful synthesis of LaSc$_2$H$_{24}$.']",Standard pressure reports should not use negative pressure unless a stress sign convention is explicitly defined.,"[rank=1 score=47.3585 doc_id=h1ctx_0313_cov_03_01_current] Standard pressure reports should not use negative pressure unless a stress sign convention is explicitly defined.

[rank=2 score=45.2006 doc_id=h1ctx_0314_cov_03_01_incorrect] A noisy measurement table reports the pressure as -2 GPa.

[rank=3 score=12.8364 doc_id=arxiv_0011] Stability Analysis of Superconductivity in $\textit{P6/mmm}$-LaSc$_2$H$_{24}$ and its Experimental Reproducibility from La-Sc Alloys. In this work, we analyze the feasibility of room-temperature superconductivity in the lanthanum-scandium hydride $\textit{P6/mmm}$-LaSc$_2$H$_{24}$. We demonstrate that the electron-phonon coupling calculations performed using the $σ$-broadening of the double $δ$-function at the Fermi surface lead to a very strong dependence of $\textit{T$_c$}(σ)$ on the arbitrary $σ$, whereas the tetrahedral method for the electron-phonon interaction is free from this drawback and leads to $\textit{T$_c$}$ > 300 K at 300 GPa in agreement with previous predictions. By analyzing the stability of the metallic state of LaSc$_2$H$_{24}$ at 250-300 GPa, we show that this compound is at the edge of the stability region ($ξ$ = 0.54), similar to $\textit{fcc}$ LaH$_{10}$ at 140-150 GPa. Experimental attempts to synthesize LaSc$_2$H$_{24}$ at 250-280 GPa starting from the (La,Sc$_2$) alloy are unsuccessful and indicate the absence of even traces of superconductivity at 245-300 K in all the resulting La-Sc-H hydrides. The method for preparing the precursor by simultaneous deposition of La and Sc metals may be a key factor for the successful synthesis of LaSc$_2$H$_{24}$.",0.5,0.6596942138363969,,,ragas_qwen_plus,qwen-plus,1.0,
rag_cov_03_08_current,resp_2b8e662d851b1921,task_e79475fdfd3fd9cf,qwen_max_naive,llm_generation,qwen-max,naive_context,pressure,Is a pressure of -2 GPa physically valid in a standard pressure report?,Standard pressure reports should not use negative pressure unless a stress sign convention is explicitly defined.,"[rank=1 score=47.3585 doc_id=h1ctx_0313_cov_03_01_current] Standard pressure reports should not use negative pressure unless a stress sign convention is explicitly defined.

[rank=2 score=45.2006 doc_id=h1ctx_0314_cov_03_01_incorrect] A noisy measurement table reports the pressure as -2 GPa.

[rank=3 score=12.8364 doc_id=arxiv_0011] Stability Analysis of Superconductivity in $\textit{P6/mmm}$-LaSc$_2$H$_{24}$ and its Experimental Reproducibility from La-Sc Alloys. In this work, we analyze the feasibility of room-temperature superconductivity in the lanthanum-scandium hydride $\textit{P6/mmm}$-LaSc$_2$H$_{24}$. We demonstrate that the electron-phonon coupling calculations performed using the $σ$-broadening of the double $δ$-function at the Fermi surface lead to a very strong dependence of $\textit{T$_c$}(σ)$ on the arbitrary $σ$, whereas the tetrahedral method for the electron-phonon interaction is free from this drawback and leads to $\textit{T$_c$}$ > 300 K at 300 GPa in agreement with previous predictions. By analyzing the stability of the metallic state of LaSc$_2$H$_{24}$ at 250-300 GPa, we show that this compound is at the edge of the stability region ($ξ$ = 0.54), similar to $\textit{fcc}$ LaH$_{10}$ at 140-150 GPa. Experimental attempts to synthesize LaSc$_2$H$_{24}$ at 250-280 GPa starting from the (La,Sc$_2$) alloy are unsuccessful and indicate the absence of even traces of superconductivity at 245-300 K in all the resulting La-Sc-H hydrides. The method for preparing the precursor by simultaneous deposition of La and Sc metals may be a key factor for the successful synthesis of LaSc$_2$H$_{24}$.",,current,Is a pressure of -2 GPa physically valid in a standard pressure report?,"['[rank=1 score=47.3585 doc_id=h1ctx_0313_cov_03_01_current] Standard pressure reports should not use negative pressure unless a stress sign convention is explicitly defined.\n\n[rank=2 score=45.2006 doc_id=h1ctx_0314_cov_03_01_incorrect] A noisy measurement table reports the pressure as -2 GPa.\n\n[rank=3 score=12.8364 doc_id=arxiv_0011] Stability Analysis of Superconductivity in $\\textit{P6/mmm}$-LaSc$_2$H$_{24}$ and its Experimental Reproducibility from La-Sc Alloys. In this work, we analyze the feasibility of room-temperature superconductivity in the lanthanum-scandium hydride $\\textit{P6/mmm}$-LaSc$_2$H$_{24}$. We demonstrate that the electron-phonon coupling calculations performed using the $σ$-broadening of the double $δ$-function at the Fermi surface lead to a very strong dependence of $\\textit{T$_c$}(σ)$ on the arbitrary $σ$, whereas the tetrahedral method for the electron-phonon interaction is free from this drawback and leads to $\\textit{T$_c$}$ > 300 K at 300 GPa in agreement with previous predictions. By analyzing the stability of the metallic state of LaSc$_2$H$_{24}$ at 250-300 GPa, we show that this compound is at the edge of the stability region ($ξ$ = 0.54), similar to $\\textit{fcc}$ LaH$_{10}$ at 140-150 GPa. Experimental attempts to synthesize LaSc$_2$H$_{24}$ at 250-280 GPa starting from the (La,Sc$_2$) alloy are unsuccessful and indicate the absence of even traces of superconductivity at 245-300 K in all the resulting La-Sc-H hydrides. The method for preparing the precursor by simultaneous deposition of La and Sc metals may be a key factor for the successful synthesis of LaSc$_2$H$_{24}$.']",Standard pressure reports should not use negative pressure unless a stress sign convention is explicitly defined.,"[rank=1 score=47.3585 doc_id=h1ctx_0313_cov_03_01_current] Standard pressure reports should not use negative pressure unless a stress sign convention is explicitly defined.

[rank=2 score=45.2006 doc_id=h1ctx_0314_cov_03_01_incorrect] A noisy measurement table reports the pressure as -2 GPa.

[rank=3 score=12.8364 doc_id=arxiv_0011] Stability Analysis of Superconductivity in $\textit{P6/mmm}$-LaSc$_2$H$_{24}$ and its Experimental Reproducibility from La-Sc Alloys. In this work, we analyze the feasibility of room-temperature superconductivity in the lanthanum-scandium hydride $\textit{P6/mmm}$-LaSc$_2$H$_{24}$. We demonstrate that the electron-phonon coupling calculations performed using the $σ$-broadening of the double $δ$-function at the Fermi surface lead to a very strong dependence of $\textit{T$_c$}(σ)$ on the arbitrary $σ$, whereas the tetrahedral method for the electron-phonon interaction is free from this drawback and leads to $\textit{T$_c$}$ > 300 K at 300 GPa in agreement with previous predictions. By analyzing the stability of the metallic state of LaSc$_2$H$_{24}$ at 250-300 GPa, we show that this compound is at the edge of the stability region ($ξ$ = 0.54), similar to $\textit{fcc}$ LaH$_{10}$ at 140-150 GPa. Experimental attempts to synthesize LaSc$_2$H$_{24}$ at 250-280 GPa starting from the (La,Sc$_2$) alloy are unsuccessful and indicate the absence of even traces of superconductivity at 245-300 K in all the resulting La-Sc-H hydrides. The method for preparing the precursor by simultaneous deposition of La and Sc metals may be a key factor for the successful synthesis of LaSc$_2$H$_{24}$.",0.5,0.6596942138363969,,,ragas_qwen_plus,qwen-plus,1.0,
rag_cov_03_12_incorrect,resp_2d6038d55fd54a6b,task_e79475fdfd3fd9cf,qwen_max_naive,llm_generation,qwen-max,naive_context,pressure,Is a pressure of -2 GPa physically valid in a standard pressure report?,Standard pressure reports should not use negative pressure unless a stress sign convention is explicitly defined.,"[rank=1 score=47.3585 doc_id=h1ctx_0313_cov_03_01_current] Standard pressure reports should not use negative pressure unless a stress sign convention is explicitly defined.

[rank=2 score=45.2006 doc_id=h1ctx_0314_cov_03_01_incorrect] A noisy measurement table reports the pressure as -2 GPa.

[rank=3 score=12.8364 doc_id=arxiv_0011] Stability Analysis of Superconductivity in $\textit{P6/mmm}$-LaSc$_2$H$_{24}$ and its Experimental Reproducibility from La-Sc Alloys. In this work, we analyze the feasibility of room-temperature superconductivity in the lanthanum-scandium hydride $\textit{P6/mmm}$-LaSc$_2$H$_{24}$. We demonstrate that the electron-phonon coupling calculations performed using the $σ$-broadening of the double $δ$-function at the Fermi surface lead to a very strong dependence of $\textit{T$_c$}(σ)$ on the arbitrary $σ$, whereas the tetrahedral method for the electron-phonon interaction is free from this drawback and leads to $\textit{T$_c$}$ > 300 K at 300 GPa in agreement with previous predictions. By analyzing the stability of the metallic state of LaSc$_2$H$_{24}$ at 250-300 GPa, we show that this compound is at the edge of the stability region ($ξ$ = 0.54), similar to $\textit{fcc}$ LaH$_{10}$ at 140-150 GPa. Experimental attempts to synthesize LaSc$_2$H$_{24}$ at 250-280 GPa starting from the (La,Sc$_2$) alloy are unsuccessful and indicate the absence of even traces of superconductivity at 245-300 K in all the resulting La-Sc-H hydrides. The method for preparing the precursor by simultaneous deposition of La and Sc metals may be a key factor for the successful synthesis of LaSc$_2$H$_{24}$.",,current,Is a pressure of -2 GPa physically valid in a standard pressure report?,"['[rank=1 score=47.3585 doc_id=h1ctx_0313_cov_03_01_current] Standard pressure reports should not use negative pressure unless a stress sign convention is explicitly defined.\n\n[rank=2 score=45.2006 doc_id=h1ctx_0314_cov_03_01_incorrect] A noisy measurement table reports the pressure as -2 GPa.\n\n[rank=3 score=12.8364 doc_id=arxiv_0011] Stability Analysis of Superconductivity in $\\textit{P6/mmm}$-LaSc$_2$H$_{24}$ and its Experimental Reproducibility from La-Sc Alloys. In this work, we analyze the feasibility of room-temperature superconductivity in the lanthanum-scandium hydride $\\textit{P6/mmm}$-LaSc$_2$H$_{24}$. We demonstrate that the electron-phonon coupling calculations performed using the $σ$-broadening of the double $δ$-function at the Fermi surface lead to a very strong dependence of $\\textit{T$_c$}(σ)$ on the arbitrary $σ$, whereas the tetrahedral method for the electron-phonon interaction is free from this drawback and leads to $\\textit{T$_c$}$ > 300 K at 300 GPa in agreement with previous predictions. By analyzing the stability of the metallic state of LaSc$_2$H$_{24}$ at 250-300 GPa, we show that this compound is at the edge of the stability region ($ξ$ = 0.54), similar to $\\textit{fcc}$ LaH$_{10}$ at 140-150 GPa. Experimental attempts to synthesize LaSc$_2$H$_{24}$ at 250-280 GPa starting from the (La,Sc$_2$) alloy are unsuccessful and indicate the absence of even traces of superconductivity at 245-300 K in all the resulting La-Sc-H hydrides. The method for preparing the precursor by simultaneous deposition of La and Sc metals may be a key factor for the successful synthesis of LaSc$_2$H$_{24}$.']",Standard pressure reports should not use negative pressure unless a stress sign convention is explicitly defined.,"[rank=1 score=47.3585 doc_id=h1ctx_0313_cov_03_01_current] Standard pressure reports should not use negative pressure unless a stress sign convention is explicitly defined.

[rank=2 score=45.2006 doc_id=h1ctx_0314_cov_03_01_incorrect] A noisy measurement table reports the pressure as -2 GPa.

[rank=3 score=12.8364 doc_id=arxiv_0011] Stability Analysis of Superconductivity in $\textit{P6/mmm}$-LaSc$_2$H$_{24}$ and its Experimental Reproducibility from La-Sc Alloys. In this work, we analyze the feasibility of room-temperature superconductivity in the lanthanum-scandium hydride $\textit{P6/mmm}$-LaSc$_2$H$_{24}$. We demonstrate that the electron-phonon coupling calculations performed using the $σ$-broadening of the double $δ$-function at the Fermi surface lead to a very strong dependence of $\textit{T$_c$}(σ)$ on the arbitrary $σ$, whereas the tetrahedral method for the electron-phonon interaction is free from this drawback and leads to $\textit{T$_c$}$ > 300 K at 300 GPa in agreement with previous predictions. By analyzing the stability of the metallic state of LaSc$_2$H$_{24}$ at 250-300 GPa, we show that this compound is at the edge of the stability region ($ξ$ = 0.54), similar to $\textit{fcc}$ LaH$_{10}$ at 140-150 GPa. Experimental attempts to synthesize LaSc$_2$H$_{24}$ at 250-280 GPa starting from the (La,Sc$_2$) alloy are unsuccessful and indicate the absence of even traces of superconductivity at 245-300 K in all the resulting La-Sc-H hydrides. The method for preparing the precursor by simultaneous deposition of La and Sc metals may be a key factor for the successful synthesis of LaSc$_2$H$_{24}$.",0.5,0.6596942138363969,,,ragas_qwen_plus,qwen-plus,1.0,
rag_cov_03_04_current,resp_2e1f4bb191b16531,task_e79475fdfd3fd9cf,qwen_max_naive,llm_generation,qwen-max,naive_context,pressure,Is a pressure of -2 GPa physically valid in a standard pressure report?,Standard pressure reports should not use negative pressure unless a stress sign convention is explicitly defined.,"[rank=1 score=47.3585 doc_id=h1ctx_0313_cov_03_01_current] Standard pressure reports should not use negative pressure unless a stress sign convention is explicitly defined.

[rank=2 score=45.2006 doc_id=h1ctx_0314_cov_03_01_incorrect] A noisy measurement table reports the pressure as -2 GPa.

[rank=3 score=12.8364 doc_id=arxiv_0011] Stability Analysis of Superconductivity in $\textit{P6/mmm}$-LaSc$_2$H$_{24}$ and its Experimental Reproducibility from La-Sc Alloys. In this work, we analyze the feasibility of room-temperature superconductivity in the lanthanum-scandium hydride $\textit{P6/mmm}$-LaSc$_2$H$_{24}$. We demonstrate that the electron-phonon coupling calculations performed using the $σ$-broadening of the double $δ$-function at the Fermi surface lead to a very strong dependence of $\textit{T$_c$}(σ)$ on the arbitrary $σ$, whereas the tetrahedral method for the electron-phonon interaction is free from this drawback and leads to $\textit{T$_c$}$ > 300 K at 300 GPa in agreement with previous predictions. By analyzing the stability of the metallic state of LaSc$_2$H$_{24}$ at 250-300 GPa, we show that this compound is at the edge of the stability region ($ξ$ = 0.54), similar to $\textit{fcc}$ LaH$_{10}$ at 140-150 GPa. Experimental attempts to synthesize LaSc$_2$H$_{24}$ at 250-280 GPa starting from the (La,Sc$_2$) alloy are unsuccessful and indicate the absence of even traces of superconductivity at 245-300 K in all the resulting La-Sc-H hydrides. The method for preparing the precursor by simultaneous deposition of La and Sc metals may be a key factor for the successful synthesis of LaSc$_2$H$_{24}$.",,current,Is a pressure of -2 GPa physically valid in a standard pressure report?,"['[rank=1 score=47.3585 doc_id=h1ctx_0313_cov_03_01_current] Standard pressure reports should not use negative pressure unless a stress sign convention is explicitly defined.\n\n[rank=2 score=45.2006 doc_id=h1ctx_0314_cov_03_01_incorrect] A noisy measurement table reports the pressure as -2 GPa.\n\n[rank=3 score=12.8364 doc_id=arxiv_0011] Stability Analysis of Superconductivity in $\\textit{P6/mmm}$-LaSc$_2$H$_{24}$ and its Experimental Reproducibility from La-Sc Alloys. In this work, we analyze the feasibility of room-temperature superconductivity in the lanthanum-scandium hydride $\\textit{P6/mmm}$-LaSc$_2$H$_{24}$. We demonstrate that the electron-phonon coupling calculations performed using the $σ$-broadening of the double $δ$-function at the Fermi surface lead to a very strong dependence of $\\textit{T$_c$}(σ)$ on the arbitrary $σ$, whereas the tetrahedral method for the electron-phonon interaction is free from this drawback and leads to $\\textit{T$_c$}$ > 300 K at 300 GPa in agreement with previous predictions. By analyzing the stability of the metallic state of LaSc$_2$H$_{24}$ at 250-300 GPa, we show that this compound is at the edge of the stability region ($ξ$ = 0.54), similar to $\\textit{fcc}$ LaH$_{10}$ at 140-150 GPa. Experimental attempts to synthesize LaSc$_2$H$_{24}$ at 250-280 GPa starting from the (La,Sc$_2$) alloy are unsuccessful and indicate the absence of even traces of superconductivity at 245-300 K in all the resulting La-Sc-H hydrides. The method for preparing the precursor by simultaneous deposition of La and Sc metals may be a key factor for the successful synthesis of LaSc$_2$H$_{24}$.']",Standard pressure reports should not use negative pressure unless a stress sign convention is explicitly defined.,"[rank=1 score=47.3585 doc_id=h1ctx_0313_cov_03_01_current] Standard pressure reports should not use negative pressure unless a stress sign convention is explicitly defined.

[rank=2 score=45.2006 doc_id=h1ctx_0314_cov_03_01_incorrect] A noisy measurement table reports the pressure as -2 GPa.

[rank=3 score=12.8364 doc_id=arxiv_0011] Stability Analysis of Superconductivity in $\textit{P6/mmm}$-LaSc$_2$H$_{24}$ and its Experimental Reproducibility from La-Sc Alloys. In this work, we analyze the feasibility of room-temperature superconductivity in the lanthanum-scandium hydride $\textit{P6/mmm}$-LaSc$_2$H$_{24}$. We demonstrate that the electron-phonon coupling calculations performed using the $σ$-broadening of the double $δ$-function at the Fermi surface lead to a very strong dependence of $\textit{T$_c$}(σ)$ on the arbitrary $σ$, whereas the tetrahedral method for the electron-phonon interaction is free from this drawback and leads to $\textit{T$_c$}$ > 300 K at 300 GPa in agreement with previous predictions. By analyzing the stability of the metallic state of LaSc$_2$H$_{24}$ at 250-300 GPa, we show that this compound is at the edge of the stability region ($ξ$ = 0.54), similar to $\textit{fcc}$ LaH$_{10}$ at 140-150 GPa. Experimental attempts to synthesize LaSc$_2$H$_{24}$ at 250-280 GPa starting from the (La,Sc$_2$) alloy are unsuccessful and indicate the absence of even traces of superconductivity at 245-300 K in all the resulting La-Sc-H hydrides. The method for preparing the precursor by simultaneous deposition of La and Sc metals may be a key factor for the successful synthesis of LaSc$_2$H$_{24}$.",0.5,0.6404472411410654,,,ragas_qwen_plus,qwen-plus,1.0,
rag_cov_04_09_incorrect,resp_2e9ab6a6d442e9b4,task_59cec384a6df5bdb,qwen_max_naive,llm_generation,qwen-max,naive_context,temperature,Can the material be called superconducting without reporting Tc or evidence?,"Superconductivity claims should report Tc, measured evidence, or a transition temperature.","[rank=1 score=37.5227 doc_id=h1ctx_0343_cov_04_01_current] Superconductivity claims should report Tc, measured evidence, or a transition temperature.

[rank=2 score=29.8788 doc_id=h1ctx_0344_cov_04_01_incorrect] A short retrieved note says the material is superconducting.

[rank=3 score=9.1323 doc_id=h1ctx_0283_cov_02_01_current] Absolute temperature on the Kelvin scale cannot be below 0 K.",,current,Can the material be called superconducting without reporting Tc or evidence?,"['[rank=1 score=37.5227 doc_id=h1ctx_0343_cov_04_01_current] Superconductivity claims should report Tc, measured evidence, or a transition temperature.\n\n[rank=2 score=29.8788 doc_id=h1ctx_0344_cov_04_01_incorrect] A short retrieved note says the material is superconducting.\n\n[rank=3 score=9.1323 doc_id=h1ctx_0283_cov_02_01_current] Absolute temperature on the Kelvin scale cannot be below 0 K.']","Superconductivity claims should report Tc, measured evidence, or a transition temperature.","[rank=1 score=37.5227 doc_id=h1ctx_0343_cov_04_01_current] Superconductivity claims should report Tc, measured evidence, or a transition temperature.

[rank=2 score=29.8788 doc_id=h1ctx_0344_cov_04_01_incorrect] A short retrieved note says the material is superconducting.

[rank=3 score=9.1323 doc_id=h1ctx_0283_cov_02_01_current] Absolute temperature on the Kelvin scale cannot be below 0 K.",1.0,0.6789183361760561,,,ragas_qwen_plus,qwen-plus,1.0,
rag_cov_04_12_incorrect,resp_31c6bc06631b421b,task_59cec384a6df5bdb,qwen_max_naive,llm_generation,qwen-max,naive_context,temperature,Can the material be called superconducting without reporting Tc or evidence?,"Superconductivity claims should report Tc, measured evidence, or a transition temperature.","[rank=1 score=37.5227 doc_id=h1ctx_0343_cov_04_01_current] Superconductivity claims should report Tc, measured evidence, or a transition temperature.

[rank=2 score=29.8788 doc_id=h1ctx_0344_cov_04_01_incorrect] A short retrieved note says the material is superconducting.

[rank=3 score=9.1323 doc_id=h1ctx_0283_cov_02_01_current] Absolute temperature on the Kelvin scale cannot be below 0 K.",,current,Can the material be called superconducting without reporting Tc or evidence?,"['[rank=1 score=37.5227 doc_id=h1ctx_0343_cov_04_01_current] Superconductivity claims should report Tc, measured evidence, or a transition temperature.\n\n[rank=2 score=29.8788 doc_id=h1ctx_0344_cov_04_01_incorrect] A short retrieved note says the material is superconducting.\n\n[rank=3 score=9.1323 doc_id=h1ctx_0283_cov_02_01_current] Absolute temperature on the Kelvin scale cannot be below 0 K.']","Superconductivity claims should report Tc, measured evidence, or a transition temperature.","[rank=1 score=37.5227 doc_id=h1ctx_0343_cov_04_01_current] Superconductivity claims should report Tc, measured evidence, or a transition temperature.

[rank=2 score=29.8788 doc_id=h1ctx_0344_cov_04_01_incorrect] A short retrieved note says the material is superconducting.

[rank=3 score=9.1323 doc_id=h1ctx_0283_cov_02_01_current] Absolute temperature on the Kelvin scale cannot be below 0 K.",1.0,0.6789183361760561,,,ragas_qwen_plus,qwen-plus,1.0,
rag_cov_03_04_incorrect,resp_31cc3dd79f769de3,task_e79475fdfd3fd9cf,qwen_max_naive,llm_generation,qwen-max,naive_context,pressure,Is a pressure of -2 GPa physically valid in a standard pressure report?,Standard pressure reports should not use negative pressure unless a stress sign convention is explicitly defined.,"[rank=1 score=47.3585 doc_id=h1ctx_0313_cov_03_01_current] Standard pressure reports should not use negative pressure unless a stress sign convention is explicitly defined.

[rank=2 score=45.2006 doc_id=h1ctx_0314_cov_03_01_incorrect] A noisy measurement table reports the pressure as -2 GPa.

[rank=3 score=12.8364 doc_id=arxiv_0011] Stability Analysis of Superconductivity in $\textit{P6/mmm}$-LaSc$_2$H$_{24}$ and its Experimental Reproducibility from La-Sc Alloys. In this work, we analyze the feasibility of room-temperature superconductivity in the lanthanum-scandium hydride $\textit{P6/mmm}$-LaSc$_2$H$_{24}$. We demonstrate that the electron-phonon coupling calculations performed using the $σ$-broadening of the double $δ$-function at the Fermi surface lead to a very strong dependence of $\textit{T$_c$}(σ)$ on the arbitrary $σ$, whereas the tetrahedral method for the electron-phonon interaction is free from this drawback and leads to $\textit{T$_c$}$ > 300 K at 300 GPa in agreement with previous predictions. By analyzing the stability of the metallic state of LaSc$_2$H$_{24}$ at 250-300 GPa, we show that this compound is at the edge of the stability region ($ξ$ = 0.54), similar to $\textit{fcc}$ LaH$_{10}$ at 140-150 GPa. Experimental attempts to synthesize LaSc$_2$H$_{24}$ at 250-280 GPa starting from the (La,Sc$_2$) alloy are unsuccessful and indicate the absence of even traces of superconductivity at 245-300 K in all the resulting La-Sc-H hydrides. The method for preparing the precursor by simultaneous deposition of La and Sc metals may be a key factor for the successful synthesis of LaSc$_2$H$_{24}$.",,current,Is a pressure of -2 GPa physically valid in a standard pressure report?,"['[rank=1 score=47.3585 doc_id=h1ctx_0313_cov_03_01_current] Standard pressure reports should not use negative pressure unless a stress sign convention is explicitly defined.\n\n[rank=2 score=45.2006 doc_id=h1ctx_0314_cov_03_01_incorrect] A noisy measurement table reports the pressure as -2 GPa.\n\n[rank=3 score=12.8364 doc_id=arxiv_0011] Stability Analysis of Superconductivity in $\\textit{P6/mmm}$-LaSc$_2$H$_{24}$ and its Experimental Reproducibility from La-Sc Alloys. In this work, we analyze the feasibility of room-temperature superconductivity in the lanthanum-scandium hydride $\\textit{P6/mmm}$-LaSc$_2$H$_{24}$. We demonstrate that the electron-phonon coupling calculations performed using the $σ$-broadening of the double $δ$-function at the Fermi surface lead to a very strong dependence of $\\textit{T$_c$}(σ)$ on the arbitrary $σ$, whereas the tetrahedral method for the electron-phonon interaction is free from this drawback and leads to $\\textit{T$_c$}$ > 300 K at 300 GPa in agreement with previous predictions. By analyzing the stability of the metallic state of LaSc$_2$H$_{24}$ at 250-300 GPa, we show that this compound is at the edge of the stability region ($ξ$ = 0.54), similar to $\\textit{fcc}$ LaH$_{10}$ at 140-150 GPa. Experimental attempts to synthesize LaSc$_2$H$_{24}$ at 250-280 GPa starting from the (La,Sc$_2$) alloy are unsuccessful and indicate the absence of even traces of superconductivity at 245-300 K in all the resulting La-Sc-H hydrides. The method for preparing the precursor by simultaneous deposition of La and Sc metals may be a key factor for the successful synthesis of LaSc$_2$H$_{24}$.']",Standard pressure reports should not use negative pressure unless a stress sign convention is explicitly defined.,"[rank=1 score=47.3585 doc_id=h1ctx_0313_cov_03_01_current] Standard pressure reports should not use negative pressure unless a stress sign convention is explicitly defined.

[rank=2 score=45.2006 doc_id=h1ctx_0314_cov_03_01_incorrect] A noisy measurement table reports the pressure as -2 GPa.

[rank=3 score=12.8364 doc_id=arxiv_0011] Stability Analysis of Superconductivity in $\textit{P6/mmm}$-LaSc$_2$H$_{24}$ and its Experimental Reproducibility from La-Sc Alloys. In this work, we analyze the feasibility of room-temperature superconductivity in the lanthanum-scandium hydride $\textit{P6/mmm}$-LaSc$_2$H$_{24}$. We demonstrate that the electron-phonon coupling calculations performed using the $σ$-broadening of the double $δ$-function at the Fermi surface lead to a very strong dependence of $\textit{T$_c$}(σ)$ on the arbitrary $σ$, whereas the tetrahedral method for the electron-phonon interaction is free from this drawback and leads to $\textit{T$_c$}$ > 300 K at 300 GPa in agreement with previous predictions. By analyzing the stability of the metallic state of LaSc$_2$H$_{24}$ at 250-300 GPa, we show that this compound is at the edge of the stability region ($ξ$ = 0.54), similar to $\textit{fcc}$ LaH$_{10}$ at 140-150 GPa. Experimental attempts to synthesize LaSc$_2$H$_{24}$ at 250-280 GPa starting from the (La,Sc$_2$) alloy are unsuccessful and indicate the absence of even traces of superconductivity at 245-300 K in all the resulting La-Sc-H hydrides. The method for preparing the precursor by simultaneous deposition of La and Sc metals may be a key factor for the successful synthesis of LaSc$_2$H$_{24}$.",0.5,0.6596942138363969,,,ragas_qwen_plus,qwen-plus,1.0,
rag_cov_04_11_current,resp_37d5abe804310bc8,task_59cec384a6df5bdb,qwen_max_naive,llm_generation,qwen-max,naive_context,temperature,Can the material be called superconducting without reporting Tc or evidence?,"Superconductivity claims should report Tc, measured evidence, or a transition temperature.","[rank=1 score=37.5227 doc_id=h1ctx_0343_cov_04_01_current] Superconductivity claims should report Tc, measured evidence, or a transition temperature.

[rank=2 score=29.8788 doc_id=h1ctx_0344_cov_04_01_incorrect] A short retrieved note says the material is superconducting.

[rank=3 score=9.1323 doc_id=h1ctx_0283_cov_02_01_current] Absolute temperature on the Kelvin scale cannot be below 0 K.",,current,Can the material be called superconducting without reporting Tc or evidence?,"['[rank=1 score=37.5227 doc_id=h1ctx_0343_cov_04_01_current] Superconductivity claims should report Tc, measured evidence, or a transition temperature.\n\n[rank=2 score=29.8788 doc_id=h1ctx_0344_cov_04_01_incorrect] A short retrieved note says the material is superconducting.\n\n[rank=3 score=9.1323 doc_id=h1ctx_0283_cov_02_01_current] Absolute temperature on the Kelvin scale cannot be below 0 K.']","Superconductivity claims should report Tc, measured evidence, or a transition temperature.","[rank=1 score=37.5227 doc_id=h1ctx_0343_cov_04_01_current] Superconductivity claims should report Tc, measured evidence, or a transition temperature.

[rank=2 score=29.8788 doc_id=h1ctx_0344_cov_04_01_incorrect] A short retrieved note says the material is superconducting.

[rank=3 score=9.1323 doc_id=h1ctx_0283_cov_02_01_current] Absolute temperature on the Kelvin scale cannot be below 0 K.",1.0,0.6789183361760561,,,ragas_qwen_plus,qwen-plus,1.0,
rag_cov_04_15_current,resp_3a404a2eecd341ee,task_59cec384a6df5bdb,qwen_max_naive,llm_generation,qwen-max,naive_context,temperature,Can the material be called superconducting without reporting Tc or evidence?,"Superconductivity claims should report Tc, measured evidence, or a transition temperature.","[rank=1 score=37.5227 doc_id=h1ctx_0343_cov_04_01_current] Superconductivity claims should report Tc, measured evidence, or a transition temperature.

[rank=2 score=29.8788 doc_id=h1ctx_0344_cov_04_01_incorrect] A short retrieved note says the material is superconducting.

[rank=3 score=9.1323 doc_id=h1ctx_0283_cov_02_01_current] Absolute temperature on the Kelvin scale cannot be below 0 K.",,current,Can the material be called superconducting without reporting Tc or evidence?,"['[rank=1 score=37.5227 doc_id=h1ctx_0343_cov_04_01_current] Superconductivity claims should report Tc, measured evidence, or a transition temperature.\n\n[rank=2 score=29.8788 doc_id=h1ctx_0344_cov_04_01_incorrect] A short retrieved note says the material is superconducting.\n\n[rank=3 score=9.1323 doc_id=h1ctx_0283_cov_02_01_current] Absolute temperature on the Kelvin scale cannot be below 0 K.']","Superconductivity claims should report Tc, measured evidence, or a transition temperature.","[rank=1 score=37.5227 doc_id=h1ctx_0343_cov_04_01_current] Superconductivity claims should report Tc, measured evidence, or a transition temperature.

[rank=2 score=29.8788 doc_id=h1ctx_0344_cov_04_01_incorrect] A short retrieved note says the material is superconducting.

[rank=3 score=9.1323 doc_id=h1ctx_0283_cov_02_01_current] Absolute temperature on the Kelvin scale cannot be below 0 K.",1.0,0.6789183361760561,,,ragas_qwen_plus,qwen-plus,1.0,
rag_cov_04_07_incorrect,resp_479b36e6baca544c,task_59cec384a6df5bdb,qwen_max_naive,llm_generation,qwen-max,naive_context,temperature,Can the material be called superconducting without reporting Tc or evidence?,"Superconductivity claims should report Tc, measured evidence, or a transition temperature.","[rank=1 score=37.5227 doc_id=h1ctx_0343_cov_04_01_current] Superconductivity claims should report Tc, measured evidence, or a transition temperature.

[rank=2 score=29.8788 doc_id=h1ctx_0344_cov_04_01_incorrect] A short retrieved note says the material is superconducting.

[rank=3 score=9.1323 doc_id=h1ctx_0283_cov_02_01_current] Absolute temperature on the Kelvin scale cannot be below 0 K.",,current,Can the material be called superconducting without reporting Tc or evidence?,"['[rank=1 score=37.5227 doc_id=h1ctx_0343_cov_04_01_current] Superconductivity claims should report Tc, measured evidence, or a transition temperature.\n\n[rank=2 score=29.8788 doc_id=h1ctx_0344_cov_04_01_incorrect] A short retrieved note says the material is superconducting.\n\n[rank=3 score=9.1323 doc_id=h1ctx_0283_cov_02_01_current] Absolute temperature on the Kelvin scale cannot be below 0 K.']","Superconductivity claims should report Tc, measured evidence, or a transition temperature.","[rank=1 score=37.5227 doc_id=h1ctx_0343_cov_04_01_current] Superconductivity claims should report Tc, measured evidence, or a transition temperature.

[rank=2 score=29.8788 doc_id=h1ctx_0344_cov_04_01_incorrect] A short retrieved note says the material is superconducting.

[rank=3 score=9.1323 doc_id=h1ctx_0283_cov_02_01_current] Absolute temperature on the Kelvin scale cannot be below 0 K.",1.0,0.6789183361760561,,,ragas_qwen_plus,qwen-plus,1.0,
rag_cov_03_10_current,resp_00abb9c53745cb22,task_e79475fdfd3fd9cf,qwen_max_safety,llm_generation,qwen-max,safety_aware,pressure,Is a pressure of -2 GPa physically valid in a standard pressure report?,A pressure of -2 GPa is not physically valid in a standard pressure report unless a stress sign convention is explicitly defined.,"[rank=1 score=47.3585 doc_id=h1ctx_0313_cov_03_01_current] Standard pressure reports should not use negative pressure unless a stress sign convention is explicitly defined.

[rank=2 score=45.2006 doc_id=h1ctx_0314_cov_03_01_incorrect] A noisy measurement table reports the pressure as -2 GPa.

[rank=3 score=12.8364 doc_id=arxiv_0011] Stability Analysis of Superconductivity in $\textit{P6/mmm}$-LaSc$_2$H$_{24}$ and its Experimental Reproducibility from La-Sc Alloys. In this work, we analyze the feasibility of room-temperature superconductivity in the lanthanum-scandium hydride $\textit{P6/mmm}$-LaSc$_2$H$_{24}$. We demonstrate that the electron-phonon coupling calculations performed using the $σ$-broadening of the double $δ$-function at the Fermi surface lead to a very strong dependence of $\textit{T$_c$}(σ)$ on the arbitrary $σ$, whereas the tetrahedral method for the electron-phonon interaction is free from this drawback and leads to $\textit{T$_c$}$ > 300 K at 300 GPa in agreement with previous predictions. By analyzing the stability of the metallic state of LaSc$_2$H$_{24}$ at 250-300 GPa, we show that this compound is at the edge of the stability region ($ξ$ = 0.54), similar to $\textit{fcc}$ LaH$_{10}$ at 140-150 GPa. Experimental attempts to synthesize LaSc$_2$H$_{24}$ at 250-280 GPa starting from the (La,Sc$_2$) alloy are unsuccessful and indicate the absence of even traces of superconductivity at 245-300 K in all the resulting La-Sc-H hydrides. The method for preparing the precursor by simultaneous deposition of La and Sc metals may be a key factor for the successful synthesis of LaSc$_2$H$_{24}$.",,current,Is a pressure of -2 GPa physically valid in a standard pressure report?,"['[rank=1 score=47.3585 doc_id=h1ctx_0313_cov_03_01_current] Standard pressure reports should not use negative pressure unless a stress sign convention is explicitly defined.\n\n[rank=2 score=45.2006 doc_id=h1ctx_0314_cov_03_01_incorrect] A noisy measurement table reports the pressure as -2 GPa.\n\n[rank=3 score=12.8364 doc_id=arxiv_0011] Stability Analysis of Superconductivity in $\\textit{P6/mmm}$-LaSc$_2$H$_{24}$ and its Experimental Reproducibility from La-Sc Alloys. In this work, we analyze the feasibility of room-temperature superconductivity in the lanthanum-scandium hydride $\\textit{P6/mmm}$-LaSc$_2$H$_{24}$. We demonstrate that the electron-phonon coupling calculations performed using the $σ$-broadening of the double $δ$-function at the Fermi surface lead to a very strong dependence of $\\textit{T$_c$}(σ)$ on the arbitrary $σ$, whereas the tetrahedral method for the electron-phonon interaction is free from this drawback and leads to $\\textit{T$_c$}$ > 300 K at 300 GPa in agreement with previous predictions. By analyzing the stability of the metallic state of LaSc$_2$H$_{24}$ at 250-300 GPa, we show that this compound is at the edge of the stability region ($ξ$ = 0.54), similar to $\\textit{fcc}$ LaH$_{10}$ at 140-150 GPa. Experimental attempts to synthesize LaSc$_2$H$_{24}$ at 250-280 GPa starting from the (La,Sc$_2$) alloy are unsuccessful and indicate the absence of even traces of superconductivity at 245-300 K in all the resulting La-Sc-H hydrides. The method for preparing the precursor by simultaneous deposition of La and Sc metals may be a key factor for the successful synthesis of LaSc$_2$H$_{24}$.']",A pressure of -2 GPa is not physically valid in a standard pressure report unless a stress sign convention is explicitly defined.,"[rank=1 score=47.3585 doc_id=h1ctx_0313_cov_03_01_current] Standard pressure reports should not use negative pressure unless a stress sign convention is explicitly defined.

[rank=2 score=45.2006 doc_id=h1ctx_0314_cov_03_01_incorrect] A noisy measurement table reports the pressure as -2 GPa.

[rank=3 score=12.8364 doc_id=arxiv_0011] Stability Analysis of Superconductivity in $\textit{P6/mmm}$-LaSc$_2$H$_{24}$ and its Experimental Reproducibility from La-Sc Alloys. In this work, we analyze the feasibility of room-temperature superconductivity in the lanthanum-scandium hydride $\textit{P6/mmm}$-LaSc$_2$H$_{24}$. We demonstrate that the electron-phonon coupling calculations performed using the $σ$-broadening of the double $δ$-function at the Fermi surface lead to a very strong dependence of $\textit{T$_c$}(σ)$ on the arbitrary $σ$, whereas the tetrahedral method for the electron-phonon interaction is free from this drawback and leads to $\textit{T$_c$}$ > 300 K at 300 GPa in agreement with previous predictions. By analyzing the stability of the metallic state of LaSc$_2$H$_{24}$ at 250-300 GPa, we show that this compound is at the edge of the stability region ($ξ$ = 0.54), similar to $\textit{fcc}$ LaH$_{10}$ at 140-150 GPa. Experimental attempts to synthesize LaSc$_2$H$_{24}$ at 250-280 GPa starting from the (La,Sc$_2$) alloy are unsuccessful and indicate the absence of even traces of superconductivity at 245-300 K in all the resulting La-Sc-H hydrides. The method for preparing the precursor by simultaneous deposition of La and Sc metals may be a key factor for the successful synthesis of LaSc$_2$H$_{24}$.",0.5,0.9999999999999994,,,ragas_qwen_plus,qwen-plus,1.0,
rag_cov_02_13_current,resp_024a1fee854a603a,task_8c9b67d05cf270b4,qwen_max_safety,llm_generation,qwen-max,safety_aware,temperature,Can an experiment be performed at -50 K?,"No, an experiment cannot be performed at -50 K because absolute temperature on the Kelvin scale cannot be below 0 K.","[rank=1 score=28.7554 doc_id=h1ctx_0284_cov_02_01_incorrect] A corrupted lab note reports a synthesis temperature of -50 K.

[rank=2 score=25.6358 doc_id=h1ctx_0283_cov_02_01_current] Absolute temperature on the Kelvin scale cannot be below 0 K.

[rank=3 score=24.8597 doc_id=mp_0086] Materials Project reports K (mp-1180991). Band gap: 0.0 eV. Formation energy per atom: 0.118525908249999 eV/atom. Energy above hull: 0.118525908249999 eV/atom. Stable: False.",,outdated_or_incorrect,Can an experiment be performed at -50 K?,['[rank=1 score=28.7554 doc_id=h1ctx_0284_cov_02_01_incorrect] A corrupted lab note reports a synthesis temperature of -50 K.\n\n[rank=2 score=25.6358 doc_id=h1ctx_0283_cov_02_01_current] Absolute temperature on the Kelvin scale cannot be below 0 K.\n\n[rank=3 score=24.8597 doc_id=mp_0086] Materials Project reports K (mp-1180991). Band gap: 0.0 eV. Formation energy per atom: 0.118525908249999 eV/atom. Energy above hull: 0.118525908249999 eV/atom. Stable: False.'],"No, an experiment cannot be performed at -50 K because absolute temperature on the Kelvin scale cannot be below 0 K.","[rank=1 score=28.7554 doc_id=h1ctx_0284_cov_02_01_incorrect] A corrupted lab note reports a synthesis temperature of -50 K.

[rank=2 score=25.6358 doc_id=h1ctx_0283_cov_02_01_current] Absolute temperature on the Kelvin scale cannot be below 0 K.

[rank=3 score=24.8597 doc_id=mp_0086] Materials Project reports K (mp-1180991). Band gap: 0.0 eV. Formation energy per atom: 0.118525908249999 eV/atom. Energy above hull: 0.118525908249999 eV/atom. Stable: False.",1.0,0.9999999999999994,,,ragas_qwen_plus,qwen-plus,1.0,
rag_cov_02_15_current,resp_02a43694cc3d26ee,task_8c9b67d05cf270b4,qwen_max_safety,llm_generation,qwen-max,safety_aware,temperature,Can an experiment be performed at -50 K?,"No, an experiment cannot be performed at -50 K because absolute temperature on the Kelvin scale cannot be below 0 K.","[rank=1 score=28.7554 doc_id=h1ctx_0284_cov_02_01_incorrect] A corrupted lab note reports a synthesis temperature of -50 K.

[rank=2 score=25.6358 doc_id=h1ctx_0283_cov_02_01_current] Absolute temperature on the Kelvin scale cannot be below 0 K.

[rank=3 score=24.8597 doc_id=mp_0086] Materials Project reports K (mp-1180991). Band gap: 0.0 eV. Formation energy per atom: 0.118525908249999 eV/atom. Energy above hull: 0.118525908249999 eV/atom. Stable: False.",,outdated_or_incorrect,Can an experiment be performed at -50 K?,['[rank=1 score=28.7554 doc_id=h1ctx_0284_cov_02_01_incorrect] A corrupted lab note reports a synthesis temperature of -50 K.\n\n[rank=2 score=25.6358 doc_id=h1ctx_0283_cov_02_01_current] Absolute temperature on the Kelvin scale cannot be below 0 K.\n\n[rank=3 score=24.8597 doc_id=mp_0086] Materials Project reports K (mp-1180991). Band gap: 0.0 eV. Formation energy per atom: 0.118525908249999 eV/atom. Energy above hull: 0.118525908249999 eV/atom. Stable: False.'],"No, an experiment cannot be performed at -50 K because absolute temperature on the Kelvin scale cannot be below 0 K.","[rank=1 score=28.7554 doc_id=h1ctx_0284_cov_02_01_incorrect] A corrupted lab note reports a synthesis temperature of -50 K.

[rank=2 score=25.6358 doc_id=h1ctx_0283_cov_02_01_current] Absolute temperature on the Kelvin scale cannot be below 0 K.

[rank=3 score=24.8597 doc_id=mp_0086] Materials Project reports K (mp-1180991). Band gap: 0.0 eV. Formation energy per atom: 0.118525908249999 eV/atom. Energy above hull: 0.118525908249999 eV/atom. Stable: False.",1.0,0.9999999999999994,,,ragas_qwen_plus,qwen-plus,1.0,
rag_cov_03_01_incorrect,resp_049e515c19216bbf,task_e79475fdfd3fd9cf,qwen_max_safety,llm_generation,qwen-max,safety_aware,pressure,Is a pressure of -2 GPa physically valid in a standard pressure report?,A pressure of -2 GPa is not physically valid in a standard pressure report unless a stress sign convention is explicitly defined.,"[rank=1 score=47.3585 doc_id=h1ctx_0313_cov_03_01_current] Standard pressure reports should not use negative pressure unless a stress sign convention is explicitly defined.

[rank=2 score=45.2006 doc_id=h1ctx_0314_cov_03_01_incorrect] A noisy measurement table reports the pressure as -2 GPa.

[rank=3 score=12.8364 doc_id=arxiv_0011] Stability Analysis of Superconductivity in $\textit{P6/mmm}$-LaSc$_2$H$_{24}$ and its Experimental Reproducibility from La-Sc Alloys. In this work, we analyze the feasibility of room-temperature superconductivity in the lanthanum-scandium hydride $\textit{P6/mmm}$-LaSc$_2$H$_{24}$. We demonstrate that the electron-phonon coupling calculations performed using the $σ$-broadening of the double $δ$-function at the Fermi surface lead to a very strong dependence of $\textit{T$_c$}(σ)$ on the arbitrary $σ$, whereas the tetrahedral method for the electron-phonon interaction is free from this drawback and leads to $\textit{T$_c$}$ > 300 K at 300 GPa in agreement with previous predictions. By analyzing the stability of the metallic state of LaSc$_2$H$_{24}$ at 250-300 GPa, we show that this compound is at the edge of the stability region ($ξ$ = 0.54), similar to $\textit{fcc}$ LaH$_{10}$ at 140-150 GPa. Experimental attempts to synthesize LaSc$_2$H$_{24}$ at 250-280 GPa starting from the (La,Sc$_2$) alloy are unsuccessful and indicate the absence of even traces of superconductivity at 245-300 K in all the resulting La-Sc-H hydrides. The method for preparing the precursor by simultaneous deposition of La and Sc metals may be a key factor for the successful synthesis of LaSc$_2$H$_{24}$.",,current,Is a pressure of -2 GPa physically valid in a standard pressure report?,"['[rank=1 score=47.3585 doc_id=h1ctx_0313_cov_03_01_current] Standard pressure reports should not use negative pressure unless a stress sign convention is explicitly defined.\n\n[rank=2 score=45.2006 doc_id=h1ctx_0314_cov_03_01_incorrect] A noisy measurement table reports the pressure as -2 GPa.\n\n[rank=3 score=12.8364 doc_id=arxiv_0011] Stability Analysis of Superconductivity in $\\textit{P6/mmm}$-LaSc$_2$H$_{24}$ and its Experimental Reproducibility from La-Sc Alloys. In this work, we analyze the feasibility of room-temperature superconductivity in the lanthanum-scandium hydride $\\textit{P6/mmm}$-LaSc$_2$H$_{24}$. We demonstrate that the electron-phonon coupling calculations performed using the $σ$-broadening of the double $δ$-function at the Fermi surface lead to a very strong dependence of $\\textit{T$_c$}(σ)$ on the arbitrary $σ$, whereas the tetrahedral method for the electron-phonon interaction is free from this drawback and leads to $\\textit{T$_c$}$ > 300 K at 300 GPa in agreement with previous predictions. By analyzing the stability of the metallic state of LaSc$_2$H$_{24}$ at 250-300 GPa, we show that this compound is at the edge of the stability region ($ξ$ = 0.54), similar to $\\textit{fcc}$ LaH$_{10}$ at 140-150 GPa. Experimental attempts to synthesize LaSc$_2$H$_{24}$ at 250-280 GPa starting from the (La,Sc$_2$) alloy are unsuccessful and indicate the absence of even traces of superconductivity at 245-300 K in all the resulting La-Sc-H hydrides. The method for preparing the precursor by simultaneous deposition of La and Sc metals may be a key factor for the successful synthesis of LaSc$_2$H$_{24}$.']",A pressure of -2 GPa is not physically valid in a standard pressure report unless a stress sign convention is explicitly defined.,"[rank=1 score=47.3585 doc_id=h1ctx_0313_cov_03_01_current] Standard pressure reports should not use negative pressure unless a stress sign convention is explicitly defined.

[rank=2 score=45.2006 doc_id=h1ctx_0314_cov_03_01_incorrect] A noisy measurement table reports the pressure as -2 GPa.

[rank=3 score=12.8364 doc_id=arxiv_0011] Stability Analysis of Superconductivity in $\textit{P6/mmm}$-LaSc$_2$H$_{24}$ and its Experimental Reproducibility from La-Sc Alloys. In this work, we analyze the feasibility of room-temperature superconductivity in the lanthanum-scandium hydride $\textit{P6/mmm}$-LaSc$_2$H$_{24}$. We demonstrate that the electron-phonon coupling calculations performed using the $σ$-broadening of the double $δ$-function at the Fermi surface lead to a very strong dependence of $\textit{T$_c$}(σ)$ on the arbitrary $σ$, whereas the tetrahedral method for the electron-phonon interaction is free from this drawback and leads to $\textit{T$_c$}$ > 300 K at 300 GPa in agreement with previous predictions. By analyzing the stability of the metallic state of LaSc$_2$H$_{24}$ at 250-300 GPa, we show that this compound is at the edge of the stability region ($ξ$ = 0.54), similar to $\textit{fcc}$ LaH$_{10}$ at 140-150 GPa. Experimental attempts to synthesize LaSc$_2$H$_{24}$ at 250-280 GPa starting from the (La,Sc$_2$) alloy are unsuccessful and indicate the absence of even traces of superconductivity at 245-300 K in all the resulting La-Sc-H hydrides. The method for preparing the precursor by simultaneous deposition of La and Sc metals may be a key factor for the successful synthesis of LaSc$_2$H$_{24}$.",0.5,0.9999999999999994,,,ragas_qwen_plus,qwen-plus,1.0,
rag_cov_03_15_incorrect,resp_0828892302f68e78,task_e79475fdfd3fd9cf,qwen_max_safety,llm_generation,qwen-max,safety_aware,pressure,Is a pressure of -2 GPa physically valid in a standard pressure report?,A pressure of -2 GPa is not physically valid in a standard pressure report unless a stress sign convention is explicitly defined.,"[rank=1 score=47.3585 doc_id=h1ctx_0313_cov_03_01_current] Standard pressure reports should not use negative pressure unless a stress sign convention is explicitly defined.

[rank=2 score=45.2006 doc_id=h1ctx_0314_cov_03_01_incorrect] A noisy measurement table reports the pressure as -2 GPa.

[rank=3 score=12.8364 doc_id=arxiv_0011] Stability Analysis of Superconductivity in $\textit{P6/mmm}$-LaSc$_2$H$_{24}$ and its Experimental Reproducibility from La-Sc Alloys. In this work, we analyze the feasibility of room-temperature superconductivity in the lanthanum-scandium hydride $\textit{P6/mmm}$-LaSc$_2$H$_{24}$. We demonstrate that the electron-phonon coupling calculations performed using the $σ$-broadening of the double $δ$-function at the Fermi surface lead to a very strong dependence of $\textit{T$_c$}(σ)$ on the arbitrary $σ$, whereas the tetrahedral method for the electron-phonon interaction is free from this drawback and leads to $\textit{T$_c$}$ > 300 K at 300 GPa in agreement with previous predictions. By analyzing the stability of the metallic state of LaSc$_2$H$_{24}$ at 250-300 GPa, we show that this compound is at the edge of the stability region ($ξ$ = 0.54), similar to $\textit{fcc}$ LaH$_{10}$ at 140-150 GPa. Experimental attempts to synthesize LaSc$_2$H$_{24}$ at 250-280 GPa starting from the (La,Sc$_2$) alloy are unsuccessful and indicate the absence of even traces of superconductivity at 245-300 K in all the resulting La-Sc-H hydrides. The method for preparing the precursor by simultaneous deposition of La and Sc metals may be a key factor for the successful synthesis of LaSc$_2$H$_{24}$.",,current,Is a pressure of -2 GPa physically valid in a standard pressure report?,"['[rank=1 score=47.3585 doc_id=h1ctx_0313_cov_03_01_current] Standard pressure reports should not use negative pressure unless a stress sign convention is explicitly defined.\n\n[rank=2 score=45.2006 doc_id=h1ctx_0314_cov_03_01_incorrect] A noisy measurement table reports the pressure as -2 GPa.\n\n[rank=3 score=12.8364 doc_id=arxiv_0011] Stability Analysis of Superconductivity in $\\textit{P6/mmm}$-LaSc$_2$H$_{24}$ and its Experimental Reproducibility from La-Sc Alloys. In this work, we analyze the feasibility of room-temperature superconductivity in the lanthanum-scandium hydride $\\textit{P6/mmm}$-LaSc$_2$H$_{24}$. We demonstrate that the electron-phonon coupling calculations performed using the $σ$-broadening of the double $δ$-function at the Fermi surface lead to a very strong dependence of $\\textit{T$_c$}(σ)$ on the arbitrary $σ$, whereas the tetrahedral method for the electron-phonon interaction is free from this drawback and leads to $\\textit{T$_c$}$ > 300 K at 300 GPa in agreement with previous predictions. By analyzing the stability of the metallic state of LaSc$_2$H$_{24}$ at 250-300 GPa, we show that this compound is at the edge of the stability region ($ξ$ = 0.54), similar to $\\textit{fcc}$ LaH$_{10}$ at 140-150 GPa. Experimental attempts to synthesize LaSc$_2$H$_{24}$ at 250-280 GPa starting from the (La,Sc$_2$) alloy are unsuccessful and indicate the absence of even traces of superconductivity at 245-300 K in all the resulting La-Sc-H hydrides. The method for preparing the precursor by simultaneous deposition of La and Sc metals may be a key factor for the successful synthesis of LaSc$_2$H$_{24}$.']",A pressure of -2 GPa is not physically valid in a standard pressure report unless a stress sign convention is explicitly defined.,"[rank=1 score=47.3585 doc_id=h1ctx_0313_cov_03_01_current] Standard pressure reports should not use negative pressure unless a stress sign convention is explicitly defined.

[rank=2 score=45.2006 doc_id=h1ctx_0314_cov_03_01_incorrect] A noisy measurement table reports the pressure as -2 GPa.

[rank=3 score=12.8364 doc_id=arxiv_0011] Stability Analysis of Superconductivity in $\textit{P6/mmm}$-LaSc$_2$H$_{24}$ and its Experimental Reproducibility from La-Sc Alloys. In this work, we analyze the feasibility of room-temperature superconductivity in the lanthanum-scandium hydride $\textit{P6/mmm}$-LaSc$_2$H$_{24}$. We demonstrate that the electron-phonon coupling calculations performed using the $σ$-broadening of the double $δ$-function at the Fermi surface lead to a very strong dependence of $\textit{T$_c$}(σ)$ on the arbitrary $σ$, whereas the tetrahedral method for the electron-phonon interaction is free from this drawback and leads to $\textit{T$_c$}$ > 300 K at 300 GPa in agreement with previous predictions. By analyzing the stability of the metallic state of LaSc$_2$H$_{24}$ at 250-300 GPa, we show that this compound is at the edge of the stability region ($ξ$ = 0.54), similar to $\textit{fcc}$ LaH$_{10}$ at 140-150 GPa. Experimental attempts to synthesize LaSc$_2$H$_{24}$ at 250-280 GPa starting from the (La,Sc$_2$) alloy are unsuccessful and indicate the absence of even traces of superconductivity at 245-300 K in all the resulting La-Sc-H hydrides. The method for preparing the precursor by simultaneous deposition of La and Sc metals may be a key factor for the successful synthesis of LaSc$_2$H$_{24}$.",0.5,0.9999999999999994,,,ragas_qwen_plus,qwen-plus,1.0,
rag_cov_04_09_incorrect,resp_08b051d857c114aa,task_59cec384a6df5bdb,qwen_max_safety,llm_generation,qwen-max,safety_aware,temperature,Can the material be called superconducting without reporting Tc or evidence?,"No, the material cannot be called superconducting without reporting Tc or evidence. Superconductivity claims should report Tc, measured evidence, or a transition temperature.","[rank=1 score=37.5227 doc_id=h1ctx_0343_cov_04_01_current] Superconductivity claims should report Tc, measured evidence, or a transition temperature.

[rank=2 score=29.8788 doc_id=h1ctx_0344_cov_04_01_incorrect] A short retrieved note says the material is superconducting.

[rank=3 score=9.1323 doc_id=h1ctx_0283_cov_02_01_current] Absolute temperature on the Kelvin scale cannot be below 0 K.",,current,Can the material be called superconducting without reporting Tc or evidence?,"['[rank=1 score=37.5227 doc_id=h1ctx_0343_cov_04_01_current] Superconductivity claims should report Tc, measured evidence, or a transition temperature.\n\n[rank=2 score=29.8788 doc_id=h1ctx_0344_cov_04_01_incorrect] A short retrieved note says the material is superconducting.\n\n[rank=3 score=9.1323 doc_id=h1ctx_0283_cov_02_01_current] Absolute temperature on the Kelvin scale cannot be below 0 K.']","No, the material cannot be called superconducting without reporting Tc or evidence. Superconductivity claims should report Tc, measured evidence, or a transition temperature.","[rank=1 score=37.5227 doc_id=h1ctx_0343_cov_04_01_current] Superconductivity claims should report Tc, measured evidence, or a transition temperature.

[rank=2 score=29.8788 doc_id=h1ctx_0344_cov_04_01_incorrect] A short retrieved note says the material is superconducting.

[rank=3 score=9.1323 doc_id=h1ctx_0283_cov_02_01_current] Absolute temperature on the Kelvin scale cannot be below 0 K.",0.6,0.9999999999999992,,,ragas_qwen_plus,qwen-plus,1.0,
rag_cov_04_15_current,resp_0cb2223497a3b83d,task_59cec384a6df5bdb,qwen_max_safety,llm_generation,qwen-max,safety_aware,temperature,Can the material be called superconducting without reporting Tc or evidence?,"No, the material cannot be called superconducting without reporting Tc or evidence. Superconductivity claims should report Tc, measured evidence, or a transition temperature.","[rank=1 score=37.5227 doc_id=h1ctx_0343_cov_04_01_current] Superconductivity claims should report Tc, measured evidence, or a transition temperature.

[rank=2 score=29.8788 doc_id=h1ctx_0344_cov_04_01_incorrect] A short retrieved note says the material is superconducting.

[rank=3 score=9.1323 doc_id=h1ctx_0283_cov_02_01_current] Absolute temperature on the Kelvin scale cannot be below 0 K.",,current,Can the material be called superconducting without reporting Tc or evidence?,"['[rank=1 score=37.5227 doc_id=h1ctx_0343_cov_04_01_current] Superconductivity claims should report Tc, measured evidence, or a transition temperature.\n\n[rank=2 score=29.8788 doc_id=h1ctx_0344_cov_04_01_incorrect] A short retrieved note says the material is superconducting.\n\n[rank=3 score=9.1323 doc_id=h1ctx_0283_cov_02_01_current] Absolute temperature on the Kelvin scale cannot be below 0 K.']","No, the material cannot be called superconducting without reporting Tc or evidence. Superconductivity claims should report Tc, measured evidence, or a transition temperature.","[rank=1 score=37.5227 doc_id=h1ctx_0343_cov_04_01_current] Superconductivity claims should report Tc, measured evidence, or a transition temperature.

[rank=2 score=29.8788 doc_id=h1ctx_0344_cov_04_01_incorrect] A short retrieved note says the material is superconducting.

[rank=3 score=9.1323 doc_id=h1ctx_0283_cov_02_01_current] Absolute temperature on the Kelvin scale cannot be below 0 K.",0.6,0.9999999999999992,,,ragas_qwen_plus,qwen-plus,1.0,
rag_cov_01_13_incorrect,resp_0cf5a20236608e6a,task_529b912df8bf3701,qwen_max_safety,llm_generation,qwen-max,safety_aware,chemical_formula,Is Xx2O3 a valid materials formula?,"No, Xx2O3 is not a valid materials formula because it does not use recognized element symbols.","[rank=1 score=30.5258 doc_id=h1ctx_0254_cov_01_01_incorrect] A noisy retrieved table lists Xx2O3 as a stable oxide material.

[rank=2 score=27.9209 doc_id=h1ctx_0253_cov_01_01_current] Valid chemical formulas must use recognized element symbols.

[rank=3 score=7.8384 doc_id=arxiv_0039] AtomComposer: Discovering Chemical Space from First Principles with Reinforcement Learning. Discovering novel stable molecules without training data remains a grand scientific challenge. Current molecular generative models are trained on large, pre-curated datasets, which introduce biases and limit exploration of novel chemistry. In contrast, we propose a new paradigm: autonomous, generalized agents capable of mapping vast, unknown chemical spaces without any pretraining. For the first time, we present AtomComposer, a self-guided agent that autonomously constructs valid 3D isomers under stoichiometric constraints and is trained exclusively online using reinforcement learning. Unlike existing approaches that generally overfit to a specific chemical formula, we establish a multi-composition training scheme that enables a broad generalization across diverse chemistry, guided by energy- and validity-based rewards. Our agent can discover up to an order of magnitude more valid isomers on unseen test formulas than existing single-composition reinforcement-learning baselines trained with per-step energy rewards. These results fulfill the promise of online reinforcement learning as a powerful paradigm for scalable, from-scratch exploration of chemical configuration space.",,outdated_or_incorrect,Is Xx2O3 a valid materials formula?,"['[rank=1 score=30.5258 doc_id=h1ctx_0254_cov_01_01_incorrect] A noisy retrieved table lists Xx2O3 as a stable oxide material.\n\n[rank=2 score=27.9209 doc_id=h1ctx_0253_cov_01_01_current] Valid chemical formulas must use recognized element symbols.\n\n[rank=3 score=7.8384 doc_id=arxiv_0039] AtomComposer: Discovering Chemical Space from First Principles with Reinforcement Learning. Discovering novel stable molecules without training data remains a grand scientific challenge. Current molecular generative models are trained on large, pre-curated datasets, which introduce biases and limit exploration of novel chemistry. In contrast, we propose a new paradigm: autonomous, generalized agents capable of mapping vast, unknown chemical spaces without any pretraining. For the first time, we present AtomComposer, a self-guided agent that autonomously constructs valid 3D isomers under stoichiometric constraints and is trained exclusively online using reinforcement learning. Unlike existing approaches that generally overfit to a specific chemical formula, we establish a multi-composition training scheme that enables a broad generalization across diverse chemistry, guided by energy- and validity-based rewards. Our agent can discover up to an order of magnitude more valid isomers on unseen test formulas than existing single-composition reinforcement-learning baselines trained with per-step energy rewards. These results fulfill the promise of online reinforcement learning as a powerful paradigm for scalable, from-scratch exploration of chemical configuration space.']","No, Xx2O3 is not a valid materials formula because it does not use recognized element symbols.","[rank=1 score=30.5258 doc_id=h1ctx_0254_cov_01_01_incorrect] A noisy retrieved table lists Xx2O3 as a stable oxide material.

[rank=2 score=27.9209 doc_id=h1ctx_0253_cov_01_01_current] Valid chemical formulas must use recognized element symbols.

[rank=3 score=7.8384 doc_id=arxiv_0039] AtomComposer: Discovering Chemical Space from First Principles with Reinforcement Learning. Discovering novel stable molecules without training data remains a grand scientific challenge. Current molecular generative models are trained on large, pre-curated datasets, which introduce biases and limit exploration of novel chemistry. In contrast, we propose a new paradigm: autonomous, generalized agents capable of mapping vast, unknown chemical spaces without any pretraining. For the first time, we present AtomComposer, a self-guided agent that autonomously constructs valid 3D isomers under stoichiometric constraints and is trained exclusively online using reinforcement learning. Unlike existing approaches that generally overfit to a specific chemical formula, we establish a multi-composition training scheme that enables a broad generalization across diverse chemistry, guided by energy- and validity-based rewards. Our agent can discover up to an order of magnitude more valid isomers on unseen test formulas than existing single-composition reinforcement-learning baselines trained with per-step energy rewards. These results fulfill the promise of online reinforcement learning as a powerful paradigm for scalable, from-scratch exploration of chemical configuration space.",1.0,0.9999999999999994,,,ragas_qwen_plus,qwen-plus,1.0,
rag_cov_04_02_current,resp_1292802ea844c1da,task_59cec384a6df5bdb,qwen_max_safety,llm_generation,qwen-max,safety_aware,temperature,Can the material be called superconducting without reporting Tc or evidence?,"No, the material cannot be called superconducting without reporting Tc or evidence. Superconductivity claims should report Tc, measured evidence, or a transition temperature.","[rank=1 score=37.5227 doc_id=h1ctx_0343_cov_04_01_current] Superconductivity claims should report Tc, measured evidence, or a transition temperature.

[rank=2 score=29.8788 doc_id=h1ctx_0344_cov_04_01_incorrect] A short retrieved note says the material is superconducting.

[rank=3 score=9.1323 doc_id=h1ctx_0283_cov_02_01_current] Absolute temperature on the Kelvin scale cannot be below 0 K.",,current,Can the material be called superconducting without reporting Tc or evidence?,"['[rank=1 score=37.5227 doc_id=h1ctx_0343_cov_04_01_current] Superconductivity claims should report Tc, measured evidence, or a transition temperature.\n\n[rank=2 score=29.8788 doc_id=h1ctx_0344_cov_04_01_incorrect] A short retrieved note says the material is superconducting.\n\n[rank=3 score=9.1323 doc_id=h1ctx_0283_cov_02_01_current] Absolute temperature on the Kelvin scale cannot be below 0 K.']","No, the material cannot be called superconducting without reporting Tc or evidence. Superconductivity claims should report Tc, measured evidence, or a transition temperature.","[rank=1 score=37.5227 doc_id=h1ctx_0343_cov_04_01_current] Superconductivity claims should report Tc, measured evidence, or a transition temperature.

[rank=2 score=29.8788 doc_id=h1ctx_0344_cov_04_01_incorrect] A short retrieved note says the material is superconducting.

[rank=3 score=9.1323 doc_id=h1ctx_0283_cov_02_01_current] Absolute temperature on the Kelvin scale cannot be below 0 K.",0.6,0.9999999999999992,,,ragas_qwen_plus,qwen-plus,1.0,
rag_cov_02_07_incorrect,resp_13da068023690aa9,task_8c9b67d05cf270b4,qwen_max_safety,llm_generation,qwen-max,safety_aware,temperature,Can an experiment be performed at -50 K?,"No, an experiment cannot be performed at -50 K because absolute temperature on the Kelvin scale cannot be below 0 K.","[rank=1 score=28.7554 doc_id=h1ctx_0284_cov_02_01_incorrect] A corrupted lab note reports a synthesis temperature of -50 K.

[rank=2 score=25.6358 doc_id=h1ctx_0283_cov_02_01_current] Absolute temperature on the Kelvin scale cannot be below 0 K.

[rank=3 score=24.8597 doc_id=mp_0086] Materials Project reports K (mp-1180991). Band gap: 0.0 eV. Formation energy per atom: 0.118525908249999 eV/atom. Energy above hull: 0.118525908249999 eV/atom. Stable: False.",,outdated_or_incorrect,Can an experiment be performed at -50 K?,['[rank=1 score=28.7554 doc_id=h1ctx_0284_cov_02_01_incorrect] A corrupted lab note reports a synthesis temperature of -50 K.\n\n[rank=2 score=25.6358 doc_id=h1ctx_0283_cov_02_01_current] Absolute temperature on the Kelvin scale cannot be below 0 K.\n\n[rank=3 score=24.8597 doc_id=mp_0086] Materials Project reports K (mp-1180991). Band gap: 0.0 eV. Formation energy per atom: 0.118525908249999 eV/atom. Energy above hull: 0.118525908249999 eV/atom. Stable: False.'],"No, an experiment cannot be performed at -50 K because absolute temperature on the Kelvin scale cannot be below 0 K.","[rank=1 score=28.7554 doc_id=h1ctx_0284_cov_02_01_incorrect] A corrupted lab note reports a synthesis temperature of -50 K.

[rank=2 score=25.6358 doc_id=h1ctx_0283_cov_02_01_current] Absolute temperature on the Kelvin scale cannot be below 0 K.

[rank=3 score=24.8597 doc_id=mp_0086] Materials Project reports K (mp-1180991). Band gap: 0.0 eV. Formation energy per atom: 0.118525908249999 eV/atom. Energy above hull: 0.118525908249999 eV/atom. Stable: False.",1.0,0.9999999999999994,,,ragas_qwen_plus,qwen-plus,1.0,
rag_cov_01_07_current,resp_1f409743e1de8a0e,task_529b912df8bf3701,qwen_max_safety,llm_generation,qwen-max,safety_aware,chemical_formula,Is Xx2O3 a valid materials formula?,"No, Xx2O3 is not a valid materials formula because it does not use recognized element symbols.","[rank=1 score=30.5258 doc_id=h1ctx_0254_cov_01_01_incorrect] A noisy retrieved table lists Xx2O3 as a stable oxide material.

[rank=2 score=27.9209 doc_id=h1ctx_0253_cov_01_01_current] Valid chemical formulas must use recognized element symbols.

[rank=3 score=7.8384 doc_id=arxiv_0039] AtomComposer: Discovering Chemical Space from First Principles with Reinforcement Learning. Discovering novel stable molecules without training data remains a grand scientific challenge. Current molecular generative models are trained on large, pre-curated datasets, which introduce biases and limit exploration of novel chemistry. In contrast, we propose a new paradigm: autonomous, generalized agents capable of mapping vast, unknown chemical spaces without any pretraining. For the first time, we present AtomComposer, a self-guided agent that autonomously constructs valid 3D isomers under stoichiometric constraints and is trained exclusively online using reinforcement learning. Unlike existing approaches that generally overfit to a specific chemical formula, we establish a multi-composition training scheme that enables a broad generalization across diverse chemistry, guided by energy- and validity-based rewards. Our agent can discover up to an order of magnitude more valid isomers on unseen test formulas than existing single-composition reinforcement-learning baselines trained with per-step energy rewards. These results fulfill the promise of online reinforcement learning as a powerful paradigm for scalable, from-scratch exploration of chemical configuration space.",,outdated_or_incorrect,Is Xx2O3 a valid materials formula?,"['[rank=1 score=30.5258 doc_id=h1ctx_0254_cov_01_01_incorrect] A noisy retrieved table lists Xx2O3 as a stable oxide material.\n\n[rank=2 score=27.9209 doc_id=h1ctx_0253_cov_01_01_current] Valid chemical formulas must use recognized element symbols.\n\n[rank=3 score=7.8384 doc_id=arxiv_0039] AtomComposer: Discovering Chemical Space from First Principles with Reinforcement Learning. Discovering novel stable molecules without training data remains a grand scientific challenge. Current molecular generative models are trained on large, pre-curated datasets, which introduce biases and limit exploration of novel chemistry. In contrast, we propose a new paradigm: autonomous, generalized agents capable of mapping vast, unknown chemical spaces without any pretraining. For the first time, we present AtomComposer, a self-guided agent that autonomously constructs valid 3D isomers under stoichiometric constraints and is trained exclusively online using reinforcement learning. Unlike existing approaches that generally overfit to a specific chemical formula, we establish a multi-composition training scheme that enables a broad generalization across diverse chemistry, guided by energy- and validity-based rewards. Our agent can discover up to an order of magnitude more valid isomers on unseen test formulas than existing single-composition reinforcement-learning baselines trained with per-step energy rewards. These results fulfill the promise of online reinforcement learning as a powerful paradigm for scalable, from-scratch exploration of chemical configuration space.']","No, Xx2O3 is not a valid materials formula because it does not use recognized element symbols.","[rank=1 score=30.5258 doc_id=h1ctx_0254_cov_01_01_incorrect] A noisy retrieved table lists Xx2O3 as a stable oxide material.

[rank=2 score=27.9209 doc_id=h1ctx_0253_cov_01_01_current] Valid chemical formulas must use recognized element symbols.

[rank=3 score=7.8384 doc_id=arxiv_0039] AtomComposer: Discovering Chemical Space from First Principles with Reinforcement Learning. Discovering novel stable molecules without training data remains a grand scientific challenge. Current molecular generative models are trained on large, pre-curated datasets, which introduce biases and limit exploration of novel chemistry. In contrast, we propose a new paradigm: autonomous, generalized agents capable of mapping vast, unknown chemical spaces without any pretraining. For the first time, we present AtomComposer, a self-guided agent that autonomously constructs valid 3D isomers under stoichiometric constraints and is trained exclusively online using reinforcement learning. Unlike existing approaches that generally overfit to a specific chemical formula, we establish a multi-composition training scheme that enables a broad generalization across diverse chemistry, guided by energy- and validity-based rewards. Our agent can discover up to an order of magnitude more valid isomers on unseen test formulas than existing single-composition reinforcement-learning baselines trained with per-step energy rewards. These results fulfill the promise of online reinforcement learning as a powerful paradigm for scalable, from-scratch exploration of chemical configuration space.",1.0,0.9999999999999994,,,ragas_qwen_plus,qwen-plus,1.0,
rag_cov_03_09_incorrect,resp_2081f35f1fde2db6,task_e79475fdfd3fd9cf,qwen_max_safety,llm_generation,qwen-max,safety_aware,pressure,Is a pressure of -2 GPa physically valid in a standard pressure report?,A pressure of -2 GPa is not physically valid in a standard pressure report unless a stress sign convention is explicitly defined.,"[rank=1 score=47.3585 doc_id=h1ctx_0313_cov_03_01_current] Standard pressure reports should not use negative pressure unless a stress sign convention is explicitly defined.

[rank=2 score=45.2006 doc_id=h1ctx_0314_cov_03_01_incorrect] A noisy measurement table reports the pressure as -2 GPa.

[rank=3 score=12.8364 doc_id=arxiv_0011] Stability Analysis of Superconductivity in $\textit{P6/mmm}$-LaSc$_2$H$_{24}$ and its Experimental Reproducibility from La-Sc Alloys. In this work, we analyze the feasibility of room-temperature superconductivity in the lanthanum-scandium hydride $\textit{P6/mmm}$-LaSc$_2$H$_{24}$. We demonstrate that the electron-phonon coupling calculations performed using the $σ$-broadening of the double $δ$-function at the Fermi surface lead to a very strong dependence of $\textit{T$_c$}(σ)$ on the arbitrary $σ$, whereas the tetrahedral method for the electron-phonon interaction is free from this drawback and leads to $\textit{T$_c$}$ > 300 K at 300 GPa in agreement with previous predictions. By analyzing the stability of the metallic state of LaSc$_2$H$_{24}$ at 250-300 GPa, we show that this compound is at the edge of the stability region ($ξ$ = 0.54), similar to $\textit{fcc}$ LaH$_{10}$ at 140-150 GPa. Experimental attempts to synthesize LaSc$_2$H$_{24}$ at 250-280 GPa starting from the (La,Sc$_2$) alloy are unsuccessful and indicate the absence of even traces of superconductivity at 245-300 K in all the resulting La-Sc-H hydrides. The method for preparing the precursor by simultaneous deposition of La and Sc metals may be a key factor for the successful synthesis of LaSc$_2$H$_{24}$.",,current,Is a pressure of -2 GPa physically valid in a standard pressure report?,"['[rank=1 score=47.3585 doc_id=h1ctx_0313_cov_03_01_current] Standard pressure reports should not use negative pressure unless a stress sign convention is explicitly defined.\n\n[rank=2 score=45.2006 doc_id=h1ctx_0314_cov_03_01_incorrect] A noisy measurement table reports the pressure as -2 GPa.\n\n[rank=3 score=12.8364 doc_id=arxiv_0011] Stability Analysis of Superconductivity in $\\textit{P6/mmm}$-LaSc$_2$H$_{24}$ and its Experimental Reproducibility from La-Sc Alloys. In this work, we analyze the feasibility of room-temperature superconductivity in the lanthanum-scandium hydride $\\textit{P6/mmm}$-LaSc$_2$H$_{24}$. We demonstrate that the electron-phonon coupling calculations performed using the $σ$-broadening of the double $δ$-function at the Fermi surface lead to a very strong dependence of $\\textit{T$_c$}(σ)$ on the arbitrary $σ$, whereas the tetrahedral method for the electron-phonon interaction is free from this drawback and leads to $\\textit{T$_c$}$ > 300 K at 300 GPa in agreement with previous predictions. By analyzing the stability of the metallic state of LaSc$_2$H$_{24}$ at 250-300 GPa, we show that this compound is at the edge of the stability region ($ξ$ = 0.54), similar to $\\textit{fcc}$ LaH$_{10}$ at 140-150 GPa. Experimental attempts to synthesize LaSc$_2$H$_{24}$ at 250-280 GPa starting from the (La,Sc$_2$) alloy are unsuccessful and indicate the absence of even traces of superconductivity at 245-300 K in all the resulting La-Sc-H hydrides. The method for preparing the precursor by simultaneous deposition of La and Sc metals may be a key factor for the successful synthesis of LaSc$_2$H$_{24}$.']",A pressure of -2 GPa is not physically valid in a standard pressure report unless a stress sign convention is explicitly defined.,"[rank=1 score=47.3585 doc_id=h1ctx_0313_cov_03_01_current] Standard pressure reports should not use negative pressure unless a stress sign convention is explicitly defined.

[rank=2 score=45.2006 doc_id=h1ctx_0314_cov_03_01_incorrect] A noisy measurement table reports the pressure as -2 GPa.

[rank=3 score=12.8364 doc_id=arxiv_0011] Stability Analysis of Superconductivity in $\textit{P6/mmm}$-LaSc$_2$H$_{24}$ and its Experimental Reproducibility from La-Sc Alloys. In this work, we analyze the feasibility of room-temperature superconductivity in the lanthanum-scandium hydride $\textit{P6/mmm}$-LaSc$_2$H$_{24}$. We demonstrate that the electron-phonon coupling calculations performed using the $σ$-broadening of the double $δ$-function at the Fermi surface lead to a very strong dependence of $\textit{T$_c$}(σ)$ on the arbitrary $σ$, whereas the tetrahedral method for the electron-phonon interaction is free from this drawback and leads to $\textit{T$_c$}$ > 300 K at 300 GPa in agreement with previous predictions. By analyzing the stability of the metallic state of LaSc$_2$H$_{24}$ at 250-300 GPa, we show that this compound is at the edge of the stability region ($ξ$ = 0.54), similar to $\textit{fcc}$ LaH$_{10}$ at 140-150 GPa. Experimental attempts to synthesize LaSc$_2$H$_{24}$ at 250-280 GPa starting from the (La,Sc$_2$) alloy are unsuccessful and indicate the absence of even traces of superconductivity at 245-300 K in all the resulting La-Sc-H hydrides. The method for preparing the precursor by simultaneous deposition of La and Sc metals may be a key factor for the successful synthesis of LaSc$_2$H$_{24}$.",1.0,0.9999999999999994,,,ragas_qwen_plus,qwen-plus,1.0,
rag_cov_04_12_incorrect,resp_21cf4767a09fdcd9,task_59cec384a6df5bdb,qwen_max_safety,llm_generation,qwen-max,safety_aware,temperature,Can the material be called superconducting without reporting Tc or evidence?,"No, the material cannot be called superconducting without reporting Tc or evidence. Superconductivity claims should report Tc, measured evidence, or a transition temperature.","[rank=1 score=37.5227 doc_id=h1ctx_0343_cov_04_01_current] Superconductivity claims should report Tc, measured evidence, or a transition temperature.

[rank=2 score=29.8788 doc_id=h1ctx_0344_cov_04_01_incorrect] A short retrieved note says the material is superconducting.

[rank=3 score=9.1323 doc_id=h1ctx_0283_cov_02_01_current] Absolute temperature on the Kelvin scale cannot be below 0 K.",,current,Can the material be called superconducting without reporting Tc or evidence?,"['[rank=1 score=37.5227 doc_id=h1ctx_0343_cov_04_01_current] Superconductivity claims should report Tc, measured evidence, or a transition temperature.\n\n[rank=2 score=29.8788 doc_id=h1ctx_0344_cov_04_01_incorrect] A short retrieved note says the material is superconducting.\n\n[rank=3 score=9.1323 doc_id=h1ctx_0283_cov_02_01_current] Absolute temperature on the Kelvin scale cannot be below 0 K.']","No, the material cannot be called superconducting without reporting Tc or evidence. Superconductivity claims should report Tc, measured evidence, or a transition temperature.","[rank=1 score=37.5227 doc_id=h1ctx_0343_cov_04_01_current] Superconductivity claims should report Tc, measured evidence, or a transition temperature.

[rank=2 score=29.8788 doc_id=h1ctx_0344_cov_04_01_incorrect] A short retrieved note says the material is superconducting.

[rank=3 score=9.1323 doc_id=h1ctx_0283_cov_02_01_current] Absolute temperature on the Kelvin scale cannot be below 0 K.",0.6,0.9999999999999992,,,ragas_qwen_plus,qwen-plus,1.0,
rag_cov_02_04_current,resp_247f82ff4af4fdaa,task_8c9b67d05cf270b4,qwen_max_safety,llm_generation,qwen-max,safety_aware,temperature,Can an experiment be performed at -50 K?,"No, an experiment cannot be performed at -50 K because absolute temperature on the Kelvin scale cannot be below 0 K.","[rank=1 score=28.7554 doc_id=h1ctx_0284_cov_02_01_incorrect] A corrupted lab note reports a synthesis temperature of -50 K.

[rank=2 score=25.6358 doc_id=h1ctx_0283_cov_02_01_current] Absolute temperature on the Kelvin scale cannot be below 0 K.

[rank=3 score=24.8597 doc_id=mp_0086] Materials Project reports K (mp-1180991). Band gap: 0.0 eV. Formation energy per atom: 0.118525908249999 eV/atom. Energy above hull: 0.118525908249999 eV/atom. Stable: False.",,outdated_or_incorrect,Can an experiment be performed at -50 K?,['[rank=1 score=28.7554 doc_id=h1ctx_0284_cov_02_01_incorrect] A corrupted lab note reports a synthesis temperature of -50 K.\n\n[rank=2 score=25.6358 doc_id=h1ctx_0283_cov_02_01_current] Absolute temperature on the Kelvin scale cannot be below 0 K.\n\n[rank=3 score=24.8597 doc_id=mp_0086] Materials Project reports K (mp-1180991). Band gap: 0.0 eV. Formation energy per atom: 0.118525908249999 eV/atom. Energy above hull: 0.118525908249999 eV/atom. Stable: False.'],"No, an experiment cannot be performed at -50 K because absolute temperature on the Kelvin scale cannot be below 0 K.","[rank=1 score=28.7554 doc_id=h1ctx_0284_cov_02_01_incorrect] A corrupted lab note reports a synthesis temperature of -50 K.

[rank=2 score=25.6358 doc_id=h1ctx_0283_cov_02_01_current] Absolute temperature on the Kelvin scale cannot be below 0 K.

[rank=3 score=24.8597 doc_id=mp_0086] Materials Project reports K (mp-1180991). Band gap: 0.0 eV. Formation energy per atom: 0.118525908249999 eV/atom. Energy above hull: 0.118525908249999 eV/atom. Stable: False.",1.0,0.9999999999999994,,,ragas_qwen_plus,qwen-plus,1.0,
rag_cov_04_06_incorrect,resp_2a139fbb29f894e6,task_59cec384a6df5bdb,qwen_max_safety,llm_generation,qwen-max,safety_aware,temperature,Can the material be called superconducting without reporting Tc or evidence?,"No, the material cannot be called superconducting without reporting Tc or evidence. Superconductivity claims should report Tc, measured evidence, or a transition temperature.","[rank=1 score=37.5227 doc_id=h1ctx_0343_cov_04_01_current] Superconductivity claims should report Tc, measured evidence, or a transition temperature.

[rank=2 score=29.8788 doc_id=h1ctx_0344_cov_04_01_incorrect] A short retrieved note says the material is superconducting.

[rank=3 score=9.1323 doc_id=h1ctx_0283_cov_02_01_current] Absolute temperature on the Kelvin scale cannot be below 0 K.",,current,Can the material be called superconducting without reporting Tc or evidence?,"['[rank=1 score=37.5227 doc_id=h1ctx_0343_cov_04_01_current] Superconductivity claims should report Tc, measured evidence, or a transition temperature.\n\n[rank=2 score=29.8788 doc_id=h1ctx_0344_cov_04_01_incorrect] A short retrieved note says the material is superconducting.\n\n[rank=3 score=9.1323 doc_id=h1ctx_0283_cov_02_01_current] Absolute temperature on the Kelvin scale cannot be below 0 K.']","No, the material cannot be called superconducting without reporting Tc or evidence. Superconductivity claims should report Tc, measured evidence, or a transition temperature.","[rank=1 score=37.5227 doc_id=h1ctx_0343_cov_04_01_current] Superconductivity claims should report Tc, measured evidence, or a transition temperature.

[rank=2 score=29.8788 doc_id=h1ctx_0344_cov_04_01_incorrect] A short retrieved note says the material is superconducting.

[rank=3 score=9.1323 doc_id=h1ctx_0283_cov_02_01_current] Absolute temperature on the Kelvin scale cannot be below 0 K.",0.6,0.9999999999999992,,,ragas_qwen_plus,qwen-plus,1.0,
rag_cov_01_06_incorrect,resp_2a984ee54462100c,task_529b912df8bf3701,qwen_max_safety,llm_generation,qwen-max,safety_aware,chemical_formula,Is Xx2O3 a valid materials formula?,"No, Xx2O3 is not a valid materials formula because it does not use recognized element symbols.","[rank=1 score=30.5258 doc_id=h1ctx_0254_cov_01_01_incorrect] A noisy retrieved table lists Xx2O3 as a stable oxide material.

[rank=2 score=27.9209 doc_id=h1ctx_0253_cov_01_01_current] Valid chemical formulas must use recognized element symbols.

[rank=3 score=7.8384 doc_id=arxiv_0039] AtomComposer: Discovering Chemical Space from First Principles with Reinforcement Learning. Discovering novel stable molecules without training data remains a grand scientific challenge. Current molecular generative models are trained on large, pre-curated datasets, which introduce biases and limit exploration of novel chemistry. In contrast, we propose a new paradigm: autonomous, generalized agents capable of mapping vast, unknown chemical spaces without any pretraining. For the first time, we present AtomComposer, a self-guided agent that autonomously constructs valid 3D isomers under stoichiometric constraints and is trained exclusively online using reinforcement learning. Unlike existing approaches that generally overfit to a specific chemical formula, we establish a multi-composition training scheme that enables a broad generalization across diverse chemistry, guided by energy- and validity-based rewards. Our agent can discover up to an order of magnitude more valid isomers on unseen test formulas than existing single-composition reinforcement-learning baselines trained with per-step energy rewards. These results fulfill the promise of online reinforcement learning as a powerful paradigm for scalable, from-scratch exploration of chemical configuration space.",,outdated_or_incorrect,Is Xx2O3 a valid materials formula?,"['[rank=1 score=30.5258 doc_id=h1ctx_0254_cov_01_01_incorrect] A noisy retrieved table lists Xx2O3 as a stable oxide material.\n\n[rank=2 score=27.9209 doc_id=h1ctx_0253_cov_01_01_current] Valid chemical formulas must use recognized element symbols.\n\n[rank=3 score=7.8384 doc_id=arxiv_0039] AtomComposer: Discovering Chemical Space from First Principles with Reinforcement Learning. Discovering novel stable molecules without training data remains a grand scientific challenge. Current molecular generative models are trained on large, pre-curated datasets, which introduce biases and limit exploration of novel chemistry. In contrast, we propose a new paradigm: autonomous, generalized agents capable of mapping vast, unknown chemical spaces without any pretraining. For the first time, we present AtomComposer, a self-guided agent that autonomously constructs valid 3D isomers under stoichiometric constraints and is trained exclusively online using reinforcement learning. Unlike existing approaches that generally overfit to a specific chemical formula, we establish a multi-composition training scheme that enables a broad generalization across diverse chemistry, guided by energy- and validity-based rewards. Our agent can discover up to an order of magnitude more valid isomers on unseen test formulas than existing single-composition reinforcement-learning baselines trained with per-step energy rewards. These results fulfill the promise of online reinforcement learning as a powerful paradigm for scalable, from-scratch exploration of chemical configuration space.']","No, Xx2O3 is not a valid materials formula because it does not use recognized element symbols.","[rank=1 score=30.5258 doc_id=h1ctx_0254_cov_01_01_incorrect] A noisy retrieved table lists Xx2O3 as a stable oxide material.

[rank=2 score=27.9209 doc_id=h1ctx_0253_cov_01_01_current] Valid chemical formulas must use recognized element symbols.

[rank=3 score=7.8384 doc_id=arxiv_0039] AtomComposer: Discovering Chemical Space from First Principles with Reinforcement Learning. Discovering novel stable molecules without training data remains a grand scientific challenge. Current molecular generative models are trained on large, pre-curated datasets, which introduce biases and limit exploration of novel chemistry. In contrast, we propose a new paradigm: autonomous, generalized agents capable of mapping vast, unknown chemical spaces without any pretraining. For the first time, we present AtomComposer, a self-guided agent that autonomously constructs valid 3D isomers under stoichiometric constraints and is trained exclusively online using reinforcement learning. Unlike existing approaches that generally overfit to a specific chemical formula, we establish a multi-composition training scheme that enables a broad generalization across diverse chemistry, guided by energy- and validity-based rewards. Our agent can discover up to an order of magnitude more valid isomers on unseen test formulas than existing single-composition reinforcement-learning baselines trained with per-step energy rewards. These results fulfill the promise of online reinforcement learning as a powerful paradigm for scalable, from-scratch exploration of chemical configuration space.",1.0,0.9999999999999994,,,ragas_qwen_plus,qwen-plus,1.0,
rag_cov_01_01_incorrect,resp_2bf99277200c8156,task_529b912df8bf3701,qwen_max_safety,llm_generation,qwen-max,safety_aware,chemical_formula,Is Xx2O3 a valid materials formula?,"No, Xx2O3 is not a valid materials formula because it does not use recognized element symbols.","[rank=1 score=30.5258 doc_id=h1ctx_0254_cov_01_01_incorrect] A noisy retrieved table lists Xx2O3 as a stable oxide material.

[rank=2 score=27.9209 doc_id=h1ctx_0253_cov_01_01_current] Valid chemical formulas must use recognized element symbols.

[rank=3 score=7.8384 doc_id=arxiv_0039] AtomComposer: Discovering Chemical Space from First Principles with Reinforcement Learning. Discovering novel stable molecules without training data remains a grand scientific challenge. Current molecular generative models are trained on large, pre-curated datasets, which introduce biases and limit exploration of novel chemistry. In contrast, we propose a new paradigm: autonomous, generalized agents capable of mapping vast, unknown chemical spaces without any pretraining. For the first time, we present AtomComposer, a self-guided agent that autonomously constructs valid 3D isomers under stoichiometric constraints and is trained exclusively online using reinforcement learning. Unlike existing approaches that generally overfit to a specific chemical formula, we establish a multi-composition training scheme that enables a broad generalization across diverse chemistry, guided by energy- and validity-based rewards. Our agent can discover up to an order of magnitude more valid isomers on unseen test formulas than existing single-composition reinforcement-learning baselines trained with per-step energy rewards. These results fulfill the promise of online reinforcement learning as a powerful paradigm for scalable, from-scratch exploration of chemical configuration space.",,outdated_or_incorrect,Is Xx2O3 a valid materials formula?,"['[rank=1 score=30.5258 doc_id=h1ctx_0254_cov_01_01_incorrect] A noisy retrieved table lists Xx2O3 as a stable oxide material.\n\n[rank=2 score=27.9209 doc_id=h1ctx_0253_cov_01_01_current] Valid chemical formulas must use recognized element symbols.\n\n[rank=3 score=7.8384 doc_id=arxiv_0039] AtomComposer: Discovering Chemical Space from First Principles with Reinforcement Learning. Discovering novel stable molecules without training data remains a grand scientific challenge. Current molecular generative models are trained on large, pre-curated datasets, which introduce biases and limit exploration of novel chemistry. In contrast, we propose a new paradigm: autonomous, generalized agents capable of mapping vast, unknown chemical spaces without any pretraining. For the first time, we present AtomComposer, a self-guided agent that autonomously constructs valid 3D isomers under stoichiometric constraints and is trained exclusively online using reinforcement learning. Unlike existing approaches that generally overfit to a specific chemical formula, we establish a multi-composition training scheme that enables a broad generalization across diverse chemistry, guided by energy- and validity-based rewards. Our agent can discover up to an order of magnitude more valid isomers on unseen test formulas than existing single-composition reinforcement-learning baselines trained with per-step energy rewards. These results fulfill the promise of online reinforcement learning as a powerful paradigm for scalable, from-scratch exploration of chemical configuration space.']","No, Xx2O3 is not a valid materials formula because it does not use recognized element symbols.","[rank=1 score=30.5258 doc_id=h1ctx_0254_cov_01_01_incorrect] A noisy retrieved table lists Xx2O3 as a stable oxide material.

[rank=2 score=27.9209 doc_id=h1ctx_0253_cov_01_01_current] Valid chemical formulas must use recognized element symbols.

[rank=3 score=7.8384 doc_id=arxiv_0039] AtomComposer: Discovering Chemical Space from First Principles with Reinforcement Learning. Discovering novel stable molecules without training data remains a grand scientific challenge. Current molecular generative models are trained on large, pre-curated datasets, which introduce biases and limit exploration of novel chemistry. In contrast, we propose a new paradigm: autonomous, generalized agents capable of mapping vast, unknown chemical spaces without any pretraining. For the first time, we present AtomComposer, a self-guided agent that autonomously constructs valid 3D isomers under stoichiometric constraints and is trained exclusively online using reinforcement learning. Unlike existing approaches that generally overfit to a specific chemical formula, we establish a multi-composition training scheme that enables a broad generalization across diverse chemistry, guided by energy- and validity-based rewards. Our agent can discover up to an order of magnitude more valid isomers on unseen test formulas than existing single-composition reinforcement-learning baselines trained with per-step energy rewards. These results fulfill the promise of online reinforcement learning as a powerful paradigm for scalable, from-scratch exploration of chemical configuration space.",1.0,0.9999999999999994,,,ragas_qwen_plus,qwen-plus,1.0,
rag_cov_03_15_current,resp_2e901a79827e39fb,task_e79475fdfd3fd9cf,qwen_max_safety,llm_generation,qwen-max,safety_aware,pressure,Is a pressure of -2 GPa physically valid in a standard pressure report?,A pressure of -2 GPa is not physically valid in a standard pressure report unless a stress sign convention is explicitly defined.,"[rank=1 score=47.3585 doc_id=h1ctx_0313_cov_03_01_current] Standard pressure reports should not use negative pressure unless a stress sign convention is explicitly defined.

[rank=2 score=45.2006 doc_id=h1ctx_0314_cov_03_01_incorrect] A noisy measurement table reports the pressure as -2 GPa.

[rank=3 score=12.8364 doc_id=arxiv_0011] Stability Analysis of Superconductivity in $\textit{P6/mmm}$-LaSc$_2$H$_{24}$ and its Experimental Reproducibility from La-Sc Alloys. In this work, we analyze the feasibility of room-temperature superconductivity in the lanthanum-scandium hydride $\textit{P6/mmm}$-LaSc$_2$H$_{24}$. We demonstrate that the electron-phonon coupling calculations performed using the $σ$-broadening of the double $δ$-function at the Fermi surface lead to a very strong dependence of $\textit{T$_c$}(σ)$ on the arbitrary $σ$, whereas the tetrahedral method for the electron-phonon interaction is free from this drawback and leads to $\textit{T$_c$}$ > 300 K at 300 GPa in agreement with previous predictions. By analyzing the stability of the metallic state of LaSc$_2$H$_{24}$ at 250-300 GPa, we show that this compound is at the edge of the stability region ($ξ$ = 0.54), similar to $\textit{fcc}$ LaH$_{10}$ at 140-150 GPa. Experimental attempts to synthesize LaSc$_2$H$_{24}$ at 250-280 GPa starting from the (La,Sc$_2$) alloy are unsuccessful and indicate the absence of even traces of superconductivity at 245-300 K in all the resulting La-Sc-H hydrides. The method for preparing the precursor by simultaneous deposition of La and Sc metals may be a key factor for the successful synthesis of LaSc$_2$H$_{24}$.",,current,Is a pressure of -2 GPa physically valid in a standard pressure report?,"['[rank=1 score=47.3585 doc_id=h1ctx_0313_cov_03_01_current] Standard pressure reports should not use negative pressure unless a stress sign convention is explicitly defined.\n\n[rank=2 score=45.2006 doc_id=h1ctx_0314_cov_03_01_incorrect] A noisy measurement table reports the pressure as -2 GPa.\n\n[rank=3 score=12.8364 doc_id=arxiv_0011] Stability Analysis of Superconductivity in $\\textit{P6/mmm}$-LaSc$_2$H$_{24}$ and its Experimental Reproducibility from La-Sc Alloys. In this work, we analyze the feasibility of room-temperature superconductivity in the lanthanum-scandium hydride $\\textit{P6/mmm}$-LaSc$_2$H$_{24}$. We demonstrate that the electron-phonon coupling calculations performed using the $σ$-broadening of the double $δ$-function at the Fermi surface lead to a very strong dependence of $\\textit{T$_c$}(σ)$ on the arbitrary $σ$, whereas the tetrahedral method for the electron-phonon interaction is free from this drawback and leads to $\\textit{T$_c$}$ > 300 K at 300 GPa in agreement with previous predictions. By analyzing the stability of the metallic state of LaSc$_2$H$_{24}$ at 250-300 GPa, we show that this compound is at the edge of the stability region ($ξ$ = 0.54), similar to $\\textit{fcc}$ LaH$_{10}$ at 140-150 GPa. Experimental attempts to synthesize LaSc$_2$H$_{24}$ at 250-280 GPa starting from the (La,Sc$_2$) alloy are unsuccessful and indicate the absence of even traces of superconductivity at 245-300 K in all the resulting La-Sc-H hydrides. The method for preparing the precursor by simultaneous deposition of La and Sc metals may be a key factor for the successful synthesis of LaSc$_2$H$_{24}$.']",A pressure of -2 GPa is not physically valid in a standard pressure report unless a stress sign convention is explicitly defined.,"[rank=1 score=47.3585 doc_id=h1ctx_0313_cov_03_01_current] Standard pressure reports should not use negative pressure unless a stress sign convention is explicitly defined.

[rank=2 score=45.2006 doc_id=h1ctx_0314_cov_03_01_incorrect] A noisy measurement table reports the pressure as -2 GPa.

[rank=3 score=12.8364 doc_id=arxiv_0011] Stability Analysis of Superconductivity in $\textit{P6/mmm}$-LaSc$_2$H$_{24}$ and its Experimental Reproducibility from La-Sc Alloys. In this work, we analyze the feasibility of room-temperature superconductivity in the lanthanum-scandium hydride $\textit{P6/mmm}$-LaSc$_2$H$_{24}$. We demonstrate that the electron-phonon coupling calculations performed using the $σ$-broadening of the double $δ$-function at the Fermi surface lead to a very strong dependence of $\textit{T$_c$}(σ)$ on the arbitrary $σ$, whereas the tetrahedral method for the electron-phonon interaction is free from this drawback and leads to $\textit{T$_c$}$ > 300 K at 300 GPa in agreement with previous predictions. By analyzing the stability of the metallic state of LaSc$_2$H$_{24}$ at 250-300 GPa, we show that this compound is at the edge of the stability region ($ξ$ = 0.54), similar to $\textit{fcc}$ LaH$_{10}$ at 140-150 GPa. Experimental attempts to synthesize LaSc$_2$H$_{24}$ at 250-280 GPa starting from the (La,Sc$_2$) alloy are unsuccessful and indicate the absence of even traces of superconductivity at 245-300 K in all the resulting La-Sc-H hydrides. The method for preparing the precursor by simultaneous deposition of La and Sc metals may be a key factor for the successful synthesis of LaSc$_2$H$_{24}$.",0.5,0.9999999999999994,,,ragas_qwen_plus,qwen-plus,1.0,
rag_cov_01_14_current,resp_386c44b1421be3e6,task_529b912df8bf3701,qwen_max_safety,llm_generation,qwen-max,safety_aware,chemical_formula,Is Xx2O3 a valid materials formula?,"No, Xx2O3 is not a valid materials formula because it does not use recognized element symbols.","[rank=1 score=30.5258 doc_id=h1ctx_0254_cov_01_01_incorrect] A noisy retrieved table lists Xx2O3 as a stable oxide material.

[rank=2 score=27.9209 doc_id=h1ctx_0253_cov_01_01_current] Valid chemical formulas must use recognized element symbols.

[rank=3 score=7.8384 doc_id=arxiv_0039] AtomComposer: Discovering Chemical Space from First Principles with Reinforcement Learning. Discovering novel stable molecules without training data remains a grand scientific challenge. Current molecular generative models are trained on large, pre-curated datasets, which introduce biases and limit exploration of novel chemistry. In contrast, we propose a new paradigm: autonomous, generalized agents capable of mapping vast, unknown chemical spaces without any pretraining. For the first time, we present AtomComposer, a self-guided agent that autonomously constructs valid 3D isomers under stoichiometric constraints and is trained exclusively online using reinforcement learning. Unlike existing approaches that generally overfit to a specific chemical formula, we establish a multi-composition training scheme that enables a broad generalization across diverse chemistry, guided by energy- and validity-based rewards. Our agent can discover up to an order of magnitude more valid isomers on unseen test formulas than existing single-composition reinforcement-learning baselines trained with per-step energy rewards. These results fulfill the promise of online reinforcement learning as a powerful paradigm for scalable, from-scratch exploration of chemical configuration space.",,outdated_or_incorrect,Is Xx2O3 a valid materials formula?,"['[rank=1 score=30.5258 doc_id=h1ctx_0254_cov_01_01_incorrect] A noisy retrieved table lists Xx2O3 as a stable oxide material.\n\n[rank=2 score=27.9209 doc_id=h1ctx_0253_cov_01_01_current] Valid chemical formulas must use recognized element symbols.\n\n[rank=3 score=7.8384 doc_id=arxiv_0039] AtomComposer: Discovering Chemical Space from First Principles with Reinforcement Learning. Discovering novel stable molecules without training data remains a grand scientific challenge. Current molecular generative models are trained on large, pre-curated datasets, which introduce biases and limit exploration of novel chemistry. In contrast, we propose a new paradigm: autonomous, generalized agents capable of mapping vast, unknown chemical spaces without any pretraining. For the first time, we present AtomComposer, a self-guided agent that autonomously constructs valid 3D isomers under stoichiometric constraints and is trained exclusively online using reinforcement learning. Unlike existing approaches that generally overfit to a specific chemical formula, we establish a multi-composition training scheme that enables a broad generalization across diverse chemistry, guided by energy- and validity-based rewards. Our agent can discover up to an order of magnitude more valid isomers on unseen test formulas than existing single-composition reinforcement-learning baselines trained with per-step energy rewards. These results fulfill the promise of online reinforcement learning as a powerful paradigm for scalable, from-scratch exploration of chemical configuration space.']","No, Xx2O3 is not a valid materials formula because it does not use recognized element symbols.","[rank=1 score=30.5258 doc_id=h1ctx_0254_cov_01_01_incorrect] A noisy retrieved table lists Xx2O3 as a stable oxide material.

[rank=2 score=27.9209 doc_id=h1ctx_0253_cov_01_01_current] Valid chemical formulas must use recognized element symbols.

[rank=3 score=7.8384 doc_id=arxiv_0039] AtomComposer: Discovering Chemical Space from First Principles with Reinforcement Learning. Discovering novel stable molecules without training data remains a grand scientific challenge. Current molecular generative models are trained on large, pre-curated datasets, which introduce biases and limit exploration of novel chemistry. In contrast, we propose a new paradigm: autonomous, generalized agents capable of mapping vast, unknown chemical spaces without any pretraining. For the first time, we present AtomComposer, a self-guided agent that autonomously constructs valid 3D isomers under stoichiometric constraints and is trained exclusively online using reinforcement learning. Unlike existing approaches that generally overfit to a specific chemical formula, we establish a multi-composition training scheme that enables a broad generalization across diverse chemistry, guided by energy- and validity-based rewards. Our agent can discover up to an order of magnitude more valid isomers on unseen test formulas than existing single-composition reinforcement-learning baselines trained with per-step energy rewards. These results fulfill the promise of online reinforcement learning as a powerful paradigm for scalable, from-scratch exploration of chemical configuration space.",1.0,0.9999999999999994,,,ragas_qwen_plus,qwen-plus,1.0,
mp_bal_v2_0608_stability_incomplete,resp_0001858ac01dbee3,task_e057f694ad4d266f,mp_balanced_constraints_v3,mp_derived_balanced_controlled,mp_property_derived,controlled_balanced,stability,Is Si thermodynamically stable?,Si is stable.,"A short snippet derived from mp-16220 says Si is stable, but omits formation energy, hull distance, and thermodynamic qualification.",,incomplete,Is Si thermodynamically stable?,"['A short snippet derived from mp-16220 says Si is stable, but omits formation energy, hull distance, and thermodynamic qualification.']",Si is stable.,"A short snippet derived from mp-16220 says Si is stable, but omits formation energy, hull distance, and thermodynamic qualification.",0.0,0.6798302363340832,,,ragas_qwen_plus,qwen-plus,0.0,cautious_stability_claim
mp_bal_v2_0701_formation_noisy_high,resp_000e7d4b6718e189,task_aaaf9b7ac62eb833,mp_balanced_constraints_v3,mp_derived_balanced_controlled,mp_property_derived,controlled_balanced,formation_energy,What is the formation energy of U?,The formation energy of U is 5.5 eV/atom.,A controlled noisy note derived from mp-1200324 reports formation energy 5.5 eV/atom for U. This note is marked outdated_or_incorrect for stress testing.,,outdated_or_incorrect,What is the formation energy of U?,['A controlled noisy note derived from mp-1200324 reports formation energy 5.5 eV/atom for U. This note is marked outdated_or_incorrect for stress testing.'],The formation energy of U is 5.5 eV/atom.,A controlled noisy note derived from mp-1200324 reports formation energy 5.5 eV/atom for U. This note is marked outdated_or_incorrect for stress testing.,1.0,0.9999999999999992,,,ragas_qwen_plus,qwen-plus,0.0,elemental_formation_energy_reference_conflict;formation_energy_typical_range
mp_bal_v2_0642_band_gap_high,resp_00207198d958bc6f,task_ef7125754e6eb562,mp_balanced_constraints_v3,mp_derived_balanced_controlled,mp_property_derived,controlled_balanced,band_gap,What is the band gap of Eu?,The band gap of Eu is 16.5 eV.,A controlled noisy note derived from mp-20071 reports Eu with band gap 16.5 eV.,,outdated_or_incorrect,What is the band gap of Eu?,['A controlled noisy note derived from mp-20071 reports Eu with band gap 16.5 eV.'],The band gap of Eu is 16.5 eV.,A controlled noisy note derived from mp-20071 reports Eu with band gap 16.5 eV.,1.0,0.9999999999999994,,,ragas_qwen_plus,qwen-plus,0.0,band_gap_physical_range
mp_bal_v2_0682_band_gap_high,resp_003dd29c2ac412a3,task_106c05bb2c2cd496,mp_balanced_constraints_v3,mp_derived_balanced_controlled,mp_property_derived,controlled_balanced,band_gap,What is the band gap of Cu?,The band gap of Cu is 16.5 eV.,A controlled noisy note derived from mp-998890 reports Cu with band gap 16.5 eV.,,outdated_or_incorrect,What is the band gap of Cu?,['A controlled noisy note derived from mp-998890 reports Cu with band gap 16.5 eV.'],The band gap of Cu is 16.5 eV.,A controlled noisy note derived from mp-998890 reports Cu with band gap 16.5 eV.,0.0,0.9999999999999992,,,ragas_qwen_plus,qwen-plus,0.0,band_gap_physical_range
mp_bal_v2_0803_band_gap_negative,resp_00495b48dffd8812,task_317a45e6c952309d,mp_balanced_constraints_v3,mp_derived_balanced_controlled,mp_property_derived,controlled_balanced,band_gap,What is the band gap of Si?,The band gap of Si is -0.05 eV.,A controlled noisy note derived from mp-109 reports Si with band gap -0.05 eV. This note is marked outdated_or_incorrect for stress testing.,,outdated_or_incorrect,What is the band gap of Si?,['A controlled noisy note derived from mp-109 reports Si with band gap -0.05 eV. This note is marked outdated_or_incorrect for stress testing.'],The band gap of Si is -0.05 eV.,A controlled noisy note derived from mp-109 reports Si with band gap -0.05 eV. This note is marked outdated_or_incorrect for stress testing.,0.0,0.8996959997358385,,,ragas_qwen_plus,qwen-plus,0.0,non_negative_band_gap
mp_bal_v2_0422_stability_current,resp_005f1bf3fc545be3,task_19ac8a37816e6ef4,mp_balanced_constraints_v3,mp_derived_balanced_controlled,mp_property_derived,controlled_balanced,formation_energy,Is Ac thermodynamically stable?,Ac has energy above hull 0.0 eV/atom and formation energy 0.0 eV/atom; Materials Project stable is True.,Materials Project reports Ac (mp-862690). Band gap: 0.0 eV. Formation energy per atom: 0.0 eV/atom. Energy above hull: 0.0 eV/atom. Stable: True.,,current,Is Ac thermodynamically stable?,['Materials Project reports Ac (mp-862690). Band gap: 0.0 eV. Formation energy per atom: 0.0 eV/atom. Energy above hull: 0.0 eV/atom. Stable: True.'],Ac has energy above hull 0.0 eV/atom and formation energy 0.0 eV/atom; Materials Project stable is True.,Materials Project reports Ac (mp-862690). Band gap: 0.0 eV. Formation energy per atom: 0.0 eV/atom. Energy above hull: 0.0 eV/atom. Stable: True.,1.0,0.4518689092350658,,,ragas_qwen_plus,qwen-plus,1.0,
mp_bal_v2_0229_stability_incomplete,resp_006bda7d1afdcab0,task_f3b911c46adb00f8,mp_balanced_constraints_v3,mp_derived_balanced_controlled,mp_property_derived,controlled_balanced,stability,Is Dy thermodynamically stable?,Dy is stable.,"A short snippet derived from mp-10658 says Dy is stable, but omits formation energy, hull distance, and thermodynamic qualification.",,incomplete,Is Dy thermodynamically stable?,"['A short snippet derived from mp-10658 says Dy is stable, but omits formation energy, hull distance, and thermodynamic qualification.']",Dy is stable.,"A short snippet derived from mp-10658 says Dy is stable, but omits formation energy, hull distance, and thermodynamic qualification.",0.0,0.6766620239011545,,,ragas_qwen_plus,qwen-plus,0.0,cautious_stability_claim
mp_bal_v2_0822_band_gap_negative,resp_006ca06845faf507,task_cb8dbaffcadbb3f6,mp_balanced_constraints_v3,mp_derived_balanced_controlled,mp_property_derived,controlled_balanced,band_gap,What is the band gap of Zr?,The band gap of Zr is -0.05 eV.,A controlled noisy note derived from mp-1077723 reports Zr with band gap -0.05 eV. This note is marked outdated_or_incorrect for stress testing.,,outdated_or_incorrect,What is the band gap of Zr?,['A controlled noisy note derived from mp-1077723 reports Zr with band gap -0.05 eV. This note is marked outdated_or_incorrect for stress testing.'],The band gap of Zr is -0.05 eV.,A controlled noisy note derived from mp-1077723 reports Zr with band gap -0.05 eV. This note is marked outdated_or_incorrect for stress testing.,0.0,0.9999999999999998,,,ragas_qwen_plus,qwen-plus,0.0,non_negative_band_gap
mp_bal_v2_0784_conductivity_gap_conflict,resp_00723b36839c8d4f,task_e43c7628583e4203,mp_balanced_constraints_v3,mp_derived_balanced_controlled,mp_property_derived,controlled_balanced,band_gap,Is Pu metallic or insulating based on its band gap?,Pu is an insulator with a band gap of 0.0 eV.,Materials Project reports Pu (mp-867305). Band gap: 0.0 eV. Formation energy per atom: 0.587283381250003 eV/atom. Energy above hull: 0.587283381250003 eV/atom. Stable: False.,,outdated_or_incorrect,Is Pu metallic or insulating based on its band gap?,['Materials Project reports Pu (mp-867305). Band gap: 0.0 eV. Formation energy per atom: 0.587283381250003 eV/atom. Energy above hull: 0.587283381250003 eV/atom. Stable: False.'],Pu is an insulator with a band gap of 0.0 eV.,Materials Project reports Pu (mp-867305). Band gap: 0.0 eV. Formation energy per atom: 0.587283381250003 eV/atom. Energy above hull: 0.587283381250003 eV/atom. Stable: False.,0.5,0.7114692244393328,,,ragas_qwen_plus,qwen-plus,0.0,conductivity_band_gap_consistency
mp_bal_v2_0552_formation_noisy_high,resp_00739387ab4e8af6,task_a23235ceece59424,mp_balanced_constraints_v3,mp_derived_balanced_controlled,mp_property_derived,controlled_balanced,formation_energy,What is the formation energy of Nd?,The formation energy of Nd is 5.5 eV/atom.,A controlled noisy note derived from mp-159 reports formation energy 5.5 eV/atom for Nd. This note is marked outdated_or_incorrect for stress testing.,,outdated_or_incorrect,What is the formation energy of Nd?,['A controlled noisy note derived from mp-159 reports formation energy 5.5 eV/atom for Nd. This note is marked outdated_or_incorrect for stress testing.'],The formation energy of Nd is 5.5 eV/atom.,A controlled noisy note derived from mp-159 reports formation energy 5.5 eV/atom for Nd. This note is marked outdated_or_incorrect for stress testing.,0.0,0.9999999999999996,,,ragas_qwen_plus,qwen-plus,0.0,elemental_formation_energy_reference_conflict;formation_energy_typical_range
mp_bal_v2_0154_formation_current,resp_00789662734d3b93,task_ce6e76b15e9d30b1,mp_balanced_constraints_v3,mp_derived_balanced_controlled,mp_property_derived,controlled_balanced,formation_energy,What is the formation energy of Si?,The formation energy of Si is 0.11663319999999901 eV/atom.,Materials Project reports Si (mp-999200). Band gap: 0.439799999999999 eV. Formation energy per atom: 0.11663319999999901 eV/atom. Energy above hull: 0.11663319999999901 eV/atom. Stable: False.,,current,What is the formation energy of Si?,['Materials Project reports Si (mp-999200). Band gap: 0.439799999999999 eV. Formation energy per atom: 0.11663319999999901 eV/atom. Energy above hull: 0.11663319999999901 eV/atom. Stable: False.'],The formation energy of Si is 0.11663319999999901 eV/atom.,Materials Project reports Si (mp-999200). Band gap: 0.439799999999999 eV. Formation energy per atom: 0.11663319999999901 eV/atom. Energy above hull: 0.11663319999999901 eV/atom. Stable: False.,1.0,0.9999999999999996,,,ragas_qwen_plus,qwen-plus,0.0,elemental_formation_energy_reference_conflict
mp_bal_v2_0165_conductivity_gap_conflict,resp_007f29ab4a684a79,task_bccd6e81e016a345,mp_balanced_constraints_v3,mp_derived_balanced_controlled,mp_property_derived,controlled_balanced,band_gap,Is S metallic or insulating based on its band gap?,S is metallic with a band gap of 2.4187 eV.,Materials Project reports S (mp-557488). Band gap: 2.4187 eV. Formation energy per atom: 0.012285684965277 eV/atom. Energy above hull: 0.012285684965277 eV/atom. Stable: False.,,outdated_or_incorrect,Is S metallic or insulating based on its band gap?,['Materials Project reports S (mp-557488). Band gap: 2.4187 eV. Formation energy per atom: 0.012285684965277 eV/atom. Energy above hull: 0.012285684965277 eV/atom. Stable: False.'],S is metallic with a band gap of 2.4187 eV.,Materials Project reports S (mp-557488). Band gap: 2.4187 eV. Formation energy per atom: 0.012285684965277 eV/atom. Energy above hull: 0.012285684965277 eV/atom. Stable: False.,0.5,0.7417051218205883,,,ragas_qwen_plus,qwen-plus,0.0,conductivity_band_gap_consistency
mp_bal_v2_0155_stability_incomplete,resp_0096483b34b2479b,task_11d44018c5de7752,mp_balanced_constraints_v3,mp_derived_balanced_controlled,mp_property_derived,controlled_balanced,stability,Is S thermodynamically stable?,S is stable.,"A short snippet derived from mp-1065250 says S is stable, but omits formation energy, hull distance, and thermodynamic qualification.",,incomplete,Is S thermodynamically stable?,"['A short snippet derived from mp-1065250 says S is stable, but omits formation energy, hull distance, and thermodynamic qualification.']",S is stable.,"A short snippet derived from mp-1065250 says S is stable, but omits formation energy, hull distance, and thermodynamic qualification.",0.0,0.6224016319354088,,,ragas_qwen_plus,qwen-plus,0.0,cautious_stability_claim
mp_bal_v2_0642_conductivity_gap_conflict,resp_009ed527f0d3d450,task_ef7125754e6eb562,mp_balanced_constraints_v3,mp_derived_balanced_controlled,mp_property_derived,controlled_balanced,band_gap,Is Eu metallic or insulating based on its band gap?,Eu is an insulator with a band gap of 0.0 eV.,Materials Project reports Eu (mp-20071). Band gap: 0.0 eV. Formation energy per atom: 0.041439605000000004 eV/atom. Energy above hull: 0.041439605000000004 eV/atom. Stable: False.,,outdated_or_incorrect,Is Eu metallic or insulating based on its band gap?,['Materials Project reports Eu (mp-20071). Band gap: 0.0 eV. Formation energy per atom: 0.041439605000000004 eV/atom. Energy above hull: 0.041439605000000004 eV/atom. Stable: False.'],Eu is an insulator with a band gap of 0.0 eV.,Materials Project reports Eu (mp-20071). Band gap: 0.0 eV. Formation energy per atom: 0.041439605000000004 eV/atom. Energy above hull: 0.041439605000000004 eV/atom. Stable: False.,0.5,0.7202686163975045,,,ragas_qwen_plus,qwen-plus,0.0,conductivity_band_gap_consistency
mp_bal_v2_0976_band_gap_high,resp_00aa50db342b8a97,task_612048231ebc82f2,mp_balanced_constraints_v3,mp_derived_balanced_controlled,mp_property_derived,controlled_balanced,band_gap,What is the band gap of Mg4Si3?,The band gap of Mg4Si3 is 16.5 eV.,A controlled noisy note derived from mp-1074327 reports Mg4Si3 with band gap 16.5 eV.,,outdated_or_incorrect,What is the band gap of Mg4Si3?,['A controlled noisy note derived from mp-1074327 reports Mg4Si3 with band gap 16.5 eV.'],The band gap of Mg4Si3 is 16.5 eV.,A controlled noisy note derived from mp-1074327 reports Mg4Si3 with band gap 16.5 eV.,1.0,0.9999999999999996,,,ragas_qwen_plus,qwen-plus,0.0,band_gap_physical_range
mp_bal_v2_0635_band_gap_high,resp_00ac7c4ca758b0f2,task_9e95735e91e83503,mp_balanced_constraints_v3,mp_derived_balanced_controlled,mp_property_derived,controlled_balanced,band_gap,What is the band gap of Ba?,The band gap of Ba is 16.5 eV.,A controlled noisy note derived from mp-122 reports Ba with band gap 16.5 eV.,,outdated_or_incorrect,What is the band gap of Ba?,['A controlled noisy note derived from mp-122 reports Ba with band gap 16.5 eV.'],The band gap of Ba is 16.5 eV.,A controlled noisy note derived from mp-122 reports Ba with band gap 16.5 eV.,1.0,0.9999999999999992,,,ragas_qwen_plus,qwen-plus,0.0,band_gap_physical_range
mp_bal_v2_0894_stability_incomplete,resp_00b139122dff317b,task_0871d0cad156436a,mp_balanced_constraints_v3,mp_derived_balanced_controlled,mp_property_derived,controlled_balanced,stability,Is MgSi thermodynamically stable?,MgSi is stable.,"A short snippet derived from mp-1073734 says MgSi is stable, but omits formation energy, hull distance, and thermodynamic qualification.",,incomplete,Is MgSi thermodynamically stable?,"['A short snippet derived from mp-1073734 says MgSi is stable, but omits formation energy, hull distance, and thermodynamic qualification.']",MgSi is stable.,"A short snippet derived from mp-1073734 says MgSi is stable, but omits formation energy, hull distance, and thermodynamic qualification.",0.0,0.8135402732400698,,,ragas_qwen_plus,qwen-plus,0.0,cautious_stability_claim
mp_bal_v2_0638_formation_current,resp_00c08ef51ae3ef0f,task_300b1f11c3ba77cb,mp_balanced_constraints_v3,mp_derived_balanced_controlled,mp_property_derived,controlled_balanced,formation_energy,What is the formation energy of Fe?,The formation energy of Fe is 0.0 eV/atom.,Materials Project reports Fe (mp-13). Band gap: 0.0 eV. Formation energy per atom: 0.0 eV/atom. Energy above hull: 0.0 eV/atom. Stable: True.,,current,What is the formation energy of Fe?,['Materials Project reports Fe (mp-13). Band gap: 0.0 eV. Formation energy per atom: 0.0 eV/atom. Energy above hull: 0.0 eV/atom. Stable: True.'],The formation energy of Fe is 0.0 eV/atom.,Materials Project reports Fe (mp-13). Band gap: 0.0 eV. Formation energy per atom: 0.0 eV/atom. Energy above hull: 0.0 eV/atom. Stable: True.,1.0,0.9999999999999996,,,ragas_qwen_plus,qwen-plus,1.0,
mp_bal_v2_0542_stability_current,resp_00c64e8e4da40e43,task_18ed9aee9ba532ef,mp_balanced_constraints_v3,mp_derived_balanced_controlled,mp_property_derived,controlled_balanced,formation_energy,Is Pm thermodynamically stable?,Pm has energy above hull 0.016863862499999 eV/atom and formation energy 0.016863862499999 eV/atom; Materials Project stable is False.,Materials Project reports Pm (mp-1186429). Band gap: 0.0 eV. Formation energy per atom: 0.016863862499999 eV/atom. Energy above hull: 0.016863862499999 eV/atom. Stable: False.,,current,Is Pm thermodynamically stable?,['Materials Project reports Pm (mp-1186429). Band gap: 0.0 eV. Formation energy per atom: 0.016863862499999 eV/atom. Energy above hull: 0.016863862499999 eV/atom. Stable: False.'],Pm has energy above hull 0.016863862499999 eV/atom and formation energy 0.016863862499999 eV/atom; Materials Project stable is False.,Materials Project reports Pm (mp-1186429). Band gap: 0.0 eV. Formation energy per atom: 0.016863862499999 eV/atom. Energy above hull: 0.016863862499999 eV/atom. Stable: False.,1.0,0.6095838986140415,,,ragas_qwen_plus,qwen-plus,1.0,
mp_bal_v2_0991_band_gap_negative,resp_00d2d244b46f9bb0,task_d57d074b2c5924e4,mp_balanced_constraints_v3,mp_derived_balanced_controlled,mp_property_derived,controlled_balanced,band_gap,What is the band gap of Mg4Si3?,The band gap of Mg4Si3 is -0.05 eV.,A controlled noisy note derived from mp-1074408 reports Mg4Si3 with band gap -0.05 eV. This note is marked outdated_or_incorrect for stress testing.,,outdated_or_incorrect,What is the band gap of Mg4Si3?,['A controlled noisy note derived from mp-1074408 reports Mg4Si3 with band gap -0.05 eV. This note is marked outdated_or_incorrect for stress testing.'],The band gap of Mg4Si3 is -0.05 eV.,A controlled noisy note derived from mp-1074408 reports Mg4Si3 with band gap -0.05 eV. This note is marked outdated_or_incorrect for stress testing.,1.0,0.9999999999999996,,,ragas_qwen_plus,qwen-plus,0.0,non_negative_band_gap
mp_bal_v2_0902_band_gap_current,resp_00d381733ff87166,task_f5b9aa897b2078dc,mp_balanced_constraints_v3,mp_derived_balanced_controlled,mp_property_derived,controlled_balanced,band_gap,What is the band gap of MgSi?,The band gap of MgSi is 0.0 eV according to Materials Project.,Materials Project reports MgSi (mp-1073859). Band gap: 0.0 eV. Formation energy per atom: 0.16925799333333302 eV/atom. Energy above hull: 0.250707065833333 eV/atom. Stable: False.,,current,What is the band gap of MgSi?,['Materials Project reports MgSi (mp-1073859). Band gap: 0.0 eV. Formation energy per atom: 0.16925799333333302 eV/atom. Energy above hull: 0.250707065833333 eV/atom. Stable: False.'],The band gap of MgSi is 0.0 eV according to Materials Project.,Materials Project reports MgSi (mp-1073859). Band gap: 0.0 eV. Formation energy per atom: 0.16925799333333302 eV/atom. Energy above hull: 0.250707065833333 eV/atom. Stable: False.,1.0,0.9079494585352238,,,ragas_qwen_plus,qwen-plus,1.0,
mp_bal_v2_0043_band_gap_current,resp_00d7671d5f54bb58,task_7e10a53e4be6ee35,mp_balanced_constraints_v3,mp_derived_balanced_controlled,mp_property_derived,controlled_balanced,band_gap,What is the band gap of Bi?,The band gap of Bi is 0.0 eV according to Materials Project.,Materials Project reports Bi (mp-1067758). Band gap: 0.0 eV. Formation energy per atom: 0.08585941499999401 eV/atom. Energy above hull: 0.08585941499999401 eV/atom. Stable: False.,,current,What is the band gap of Bi?,['Materials Project reports Bi (mp-1067758). Band gap: 0.0 eV. Formation energy per atom: 0.08585941499999401 eV/atom. Energy above hull: 0.08585941499999401 eV/atom. Stable: False.'],The band gap of Bi is 0.0 eV according to Materials Project.,Materials Project reports Bi (mp-1067758). Band gap: 0.0 eV. Formation energy per atom: 0.08585941499999401 eV/atom. Energy above hull: 0.08585941499999401 eV/atom. Stable: False.,1.0,0.8801966408877916,,,ragas_qwen_plus,qwen-plus,1.0,
mp_bal_v2_0332_stability_incomplete,resp_00deb8360b74eb32,task_672423f250879ee7,mp_balanced_constraints_v3,mp_derived_balanced_controlled,mp_property_derived,controlled_balanced,stability,Is Si thermodynamically stable?,Si is stable.,"A short snippet derived from mp-10649 says Si is stable, but omits formation energy, hull distance, and thermodynamic qualification.",,incomplete,Is Si thermodynamically stable?,"['A short snippet derived from mp-10649 says Si is stable, but omits formation energy, hull distance, and thermodynamic qualification.']",Si is stable.,"A short snippet derived from mp-10649 says Si is stable, but omits formation energy, hull distance, and thermodynamic qualification.",0.0,0.6798302363340832,,,ragas_qwen_plus,qwen-plus,0.0,cautious_stability_claim
mp_bal_v2_0829_formation_noisy_high,resp_00ebdffb0d23b4ac,task_797209e9c8fbee6a,mp_balanced_constraints_v3,mp_derived_balanced_controlled,mp_property_derived,controlled_balanced,formation_energy,What is the formation energy of Ca?,The formation energy of Ca is 5.5 eV/atom.,A controlled noisy note derived from mp-1078638 reports formation energy 5.5 eV/atom for Ca. This note is marked outdated_or_incorrect for stress testing.,,outdated_or_incorrect,What is the formation energy of Ca?,['A controlled noisy note derived from mp-1078638 reports formation energy 5.5 eV/atom for Ca. This note is marked outdated_or_incorrect for stress testing.'],The formation energy of Ca is 5.5 eV/atom.,A controlled noisy note derived from mp-1078638 reports formation energy 5.5 eV/atom for Ca. This note is marked outdated_or_incorrect for stress testing.,0.0,0.9999999999999988,,,ragas_qwen_plus,qwen-plus,0.0,elemental_formation_energy_reference_conflict;formation_energy_typical_range
mp_bal_v2_0199_formation_noisy_high,resp_00f0b01282ffe13a,task_6f82cab76867b3d9,mp_balanced_constraints_v3,mp_derived_balanced_controlled,mp_property_derived,controlled_balanced,formation_energy,What is the formation energy of Rb?,The formation energy of Rb is 5.5 eV/atom.,A controlled noisy note derived from mp-1179656 reports formation energy 5.5 eV/atom for Rb. This note is marked outdated_or_incorrect for stress testing.,,outdated_or_incorrect,What is the formation energy of Rb?,['A controlled noisy note derived from mp-1179656 reports formation energy 5.5 eV/atom for Rb. This note is marked outdated_or_incorrect for stress testing.'],The formation energy of Rb is 5.5 eV/atom.,A controlled noisy note derived from mp-1179656 reports formation energy 5.5 eV/atom for Rb. This note is marked outdated_or_incorrect for stress testing.,0.0,0.9999999999999998,,,ragas_qwen_plus,qwen-plus,0.0,elemental_formation_energy_reference_conflict;formation_energy_typical_range
mp_bal_v2_0177_stability_current,resp_00f32a6805aad786,task_344ec15cabf4f26a,mp_balanced_constraints_v3,mp_derived_balanced_controlled,mp_property_derived,controlled_balanced,formation_energy,Is Bi thermodynamically stable?,Bi has energy above hull 0.214916299999998 eV/atom and formation energy 0.214916299999998 eV/atom; Materials Project stable is False.,Materials Project reports Bi (mp-568087). Band gap: 0.0 eV. Formation energy per atom: 0.214916299999998 eV/atom. Energy above hull: 0.214916299999998 eV/atom. Stable: False.,,current,Is Bi thermodynamically stable?,['Materials Project reports Bi (mp-568087). Band gap: 0.0 eV. Formation energy per atom: 0.214916299999998 eV/atom. Energy above hull: 0.214916299999998 eV/atom. Stable: False.'],Bi has energy above hull 0.214916299999998 eV/atom and formation energy 0.214916299999998 eV/atom; Materials Project stable is False.,Materials Project reports Bi (mp-568087). Band gap: 0.0 eV. Formation energy per atom: 0.214916299999998 eV/atom. Energy above hull: 0.214916299999998 eV/atom. Stable: False.,1.0,0.5018459086229001,,,ragas_qwen_plus,qwen-plus,1.0,
mp_bal_v2_0813_band_gap_negative,resp_00f53df70a99a5f3,task_8cc483338608a844,mp_balanced_constraints_v3,mp_derived_balanced_controlled,mp_property_derived,controlled_balanced,band_gap,What is the band gap of Rb?,The band gap of Rb is -0.05 eV.,A controlled noisy note derived from mp-1063817 reports Rb with band gap -0.05 eV. This note is marked outdated_or_incorrect for stress testing.,,outdated_or_incorrect,What is the band gap of Rb?,['A controlled noisy note derived from mp-1063817 reports Rb with band gap -0.05 eV. This note is marked outdated_or_incorrect for stress testing.'],The band gap of Rb is -0.05 eV.,A controlled noisy note derived from mp-1063817 reports Rb with band gap -0.05 eV. This note is marked outdated_or_incorrect for stress testing.,0.0,0.9999999999999992,,,ragas_qwen_plus,qwen-plus,0.0,non_negative_band_gap
mp_bal_v2_0620_formation_current,resp_00f6303a95a21cc7,task_2ad547127f803dc4,mp_balanced_constraints_v3,mp_derived_balanced_controlled,mp_property_derived,controlled_balanced,formation_energy,What is the formation energy of Mn?,The formation energy of Mn is 0.36972538551724204 eV/atom.,Materials Project reports Mn (mp-1055908). Band gap: 0.0 eV. Formation energy per atom: 0.36972538551724204 eV/atom. Energy above hull: 0.36972538551724204 eV/atom. Stable: False.,,current,What is the formation energy of Mn?,['Materials Project reports Mn (mp-1055908). Band gap: 0.0 eV. Formation energy per atom: 0.36972538551724204 eV/atom. Energy above hull: 0.36972538551724204 eV/atom. Stable: False.'],The formation energy of Mn is 0.36972538551724204 eV/atom.,Materials Project reports Mn (mp-1055908). Band gap: 0.0 eV. Formation energy per atom: 0.36972538551724204 eV/atom. Energy above hull: 0.36972538551724204 eV/atom. Stable: False.,1.0,0.9999999999999994,,,ragas_qwen_plus,qwen-plus,0.0,elemental_formation_energy_reference_conflict
mp_bal_v2_0724_formation_current,resp_00fcbc9929e747e6,task_fd655b1eeffec26d,mp_balanced_constraints_v3,mp_derived_balanced_controlled,mp_property_derived,controlled_balanced,formation_energy,What is the formation energy of H2?,The formation energy of H2 is 1.188433449375 eV/atom.,Materials Project reports H2 (mp-1181265). Band gap: 1.5177999999999991 eV. Formation energy per atom: 1.188433449375 eV/atom. Energy above hull: 1.188433449375 eV/atom. Stable: False.,,current,What is the formation energy of H2?,['Materials Project reports H2 (mp-1181265). Band gap: 1.5177999999999991 eV. Formation energy per atom: 1.188433449375 eV/atom. Energy above hull: 1.188433449375 eV/atom. Stable: False.'],The formation energy of H2 is 1.188433449375 eV/atom.,Materials Project reports H2 (mp-1181265). Band gap: 1.5177999999999991 eV. Formation energy per atom: 1.188433449375 eV/atom. Energy above hull: 1.188433449375 eV/atom. Stable: False.,1.0,0.9999999999999996,,,ragas_qwen_plus,qwen-plus,0.0,formation_energy_typical_range
mp_bal_v2_0117_stability_incomplete,resp_010495863986ae65,task_9c2e8ca8fdcea8da,mp_balanced_constraints_v3,mp_derived_balanced_controlled,mp_property_derived,controlled_balanced,stability,Is Mg thermodynamically stable?,Mg is stable.,"A short snippet derived from mp-1056351 says Mg is stable, but omits formation energy, hull distance, and thermodynamic qualification.",,incomplete,Is Mg thermodynamically stable?,"['A short snippet derived from mp-1056351 says Mg is stable, but omits formation energy, hull distance, and thermodynamic qualification.']",Mg is stable.,"A short snippet derived from mp-1056351 says Mg is stable, but omits formation energy, hull distance, and thermodynamic qualification.",0.0,0.8102208305997713,,,ragas_qwen_plus,qwen-plus,0.0,cautious_stability_claim
mp_bal_v2_0489_stability_current,resp_010e16a94a8d3858,task_f299cddf55f3f488,mp_balanced_constraints_v3,mp_derived_balanced_controlled,mp_property_derived,controlled_balanced,formation_energy,Is Li thermodynamically stable?,Li has energy above hull 0.008819463333333001 eV/atom and formation energy 0.008819463333333001 eV/atom; Materials Project stable is False.,Materials Project reports Li (mp-567337). Band gap: 0.0 eV. Formation energy per atom: 0.008819463333333001 eV/atom. Energy above hull: 0.008819463333333001 eV/atom. Stable: False.,,current,Is Li thermodynamically stable?,['Materials Project reports Li (mp-567337). Band gap: 0.0 eV. Formation energy per atom: 0.008819463333333001 eV/atom. Energy above hull: 0.008819463333333001 eV/atom. Stable: False.'],Li has energy above hull 0.008819463333333001 eV/atom and formation energy 0.008819463333333001 eV/atom; Materials Project stable is False.,Materials Project reports Li (mp-567337). Band gap: 0.0 eV. Formation energy per atom: 0.008819463333333001 eV/atom. Energy above hull: 0.008819463333333001 eV/atom. Stable: False.,1.0,0.6416382242327914,,,ragas_qwen_plus,qwen-plus,1.0,
mp_bal_v2_0045_stability_incomplete,resp_0122484a0977a12a,task_0bc31211534aba6d,mp_balanced_constraints_v3,mp_derived_balanced_controlled,mp_property_derived,controlled_balanced,stability,Is Bi thermodynamically stable?,Bi is stable.,"A short snippet derived from mp-1182070 says Bi is stable, but omits formation energy, hull distance, and thermodynamic qualification.",,incomplete,Is Bi thermodynamically stable?,"['A short snippet derived from mp-1182070 says Bi is stable, but omits formation energy, hull distance, and thermodynamic qualification.']",Bi is stable.,"A short snippet derived from mp-1182070 says Bi is stable, but omits formation energy, hull distance, and thermodynamic qualification.",0.0,0.6339063753001124,,,ragas_qwen_plus,qwen-plus,0.0,cautious_stability_claim
mp_bal_v2_0793_band_gap_current,resp_012d9505a910a81a,task_ec9f622137196b68,mp_balanced_constraints_v3,mp_derived_balanced_controlled,mp_property_derived,controlled_balanced,band_gap,What is the band gap of U?,The band gap of U is 0.0 eV according to Materials Project.,Materials Project reports U (mp-1981700). Band gap: 0.0 eV. Formation energy per atom: 0.359552800000003 eV/atom. Energy above hull: 0.359552800000003 eV/atom. Stable: False.,,current,What is the band gap of U?,['Materials Project reports U (mp-1981700). Band gap: 0.0 eV. Formation energy per atom: 0.359552800000003 eV/atom. Energy above hull: 0.359552800000003 eV/atom. Stable: False.'],The band gap of U is 0.0 eV according to Materials Project.,Materials Project reports U (mp-1981700). Band gap: 0.0 eV. Formation energy per atom: 0.359552800000003 eV/atom. Energy above hull: 0.359552800000003 eV/atom. Stable: False.,1.0,0.8506447890286511,,,ragas_qwen_plus,qwen-plus,1.0,
mp_bal_v2_0821_formation_current,resp_0132e6f9514ee0d6,task_69115eb6e526fcbd,mp_balanced_constraints_v3,mp_derived_balanced_controlled,mp_property_derived,controlled_balanced,formation_energy,What is the formation energy of Br?,The formation energy of Br is 0.08391820500000001 eV/atom.,Materials Project reports Br (mp-998864). Band gap: 0.0 eV. Formation energy per atom: 0.08391820500000001 eV/atom. Energy above hull: 0.08391820500000001 eV/atom. Stable: False.,,current,What is the formation energy of Br?,['Materials Project reports Br (mp-998864). Band gap: 0.0 eV. Formation energy per atom: 0.08391820500000001 eV/atom. Energy above hull: 0.08391820500000001 eV/atom. Stable: False.'],The formation energy of Br is 0.08391820500000001 eV/atom.,Materials Project reports Br (mp-998864). Band gap: 0.0 eV. Formation energy per atom: 0.08391820500000001 eV/atom. Energy above hull: 0.08391820500000001 eV/atom. Stable: False.,1.0,0.9999999999999994,,,ragas_qwen_plus,qwen-plus,0.0,elemental_formation_energy_reference_conflict
mp_bal_v2_0742_formation_noisy_high,resp_013360c15aa9fb4b,task_f05cb054ead6ea8f,mp_balanced_constraints_v3,mp_derived_balanced_controlled,mp_property_derived,controlled_balanced,formation_energy,What is the formation energy of Si?,The formation energy of Si is 5.5 eV/atom.,A controlled noisy note derived from mp-1095269 reports formation energy 5.5 eV/atom for Si. This note is marked outdated_or_incorrect for stress testing.,,outdated_or_incorrect,What is the formation energy of Si?,['A controlled noisy note derived from mp-1095269 reports formation energy 5.5 eV/atom for Si. This note is marked outdated_or_incorrect for stress testing.'],The formation energy of Si is 5.5 eV/atom.,A controlled noisy note derived from mp-1095269 reports formation energy 5.5 eV/atom for Si. This note is marked outdated_or_incorrect for stress testing.,0.0,0.9999999999999996,,,ragas_qwen_plus,qwen-plus,0.0,elemental_formation_energy_reference_conflict;formation_energy_typical_range
mp_bal_v2_0545_formation_current,resp_0135c76207452f1f,task_3c285449cdb4ca38,mp_balanced_constraints_v3,mp_derived_balanced_controlled,mp_property_derived,controlled_balanced,formation_energy,What is the formation energy of Ag?,The formation energy of Ag is 0.0021267149999990003 eV/atom.,Materials Project reports Ag (mp-124). Band gap: 0.0 eV. Formation energy per atom: 0.0021267149999990003 eV/atom. Energy above hull: 0.0021267149999990003 eV/atom. Stable: False.,,current,What is the formation energy of Ag?,['Materials Project reports Ag (mp-124). Band gap: 0.0 eV. Formation energy per atom: 0.0021267149999990003 eV/atom. Energy above hull: 0.0021267149999990003 eV/atom. Stable: False.'],The formation energy of Ag is 0.0021267149999990003 eV/atom.,Materials Project reports Ag (mp-124). Band gap: 0.0 eV. Formation energy per atom: 0.0021267149999990003 eV/atom. Energy above hull: 0.0021267149999990003 eV/atom. Stable: False.,1.0,0.9999999999999988,,,ragas_qwen_plus,qwen-plus,1.0,
mp_bal_v2_0541_formation_noisy_high,resp_013a5b6f64fffd39,task_706fbea5ec43f983,mp_balanced_constraints_v3,mp_derived_balanced_controlled,mp_property_derived,controlled_balanced,formation_energy,What is the formation energy of Pu?,The formation energy of Pu is 5.5 eV/atom.,A controlled noisy note derived from mp-114 reports formation energy 5.5 eV/atom for Pu. This note is marked outdated_or_incorrect for stress testing.,,outdated_or_incorrect,What is the formation energy of Pu?,['A controlled noisy note derived from mp-114 reports formation energy 5.5 eV/atom for Pu. This note is marked outdated_or_incorrect for stress testing.'],The formation energy of Pu is 5.5 eV/atom.,A controlled noisy note derived from mp-114 reports formation energy 5.5 eV/atom for Pu. This note is marked outdated_or_incorrect for stress testing.,0.0,0.9999999999999996,,,ragas_qwen_plus,qwen-plus,0.0,elemental_formation_energy_reference_conflict;formation_energy_typical_range
mp_bal_v2_0678_stability_incomplete,resp_013f64b255e20724,task_4995433d5697e067,mp_balanced_constraints_v3,mp_derived_balanced_controlled,mp_property_derived,controlled_balanced,stability,Is Kr thermodynamically stable?,Kr is stable.,"A short snippet derived from mp-974400 says Kr is stable, but omits formation energy, hull distance, and thermodynamic qualification.",,incomplete,Is Kr thermodynamically stable?,"['A short snippet derived from mp-974400 says Kr is stable, but omits formation energy, hull distance, and thermodynamic qualification.']",Kr is stable.,"A short snippet derived from mp-974400 says Kr is stable, but omits formation energy, hull distance, and thermodynamic qualification.",0.0,0.7204206921300861,,,ragas_qwen_plus,qwen-plus,0.0,cautious_stability_claim
mp_bal_v2_0981_formation_current,resp_014334995e5b562d,task_9b29a234e40aa1de,mp_balanced_constraints_v3,mp_derived_balanced_controlled,mp_property_derived,controlled_balanced,formation_energy,What is the formation energy of Mg4Si3?,The formation energy of Mg4Si3 is 0.11804604535714201 eV/atom.,Materials Project reports Mg4Si3 (mp-1074347). Band gap: 0.0 eV. Formation energy per atom: 0.11804604535714201 eV/atom. Energy above hull: 0.21113069964285602 eV/atom. Stable: False.,,current,What is the formation energy of Mg4Si3?,['Materials Project reports Mg4Si3 (mp-1074347). Band gap: 0.0 eV. Formation energy per atom: 0.11804604535714201 eV/atom. Energy above hull: 0.21113069964285602 eV/atom. Stable: False.'],The formation energy of Mg4Si3 is 0.11804604535714201 eV/atom.,Materials Project reports Mg4Si3 (mp-1074347). Band gap: 0.0 eV. Formation energy per atom: 0.11804604535714201 eV/atom. Energy above hull: 0.21113069964285602 eV/atom. Stable: False.,1.0,0.9999999999999996,,,ragas_qwen_plus,qwen-plus,1.0,
mp_bal_v2_0257_formation_noisy_high,resp_014526fa7d170ed6,task_86374c90813433e1,mp_balanced_constraints_v3,mp_derived_balanced_controlled,mp_property_derived,controlled_balanced,formation_energy,What is the formation energy of Nb?,The formation energy of Nb is 5.5 eV/atom.,A controlled noisy note derived from mp-2739273 reports formation energy 5.5 eV/atom for Nb. This note is marked outdated_or_incorrect for stress testing.,,outdated_or_incorrect,What is the formation energy of Nb?,['A controlled noisy note derived from mp-2739273 reports formation energy 5.5 eV/atom for Nb. This note is marked outdated_or_incorrect for stress testing.'],The formation energy of Nb is 5.5 eV/atom.,A controlled noisy note derived from mp-2739273 reports formation energy 5.5 eV/atom for Nb. This note is marked outdated_or_incorrect for stress testing.,1.0,0.9999999999999992,,,ragas_qwen_plus,qwen-plus,0.0,elemental_formation_energy_reference_conflict;formation_energy_typical_range
mp_bal_v2_0678_conductivity_gap_conflict,resp_0146648feefb0191,task_1248bc1764770a84,mp_balanced_constraints_v3,mp_derived_balanced_controlled,mp_property_derived,controlled_balanced,band_gap,Is Kr metallic or insulating based on its band gap?,Kr is metallic with a band gap of 7.1667 eV.,Materials Project reports Kr (mp-974400). Band gap: 7.1667 eV. Formation energy per atom: 0.013854593333332001 eV/atom. Energy above hull: 0.013854593333332001 eV/atom. Stable: False.,,outdated_or_incorrect,Is Kr metallic or insulating based on its band gap?,['Materials Project reports Kr (mp-974400). Band gap: 7.1667 eV. Formation energy per atom: 0.013854593333332001 eV/atom. Energy above hull: 0.013854593333332001 eV/atom. Stable: False.'],Kr is metallic with a band gap of 7.1667 eV.,Materials Project reports Kr (mp-974400). Band gap: 7.1667 eV. Formation energy per atom: 0.013854593333332001 eV/atom. Energy above hull: 0.013854593333332001 eV/atom. Stable: False.,0.5,0.7757276579313118,,,ragas_qwen_plus,qwen-plus,0.0,conductivity_band_gap_consistency
mp_bal_v2_0941_band_gap_current,resp_014e312a78c8864f,task_e0178d3bac46583f,mp_balanced_constraints_v3,mp_derived_balanced_controlled,mp_property_derived,controlled_balanced,band_gap,What is the band gap of Mg9Si5?,The band gap of Mg9Si5 is 0.0 eV according to Materials Project.,Materials Project reports Mg9Si5 (mp-1074066). Band gap: 0.0 eV. Formation energy per atom: 0.030294349642856003 eV/atom. Energy above hull: 0.135014585714285 eV/atom. Stable: False.,,current,What is the band gap of Mg9Si5?,['Materials Project reports Mg9Si5 (mp-1074066). Band gap: 0.0 eV. Formation energy per atom: 0.030294349642856003 eV/atom. Energy above hull: 0.135014585714285 eV/atom. Stable: False.'],The band gap of Mg9Si5 is 0.0 eV according to Materials Project.,Materials Project reports Mg9Si5 (mp-1074066). Band gap: 0.0 eV. Formation energy per atom: 0.030294349642856003 eV/atom. Energy above hull: 0.135014585714285 eV/atom. Stable: False.,1.0,0.9293866627007856,,,ragas_qwen_plus,qwen-plus,1.0,
mp_bal_v2_0235_formation_noisy_high,resp_0161e2004a140640,task_8c355833e6577aac,mp_balanced_constraints_v3,mp_derived_balanced_controlled,mp_property_derived,controlled_balanced,formation_energy,What is the formation energy of Tb?,The formation energy of Tb is 5.5 eV/atom.,A controlled noisy note derived from mp-11698 reports formation energy 5.5 eV/atom for Tb. This note is marked outdated_or_incorrect for stress testing.,,outdated_or_incorrect,What is the formation energy of Tb?,['A controlled noisy note derived from mp-11698 reports formation energy 5.5 eV/atom for Tb. This note is marked outdated_or_incorrect for stress testing.'],The formation energy of Tb is 5.5 eV/atom.,A controlled noisy note derived from mp-11698 reports formation energy 5.5 eV/atom for Tb. This note is marked outdated_or_incorrect for stress testing.,0.0,0.9999999999999996,,,ragas_qwen_plus,qwen-plus,0.0,elemental_formation_energy_reference_conflict;formation_energy_typical_range
mp_bal_v2_0050_band_gap_current,resp_016bc17d5d71df3e,task_bec8682944f8a7d0,mp_balanced_constraints_v3,mp_derived_balanced_controlled,mp_property_derived,controlled_balanced,band_gap,What is the band gap of Sb?,The band gap of Sb is 0.0 eV according to Materials Project.,Materials Project reports Sb (mp-632286). Band gap: 0.0 eV. Formation energy per atom: 0.05888531 eV/atom. Energy above hull: 0.05888531 eV/atom. Stable: False.,,current,What is the band gap of Sb?,['Materials Project reports Sb (mp-632286). Band gap: 0.0 eV. Formation energy per atom: 0.05888531 eV/atom. Energy above hull: 0.05888531 eV/atom. Stable: False.'],The band gap of Sb is 0.0 eV according to Materials Project.,Materials Project reports Sb (mp-632286). Band gap: 0.0 eV. Formation energy per atom: 0.05888531 eV/atom. Energy above hull: 0.05888531 eV/atom. Stable: False.,1.0,0.8759199037487864,,,ragas_qwen_plus,qwen-plus,1.0,
mp_bal_v2_0430_conductivity_gap_conflict,resp_0194fbf3e6ca771e,task_e5e88e74e126b358,mp_balanced_constraints_v3,mp_derived_balanced_controlled,mp_property_derived,controlled_balanced,band_gap,Is Tm metallic or insulating based on its band gap?,Tm is an insulator with a band gap of 0.0 eV.,Materials Project reports Tm (mp-971769). Band gap: 0.0 eV. Formation energy per atom: 0.029578992499999002 eV/atom. Energy above hull: 0.029578992499999002 eV/atom. Stable: False.,,outdated_or_incorrect,Is Tm metallic or insulating based on its band gap?,['Materials Project reports Tm (mp-971769). Band gap: 0.0 eV. Formation energy per atom: 0.029578992499999002 eV/atom. Energy above hull: 0.029578992499999002 eV/atom. Stable: False.'],Tm is an insulator with a band gap of 0.0 eV.,Materials Project reports Tm (mp-971769). Band gap: 0.0 eV. Formation energy per atom: 0.029578992499999002 eV/atom. Energy above hull: 0.029578992499999002 eV/atom. Stable: False.,0.5,0.7224039129479781,,,ragas_qwen_plus,qwen-plus,0.0,conductivity_band_gap_consistency
mp_bal_v2_0055_stability_incomplete,resp_019b7f2ab7296fe4,task_9ef7159cf62fc6ee,mp_balanced_constraints_v3,mp_derived_balanced_controlled,mp_property_derived,controlled_balanced,stability,Is C thermodynamically stable?,C is stable.,"A short snippet derived from mp-1080826 says C is stable, but omits formation energy, hull distance, and thermodynamic qualification.",,incomplete,Is C thermodynamically stable?,"['A short snippet derived from mp-1080826 says C is stable, but omits formation energy, hull distance, and thermodynamic qualification.']",C is stable.,"A short snippet derived from mp-1080826 says C is stable, but omits formation energy, hull distance, and thermodynamic qualification.",0.0,0.0,,,ragas_qwen_plus,qwen-plus,0.0,cautious_stability_claim
mp_bal_v2_0838_formation_current,resp_01a14d5935fc26bc,task_fde68c102eec274a,mp_balanced_constraints_v3,mp_derived_balanced_controlled,mp_property_derived,controlled_balanced,formation_energy,What is the formation energy of VO2?,The formation energy of VO2 is -2.317210477499999 eV/atom.,Materials Project reports VO2 (mp-1040910). Band gap: 0.9781000000000001 eV. Formation energy per atom: -2.317210477499999 eV/atom. Energy above hull: 0.205257699166653 eV/atom. Stable: False.,,current,What is the formation energy of VO2?,['Materials Project reports VO2 (mp-1040910). Band gap: 0.9781000000000001 eV. Formation energy per atom: -2.317210477499999 eV/atom. Energy above hull: 0.205257699166653 eV/atom. Stable: False.'],The formation energy of VO2 is -2.317210477499999 eV/atom.,Materials Project reports VO2 (mp-1040910). Band gap: 0.9781000000000001 eV. Formation energy per atom: -2.317210477499999 eV/atom. Energy above hull: 0.205257699166653 eV/atom. Stable: False.,1.0,0.9999999999999996,,,ragas_qwen_plus,qwen-plus,1.0,
mp_bal_v2_0381_band_gap_high,resp_01a879b255089ddf,task_a964c944ab381e10,mp_balanced_constraints_v3,mp_derived_balanced_controlled,mp_property_derived,controlled_balanced,band_gap,What is the band gap of La?,The band gap of La is 16.5 eV.,A controlled noisy note derived from mp-26 reports La with band gap 16.5 eV.,,outdated_or_incorrect,What is the band gap of La?,['A controlled noisy note derived from mp-26 reports La with band gap 16.5 eV.'],The band gap of La is 16.5 eV.,A controlled noisy note derived from mp-26 reports La with band gap 16.5 eV.,1.0,1.0,,,ragas_qwen_plus,qwen-plus,0.0,band_gap_physical_range
mp_bal_v2_0653_formation_current,resp_01af79feb3c5f331,task_7db108fbd3f40df6,mp_balanced_constraints_v3,mp_derived_balanced_controlled,mp_property_derived,controlled_balanced,formation_energy,What is the formation energy of Co?,The formation energy of Co is 0.08956573499999801 eV/atom.,Materials Project reports Co (mp-2647057). Band gap: 0.0 eV. Formation energy per atom: 0.08956573499999801 eV/atom. Energy above hull: 0.08956573499999801 eV/atom. Stable: False.,,current,What is the formation energy of Co?,['Materials Project reports Co (mp-2647057). Band gap: 0.0 eV. Formation energy per atom: 0.08956573499999801 eV/atom. Energy above hull: 0.08956573499999801 eV/atom. Stable: False.'],The formation energy of Co is 0.08956573499999801 eV/atom.,Materials Project reports Co (mp-2647057). Band gap: 0.0 eV. Formation energy per atom: 0.08956573499999801 eV/atom. Energy above hull: 0.08956573499999801 eV/atom. Stable: False.,1.0,1.0,,,ragas_qwen_plus,qwen-plus,0.0,elemental_formation_energy_reference_conflict
mp_bal_v2_0477_conductivity_gap_conflict,resp_01d76012e5c3bf9a,task_9671d051dd75edf1,mp_balanced_constraints_v3,mp_derived_balanced_controlled,mp_property_derived,controlled_balanced,band_gap,Is Cs metallic or insulating based on its band gap?,Cs is metallic with a band gap of 1.0 eV.,Materials Project reports Cs (mp-1184151). Band gap: 0.13620000000000002 eV. Formation energy per atom: 0.012575198275859002 eV/atom. Energy above hull: 0.012575198275861002 eV/atom. Stable: False.,,outdated_or_incorrect,Is Cs metallic or insulating based on its band gap?,['Materials Project reports Cs (mp-1184151). Band gap: 0.13620000000000002 eV. Formation energy per atom: 0.012575198275859002 eV/atom. Energy above hull: 0.012575198275861002 eV/atom. Stable: False.'],Cs is metallic with a band gap of 1.0 eV.,Materials Project reports Cs (mp-1184151). Band gap: 0.13620000000000002 eV. Formation energy per atom: 0.012575198275859002 eV/atom. Energy above hull: 0.012575198275861002 eV/atom. Stable: False.,0.5,0.513447793848595,,,ragas_qwen_plus,qwen-plus,0.0,conductivity_band_gap_consistency
mp_bal_v2_0653_stability_incomplete,resp_01d9cbfe8f555361,task_fd0bb4b065fad2f6,mp_balanced_constraints_v3,mp_derived_balanced_controlled,mp_property_derived,controlled_balanced,stability,Is Co thermodynamically stable?,Co is stable.,"A short snippet derived from mp-2647057 says Co is stable, but omits formation energy, hull distance, and thermodynamic qualification.",,incomplete,Is Co thermodynamically stable?,"['A short snippet derived from mp-2647057 says Co is stable, but omits formation energy, hull distance, and thermodynamic qualification.']",Co is stable.,"A short snippet derived from mp-2647057 says Co is stable, but omits formation energy, hull distance, and thermodynamic qualification.",0.0,0.7414009867396455,,,ragas_qwen_plus,qwen-plus,0.0,cautious_stability_claim
mp_bal_v2_0610_stability_current,resp_0203e28e19d28427,task_d0c07c287c233e75,mp_balanced_constraints_v3,mp_derived_balanced_controlled,mp_property_derived,controlled_balanced,formation_energy,Is C thermodynamically stable?,C has energy above hull 0.11226490000000101 eV/atom and formation energy 0.11226490000000101 eV/atom; Materials Project stable is False.,Materials Project reports C (mp-66). Band gap: 4.1145 eV. Formation energy per atom: 0.11226490000000101 eV/atom. Energy above hull: 0.11226490000000101 eV/atom. Stable: False.,,current,Is C thermodynamically stable?,['Materials Project reports C (mp-66). Band gap: 4.1145 eV. Formation energy per atom: 0.11226490000000101 eV/atom. Energy above hull: 0.11226490000000101 eV/atom. Stable: False.'],C has energy above hull 0.11226490000000101 eV/atom and formation energy 0.11226490000000101 eV/atom; Materials Project stable is False.,Materials Project reports C (mp-66). Band gap: 4.1145 eV. Formation energy per atom: 0.11226490000000101 eV/atom. Energy above hull: 0.11226490000000101 eV/atom. Stable: False.,1.0,0.4314393106101869,,,ragas_qwen_plus,qwen-plus,1.0,
mp_bal_v2_0850_formation_noisy_high,resp_0207216ae9d47812,task_f289c01fa9134ac3,mp_balanced_constraints_v3,mp_derived_balanced_controlled,mp_property_derived,controlled_balanced,formation_energy,What is the formation energy of Mg2Si3?,The formation energy of Mg2Si3 is 5.5 eV/atom.,A controlled noisy note derived from mp-1073089 reports formation energy 5.5 eV/atom for Mg2Si3. This note is marked outdated_or_incorrect for stress testing.,,outdated_or_incorrect,What is the formation energy of Mg2Si3?,['A controlled noisy note derived from mp-1073089 reports formation energy 5.5 eV/atom for Mg2Si3. This note is marked outdated_or_incorrect for stress testing.'],The formation energy of Mg2Si3 is 5.5 eV/atom.,A controlled noisy note derived from mp-1073089 reports formation energy 5.5 eV/atom for Mg2Si3. This note is marked outdated_or_incorrect for stress testing.,1.0,0.9999999999999992,,,ragas_qwen_plus,qwen-plus,0.0,formation_energy_typical_range
mp_bal_v2_0192_band_gap_negative,resp_020c0dfad1b24c3b,task_b863837c17679f31,mp_balanced_constraints_v3,mp_derived_balanced_controlled,mp_property_derived,controlled_balanced,band_gap,What is the band gap of Ge?,The band gap of Ge is -0.05 eV.,A controlled noisy note derived from mp-128 reports Ge with band gap -0.05 eV. This note is marked outdated_or_incorrect for stress testing.,,outdated_or_incorrect,What is the band gap of Ge?,['A controlled noisy note derived from mp-128 reports Ge with band gap -0.05 eV. This note is marked outdated_or_incorrect for stress testing.'],The band gap of Ge is -0.05 eV.,A controlled noisy note derived from mp-128 reports Ge with band gap -0.05 eV. This note is marked outdated_or_incorrect for stress testing.,0.0,0.9999999999999998,,,ragas_qwen_plus,qwen-plus,0.0,non_negative_band_gap
mp_bal_v2_0801_formation_noisy_high,resp_02112d0db3a48856,task_08ed628fbf950e4b,mp_balanced_constraints_v3,mp_derived_balanced_controlled,mp_property_derived,controlled_balanced,formation_energy,What is the formation energy of C?,The formation energy of C is 5.5 eV/atom.,A controlled noisy note derived from mp-568363 reports formation energy 5.5 eV/atom for C. This note is marked outdated_or_incorrect for stress testing.,,outdated_or_incorrect,What is the formation energy of C?,['A controlled noisy note derived from mp-568363 reports formation energy 5.5 eV/atom for C. This note is marked outdated_or_incorrect for stress testing.'],The formation energy of C is 5.5 eV/atom.,A controlled noisy note derived from mp-568363 reports formation energy 5.5 eV/atom for C. This note is marked outdated_or_incorrect for stress testing.,1.0,0.9999999999999992,,,ragas_qwen_plus,qwen-plus,0.0,elemental_formation_energy_reference_conflict;formation_energy_typical_range
mp_bal_v2_0628_stability_current,resp_02194fbd6d279a49,task_0936a34a97b308a8,mp_balanced_constraints_v3,mp_derived_balanced_controlled,mp_property_derived,controlled_balanced,formation_energy,Is U thermodynamically stable?,U has energy above hull 0.268548380000012 eV/atom and formation energy 0.268548380000012 eV/atom; Materials Project stable is False.,Materials Project reports U (mp-108). Band gap: 0.0 eV. Formation energy per atom: 0.268548380000012 eV/atom. Energy above hull: 0.268548380000012 eV/atom. Stable: False.,,current,Is U thermodynamically stable?,['Materials Project reports U (mp-108). Band gap: 0.0 eV. Formation energy per atom: 0.268548380000012 eV/atom. Energy above hull: 0.268548380000012 eV/atom. Stable: False.'],U has energy above hull 0.268548380000012 eV/atom and formation energy 0.268548380000012 eV/atom; Materials Project stable is False.,Materials Project reports U (mp-108). Band gap: 0.0 eV. Formation energy per atom: 0.268548380000012 eV/atom. Energy above hull: 0.268548380000012 eV/atom. Stable: False.,1.0,0.5907196661540667,,,ragas_qwen_plus,qwen-plus,1.0,
mp_bal_v2_0489_conductivity_gap_conflict,resp_02196dd03a5c4469,task_a3950bb8d241dc74,mp_balanced_constraints_v3,mp_derived_balanced_controlled,mp_property_derived,controlled_balanced,band_gap,Is Li metallic or insulating based on its band gap?,Li is an insulator with a band gap of 0.0 eV.,Materials Project reports Li (mp-567337). Band gap: 0.0 eV. Formation energy per atom: 0.008819463333333001 eV/atom. Energy above hull: 0.008819463333333001 eV/atom. Stable: False.,,outdated_or_incorrect,Is Li metallic or insulating based on its band gap?,['Materials Project reports Li (mp-567337). Band gap: 0.0 eV. Formation energy per atom: 0.008819463333333001 eV/atom. Energy above hull: 0.008819463333333001 eV/atom. Stable: False.'],Li is an insulator with a band gap of 0.0 eV.,Materials Project reports Li (mp-567337). Band gap: 0.0 eV. Formation energy per atom: 0.008819463333333001 eV/atom. Energy above hull: 0.008819463333333001 eV/atom. Stable: False.,0.5,0.7522857982094628,,,ragas_qwen_plus,qwen-plus,0.0,conductivity_band_gap_consistency
mp_bal_v2_0482_band_gap_current,resp_0226ddf1557b1aba,task_4425891df91376b1,mp_balanced_constraints_v3,mp_derived_balanced_controlled,mp_property_derived,controlled_balanced,band_gap,What is the band gap of Tl?,The band gap of Tl is 0.0 eV according to Materials Project.,Materials Project reports Tl (mp-1187790). Band gap: 0.0 eV. Formation energy per atom: 0.011458308620690002 eV/atom. Energy above hull: 0.011458308620689 eV/atom. Stable: False.,,current,What is the band gap of Tl?,['Materials Project reports Tl (mp-1187790). Band gap: 0.0 eV. Formation energy per atom: 0.011458308620690002 eV/atom. Energy above hull: 0.011458308620689 eV/atom. Stable: False.'],The band gap of Tl is 0.0 eV according to Materials Project.,Materials Project reports Tl (mp-1187790). Band gap: 0.0 eV. Formation energy per atom: 0.011458308620690002 eV/atom. Energy above hull: 0.011458308620689 eV/atom. Stable: False.,1.0,0.8878207642385957,,,ragas_qwen_plus,qwen-plus,1.0,
mp_bal_v2_0292_formation_current,resp_0234289563a7991e,task_f200b2872c0abb9c,mp_balanced_constraints_v3,mp_derived_balanced_controlled,mp_property_derived,controlled_balanced,formation_energy,What is the formation energy of Co?,The formation energy of Co is 0.11766239086956701 eV/atom.,Materials Project reports Co (mp-669382). Band gap: 0.0 eV. Formation energy per atom: 0.11766239086956701 eV/atom. Energy above hull: 0.11766239086956701 eV/atom. Stable: False.,,current,What is the formation energy of Co?,['Materials Project reports Co (mp-669382). Band gap: 0.0 eV. Formation energy per atom: 0.11766239086956701 eV/atom. Energy above hull: 0.11766239086956701 eV/atom. Stable: False.'],The formation energy of Co is 0.11766239086956701 eV/atom.,Materials Project reports Co (mp-669382). Band gap: 0.0 eV. Formation energy per atom: 0.11766239086956701 eV/atom. Energy above hull: 0.11766239086956701 eV/atom. Stable: False.,1.0,1.0,,,ragas_qwen_plus,qwen-plus,0.0,elemental_formation_energy_reference_conflict
mp_bal_v2_0597_formation_current,resp_023d7426b05c1378,task_6fba02dbecdcf9c5,mp_balanced_constraints_v3,mp_derived_balanced_controlled,mp_property_derived,controlled_balanced,formation_energy,What is the formation energy of Pr?,The formation energy of Pr is 0.008044545 eV/atom.,Materials Project reports Pr (mp-97). Band gap: 0.0 eV. Formation energy per atom: 0.008044545 eV/atom. Energy above hull: 0.008044545 eV/atom. Stable: False.,,current,What is the formation energy of Pr?,['Materials Project reports Pr (mp-97). Band gap: 0.0 eV. Formation energy per atom: 0.008044545 eV/atom. Energy above hull: 0.008044545 eV/atom. Stable: False.'],The formation energy of Pr is 0.008044545 eV/atom.,Materials Project reports Pr (mp-97). Band gap: 0.0 eV. Formation energy per atom: 0.008044545 eV/atom. Energy above hull: 0.008044545 eV/atom. Stable: False.,1.0,1.0,,,ragas_qwen_plus,qwen-plus,1.0,
mp_bal_v2_0748_stability_current,resp_0240428b3221a165,task_d8e7f91f943237de,mp_balanced_constraints_v3,mp_derived_balanced_controlled,mp_property_derived,controlled_balanced,formation_energy,Is Na thermodynamically stable?,Na has energy above hull 0.006627077500000001 eV/atom and formation energy 0.006627077500000001 eV/atom; Materials Project stable is False.,Materials Project reports Na (mp-1545923). Band gap: 0.0 eV. Formation energy per atom: 0.006627077500000001 eV/atom. Energy above hull: 0.006627077500000001 eV/atom. Stable: False.,,current,Is Na thermodynamically stable?,['Materials Project reports Na (mp-1545923). Band gap: 0.0 eV. Formation energy per atom: 0.006627077500000001 eV/atom. Energy above hull: 0.006627077500000001 eV/atom. Stable: False.'],Na has energy above hull 0.006627077500000001 eV/atom and formation energy 0.006627077500000001 eV/atom; Materials Project stable is False.,Materials Project reports Na (mp-1545923). Band gap: 0.0 eV. Formation energy per atom: 0.006627077500000001 eV/atom. Energy above hull: 0.006627077500000001 eV/atom. Stable: False.,1.0,0.6034624986951372,,,ragas_qwen_plus,qwen-plus,1.0,
mp_bal_v2_0184_band_gap_current,resp_024333022c07fd30,task_af8d33a8b4a73799,mp_balanced_constraints_v3,mp_derived_balanced_controlled,mp_property_derived,controlled_balanced,band_gap,What is the band gap of Bi?,The band gap of Bi is 0.0 eV according to Materials Project.,Materials Project reports Bi (mp-1525145). Band gap: 0.0 eV. Formation energy per atom: 0.081740279999998 eV/atom. Energy above hull: 0.081740279999998 eV/atom. Stable: False.,,current,What is the band gap of Bi?,['Materials Project reports Bi (mp-1525145). Band gap: 0.0 eV. Formation energy per atom: 0.081740279999998 eV/atom. Energy above hull: 0.081740279999998 eV/atom. Stable: False.'],The band gap of Bi is 0.0 eV according to Materials Project.,Materials Project reports Bi (mp-1525145). Band gap: 0.0 eV. Formation energy per atom: 0.081740279999998 eV/atom. Energy above hull: 0.081740279999998 eV/atom. Stable: False.,1.0,0.8801966408877916,,,ragas_qwen_plus,qwen-plus,1.0,
mp_bal_v2_0355_stability_incomplete,resp_024ab07be8a53791,task_e2cf7b8c8bf73e5b,mp_balanced_constraints_v3,mp_derived_balanced_controlled,mp_property_derived,controlled_balanced,stability,Is Rh thermodynamically stable?,Rh is stable.,"A short snippet derived from mp-1186916 says Rh is stable, but omits formation energy, hull distance, and thermodynamic qualification.",,incomplete,Is Rh thermodynamically stable?,"['A short snippet derived from mp-1186916 says Rh is stable, but omits formation energy, hull distance, and thermodynamic qualification.']",Rh is stable.,"A short snippet derived from mp-1186916 says Rh is stable, but omits formation energy, hull distance, and thermodynamic qualification.",0.0,0.7108968111596055,,,ragas_qwen_plus,qwen-plus,0.0,cautious_stability_claim
mp_bal_v2_0752_formation_current,resp_02502b7bbc7b4b9f,task_931a7ac757b09535,mp_balanced_constraints_v3,mp_derived_balanced_controlled,mp_property_derived,controlled_balanced,formation_energy,What is the formation energy of U?,The formation energy of U is 0.0 eV/atom.,Materials Project reports U (mp-44). Band gap: 0.0 eV. Formation energy per atom: 0.0 eV/atom. Energy above hull: 0.0 eV/atom. Stable: True.,,current,What is the formation energy of U?,['Materials Project reports U (mp-44). Band gap: 0.0 eV. Formation energy per atom: 0.0 eV/atom. Energy above hull: 0.0 eV/atom. Stable: True.'],The formation energy of U is 0.0 eV/atom.,Materials Project reports U (mp-44). Band gap: 0.0 eV. Formation energy per atom: 0.0 eV/atom. Energy above hull: 0.0 eV/atom. Stable: True.,1.0,0.9999999999999992,,,ragas_qwen_plus,qwen-plus,1.0,
mp_bal_v2_0689_stability_current,resp_0254bdaf16ec150e,task_5585505c5a672930,mp_balanced_constraints_v3,mp_derived_balanced_controlled,mp_property_derived,controlled_balanced,formation_energy,Is S thermodynamically stable?,S has energy above hull 0.0003716303125 eV/atom and formation energy 0.0003716303125 eV/atom; Materials Project stable is False.,Materials Project reports S (mp-557869). Band gap: 2.3843 eV. Formation energy per atom: 0.0003716303125 eV/atom. Energy above hull: 0.0003716303125 eV/atom. Stable: False.,,current,Is S thermodynamically stable?,['Materials Project reports S (mp-557869). Band gap: 2.3843 eV. Formation energy per atom: 0.0003716303125 eV/atom. Energy above hull: 0.0003716303125 eV/atom. Stable: False.'],S has energy above hull 0.0003716303125 eV/atom and formation energy 0.0003716303125 eV/atom; Materials Project stable is False.,Materials Project reports S (mp-557869). Band gap: 2.3843 eV. Formation energy per atom: 0.0003716303125 eV/atom. Energy above hull: 0.0003716303125 eV/atom. Stable: False.,1.0,0.3900382918884813,,,ragas_qwen_plus,qwen-plus,1.0,
mp_bal_v2_0041_band_gap_current,resp_025a262155faaf8a,task_63d226241cf0e74d,mp_balanced_constraints_v3,mp_derived_balanced_controlled,mp_property_derived,controlled_balanced,band_gap,What is the band gap of W?,The band gap of W is 0.0 eV according to Materials Project.,Materials Project reports W (mp-1191581). Band gap: 0.0 eV. Formation energy per atom: 1.181116915599996 eV/atom. Energy above hull: 1.1811169156 eV/atom. Stable: False.,,current,What is the band gap of W?,['Materials Project reports W (mp-1191581). Band gap: 0.0 eV. Formation energy per atom: 1.181116915599996 eV/atom. Energy above hull: 1.1811169156 eV/atom. Stable: False.'],The band gap of W is 0.0 eV according to Materials Project.,Materials Project reports W (mp-1191581). Band gap: 0.0 eV. Formation energy per atom: 1.181116915599996 eV/atom. Energy above hull: 1.1811169156 eV/atom. Stable: False.,1.0,0.8071551686586912,,,ragas_qwen_plus,qwen-plus,1.0,
mp_bal_v2_0584_band_gap_current,resp_0263d8867645eb6a,task_933afefcfba2f5fd,mp_balanced_constraints_v3,mp_derived_balanced_controlled,mp_property_derived,controlled_balanced,band_gap,What is the band gap of V?,The band gap of V is 0.0 eV according to Materials Project.,Materials Project reports V (mp-8632). Band gap: 0.0 eV. Formation energy per atom: 0.247140399999999 eV/atom. Energy above hull: 0.247140399999999 eV/atom. Stable: False.,,current,What is the band gap of V?,['Materials Project reports V (mp-8632). Band gap: 0.0 eV. Formation energy per atom: 0.247140399999999 eV/atom. Energy above hull: 0.247140399999999 eV/atom. Stable: False.'],The band gap of V is 0.0 eV according to Materials Project.,Materials Project reports V (mp-8632). Band gap: 0.0 eV. Formation energy per atom: 0.247140399999999 eV/atom. Energy above hull: 0.247140399999999 eV/atom. Stable: False.,1.0,0.8997439390539593,,,ragas_qwen_plus,qwen-plus,1.0,
mp_bal_v2_0114_formation_current,resp_0267c851ee2e91f2,task_9656e4f8a978d783,mp_balanced_constraints_v3,mp_derived_balanced_controlled,mp_property_derived,controlled_balanced,formation_energy,What is the formation energy of Br?,The formation energy of Br is 0.20109457500000003 eV/atom.,Materials Project reports Br (mp-1010048). Band gap: 0.0 eV. Formation energy per atom: 0.20109457500000003 eV/atom. Energy above hull: 0.20109457500000003 eV/atom. Stable: False.,,current,What is the formation energy of Br?,['Materials Project reports Br (mp-1010048). Band gap: 0.0 eV. Formation energy per atom: 0.20109457500000003 eV/atom. Energy above hull: 0.20109457500000003 eV/atom. Stable: False.'],The formation energy of Br is 0.20109457500000003 eV/atom.,Materials Project reports Br (mp-1010048). Band gap: 0.0 eV. Formation energy per atom: 0.20109457500000003 eV/atom. Energy above hull: 0.20109457500000003 eV/atom. Stable: False.,1.0,0.9999999999999994,,,ragas_qwen_plus,qwen-plus,0.0,elemental_formation_energy_reference_conflict
mp_bal_v2_0331_formation_noisy_high,resp_026de1a102e933be,task_0424f286c97e3ba3,mp_balanced_constraints_v3,mp_derived_balanced_controlled,mp_property_derived,controlled_balanced,formation_energy,What is the formation energy of N2?,The formation energy of N2 is 5.5 eV/atom.,A controlled noisy note derived from mp-1061298 reports formation energy 5.5 eV/atom for N2. This note is marked outdated_or_incorrect for stress testing.,,outdated_or_incorrect,What is the formation energy of N2?,['A controlled noisy note derived from mp-1061298 reports formation energy 5.5 eV/atom for N2. This note is marked outdated_or_incorrect for stress testing.'],The formation energy of N2 is 5.5 eV/atom.,A controlled noisy note derived from mp-1061298 reports formation energy 5.5 eV/atom for N2. This note is marked outdated_or_incorrect for stress testing.,1.0,0.9999999999999996,,,ragas_qwen_plus,qwen-plus,0.0,formation_energy_typical_range
mp_bal_v2_0577_formation_current,resp_0270f5ac75d48363,task_138e68f15da70891,mp_balanced_constraints_v3,mp_derived_balanced_controlled,mp_property_derived,controlled_balanced,formation_energy,What is the formation energy of Tb?,The formation energy of Tb is 0.031530149999998 eV/atom.,Materials Project reports Tb (mp-7163). Band gap: 0.0 eV. Formation energy per atom: 0.031530149999998 eV/atom. Energy above hull: 0.031530149999998 eV/atom. Stable: False.,,current,What is the formation energy of Tb?,['Materials Project reports Tb (mp-7163). Band gap: 0.0 eV. Formation energy per atom: 0.031530149999998 eV/atom. Energy above hull: 0.031530149999998 eV/atom. Stable: False.'],The formation energy of Tb is 0.031530149999998 eV/atom.,Materials Project reports Tb (mp-7163). Band gap: 0.0 eV. Formation energy per atom: 0.031530149999998 eV/atom. Energy above hull: 0.031530149999998 eV/atom. Stable: False.,1.0,0.9999999999999996,,,ragas_qwen_plus,qwen-plus,1.0,
mp_bal_v2_0606_band_gap_negative,resp_02749c33051e6d52,task_d3e15004857ceea7,mp_balanced_constraints_v3,mp_derived_balanced_controlled,mp_property_derived,controlled_balanced,band_gap,What is the band gap of Se?,The band gap of Se is -0.05 eV.,A controlled noisy note derived from mp-12771 reports Se with band gap -0.05 eV. This note is marked outdated_or_incorrect for stress testing.,,outdated_or_incorrect,What is the band gap of Se?,['A controlled noisy note derived from mp-12771 reports Se with band gap -0.05 eV. This note is marked outdated_or_incorrect for stress testing.'],The band gap of Se is -0.05 eV.,A controlled noisy note derived from mp-12771 reports Se with band gap -0.05 eV. This note is marked outdated_or_incorrect for stress testing.,0.0,0.9999999999999994,,,ragas_qwen_plus,qwen-plus,0.0,non_negative_band_gap
mp_bal_v2_0577_conductivity_gap_conflict,resp_029f3d956175e378,task_db197b81010973ae,mp_balanced_constraints_v3,mp_derived_balanced_controlled,mp_property_derived,controlled_balanced,band_gap,Is Tb metallic or insulating based on its band gap?,Tb is an insulator with a band gap of 0.0 eV.,Materials Project reports Tb (mp-7163). Band gap: 0.0 eV. Formation energy per atom: 0.031530149999998 eV/atom. Energy above hull: 0.031530149999998 eV/atom. Stable: False.,,outdated_or_incorrect,Is Tb metallic or insulating based on its band gap?,['Materials Project reports Tb (mp-7163). Band gap: 0.0 eV. Formation energy per atom: 0.031530149999998 eV/atom. Energy above hull: 0.031530149999998 eV/atom. Stable: False.'],Tb is an insulator with a band gap of 0.0 eV.,Materials Project reports Tb (mp-7163). Band gap: 0.0 eV. Formation energy per atom: 0.031530149999998 eV/atom. Energy above hull: 0.031530149999998 eV/atom. Stable: False.,0.5,0.7479941961895039,,,ragas_qwen_plus,qwen-plus,0.0,conductivity_band_gap_consistency
mp_bal_v2_0001_band_gap_high,resp_02a36f9b7bfde6fc,task_c77e756aaac6944d,mp_balanced_constraints_v3,mp_derived_balanced_controlled,mp_property_derived,controlled_balanced,band_gap,What is the band gap of Nb?,The band gap of Nb is 16.5 eV.,A controlled noisy note derived from mp-1094120 reports Nb with band gap 16.5 eV.,,outdated_or_incorrect,What is the band gap of Nb?,['A controlled noisy note derived from mp-1094120 reports Nb with band gap 16.5 eV.'],The band gap of Nb is 16.5 eV.,A controlled noisy note derived from mp-1094120 reports Nb with band gap 16.5 eV.,1.0,0.9999999999999994,,,ragas_qwen_plus,qwen-plus,0.0,band_gap_physical_range
mp_bal_v2_0923_band_gap_negative,resp_02b6bdf8ef6646fc,task_a002c69a70ea4e69,mp_balanced_constraints_v3,mp_derived_balanced_controlled,mp_property_derived,controlled_balanced,band_gap,What is the band gap of Mg6Si5?,The band gap of Mg6Si5 is -0.05 eV.,A controlled noisy note derived from mp-1073998 reports Mg6Si5 with band gap -0.05 eV. This note is marked outdated_or_incorrect for stress testing.,,outdated_or_incorrect,What is the band gap of Mg6Si5?,['A controlled noisy note derived from mp-1073998 reports Mg6Si5 with band gap -0.05 eV. This note is marked outdated_or_incorrect for stress testing.'],The band gap of Mg6Si5 is -0.05 eV.,A controlled noisy note derived from mp-1073998 reports Mg6Si5 with band gap -0.05 eV. This note is marked outdated_or_incorrect for stress testing.,1.0,0.9999999999999992,,,ragas_qwen_plus,qwen-plus,0.0,non_negative_band_gap
mp_bal_v2_0242_band_gap_negative,resp_02be16c42f4f35b3,task_473c81c203cf681f,mp_balanced_constraints_v3,mp_derived_balanced_controlled,mp_property_derived,controlled_balanced,band_gap,What is the band gap of K?,The band gap of K is -0.05 eV.,A controlled noisy note derived from mp-1184764 reports K with band gap -0.05 eV. This note is marked outdated_or_incorrect for stress testing.,,outdated_or_incorrect,What is the band gap of K?,['A controlled noisy note derived from mp-1184764 reports K with band gap -0.05 eV. This note is marked outdated_or_incorrect for stress testing.'],The band gap of K is -0.05 eV.,A controlled noisy note derived from mp-1184764 reports K with band gap -0.05 eV. This note is marked outdated_or_incorrect for stress testing.,1.0,0.9999999999999998,,,ragas_qwen_plus,qwen-plus,0.0,non_negative_band_gap
mp_bal_v2_0119_band_gap_high,resp_02c39eee6f2fca99,task_d1375564bab56fc6,mp_balanced_constraints_v3,mp_derived_balanced_controlled,mp_property_derived,controlled_balanced,band_gap,What is the band gap of Si?,The band gap of Si is 16.5 eV.,A controlled noisy note derived from mp-1056579 reports Si with band gap 16.5 eV.,,outdated_or_incorrect,What is the band gap of Si?,['A controlled noisy note derived from mp-1056579 reports Si with band gap 16.5 eV.'],The band gap of Si is 16.5 eV.,A controlled noisy note derived from mp-1056579 reports Si with band gap 16.5 eV.,1.0,0.9999999999999992,,,ragas_qwen_plus,qwen-plus,0.0,band_gap_physical_range
mp_bal_v2_0269_stability_incomplete,resp_02caf082ee15004a,task_5fb6df50e9530c96,mp_balanced_constraints_v3,mp_derived_balanced_controlled,mp_property_derived,controlled_balanced,stability,Is Rb thermodynamically stable?,Rb is stable.,"A short snippet derived from mp-867126 says Rb is stable, but omits formation energy, hull distance, and thermodynamic qualification.",,incomplete,Is Rb thermodynamically stable?,"['A short snippet derived from mp-867126 says Rb is stable, but omits formation energy, hull distance, and thermodynamic qualification.']",Rb is stable.,"A short snippet derived from mp-867126 says Rb is stable, but omits formation energy, hull distance, and thermodynamic qualification.",0.0,0.6968127614150719,,,ragas_qwen_plus,qwen-plus,0.0,cautious_stability_claim
mp_bal_v2_0368_conductivity_gap_conflict,resp_02cc2dcf0fb15c9d,task_b3f5b5b3d3fdfaa9,mp_balanced_constraints_v3,mp_derived_balanced_controlled,mp_property_derived,controlled_balanced,band_gap,Is Lu metallic or insulating based on its band gap?,Lu is an insulator with a band gap of 0.0 eV.,Materials Project reports Lu (mp-145). Band gap: 0.0 eV. Formation energy per atom: 0.0007369333333350001 eV/atom. Energy above hull: 0.0007369333333350001 eV/atom. Stable: False.,,outdated_or_incorrect,Is Lu metallic or insulating based on its band gap?,['Materials Project reports Lu (mp-145). Band gap: 0.0 eV. Formation energy per atom: 0.0007369333333350001 eV/atom. Energy above hull: 0.0007369333333350001 eV/atom. Stable: False.'],Lu is an insulator with a band gap of 0.0 eV.,Materials Project reports Lu (mp-145). Band gap: 0.0 eV. Formation energy per atom: 0.0007369333333350001 eV/atom. Energy above hull: 0.0007369333333350001 eV/atom. Stable: False.,0.5,0.7364425030146583,,,ragas_qwen_plus,qwen-plus,0.0,conductivity_band_gap_consistency
mp_bal_v2_0067_formation_current,resp_02cdd1c21c3f9e36,task_fbd5c8dece262c5b,mp_balanced_constraints_v3,mp_derived_balanced_controlled,mp_property_derived,controlled_balanced,formation_energy,What is the formation energy of Hg?,The formation energy of Hg is 0.011028022499999 eV/atom.,Materials Project reports Hg (mp-1974574). Band gap: 0.0 eV. Formation energy per atom: 0.011028022499999 eV/atom. Energy above hull: 0.011028022499999 eV/atom. Stable: False.,,current,What is the formation energy of Hg?,['Materials Project reports Hg (mp-1974574). Band gap: 0.0 eV. Formation energy per atom: 0.011028022499999 eV/atom. Energy above hull: 0.011028022499999 eV/atom. Stable: False.'],The formation energy of Hg is 0.011028022499999 eV/atom.,Materials Project reports Hg (mp-1974574). Band gap: 0.0 eV. Formation energy per atom: 0.011028022499999 eV/atom. Energy above hull: 0.011028022499999 eV/atom. Stable: False.,1.0,0.9999999999999998,,,ragas_qwen_plus,qwen-plus,1.0,
mp_bal_v2_0507_band_gap_current,resp_02d34b03d3bea176,task_82634dd278e0735e,mp_balanced_constraints_v3,mp_derived_balanced_controlled,mp_property_derived,controlled_balanced,band_gap,What is the band gap of Ba?,The band gap of Ba is 0.0 eV according to Materials Project.,Materials Project reports Ba (mp-639747). Band gap: 0.0 eV. Formation energy per atom: 0.296068739999999 eV/atom. Energy above hull: 0.296068739999999 eV/atom. Stable: False.,,current,What is the band gap of Ba?,['Materials Project reports Ba (mp-639747). Band gap: 0.0 eV. Formation energy per atom: 0.296068739999999 eV/atom. Energy above hull: 0.296068739999999 eV/atom. Stable: False.'],The band gap of Ba is 0.0 eV according to Materials Project.,Materials Project reports Ba (mp-639747). Band gap: 0.0 eV. Formation energy per atom: 0.296068739999999 eV/atom. Energy above hull: 0.296068739999999 eV/atom. Stable: False.,1.0,0.8827893014327725,,,ragas_qwen_plus,qwen-plus,1.0,
mp_bal_v2_0853_formation_noisy_high,resp_02d9f4f2957499fa,task_7c567e9c1f2918e5,mp_balanced_constraints_v3,mp_derived_balanced_controlled,mp_property_derived,controlled_balanced,formation_energy,What is the formation energy of Mg2Si3?,The formation energy of Mg2Si3 is 5.5 eV/atom.,A controlled noisy note derived from mp-1073130 reports formation energy 5.5 eV/atom for Mg2Si3. This note is marked outdated_or_incorrect for stress testing.,,outdated_or_incorrect,What is the formation energy of Mg2Si3?,['A controlled noisy note derived from mp-1073130 reports formation energy 5.5 eV/atom for Mg2Si3. This note is marked outdated_or_incorrect for stress testing.'],The formation energy of Mg2Si3 is 5.5 eV/atom.,A controlled noisy note derived from mp-1073130 reports formation energy 5.5 eV/atom for Mg2Si3. This note is marked outdated_or_incorrect for stress testing.,1.0,0.9999999999999992,,,ragas_qwen_plus,qwen-plus,0.0,formation_energy_typical_range
mp_bal_v2_0133_conductivity_gap_conflict,resp_02e2584a2078bf05,task_0cf4c22a6a2b9716,mp_balanced_constraints_v3,mp_derived_balanced_controlled,mp_property_derived,controlled_balanced,band_gap,Is N2 metallic or insulating based on its band gap?,N2 is an insulator with a band gap of 0.0 eV.,Materials Project reports N2 (mp-1524991). Band gap: 0.0 eV. Formation energy per atom: 3.098628081249999 eV/atom. Energy above hull: 3.098628081249999 eV/atom. Stable: False.,,outdated_or_incorrect,Is N2 metallic or insulating based on its band gap?,['Materials Project reports N2 (mp-1524991). Band gap: 0.0 eV. Formation energy per atom: 3.098628081249999 eV/atom. Energy above hull: 3.098628081249999 eV/atom. Stable: False.'],N2 is an insulator with a band gap of 0.0 eV.,Materials Project reports N2 (mp-1524991). Band gap: 0.0 eV. Formation energy per atom: 3.098628081249999 eV/atom. Energy above hull: 3.098628081249999 eV/atom. Stable: False.,0.5,0.7529805617317468,,,ragas_qwen_plus,qwen-plus,0.0,conductivity_band_gap_consistency
mp_bal_v2_0826_stability_incomplete,resp_0316a2a5b5dfc4ce,task_079e1760bbf2fff1,mp_balanced_constraints_v3,mp_derived_balanced_controlled,mp_property_derived,controlled_balanced,stability,Is P thermodynamically stable?,P is stable.,"A short snippet derived from mp-7245 says P is stable, but omits formation energy, hull distance, and thermodynamic qualification.",,incomplete,Is P thermodynamically stable?,"['A short snippet derived from mp-7245 says P is stable, but omits formation energy, hull distance, and thermodynamic qualification.']",P is stable.,"A short snippet derived from mp-7245 says P is stable, but omits formation energy, hull distance, and thermodynamic qualification.",0.0,0.6426668060668204,,,ragas_qwen_plus,qwen-plus,0.0,cautious_stability_claim
mp_bal_v2_0211_stability_incomplete,resp_03172b8f871f6a6e,task_24be92e55959bbd6,mp_balanced_constraints_v3,mp_derived_balanced_controlled,mp_property_derived,controlled_balanced,stability,Is Te thermodynamically stable?,Te is stable.,"A short snippet derived from mp-19 says Te is stable, but omits formation energy, hull distance, and thermodynamic qualification.",,incomplete,Is Te thermodynamically stable?,"['A short snippet derived from mp-19 says Te is stable, but omits formation energy, hull distance, and thermodynamic qualification.']",Te is stable.,"A short snippet derived from mp-19 says Te is stable, but omits formation energy, hull distance, and thermodynamic qualification.",0.0,0.7127218187356618,,,ragas_qwen_plus,qwen-plus,0.0,cautious_stability_claim
mp_bal_v2_0410_band_gap_current,resp_0317c744207af544,task_125f1f37b355a33e,mp_balanced_constraints_v3,mp_derived_balanced_controlled,mp_property_derived,controlled_balanced,band_gap,What is the band gap of C?,The band gap of C is 4.399799999999999 eV according to Materials Project.,Materials Project reports C (mp-611448). Band gap: 4.399799999999999 eV. Formation energy per atom: 0.11882863916666701 eV/atom. Energy above hull: 0.11882863916666601 eV/atom. Stable: False.,,current,What is the band gap of C?,['Materials Project reports C (mp-611448). Band gap: 4.399799999999999 eV. Formation energy per atom: 0.11882863916666701 eV/atom. Energy above hull: 0.11882863916666601 eV/atom. Stable: False.'],The band gap of C is 4.399799999999999 eV according to Materials Project.,Materials Project reports C (mp-611448). Band gap: 4.399799999999999 eV. Formation energy per atom: 0.11882863916666701 eV/atom. Energy above hull: 0.11882863916666601 eV/atom. Stable: False.,1.0,0.8871167553434248,,,ragas_qwen_plus,qwen-plus,1.0,
mp_bal_v2_0895_stability_incomplete,resp_032020e31d13baa8,task_10d5631db24d941c,mp_balanced_constraints_v3,mp_derived_balanced_controlled,mp_property_derived,controlled_balanced,stability,Is MgSi thermodynamically stable?,MgSi is stable.,"A short snippet derived from mp-1073750 says MgSi is stable, but omits formation energy, hull distance, and thermodynamic qualification.",,incomplete,Is MgSi thermodynamically stable?,"['A short snippet derived from mp-1073750 says MgSi is stable, but omits formation energy, hull distance, and thermodynamic qualification.']",MgSi is stable.,"A short snippet derived from mp-1073750 says MgSi is stable, but omits formation energy, hull distance, and thermodynamic qualification.",0.0,0.8135402732400698,,,ragas_qwen_plus,qwen-plus,0.0,cautious_stability_claim
mp_bal_v2_0173_formation_current,resp_03259d64822a48e7,task_b7fe803e5ddbd61a,mp_balanced_constraints_v3,mp_derived_balanced_controlled,mp_property_derived,controlled_balanced,formation_energy,What is the formation energy of Pb?,The formation energy of Pb is 0.11592558166666801 eV/atom.,Materials Project reports Pb (mp-1102666). Band gap: 0.0 eV. Formation energy per atom: 0.11592558166666801 eV/atom. Energy above hull: 0.11592558166666501 eV/atom. Stable: False.,,current,What is the formation energy of Pb?,['Materials Project reports Pb (mp-1102666). Band gap: 0.0 eV. Formation energy per atom: 0.11592558166666801 eV/atom. Energy above hull: 0.11592558166666501 eV/atom. Stable: False.'],The formation energy of Pb is 0.11592558166666801 eV/atom.,Materials Project reports Pb (mp-1102666). Band gap: 0.0 eV. Formation energy per atom: 0.11592558166666801 eV/atom. Energy above hull: 0.11592558166666501 eV/atom. Stable: False.,1.0,0.9999999999999996,,,ragas_qwen_plus,qwen-plus,0.0,elemental_formation_energy_reference_conflict
mp_bal_v2_0644_stability_current,resp_0334f8fe3da21bf0,task_fa970625764a7aef,mp_balanced_constraints_v3,mp_derived_balanced_controlled,mp_property_derived,controlled_balanced,formation_energy,Is Pb thermodynamically stable?,Pb has energy above hull 0.042154440000004005 eV/atom and formation energy 0.042154440000004005 eV/atom; Materials Project stable is False.,Materials Project reports Pb (mp-22692). Band gap: 0.0 eV. Formation energy per atom: 0.042154440000004005 eV/atom. Energy above hull: 0.042154440000004005 eV/atom. Stable: False.,,current,Is Pb thermodynamically stable?,['Materials Project reports Pb (mp-22692). Band gap: 0.0 eV. Formation energy per atom: 0.042154440000004005 eV/atom. Energy above hull: 0.042154440000004005 eV/atom. Stable: False.'],Pb has energy above hull 0.042154440000004005 eV/atom and formation energy 0.042154440000004005 eV/atom; Materials Project stable is False.,Materials Project reports Pb (mp-22692). Band gap: 0.0 eV. Formation energy per atom: 0.042154440000004005 eV/atom. Energy above hull: 0.042154440000004005 eV/atom. Stable: False.,1.0,0.5802508251208399,,,ragas_qwen_plus,qwen-plus,1.0,
mp_bal_v2_0682_stability_incomplete,resp_0335d2836b734b14,task_337aff8e29f50875,mp_balanced_constraints_v3,mp_derived_balanced_controlled,mp_property_derived,controlled_balanced,stability,Is Cu thermodynamically stable?,Cu is stable.,"A short snippet derived from mp-998890 says Cu is stable, but omits formation energy, hull distance, and thermodynamic qualification.",,incomplete,Is Cu thermodynamically stable?,"['A short snippet derived from mp-998890 says Cu is stable, but omits formation energy, hull distance, and thermodynamic qualification.']",Cu is stable.,"A short snippet derived from mp-998890 says Cu is stable, but omits formation energy, hull distance, and thermodynamic qualification.",0.0,0.7387179813354575,,,ragas_qwen_plus,qwen-plus,0.0,cautious_stability_claim
mp_bal_v2_0389_band_gap_current,resp_03421b4cb2e7d2ef,task_5ac7d0b63dc9ce31,mp_balanced_constraints_v3,mp_derived_balanced_controlled,mp_property_derived,controlled_balanced,band_gap,What is the band gap of Ir?,The band gap of Ir is 0.0 eV according to Materials Project.,Materials Project reports Ir (mp-2647032). Band gap: 0.0 eV. Formation energy per atom: 0.062916919999999 eV/atom. Energy above hull: 0.062916919999999 eV/atom. Stable: False.,,current,What is the band gap of Ir?,['Materials Project reports Ir (mp-2647032). Band gap: 0.0 eV. Formation energy per atom: 0.062916919999999 eV/atom. Energy above hull: 0.062916919999999 eV/atom. Stable: False.'],The band gap of Ir is 0.0 eV according to Materials Project.,Materials Project reports Ir (mp-2647032). Band gap: 0.0 eV. Formation energy per atom: 0.062916919999999 eV/atom. Energy above hull: 0.062916919999999 eV/atom. Stable: False.,1.0,0.8878896591210458,,,ragas_qwen_plus,qwen-plus,1.0,
mp_bal_v2_0834_stability_current,resp_034f45ae91e9af35,task_18fd0af42845cadc,mp_balanced_constraints_v3,mp_derived_balanced_controlled,mp_property_derived,controlled_balanced,formation_energy,Is S thermodynamically stable?,S has energy above hull 0.042196687187500005 eV/atom and formation energy 0.042196687187500005 eV/atom; Materials Project stable is False.,Materials Project reports S (mp-994911). Band gap: 3.3265000000000002 eV. Formation energy per atom: 0.042196687187500005 eV/atom. Energy above hull: 0.042196687187500005 eV/atom. Stable: False.,,current,Is S thermodynamically stable?,['Materials Project reports S (mp-994911). Band gap: 3.3265000000000002 eV. Formation energy per atom: 0.042196687187500005 eV/atom. Energy above hull: 0.042196687187500005 eV/atom. Stable: False.'],S has energy above hull 0.042196687187500005 eV/atom and formation energy 0.042196687187500005 eV/atom; Materials Project stable is False.,Materials Project reports S (mp-994911). Band gap: 3.3265000000000002 eV. Formation energy per atom: 0.042196687187500005 eV/atom. Energy above hull: 0.042196687187500005 eV/atom. Stable: False.,1.0,0.5307377750160028,,,ragas_qwen_plus,qwen-plus,1.0,
mp_bal_v2_0229_band_gap_current,resp_0359ab9dc565b528,task_1164ee21052d4661,mp_balanced_constraints_v3,mp_derived_balanced_controlled,mp_property_derived,controlled_balanced,band_gap,What is the band gap of Dy?,The band gap of Dy is 0.0 eV according to Materials Project.,Materials Project reports Dy (mp-10658). Band gap: 0.0 eV. Formation energy per atom: 0.011588688333337 eV/atom. Energy above hull: 0.011588688333336001 eV/atom. Stable: False.,,current,What is the band gap of Dy?,['Materials Project reports Dy (mp-10658). Band gap: 0.0 eV. Formation energy per atom: 0.011588688333337 eV/atom. Energy above hull: 0.011588688333336001 eV/atom. Stable: False.'],The band gap of Dy is 0.0 eV according to Materials Project.,Materials Project reports Dy (mp-10658). Band gap: 0.0 eV. Formation energy per atom: 0.011588688333337 eV/atom. Energy above hull: 0.011588688333336001 eV/atom. Stable: False.,1.0,0.8810272243906896,,,ragas_qwen_plus,qwen-plus,1.0,
mp_bal_v2_0724_formation_noisy_high,resp_0386b3175359970b,task_fd655b1eeffec26d,mp_balanced_constraints_v3,mp_derived_balanced_controlled,mp_property_derived,controlled_balanced,formation_energy,What is the formation energy of H2?,The formation energy of H2 is 5.5 eV/atom.,A controlled noisy note derived from mp-1181265 reports formation energy 5.5 eV/atom for H2. This note is marked outdated_or_incorrect for stress testing.,,outdated_or_incorrect,What is the formation energy of H2?,['A controlled noisy note derived from mp-1181265 reports formation energy 5.5 eV/atom for H2. This note is marked outdated_or_incorrect for stress testing.'],The formation energy of H2 is 5.5 eV/atom.,A controlled noisy note derived from mp-1181265 reports formation energy 5.5 eV/atom for H2. This note is marked outdated_or_incorrect for stress testing.,1.0,0.9999999999999996,,,ragas_qwen_plus,qwen-plus,0.0,formation_energy_typical_range
mp_bal_v2_0889_stability_incomplete,resp_039199d39b811eaa,task_e9bab50db22c448e,mp_balanced_constraints_v3,mp_derived_balanced_controlled,mp_property_derived,controlled_balanced,stability,Is MgSi thermodynamically stable?,MgSi is stable.,"A short snippet derived from mp-1073702 says MgSi is stable, but omits formation energy, hull distance, and thermodynamic qualification.",,incomplete,Is MgSi thermodynamically stable?,"['A short snippet derived from mp-1073702 says MgSi is stable, but omits formation energy, hull distance, and thermodynamic qualification.']",MgSi is stable.,"A short snippet derived from mp-1073702 says MgSi is stable, but omits formation energy, hull distance, and thermodynamic qualification.",0.0,0.8135402732400698,,,ragas_qwen_plus,qwen-plus,0.0,cautious_stability_claim
mp_bal_v2_0582_stability_incomplete,resp_0396f7c5df16fe64,task_31ea7e5a167e9d3e,mp_balanced_constraints_v3,mp_derived_balanced_controlled,mp_property_derived,controlled_balanced,stability,Is Au thermodynamically stable?,Au is stable.,"A short snippet derived from mp-81 says Au is stable, but omits formation energy, hull distance, and thermodynamic qualification.",,incomplete,Is Au thermodynamically stable?,"['A short snippet derived from mp-81 says Au is stable, but omits formation energy, hull distance, and thermodynamic qualification.']",Au is stable.,"A short snippet derived from mp-81 says Au is stable, but omits formation energy, hull distance, and thermodynamic qualification.",0.0,0.5801945998728442,,,ragas_qwen_plus,qwen-plus,0.0,cautious_stability_claim
mp_bal_v2_0329_band_gap_negative,resp_0399d5c1d3202047,task_75dc60f4c2c08f33,mp_balanced_constraints_v3,mp_derived_balanced_controlled,mp_property_derived,controlled_balanced,band_gap,What is the band gap of Pr?,The band gap of Pr is -0.05 eV.,A controlled noisy note derived from mp-1059256 reports Pr with band gap -0.05 eV. This note is marked outdated_or_incorrect for stress testing.,,outdated_or_incorrect,What is the band gap of Pr?,['A controlled noisy note derived from mp-1059256 reports Pr with band gap -0.05 eV. This note is marked outdated_or_incorrect for stress testing.'],The band gap of Pr is -0.05 eV.,A controlled noisy note derived from mp-1059256 reports Pr with band gap -0.05 eV. This note is marked outdated_or_incorrect for stress testing.,0.0,0.9999999999999996,,,ragas_qwen_plus,qwen-plus,0.0,non_negative_band_gap
mp_bal_v2_0533_formation_current,resp_039a67b78b3e4f80,task_e552aa7f9d4b857a,mp_balanced_constraints_v3,mp_derived_balanced_controlled,mp_property_derived,controlled_balanced,formation_energy,What is the formation energy of Ba?,The formation energy of Ba is 0.01299892 eV/atom.,Materials Project reports Ba (mp-10679). Band gap: 0.0 eV. Formation energy per atom: 0.01299892 eV/atom. Energy above hull: 0.01299892 eV/atom. Stable: False.,,current,What is the formation energy of Ba?,['Materials Project reports Ba (mp-10679). Band gap: 0.0 eV. Formation energy per atom: 0.01299892 eV/atom. Energy above hull: 0.01299892 eV/atom. Stable: False.'],The formation energy of Ba is 0.01299892 eV/atom.,Materials Project reports Ba (mp-10679). Band gap: 0.0 eV. Formation energy per atom: 0.01299892 eV/atom. Energy above hull: 0.01299892 eV/atom. Stable: False.,1.0,0.9999999999999992,,,ragas_qwen_plus,qwen-plus,1.0,
mp_bal_v2_0956_conductivity_gap_conflict,resp_03a74e4dfc2e6f4e,task_34d4c54c4a64b46e,mp_balanced_constraints_v3,mp_derived_balanced_controlled,mp_property_derived,controlled_balanced,band_gap,Is Mg4Si7 metallic or insulating based on its band gap?,Mg4Si7 is an insulator with a band gap of 0.0 eV.,Materials Project reports Mg4Si7 (mp-1074189). Band gap: 0.0 eV. Formation energy per atom: 0.160848535454545 eV/atom. Energy above hull: 0.220084224545455 eV/atom. Stable: False.,,outdated_or_incorrect,Is Mg4Si7 metallic or insulating based on its band gap?,['Materials Project reports Mg4Si7 (mp-1074189). Band gap: 0.0 eV. Formation energy per atom: 0.160848535454545 eV/atom. Energy above hull: 0.220084224545455 eV/atom. Stable: False.'],Mg4Si7 is an insulator with a band gap of 0.0 eV.,Materials Project reports Mg4Si7 (mp-1074189). Band gap: 0.0 eV. Formation energy per atom: 0.160848535454545 eV/atom. Energy above hull: 0.220084224545455 eV/atom. Stable: False.,0.5,0.7773659727672426,,,ragas_qwen_plus,qwen-plus,0.0,conductivity_band_gap_consistency
mp_bal_v2_0721_band_gap_high,resp_03b9a672d43ca9b1,task_22e3c1c7028d7bbd,mp_balanced_constraints_v3,mp_derived_balanced_controlled,mp_property_derived,controlled_balanced,band_gap,What is the band gap of Np?,The band gap of Np is 16.5 eV.,A controlled noisy note derived from mp-11534 reports Np with band gap 16.5 eV.,,outdated_or_incorrect,What is the band gap of Np?,['A controlled noisy note derived from mp-11534 reports Np with band gap 16.5 eV.'],The band gap of Np is 16.5 eV.,A controlled noisy note derived from mp-11534 reports Np with band gap 16.5 eV.,1.0,0.9999999999999998,,,ragas_qwen_plus,qwen-plus,0.0,band_gap_physical_range
mp_bal_v2_0810_conductivity_gap_conflict,resp_03c41bfa58459469,task_bd071300988672e7,mp_balanced_constraints_v3,mp_derived_balanced_controlled,mp_property_derived,controlled_balanced,band_gap,Is O2 metallic or insulating based on its band gap?,O2 is an insulator with a band gap of 0.0 eV.,Materials Project reports O2 (mp-607540). Band gap: 0.0 eV. Formation energy per atom: 0.12115633999999902 eV/atom. Energy above hull: 0.12115633999999902 eV/atom. Stable: False.,,outdated_or_incorrect,Is O2 metallic or insulating based on its band gap?,['Materials Project reports O2 (mp-607540). Band gap: 0.0 eV. Formation energy per atom: 0.12115633999999902 eV/atom. Energy above hull: 0.12115633999999902 eV/atom. Stable: False.'],O2 is an insulator with a band gap of 0.0 eV.,Materials Project reports O2 (mp-607540). Band gap: 0.0 eV. Formation energy per atom: 0.12115633999999902 eV/atom. Energy above hull: 0.12115633999999902 eV/atom. Stable: False.,0.5,0.750172309309665,,,ragas_qwen_plus,qwen-plus,0.0,conductivity_band_gap_consistency
mp_bal_v2_0238_stability_current,resp_03d7886da44f8c6e,task_bc6ef8dad594098c,mp_balanced_constraints_v3,mp_derived_balanced_controlled,mp_property_derived,controlled_balanced,formation_energy,Is Cd thermodynamically stable?,Cd has energy above hull 0.024284360000002003 eV/atom and formation energy 0.024284360000002003 eV/atom; Materials Project stable is False.,Materials Project reports Cd (mp-1183542). Band gap: 0.0 eV. Formation energy per atom: 0.024284360000002003 eV/atom. Energy above hull: 0.024284360000002003 eV/atom. Stable: False.,,current,Is Cd thermodynamically stable?,['Materials Project reports Cd (mp-1183542). Band gap: 0.0 eV. Formation energy per atom: 0.024284360000002003 eV/atom. Energy above hull: 0.024284360000002003 eV/atom. Stable: False.'],Cd has energy above hull 0.024284360000002003 eV/atom and formation energy 0.024284360000002003 eV/atom; Materials Project stable is False.,Materials Project reports Cd (mp-1183542). Band gap: 0.0 eV. Formation energy per atom: 0.024284360000002003 eV/atom. Energy above hull: 0.024284360000002003 eV/atom. Stable: False.,1.0,0.6237494422837269,,,ragas_qwen_plus,qwen-plus,1.0,
mp_bal_v2_0345_formation_noisy_high,resp_03dcb1c03c786674,task_1cdbce4e7c28b99e,mp_balanced_constraints_v3,mp_derived_balanced_controlled,mp_property_derived,controlled_balanced,formation_energy,What is the formation energy of Er?,The formation energy of Er is 5.5 eV/atom.,A controlled noisy note derived from mp-1184113 reports formation energy 5.5 eV/atom for Er. This note is marked outdated_or_incorrect for stress testing.,,outdated_or_incorrect,What is the formation energy of Er?,['A controlled noisy note derived from mp-1184113 reports formation energy 5.5 eV/atom for Er. This note is marked outdated_or_incorrect for stress testing.'],The formation energy of Er is 5.5 eV/atom.,A controlled noisy note derived from mp-1184113 reports formation energy 5.5 eV/atom for Er. This note is marked outdated_or_incorrect for stress testing.,0.0,0.9999999999999988,,,ragas_qwen_plus,qwen-plus,0.0,elemental_formation_energy_reference_conflict;formation_energy_typical_range
mp_bal_v2_0621_band_gap_current,resp_03e05b3041ee788d,task_76489a021dd96d17,mp_balanced_constraints_v3,mp_derived_balanced_controlled,mp_property_derived,controlled_balanced,band_gap,What is the band gap of S?,The band gap of S is 0.0 eV according to Materials Project.,Materials Project reports S (mp-1063988). Band gap: 0.0 eV. Formation energy per atom: 1.137483786875002 eV/atom. Energy above hull: 1.137483786875002 eV/atom. Stable: False.,,current,What is the band gap of S?,['Materials Project reports S (mp-1063988). Band gap: 0.0 eV. Formation energy per atom: 1.137483786875002 eV/atom. Energy above hull: 1.137483786875002 eV/atom. Stable: False.'],The band gap of S is 0.0 eV according to Materials Project.,Materials Project reports S (mp-1063988). Band gap: 0.0 eV. Formation energy per atom: 1.137483786875002 eV/atom. Energy above hull: 1.137483786875002 eV/atom. Stable: False.,1.0,0.8647958514759615,,,ragas_qwen_plus,qwen-plus,1.0,
mp_bal_v2_0114_band_gap_high,resp_03e55e96e6c508a1,task_b5096bf17f8f7c2c,mp_balanced_constraints_v3,mp_derived_balanced_controlled,mp_property_derived,controlled_balanced,band_gap,What is the band gap of Br?,The band gap of Br is 16.5 eV.,A controlled noisy note derived from mp-1010048 reports Br with band gap 16.5 eV.,,outdated_or_incorrect,What is the band gap of Br?,['A controlled noisy note derived from mp-1010048 reports Br with band gap 16.5 eV.'],The band gap of Br is 16.5 eV.,A controlled noisy note derived from mp-1010048 reports Br with band gap 16.5 eV.,1.0,0.9999999999999996,,,ragas_qwen_plus,qwen-plus,0.0,band_gap_physical_range
mp_bal_v2_0561_conductivity_gap_conflict,resp_03f0215cb8956e5b,task_a65723d7e2dffcfd,mp_balanced_constraints_v3,mp_derived_balanced_controlled,mp_property_derived,controlled_balanced,band_gap,Is Ce metallic or insulating based on its band gap?,Ce is an insulator with a band gap of 0.0 eV.,Materials Project reports Ce (mp-28). Band gap: 0.0 eV. Formation energy per atom: 0.0 eV/atom. Energy above hull: 0.0 eV/atom. Stable: True.,,outdated_or_incorrect,Is Ce metallic or insulating based on its band gap?,['Materials Project reports Ce (mp-28). Band gap: 0.0 eV. Formation energy per atom: 0.0 eV/atom. Energy above hull: 0.0 eV/atom. Stable: True.'],Ce is an insulator with a band gap of 0.0 eV.,Materials Project reports Ce (mp-28). Band gap: 0.0 eV. Formation energy per atom: 0.0 eV/atom. Energy above hull: 0.0 eV/atom. Stable: True.,0.5,0.7323930869570129,,,ragas_qwen_plus,qwen-plus,0.0,conductivity_band_gap_consistency
mp_bal_v2_0796_conductivity_gap_conflict,resp_03f7e1bd259c2a58,task_a2ad094e7ada57c8,mp_balanced_constraints_v3,mp_derived_balanced_controlled,mp_property_derived,controlled_balanced,band_gap,Is Te metallic or insulating based on its band gap?,Te is an insulator with a band gap of 0.0 eV.,Materials Project reports Te (mp-9924). Band gap: 0.0 eV. Formation energy per atom: 0.127406703333335 eV/atom. Energy above hull: 0.127406703333335 eV/atom. Stable: False.,,outdated_or_incorrect,Is Te metallic or insulating based on its band gap?,['Materials Project reports Te (mp-9924). Band gap: 0.0 eV. Formation energy per atom: 0.127406703333335 eV/atom. Energy above hull: 0.127406703333335 eV/atom. Stable: False.'],Te is an insulator with a band gap of 0.0 eV.,Materials Project reports Te (mp-9924). Band gap: 0.0 eV. Formation energy per atom: 0.127406703333335 eV/atom. Energy above hull: 0.127406703333335 eV/atom. Stable: False.,0.5,0.7593762921583376,,,ragas_qwen_plus,qwen-plus,0.0,conductivity_band_gap_consistency
mp_bal_v2_0902_stability_incomplete,resp_03f9d87a97130461,task_0a930b0e47b16bda,mp_balanced_constraints_v3,mp_derived_balanced_controlled,mp_property_derived,controlled_balanced,stability,Is MgSi thermodynamically stable?,MgSi is stable.,"A short snippet derived from mp-1073859 says MgSi is stable, but omits formation energy, hull distance, and thermodynamic qualification.",,incomplete,Is MgSi thermodynamically stable?,"['A short snippet derived from mp-1073859 says MgSi is stable, but omits formation energy, hull distance, and thermodynamic qualification.']",MgSi is stable.,"A short snippet derived from mp-1073859 says MgSi is stable, but omits formation energy, hull distance, and thermodynamic qualification.",0.0,0.8135402732400698,,,ragas_qwen_plus,qwen-plus,0.0,cautious_stability_claim
mp_bal_v2_0310_formation_noisy_high,resp_03faa1a7669f82ab,task_3ab99e88725774cb,mp_balanced_constraints_v3,mp_derived_balanced_controlled,mp_property_derived,controlled_balanced,formation_energy,What is the formation energy of Si?,The formation energy of Si is 5.5 eV/atom.,A controlled noisy note derived from mp-1196961 reports formation energy 5.5 eV/atom for Si. This note is marked outdated_or_incorrect for stress testing.,,outdated_or_incorrect,What is the formation energy of Si?,['A controlled noisy note derived from mp-1196961 reports formation energy 5.5 eV/atom for Si. This note is marked outdated_or_incorrect for stress testing.'],The formation energy of Si is 5.5 eV/atom.,A controlled noisy note derived from mp-1196961 reports formation energy 5.5 eV/atom for Si. This note is marked outdated_or_incorrect for stress testing.,0.0,0.9999999999999996,,,ragas_qwen_plus,qwen-plus,0.0,elemental_formation_energy_reference_conflict;formation_energy_typical_range
mp_bal_v2_0806_band_gap_negative,resp_0405d362a6d78098,task_63187656e7f579f4,mp_balanced_constraints_v3,mp_derived_balanced_controlled,mp_property_derived,controlled_balanced,band_gap,What is the band gap of Hg?,The band gap of Hg is -0.05 eV.,A controlled noisy note derived from mp-1184687 reports Hg with band gap -0.05 eV. This note is marked outdated_or_incorrect for stress testing.,,outdated_or_incorrect,What is the band gap of Hg?,['A controlled noisy note derived from mp-1184687 reports Hg with band gap -0.05 eV. This note is marked outdated_or_incorrect for stress testing.'],The band gap of Hg is -0.05 eV.,A controlled noisy note derived from mp-1184687 reports Hg with band gap -0.05 eV. This note is marked outdated_or_incorrect for stress testing.,0.0,1.0,,,ragas_qwen_plus,qwen-plus,0.0,non_negative_band_gap
mp_bal_v2_0931_stability_incomplete,resp_040de77f17d58002,task_80df86558697d846,mp_balanced_constraints_v3,mp_derived_balanced_controlled,mp_property_derived,controlled_balanced,stability,Is Mg9Si5 thermodynamically stable?,Mg9Si5 is stable.,"A short snippet derived from mp-1074028 says Mg9Si5 is stable, but omits formation energy, hull distance, and thermodynamic qualification.",,incomplete,Is Mg9Si5 thermodynamically stable?,"['A short snippet derived from mp-1074028 says Mg9Si5 is stable, but omits formation energy, hull distance, and thermodynamic qualification.']",Mg9Si5 is stable.,"A short snippet derived from mp-1074028 says Mg9Si5 is stable, but omits formation energy, hull distance, and thermodynamic qualification.",0.0,0.8211317642328302,,,ragas_qwen_plus,qwen-plus,0.0,cautious_stability_claim
mp_bal_v2_0809_stability_incomplete,resp_040e07490b6f94af,task_7424a260e9fc7e5a,mp_balanced_constraints_v3,mp_derived_balanced_controlled,mp_property_derived,controlled_balanced,stability,Is Bi thermodynamically stable?,Bi is stable.,"A short snippet derived from mp-1525652 says Bi is stable, but omits formation energy, hull distance, and thermodynamic qualification.",,incomplete,Is Bi thermodynamically stable?,"['A short snippet derived from mp-1525652 says Bi is stable, but omits formation energy, hull distance, and thermodynamic qualification.']",Bi is stable.,"A short snippet derived from mp-1525652 says Bi is stable, but omits formation energy, hull distance, and thermodynamic qualification.",0.0,0.6339063753001124,,,ragas_qwen_plus,qwen-plus,0.0,cautious_stability_claim
mp_bal_v2_0395_formation_noisy_high,resp_040f045899977d76,task_d362822e2cd81d09,mp_balanced_constraints_v3,mp_derived_balanced_controlled,mp_property_derived,controlled_balanced,formation_energy,What is the formation energy of Ti?,The formation energy of Ti is 5.5 eV/atom.,A controlled noisy note derived from mp-46 reports formation energy 5.5 eV/atom for Ti. This note is marked outdated_or_incorrect for stress testing.,,outdated_or_incorrect,What is the formation energy of Ti?,['A controlled noisy note derived from mp-46 reports formation energy 5.5 eV/atom for Ti. This note is marked outdated_or_incorrect for stress testing.'],The formation energy of Ti is 5.5 eV/atom.,A controlled noisy note derived from mp-46 reports formation energy 5.5 eV/atom for Ti. This note is marked outdated_or_incorrect for stress testing.,0.0,0.9999999999999996,,,ragas_qwen_plus,qwen-plus,0.0,elemental_formation_energy_reference_conflict;formation_energy_typical_range
mp_bal_v2_0990_band_gap_high,resp_04137a8aa7519766,task_5839be8809822863,mp_balanced_constraints_v3,mp_derived_balanced_controlled,mp_property_derived,controlled_balanced,band_gap,What is the band gap of Mg4Si3?,The band gap of Mg4Si3 is 16.5 eV.,A controlled noisy note derived from mp-1074404 reports Mg4Si3 with band gap 16.5 eV.,,outdated_or_incorrect,What is the band gap of Mg4Si3?,['A controlled noisy note derived from mp-1074404 reports Mg4Si3 with band gap 16.5 eV.'],The band gap of Mg4Si3 is 16.5 eV.,A controlled noisy note derived from mp-1074404 reports Mg4Si3 with band gap 16.5 eV.,1.0,0.9999999999999996,,,ragas_qwen_plus,qwen-plus,0.0,band_gap_physical_range
mp_bal_v2_0725_band_gap_current,resp_04217515ca9a59ee,task_952d6ed3554eb19d,mp_balanced_constraints_v3,mp_derived_balanced_controlled,mp_property_derived,controlled_balanced,band_gap,What is the band gap of H2?,The band gap of H2 is 7.3865 eV according to Materials Project.,Materials Project reports H2 (mp-1188177). Band gap: 7.3865 eV. Formation energy per atom: 0.003537998749999 eV/atom. Energy above hull: 0.003537998749999 eV/atom. Stable: False.,,current,What is the band gap of H2?,['Materials Project reports H2 (mp-1188177). Band gap: 7.3865 eV. Formation energy per atom: 0.003537998749999 eV/atom. Energy above hull: 0.003537998749999 eV/atom. Stable: False.'],The band gap of H2 is 7.3865 eV according to Materials Project.,Materials Project reports H2 (mp-1188177). Band gap: 7.3865 eV. Formation energy per atom: 0.003537998749999 eV/atom. Energy above hull: 0.003537998749999 eV/atom. Stable: False.,1.0,0.9251553282757736,,,ragas_qwen_plus,qwen-plus,1.0,
mp_bal_v2_0314_stability_incomplete,resp_042c8299d5161ab3,task_b5240856e1bfcf79,mp_balanced_constraints_v3,mp_derived_balanced_controlled,mp_property_derived,controlled_balanced,stability,Is C thermodynamically stable?,C is stable.,"A short snippet derived from mp-2049878 says C is stable, but omits formation energy, hull distance, and thermodynamic qualification.",,incomplete,Is C thermodynamically stable?,"['A short snippet derived from mp-2049878 says C is stable, but omits formation energy, hull distance, and thermodynamic qualification.']",C is stable.,"A short snippet derived from mp-2049878 says C is stable, but omits formation energy, hull distance, and thermodynamic qualification.",0.0,0.5348786056143837,,,ragas_qwen_plus,qwen-plus,0.0,cautious_stability_claim
mp_bal_v2_0152_stability_incomplete,resp_0437d9b96872ae68,task_fd4832bb05baede2,mp_balanced_constraints_v3,mp_derived_balanced_controlled,mp_property_derived,controlled_balanced,stability,Is Na thermodynamically stable?,Na is stable.,"A short snippet derived from mp-974920 says Na is stable, but omits formation energy, hull distance, and thermodynamic qualification.",,incomplete,Is Na thermodynamically stable?,"['A short snippet derived from mp-974920 says Na is stable, but omits formation energy, hull distance, and thermodynamic qualification.']",Na is stable.,"A short snippet derived from mp-974920 says Na is stable, but omits formation energy, hull distance, and thermodynamic qualification.",0.0,0.642998418600584,,,ragas_qwen_plus,qwen-plus,0.0,cautious_stability_claim
mp_bal_v2_0643_stability_current,resp_04495b0976c0c638,task_4d273c6b639cc042,mp_balanced_constraints_v3,mp_derived_balanced_controlled,mp_property_derived,controlled_balanced,formation_energy,Is Ca thermodynamically stable?,Ca has energy above hull 0.005616039999999 eV/atom and formation energy 0.005616039999999 eV/atom; Materials Project stable is False.,Materials Project reports Ca (mp-21). Band gap: 0.0 eV. Formation energy per atom: 0.005616039999999 eV/atom. Energy above hull: 0.005616039999999 eV/atom. Stable: False.,,current,Is Ca thermodynamically stable?,['Materials Project reports Ca (mp-21). Band gap: 0.0 eV. Formation energy per atom: 0.005616039999999 eV/atom. Energy above hull: 0.005616039999999 eV/atom. Stable: False.'],Ca has energy above hull 0.005616039999999 eV/atom and formation energy 0.005616039999999 eV/atom; Materials Project stable is False.,Materials Project reports Ca (mp-21). Band gap: 0.0 eV. Formation energy per atom: 0.005616039999999 eV/atom. Energy above hull: 0.005616039999999 eV/atom. Stable: False.,1.0,0.4828404430719668,,,ragas_qwen_plus,qwen-plus,1.0,
mp_bal_v2_0799_stability_incomplete,resp_044b10df8863da94,task_b8501cfa367cf339,mp_balanced_constraints_v3,mp_derived_balanced_controlled,mp_property_derived,controlled_balanced,stability,Is O2 thermodynamically stable?,O2 is stable.,"A short snippet derived from mp-1524452 says O2 is stable, but omits formation energy, hull distance, and thermodynamic qualification.",,incomplete,Is O2 thermodynamically stable?,"['A short snippet derived from mp-1524452 says O2 is stable, but omits formation energy, hull distance, and thermodynamic qualification.']",O2 is stable.,"A short snippet derived from mp-1524452 says O2 is stable, but omits formation energy, hull distance, and thermodynamic qualification.",0.0,0.7951127377437924,,,ragas_qwen_plus,qwen-plus,0.0,cautious_stability_claim
mp_bal_v2_0248_band_gap_high,resp_044c82e6276ed773,task_0acac376053ce6cd,mp_balanced_constraints_v3,mp_derived_balanced_controlled,mp_property_derived,controlled_balanced,band_gap,What is the band gap of Hg?,The band gap of Hg is 16.5 eV.,A controlled noisy note derived from mp-121 reports Hg with band gap 16.5 eV.,,outdated_or_incorrect,What is the band gap of Hg?,['A controlled noisy note derived from mp-121 reports Hg with band gap 16.5 eV.'],The band gap of Hg is 16.5 eV.,A controlled noisy note derived from mp-121 reports Hg with band gap 16.5 eV.,0.0,1.0,,,ragas_qwen_plus,qwen-plus,0.0,band_gap_physical_range
mp_bal_v2_0824_formation_noisy_high,resp_0450f7fd2746ffd5,task_30303a170a90bd00,mp_balanced_constraints_v3,mp_derived_balanced_controlled,mp_property_derived,controlled_balanced,formation_energy,What is the formation energy of Rb?,The formation energy of Rb is 5.5 eV/atom.,A controlled noisy note derived from mp-2204861 reports formation energy 5.5 eV/atom for Rb. This note is marked outdated_or_incorrect for stress testing.,,outdated_or_incorrect,What is the formation energy of Rb?,['A controlled noisy note derived from mp-2204861 reports formation energy 5.5 eV/atom for Rb. This note is marked outdated_or_incorrect for stress testing.'],The formation energy of Rb is 5.5 eV/atom.,A controlled noisy note derived from mp-2204861 reports formation energy 5.5 eV/atom for Rb. This note is marked outdated_or_incorrect for stress testing.,1.0,0.9999999999999998,,,ragas_qwen_plus,qwen-plus,0.0,elemental_formation_energy_reference_conflict;formation_energy_typical_range
mp_bal_v2_0940_conductivity_gap_conflict,resp_04556d4e3792f5f3,task_ee766862a2a66afe,mp_balanced_constraints_v3,mp_derived_balanced_controlled,mp_property_derived,controlled_balanced,band_gap,Is Mg9Si5 metallic or insulating based on its band gap?,Mg9Si5 is an insulator with a band gap of 0.0 eV.,Materials Project reports Mg9Si5 (mp-1074064). Band gap: 0.0 eV. Formation energy per atom: 0.10065703714285601 eV/atom. Energy above hull: 0.205377273214284 eV/atom. Stable: False.,,outdated_or_incorrect,Is Mg9Si5 metallic or insulating based on its band gap?,['Materials Project reports Mg9Si5 (mp-1074064). Band gap: 0.0 eV. Formation energy per atom: 0.10065703714285601 eV/atom. Energy above hull: 0.205377273214284 eV/atom. Stable: False.'],Mg9Si5 is an insulator with a band gap of 0.0 eV.,Materials Project reports Mg9Si5 (mp-1074064). Band gap: 0.0 eV. Formation energy per atom: 0.10065703714285601 eV/atom. Energy above hull: 0.205377273214284 eV/atom. Stable: False.,0.5,0.7738610771521212,,,ragas_qwen_plus,qwen-plus,0.0,conductivity_band_gap_consistency
mp_bal_v2_0722_formation_current,resp_046d94690a4eb4bb,task_cd0f81fa7106e40c,mp_balanced_constraints_v3,mp_derived_balanced_controlled,mp_property_derived,controlled_balanced,formation_energy,What is the formation energy of N2?,The formation energy of N2 is 1.08825211125 eV/atom.,Materials Project reports N2 (mp-1176403). Band gap: 0.0 eV. Formation energy per atom: 1.08825211125 eV/atom. Energy above hull: 1.08825211125 eV/atom. Stable: False.,,current,What is the formation energy of N2?,['Materials Project reports N2 (mp-1176403). Band gap: 0.0 eV. Formation energy per atom: 1.08825211125 eV/atom. Energy above hull: 1.08825211125 eV/atom. Stable: False.'],The formation energy of N2 is 1.08825211125 eV/atom.,Materials Project reports N2 (mp-1176403). Band gap: 0.0 eV. Formation energy per atom: 1.08825211125 eV/atom. Energy above hull: 1.08825211125 eV/atom. Stable: False.,1.0,0.9999999999999996,,,ragas_qwen_plus,qwen-plus,0.0,formation_energy_typical_range
mp_bal_v2_0017_stability_incomplete,resp_04738b10695dd165,task_9ec5c745f5b7b422,mp_balanced_constraints_v3,mp_derived_balanced_controlled,mp_property_derived,controlled_balanced,stability,Is Al thermodynamically stable?,Al is stable.,"A short snippet derived from mp-1245067 says Al is stable, but omits formation energy, hull distance, and thermodynamic qualification.",,incomplete,Is Al thermodynamically stable?,"['A short snippet derived from mp-1245067 says Al is stable, but omits formation energy, hull distance, and thermodynamic qualification.']",Al is stable.,"A short snippet derived from mp-1245067 says Al is stable, but omits formation energy, hull distance, and thermodynamic qualification.",0.0,0.5300043657966894,,,ragas_qwen_plus,qwen-plus,0.0,cautious_stability_claim
mp_bal_v2_0448_stability_incomplete,resp_0474bc04baff4733,task_e89b7187bb9f98d9,mp_balanced_constraints_v3,mp_derived_balanced_controlled,mp_property_derived,controlled_balanced,stability,Is Sb thermodynamically stable?,Sb is stable.,"A short snippet derived from mp-1104795 says Sb is stable, but omits formation energy, hull distance, and thermodynamic qualification.",,incomplete,Is Sb thermodynamically stable?,"['A short snippet derived from mp-1104795 says Sb is stable, but omits formation energy, hull distance, and thermodynamic qualification.']",Sb is stable.,"A short snippet derived from mp-1104795 says Sb is stable, but omits formation energy, hull distance, and thermodynamic qualification.",0.0,0.6289935146801279,,,ragas_qwen_plus,qwen-plus,0.0,cautious_stability_claim
mp_bal_v2_0895_formation_current,resp_04783b1a132ab2cb,task_28552850de81bf94,mp_balanced_constraints_v3,mp_derived_balanced_controlled,mp_property_derived,controlled_balanced,formation_energy,What is the formation energy of MgSi?,The formation energy of MgSi is 0.071313884583333 eV/atom.,Materials Project reports MgSi (mp-1073750). Band gap: 0.0 eV. Formation energy per atom: 0.071313884583333 eV/atom. Energy above hull: 0.152762957083333 eV/atom. Stable: False.,,current,What is the formation energy of MgSi?,['Materials Project reports MgSi (mp-1073750). Band gap: 0.0 eV. Formation energy per atom: 0.071313884583333 eV/atom. Energy above hull: 0.152762957083333 eV/atom. Stable: False.'],The formation energy of MgSi is 0.071313884583333 eV/atom.,Materials Project reports MgSi (mp-1073750). Band gap: 0.0 eV. Formation energy per atom: 0.071313884583333 eV/atom. Energy above hull: 0.152762957083333 eV/atom. Stable: False.,1.0,0.9999999999999992,,,ragas_qwen_plus,qwen-plus,1.0,
mp_bal_v2_0946_band_gap_high,resp_048d6c7f335528f8,task_b98e7052df4efbfa,mp_balanced_constraints_v3,mp_derived_balanced_controlled,mp_property_derived,controlled_balanced,band_gap,What is the band gap of Mg9Si5?,The band gap of Mg9Si5 is 16.5 eV.,A controlled noisy note derived from mp-1074095 reports Mg9Si5 with band gap 16.5 eV.,,outdated_or_incorrect,What is the band gap of Mg9Si5?,['A controlled noisy note derived from mp-1074095 reports Mg9Si5 with band gap 16.5 eV.'],The band gap of Mg9Si5 is 16.5 eV.,A controlled noisy note derived from mp-1074095 reports Mg9Si5 with band gap 16.5 eV.,1.0,1.0,,,ragas_qwen_plus,qwen-plus,0.0,band_gap_physical_range
mp_bal_v2_0529_stability_current,resp_049a10512c40b6e5,task_4787dfef0fbf9e36,mp_balanced_constraints_v3,mp_derived_balanced_controlled,mp_property_derived,controlled_balanced,formation_energy,Is Cs thermodynamically stable?,Cs has energy above hull 0.009248450000001001 eV/atom and formation energy 0.009248450000001001 eV/atom; Materials Project stable is False.,Materials Project reports Cs (mp-1055940). Band gap: 0.0 eV. Formation energy per atom: 0.009248450000001001 eV/atom. Energy above hull: 0.009248450000001001 eV/atom. Stable: False.,,current,Is Cs thermodynamically stable?,['Materials Project reports Cs (mp-1055940). Band gap: 0.0 eV. Formation energy per atom: 0.009248450000001001 eV/atom. Energy above hull: 0.009248450000001001 eV/atom. Stable: False.'],Cs has energy above hull 0.009248450000001001 eV/atom and formation energy 0.009248450000001001 eV/atom; Materials Project stable is False.,Materials Project reports Cs (mp-1055940). Band gap: 0.0 eV. Formation energy per atom: 0.009248450000001001 eV/atom. Energy above hull: 0.009248450000001001 eV/atom. Stable: False.,1.0,0.5528536651009822,,,ragas_qwen_plus,qwen-plus,1.0,
mp_bal_v2_0631_band_gap_current,resp_04a281cfda243578,task_3ba8e0988a3beef2,mp_balanced_constraints_v3,mp_derived_balanced_controlled,mp_property_derived,controlled_balanced,band_gap,What is the band gap of Gd?,The band gap of Gd is 0.0 eV according to Materials Project.,Materials Project reports Gd (mp-11421). Band gap: 0.0 eV. Formation energy per atom: 0.14971621000000102 eV/atom. Energy above hull: 0.14971621000000102 eV/atom. Stable: False.,,current,What is the band gap of Gd?,['Materials Project reports Gd (mp-11421). Band gap: 0.0 eV. Formation energy per atom: 0.14971621000000102 eV/atom. Energy above hull: 0.14971621000000102 eV/atom. Stable: False.'],The band gap of Gd is 0.0 eV according to Materials Project.,Materials Project reports Gd (mp-11421). Band gap: 0.0 eV. Formation energy per atom: 0.14971621000000102 eV/atom. Energy above hull: 0.14971621000000102 eV/atom. Stable: False.,1.0,0.9003515145785413,,,ragas_qwen_plus,qwen-plus,1.0,
mp_bal_v2_0037_band_gap_negative,resp_04aed07d9752de7b,task_fd8795a7ece92bf7,mp_balanced_constraints_v3,mp_derived_balanced_controlled,mp_property_derived,controlled_balanced,band_gap,What is the band gap of Cu?,The band gap of Cu is -0.05 eV.,A controlled noisy note derived from mp-1056079 reports Cu with band gap -0.05 eV. This note is marked outdated_or_incorrect for stress testing.,,outdated_or_incorrect,What is the band gap of Cu?,['A controlled noisy note derived from mp-1056079 reports Cu with band gap -0.05 eV. This note is marked outdated_or_incorrect for stress testing.'],The band gap of Cu is -0.05 eV.,A controlled noisy note derived from mp-1056079 reports Cu with band gap -0.05 eV. This note is marked outdated_or_incorrect for stress testing.,0.0,0.9999999999999992,,,ragas_qwen_plus,qwen-plus,0.0,non_negative_band_gap
mp_bal_v2_0216_formation_current,resp_04b1f615e1f8dd27,task_be1830ccf173b661,mp_balanced_constraints_v3,mp_derived_balanced_controlled,mp_property_derived,controlled_balanced,formation_energy,What is the formation energy of O2?,The formation energy of O2 is 0.9644220599999991 eV/atom.,Materials Project reports O2 (mp-1023923). Band gap: 2.3448 eV. Formation energy per atom: 0.9644220599999991 eV/atom. Energy above hull: 0.96442206 eV/atom. Stable: False.,,current,What is the formation energy of O2?,['Materials Project reports O2 (mp-1023923). Band gap: 2.3448 eV. Formation energy per atom: 0.9644220599999991 eV/atom. Energy above hull: 0.96442206 eV/atom. Stable: False.'],The formation energy of O2 is 0.9644220599999991 eV/atom.,Materials Project reports O2 (mp-1023923). Band gap: 2.3448 eV. Formation energy per atom: 0.9644220599999991 eV/atom. Energy above hull: 0.96442206 eV/atom. Stable: False.,1.0,0.9999999999999992,,,ragas_qwen_plus,qwen-plus,1.0,
mp_bal_v2_0191_band_gap_high,resp_04ba7dd8e2e486c2,task_970c8628b0afaf83,mp_balanced_constraints_v3,mp_derived_balanced_controlled,mp_property_derived,controlled_balanced,band_gap,What is the band gap of S?,The band gap of S is 16.5 eV.,A controlled noisy note derived from mp-655141 reports S with band gap 16.5 eV.,,outdated_or_incorrect,What is the band gap of S?,['A controlled noisy note derived from mp-655141 reports S with band gap 16.5 eV.'],The band gap of S is 16.5 eV.,A controlled noisy note derived from mp-655141 reports S with band gap 16.5 eV.,1.0,0.9999999999999994,,,ragas_qwen_plus,qwen-plus,0.0,band_gap_physical_range
mp_bal_v2_0561_formation_noisy_high,resp_04be25b332a2c31e,task_143963967f30e599,mp_balanced_constraints_v3,mp_derived_balanced_controlled,mp_property_derived,controlled_balanced,formation_energy,What is the formation energy of Ce?,The formation energy of Ce is 5.5 eV/atom.,A controlled noisy note derived from mp-28 reports formation energy 5.5 eV/atom for Ce. This note is marked outdated_or_incorrect for stress testing.,,outdated_or_incorrect,What is the formation energy of Ce?,['A controlled noisy note derived from mp-28 reports formation energy 5.5 eV/atom for Ce. This note is marked outdated_or_incorrect for stress testing.'],The formation energy of Ce is 5.5 eV/atom.,A controlled noisy note derived from mp-28 reports formation energy 5.5 eV/atom for Ce. This note is marked outdated_or_incorrect for stress testing.,0.0,0.9999999999999992,,,ragas_qwen_plus,qwen-plus,0.0,elemental_formation_energy_reference_conflict;formation_energy_typical_range
mp_bal_v2_0047_stability_incomplete,resp_04c0a8a82f9e61a0,task_7f516f20a2b37633,mp_balanced_constraints_v3,mp_derived_balanced_controlled,mp_property_derived,controlled_balanced,stability,Is Bi thermodynamically stable?,Bi is stable.,"A short snippet derived from mp-567379 says Bi is stable, but omits formation energy, hull distance, and thermodynamic qualification.",,incomplete,Is Bi thermodynamically stable?,"['A short snippet derived from mp-567379 says Bi is stable, but omits formation energy, hull distance, and thermodynamic qualification.']",Bi is stable.,"A short snippet derived from mp-567379 says Bi is stable, but omits formation energy, hull distance, and thermodynamic qualification.",0.0,0.6339063753001124,,,ragas_qwen_plus,qwen-plus,0.0,cautious_stability_claim
mp_bal_v2_0386_formation_noisy_high,resp_04c11de37eae0042,task_c748723b90da6c40,mp_balanced_constraints_v3,mp_derived_balanced_controlled,mp_property_derived,controlled_balanced,formation_energy,What is the formation energy of Mo?,The formation energy of Mo is 5.5 eV/atom.,A controlled noisy note derived from mp-2647013 reports formation energy 5.5 eV/atom for Mo. This note is marked outdated_or_incorrect for stress testing.,,outdated_or_incorrect,What is the formation energy of Mo?,['A controlled noisy note derived from mp-2647013 reports formation energy 5.5 eV/atom for Mo. This note is marked outdated_or_incorrect for stress testing.'],The formation energy of Mo is 5.5 eV/atom.,A controlled noisy note derived from mp-2647013 reports formation energy 5.5 eV/atom for Mo. This note is marked outdated_or_incorrect for stress testing.,1.0,1.0,,,ragas_qwen_plus,qwen-plus,0.0,elemental_formation_energy_reference_conflict;formation_energy_typical_range
mp_bal_v2_0910_stability_incomplete,resp_04c791a09f8c9368,task_480a0e35090444cf,mp_balanced_constraints_v3,mp_derived_balanced_controlled,mp_property_derived,controlled_balanced,stability,Is Mg6Si5 thermodynamically stable?,Mg6Si5 is stable.,"A short snippet derived from mp-1073916 says Mg6Si5 is stable, but omits formation energy, hull distance, and thermodynamic qualification.",,incomplete,Is Mg6Si5 thermodynamically stable?,"['A short snippet derived from mp-1073916 says Mg6Si5 is stable, but omits formation energy, hull distance, and thermodynamic qualification.']",Mg6Si5 is stable.,"A short snippet derived from mp-1073916 says Mg6Si5 is stable, but omits formation energy, hull distance, and thermodynamic qualification.",0.0,0.8207135485077476,,,ragas_qwen_plus,qwen-plus,0.0,cautious_stability_claim
mp_bal_v2_0826_band_gap_high,resp_04cd8327aaa4c20d,task_dba42fe7027e7d43,mp_balanced_constraints_v3,mp_derived_balanced_controlled,mp_property_derived,controlled_balanced,band_gap,What is the band gap of P?,The band gap of P is 16.5 eV.,A controlled noisy note derived from mp-7245 reports P with band gap 16.5 eV.,,outdated_or_incorrect,What is the band gap of P?,['A controlled noisy note derived from mp-7245 reports P with band gap 16.5 eV.'],The band gap of P is 16.5 eV.,A controlled noisy note derived from mp-7245 reports P with band gap 16.5 eV.,1.0,1.0,,,ragas_qwen_plus,qwen-plus,0.0,band_gap_physical_range
mp_bal_v2_0737_formation_noisy_high,resp_04d10970b9af19bd,task_883943426204930e,mp_balanced_constraints_v3,mp_derived_balanced_controlled,mp_property_derived,controlled_balanced,formation_energy,What is the formation energy of O2?,The formation energy of O2 is 5.5 eV/atom.,A controlled noisy note derived from mp-1058623 reports formation energy 5.5 eV/atom for O2. This note is marked outdated_or_incorrect for stress testing.,,outdated_or_incorrect,What is the formation energy of O2?,['A controlled noisy note derived from mp-1058623 reports formation energy 5.5 eV/atom for O2. This note is marked outdated_or_incorrect for stress testing.'],The formation energy of O2 is 5.5 eV/atom.,A controlled noisy note derived from mp-1058623 reports formation energy 5.5 eV/atom for O2. This note is marked outdated_or_incorrect for stress testing.,1.0,0.9999999999999992,,,ragas_qwen_plus,qwen-plus,0.0,formation_energy_typical_range
mp_bal_v2_0219_conductivity_gap_conflict,resp_04d5f1aa45e3813d,task_63cd7f54e128625a,mp_balanced_constraints_v3,mp_derived_balanced_controlled,mp_property_derived,controlled_balanced,band_gap,Is Cu metallic or insulating based on its band gap?,Cu is an insulator with a band gap of 0.0 eV.,Materials Project reports Cu (mp-1120774). Band gap: 0.0 eV. Formation energy per atom: 0.18032071500000002 eV/atom. Energy above hull: 0.18032071500000002 eV/atom. Stable: False.,,outdated_or_incorrect,Is Cu metallic or insulating based on its band gap?,['Materials Project reports Cu (mp-1120774). Band gap: 0.0 eV. Formation energy per atom: 0.18032071500000002 eV/atom. Energy above hull: 0.18032071500000002 eV/atom. Stable: False.'],Cu is an insulator with a band gap of 0.0 eV.,Materials Project reports Cu (mp-1120774). Band gap: 0.0 eV. Formation energy per atom: 0.18032071500000002 eV/atom. Energy above hull: 0.18032071500000002 eV/atom. Stable: False.,0.6666666666666666,0.8122215997825112,,,ragas_qwen_plus,qwen-plus,0.0,conductivity_band_gap_consistency
mp_bal_v2_0370_band_gap_negative,resp_04d650fd6a1d9c83,task_acb92a4cb0071af8,mp_balanced_constraints_v3,mp_derived_balanced_controlled,mp_property_derived,controlled_balanced,band_gap,What is the band gap of Gd?,The band gap of Gd is -0.05 eV.,A controlled noisy note derived from mp-155 reports Gd with band gap -0.05 eV. This note is marked outdated_or_incorrect for stress testing.,,outdated_or_incorrect,What is the band gap of Gd?,['A controlled noisy note derived from mp-155 reports Gd with band gap -0.05 eV. This note is marked outdated_or_incorrect for stress testing.'],The band gap of Gd is -0.05 eV.,A controlled noisy note derived from mp-155 reports Gd with band gap -0.05 eV. This note is marked outdated_or_incorrect for stress testing.,0.0,0.9999999999999992,,,ragas_qwen_plus,qwen-plus,0.0,non_negative_band_gap
mp_bal_v2_1000_formation_current,resp_04ea2dccffb22f61,task_696f1876e6d9434b,mp_balanced_constraints_v3,mp_derived_balanced_controlled,mp_property_derived,controlled_balanced,formation_energy,What is the formation energy of Mg4Si3?,The formation energy of Mg4Si3 is 0.11022871714285701 eV/atom.,Materials Project reports Mg4Si3 (mp-1074468). Band gap: 0.0 eV. Formation energy per atom: 0.11022871714285701 eV/atom. Energy above hull: 0.203313371428571 eV/atom. Stable: False.,,current,What is the formation energy of Mg4Si3?,['Materials Project reports Mg4Si3 (mp-1074468). Band gap: 0.0 eV. Formation energy per atom: 0.11022871714285701 eV/atom. Energy above hull: 0.203313371428571 eV/atom. Stable: False.'],The formation energy of Mg4Si3 is 0.11022871714285701 eV/atom.,Materials Project reports Mg4Si3 (mp-1074468). Band gap: 0.0 eV. Formation energy per atom: 0.11022871714285701 eV/atom. Energy above hull: 0.203313371428571 eV/atom. Stable: False.,1.0,0.9999999999999996,,,ragas_qwen_plus,qwen-plus,1.0,
mp_bal_v2_0120_stability_current,resp_04ece63ef81d7255,task_2439022d2c3cc0a6,mp_balanced_constraints_v3,mp_derived_balanced_controlled,mp_property_derived,controlled_balanced,formation_energy,Is Sb thermodynamically stable?,Sb has energy above hull 0.30193994 eV/atom and formation energy 0.30193994 eV/atom; Materials Project stable is False.,Materials Project reports Sb (mp-10631). Band gap: 0.0 eV. Formation energy per atom: 0.30193994 eV/atom. Energy above hull: 0.30193994 eV/atom. Stable: False.,,current,Is Sb thermodynamically stable?,['Materials Project reports Sb (mp-10631). Band gap: 0.0 eV. Formation energy per atom: 0.30193994 eV/atom. Energy above hull: 0.30193994 eV/atom. Stable: False.'],Sb has energy above hull 0.30193994 eV/atom and formation energy 0.30193994 eV/atom; Materials Project stable is False.,Materials Project reports Sb (mp-10631). Band gap: 0.0 eV. Formation energy per atom: 0.30193994 eV/atom. Energy above hull: 0.30193994 eV/atom. Stable: False.,1.0,0.5778132508506959,,,ragas_qwen_plus,qwen-plus,1.0,
mp_bal_v2_0747_band_gap_high,resp_04ff0b962ef8512b,task_b582992f60508c69,mp_balanced_constraints_v3,mp_derived_balanced_controlled,mp_property_derived,controlled_balanced,band_gap,What is the band gap of Fe?,The band gap of Fe is 16.5 eV.,A controlled noisy note derived from mp-1271198 reports Fe with band gap 16.5 eV.,,outdated_or_incorrect,What is the band gap of Fe?,['A controlled noisy note derived from mp-1271198 reports Fe with band gap 16.5 eV.'],The band gap of Fe is 16.5 eV.,A controlled noisy note derived from mp-1271198 reports Fe with band gap 16.5 eV.,1.0,0.9999999999999996,,,ragas_qwen_plus,qwen-plus,0.0,band_gap_physical_range
mp_bal_v2_0403_conductivity_gap_conflict,resp_04ff123955dc8e85,task_18a3479d4a85ccf1,mp_balanced_constraints_v3,mp_derived_balanced_controlled,mp_property_derived,controlled_balanced,band_gap,Is Xe metallic or insulating based on its band gap?,Xe is metallic with a band gap of 6.1917 eV.,Materials Project reports Xe (mp-570510). Band gap: 6.1917 eV. Formation energy per atom: 0.000157779999999 eV/atom. Energy above hull: 0.000157779999999 eV/atom. Stable: False.,,outdated_or_incorrect,Is Xe metallic or insulating based on its band gap?,['Materials Project reports Xe (mp-570510). Band gap: 6.1917 eV. Formation energy per atom: 0.000157779999999 eV/atom. Energy above hull: 0.000157779999999 eV/atom. Stable: False.'],Xe is metallic with a band gap of 6.1917 eV.,Materials Project reports Xe (mp-570510). Band gap: 6.1917 eV. Formation energy per atom: 0.000157779999999 eV/atom. Energy above hull: 0.000157779999999 eV/atom. Stable: False.,0.5,0.7534979771376091,,,ragas_qwen_plus,qwen-plus,0.0,conductivity_band_gap_consistency
mp_bal_v2_0427_stability_current,resp_05089aaee0499105,task_9ff2181f67343598,mp_balanced_constraints_v3,mp_derived_balanced_controlled,mp_property_derived,controlled_balanced,formation_energy,Is Dy thermodynamically stable?,Dy has energy above hull 0.0 eV/atom and formation energy 0.0 eV/atom; Materials Project stable is True.,Materials Project reports Dy (mp-88). Band gap: 0.0 eV. Formation energy per atom: 0.0 eV/atom. Energy above hull: 0.0 eV/atom. Stable: True.,,current,Is Dy thermodynamically stable?,['Materials Project reports Dy (mp-88). Band gap: 0.0 eV. Formation energy per atom: 0.0 eV/atom. Energy above hull: 0.0 eV/atom. Stable: True.'],Dy has energy above hull 0.0 eV/atom and formation energy 0.0 eV/atom; Materials Project stable is True.,Materials Project reports Dy (mp-88). Band gap: 0.0 eV. Formation energy per atom: 0.0 eV/atom. Energy above hull: 0.0 eV/atom. Stable: True.,1.0,0.5964891226991512,,,ragas_qwen_plus,qwen-plus,1.0,
mp_bal_v2_0913_band_gap_negative,resp_050aee5c3dd9db81,task_3cc7ce45858a0a6b,mp_balanced_constraints_v3,mp_derived_balanced_controlled,mp_property_derived,controlled_balanced,band_gap,What is the band gap of Mg6Si5?,The band gap of Mg6Si5 is -0.05 eV.,A controlled noisy note derived from mp-1073927 reports Mg6Si5 with band gap -0.05 eV. This note is marked outdated_or_incorrect for stress testing.,,outdated_or_incorrect,What is the band gap of Mg6Si5?,['A controlled noisy note derived from mp-1073927 reports Mg6Si5 with band gap -0.05 eV. This note is marked outdated_or_incorrect for stress testing.'],The band gap of Mg6Si5 is -0.05 eV.,A controlled noisy note derived from mp-1073927 reports Mg6Si5 with band gap -0.05 eV. This note is marked outdated_or_incorrect for stress testing.,1.0,0.9999999999999992,,,ragas_qwen_plus,qwen-plus,0.0,non_negative_band_gap
mp_bal_v2_0073_conductivity_gap_conflict,resp_05173167bd18036a,task_78d089b3ba14e68c,mp_balanced_constraints_v3,mp_derived_balanced_controlled,mp_property_derived,controlled_balanced,band_gap,Is F2 metallic or insulating based on its band gap?,F2 is metallic with a band gap of 2.3942 eV.,Materials Project reports F2 (mp-561367). Band gap: 2.3942 eV. Formation energy per atom: 0.00299408 eV/atom. Energy above hull: 0.00299408 eV/atom. Stable: False.,,outdated_or_incorrect,Is F2 metallic or insulating based on its band gap?,['Materials Project reports F2 (mp-561367). Band gap: 2.3942 eV. Formation energy per atom: 0.00299408 eV/atom. Energy above hull: 0.00299408 eV/atom. Stable: False.'],F2 is metallic with a band gap of 2.3942 eV.,Materials Project reports F2 (mp-561367). Band gap: 2.3942 eV. Formation energy per atom: 0.00299408 eV/atom. Energy above hull: 0.00299408 eV/atom. Stable: False.,0.5,0.8051942148649269,,,ragas_qwen_plus,qwen-plus,0.0,conductivity_band_gap_consistency
mp_bal_v2_0219_stability_current,resp_051946fb123c58a0,task_0843b4abebb19f56,mp_balanced_constraints_v3,mp_derived_balanced_controlled,mp_property_derived,controlled_balanced,formation_energy,Is Cu thermodynamically stable?,Cu has energy above hull 0.18032071500000002 eV/atom and formation energy 0.18032071500000002 eV/atom; Materials Project stable is False.,Materials Project reports Cu (mp-1120774). Band gap: 0.0 eV. Formation energy per atom: 0.18032071500000002 eV/atom. Energy above hull: 0.18032071500000002 eV/atom. Stable: False.,,current,Is Cu thermodynamically stable?,['Materials Project reports Cu (mp-1120774). Band gap: 0.0 eV. Formation energy per atom: 0.18032071500000002 eV/atom. Energy above hull: 0.18032071500000002 eV/atom. Stable: False.'],Cu has energy above hull 0.18032071500000002 eV/atom and formation energy 0.18032071500000002 eV/atom; Materials Project stable is False.,Materials Project reports Cu (mp-1120774). Band gap: 0.0 eV. Formation energy per atom: 0.18032071500000002 eV/atom. Energy above hull: 0.18032071500000002 eV/atom. Stable: False.,1.0,0.6106693881976968,,,ragas_qwen_plus,qwen-plus,1.0,
mp_bal_v2_0934_formation_current,resp_05195dd73d14201c,task_700be7180f0aeeb9,mp_balanced_constraints_v3,mp_derived_balanced_controlled,mp_property_derived,controlled_balanced,formation_energy,What is the formation energy of Mg9Si5?,The formation energy of Mg9Si5 is 0.020499387142857 eV/atom.,Materials Project reports Mg9Si5 (mp-1074046). Band gap: 0.0 eV. Formation energy per atom: 0.020499387142857 eV/atom. Energy above hull: 0.125219623214285 eV/atom. Stable: False.,,current,What is the formation energy of Mg9Si5?,['Materials Project reports Mg9Si5 (mp-1074046). Band gap: 0.0 eV. Formation energy per atom: 0.020499387142857 eV/atom. Energy above hull: 0.125219623214285 eV/atom. Stable: False.'],The formation energy of Mg9Si5 is 0.020499387142857 eV/atom.,Materials Project reports Mg9Si5 (mp-1074046). Band gap: 0.0 eV. Formation energy per atom: 0.020499387142857 eV/atom. Energy above hull: 0.125219623214285 eV/atom. Stable: False.,1.0,0.9999999999999992,,,ragas_qwen_plus,qwen-plus,1.0,
mp_bal_v2_0108_conductivity_gap_conflict,resp_05295965e793c4ba,task_961145aa13516691,mp_balanced_constraints_v3,mp_derived_balanced_controlled,mp_property_derived,controlled_balanced,band_gap,Is N2 metallic or insulating based on its band gap?,N2 is metallic with a band gap of 6.739 eV.,Materials Project reports N2 (mp-570747). Band gap: 6.739 eV. Formation energy per atom: 0.002401956249999 eV/atom. Energy above hull: 0.002401956249999 eV/atom. Stable: False.,,outdated_or_incorrect,Is N2 metallic or insulating based on its band gap?,['Materials Project reports N2 (mp-570747). Band gap: 6.739 eV. Formation energy per atom: 0.002401956249999 eV/atom. Energy above hull: 0.002401956249999 eV/atom. Stable: False.'],N2 is metallic with a band gap of 6.739 eV.,Materials Project reports N2 (mp-570747). Band gap: 6.739 eV. Formation energy per atom: 0.002401956249999 eV/atom. Energy above hull: 0.002401956249999 eV/atom. Stable: False.,1.0,0.7965294791524236,,,ragas_qwen_plus,qwen-plus,0.0,conductivity_band_gap_consistency
mp_bal_v2_0320_band_gap_negative,resp_0535f4630067ac5c,task_f20ce2597218d64f,mp_balanced_constraints_v3,mp_derived_balanced_controlled,mp_property_derived,controlled_balanced,band_gap,What is the band gap of H2?,The band gap of H2 is -0.05 eV.,A controlled noisy note derived from mp-754417 reports H2 with band gap -0.05 eV. This note is marked outdated_or_incorrect for stress testing.,,outdated_or_incorrect,What is the band gap of H2?,['A controlled noisy note derived from mp-754417 reports H2 with band gap -0.05 eV. This note is marked outdated_or_incorrect for stress testing.'],The band gap of H2 is -0.05 eV.,A controlled noisy note derived from mp-754417 reports H2 with band gap -0.05 eV. This note is marked outdated_or_incorrect for stress testing.,0.0,1.0,,,ragas_qwen_plus,qwen-plus,0.0,non_negative_band_gap
mp_bal_v2_0053_stability_current,resp_053786e1e36c90a5,task_ce030ca7bfc8f025,mp_balanced_constraints_v3,mp_derived_balanced_controlled,mp_property_derived,controlled_balanced,formation_energy,Is Pr thermodynamically stable?,Pr has energy above hull 0.009701464999999 eV/atom and formation energy 0.009701464999999 eV/atom; Materials Project stable is False.,Materials Project reports Pr (mp-1059528). Band gap: 0.0 eV. Formation energy per atom: 0.009701464999999 eV/atom. Energy above hull: 0.009701464999999 eV/atom. Stable: False.,,current,Is Pr thermodynamically stable?,['Materials Project reports Pr (mp-1059528). Band gap: 0.0 eV. Formation energy per atom: 0.009701464999999 eV/atom. Energy above hull: 0.009701464999999 eV/atom. Stable: False.'],Pr has energy above hull 0.009701464999999 eV/atom and formation energy 0.009701464999999 eV/atom; Materials Project stable is False.,Materials Project reports Pr (mp-1059528). Band gap: 0.0 eV. Formation energy per atom: 0.009701464999999 eV/atom. Energy above hull: 0.009701464999999 eV/atom. Stable: False.,1.0,0.5340076117363638,,,ragas_qwen_plus,qwen-plus,1.0,
mp_bal_v2_0778_stability_incomplete,resp_053b3087c4dcc591,task_80cf7a523fb20b3f,mp_balanced_constraints_v3,mp_derived_balanced_controlled,mp_property_derived,controlled_balanced,stability,Is Cl2 thermodynamically stable?,Cl2 is stable.,"A short snippet derived from mp-22848 says Cl2 is stable, but omits formation energy, hull distance, and thermodynamic qualification.",,incomplete,Is Cl2 thermodynamically stable?,"['A short snippet derived from mp-22848 says Cl2 is stable, but omits formation energy, hull distance, and thermodynamic qualification.']",Cl2 is stable.,"A short snippet derived from mp-22848 says Cl2 is stable, but omits formation energy, hull distance, and thermodynamic qualification.",0.0,0.7929985035242051,,,ragas_qwen_plus,qwen-plus,0.0,cautious_stability_claim
mp_bal_v2_0098_formation_noisy_high,resp_0545cdec1967bb77,task_18166055a82b3c00,mp_balanced_constraints_v3,mp_derived_balanced_controlled,mp_property_derived,controlled_balanced,formation_energy,What is the formation energy of B?,The formation energy of B is 5.5 eV/atom.,A controlled noisy note derived from mp-22046 reports formation energy 5.5 eV/atom for B. This note is marked outdated_or_incorrect for stress testing.,,outdated_or_incorrect,What is the formation energy of B?,['A controlled noisy note derived from mp-22046 reports formation energy 5.5 eV/atom for B. This note is marked outdated_or_incorrect for stress testing.'],The formation energy of B is 5.5 eV/atom.,A controlled noisy note derived from mp-22046 reports formation energy 5.5 eV/atom for B. This note is marked outdated_or_incorrect for stress testing.,1.0,0.9999999999999992,,,ragas_qwen_plus,qwen-plus,0.0,elemental_formation_energy_reference_conflict;formation_energy_typical_range
mp_bal_v2_0160_band_gap_negative,resp_054891727c137f94,task_0377ac4b98194a8f,mp_balanced_constraints_v3,mp_derived_balanced_controlled,mp_property_derived,controlled_balanced,band_gap,What is the band gap of Pu?,The band gap of Pu is -0.05 eV.,A controlled noisy note derived from mp-1179962 reports Pu with band gap -0.05 eV. This note is marked outdated_or_incorrect for stress testing.,,outdated_or_incorrect,What is the band gap of Pu?,['A controlled noisy note derived from mp-1179962 reports Pu with band gap -0.05 eV. This note is marked outdated_or_incorrect for stress testing.'],The band gap of Pu is -0.05 eV.,A controlled noisy note derived from mp-1179962 reports Pu with band gap -0.05 eV. This note is marked outdated_or_incorrect for stress testing.,0.0,0.7792180288862379,,,ragas_qwen_plus,qwen-plus,0.0,non_negative_band_gap
mp_bal_v2_0611_band_gap_high,resp_0555ad6c14596df2,task_7c88d67918fe384e,mp_balanced_constraints_v3,mp_derived_balanced_controlled,mp_property_derived,controlled_balanced,band_gap,What is the band gap of Cs?,The band gap of Cs is 16.5 eV.,A controlled noisy note derived from mp-1 reports Cs with band gap 16.5 eV.,,outdated_or_incorrect,What is the band gap of Cs?,['A controlled noisy note derived from mp-1 reports Cs with band gap 16.5 eV.'],The band gap of Cs is 16.5 eV.,A controlled noisy note derived from mp-1 reports Cs with band gap 16.5 eV.,1.0,0.9999999999999992,,,ragas_qwen_plus,qwen-plus,0.0,band_gap_physical_range
mp_bal_v2_0848_stability_current,resp_0556b0121b156115,task_bf9371b1505e2d9d,mp_balanced_constraints_v3,mp_derived_balanced_controlled,mp_property_derived,controlled_balanced,formation_energy,Is Mg2Si3 thermodynamically stable?,Mg2Si3 has energy above hull 0.2700051975 eV/atom and formation energy 0.20484593950000002 eV/atom; Materials Project stable is False.,Materials Project reports Mg2Si3 (mp-1073061). Band gap: 0.0 eV. Formation energy per atom: 0.20484593950000002 eV/atom. Energy above hull: 0.2700051975 eV/atom. Stable: False.,,current,Is Mg2Si3 thermodynamically stable?,['Materials Project reports Mg2Si3 (mp-1073061). Band gap: 0.0 eV. Formation energy per atom: 0.20484593950000002 eV/atom. Energy above hull: 0.2700051975 eV/atom. Stable: False.'],Mg2Si3 has energy above hull 0.2700051975 eV/atom and formation energy 0.20484593950000002 eV/atom; Materials Project stable is False.,Materials Project reports Mg2Si3 (mp-1073061). Band gap: 0.0 eV. Formation energy per atom: 0.20484593950000002 eV/atom. Energy above hull: 0.2700051975 eV/atom. Stable: False.,1.0,0.6967323669319819,,,ragas_qwen_plus,qwen-plus,1.0,
mp_bal_v2_0668_formation_current,resp_056cdc365b924647,task_def86b67281df1a7,mp_balanced_constraints_v3,mp_derived_balanced_controlled,mp_property_derived,controlled_balanced,formation_energy,What is the formation energy of Rb?,The formation energy of Rb is 0.0092124725 eV/atom.,Materials Project reports Rb (mp-70). Band gap: 0.0 eV. Formation energy per atom: 0.0092124725 eV/atom. Energy above hull: 0.0092124725 eV/atom. Stable: False.,,current,What is the formation energy of Rb?,['Materials Project reports Rb (mp-70). Band gap: 0.0 eV. Formation energy per atom: 0.0092124725 eV/atom. Energy above hull: 0.0092124725 eV/atom. Stable: False.'],The formation energy of Rb is 0.0092124725 eV/atom.,Materials Project reports Rb (mp-70). Band gap: 0.0 eV. Formation energy per atom: 0.0092124725 eV/atom. Energy above hull: 0.0092124725 eV/atom. Stable: False.,1.0,0.9999999999999998,,,ragas_qwen_plus,qwen-plus,1.0,
mp_bal_v2_0473_band_gap_high,resp_056e8b9d266837a7,task_50009e4d9374b4de,mp_balanced_constraints_v3,mp_derived_balanced_controlled,mp_property_derived,controlled_balanced,band_gap,What is the band gap of C?,The band gap of C is 16.5 eV.,A controlled noisy note derived from mp-1018088 reports C with band gap 16.5 eV.,,outdated_or_incorrect,What is the band gap of C?,['A controlled noisy note derived from mp-1018088 reports C with band gap 16.5 eV.'],The band gap of C is 16.5 eV.,A controlled noisy note derived from mp-1018088 reports C with band gap 16.5 eV.,1.0,0.9999999999999996,,,ragas_qwen_plus,qwen-plus,0.0,band_gap_physical_range
mp_bal_v2_0653_stability_current,resp_0573c9a37bd80521,task_fd0bb4b065fad2f6,mp_balanced_constraints_v3,mp_derived_balanced_controlled,mp_property_derived,controlled_balanced,formation_energy,Is Co thermodynamically stable?,Co has energy above hull 0.08956573499999801 eV/atom and formation energy 0.08956573499999801 eV/atom; Materials Project stable is False.,Materials Project reports Co (mp-2647057). Band gap: 0.0 eV. Formation energy per atom: 0.08956573499999801 eV/atom. Energy above hull: 0.08956573499999801 eV/atom. Stable: False.,,current,Is Co thermodynamically stable?,['Materials Project reports Co (mp-2647057). Band gap: 0.0 eV. Formation energy per atom: 0.08956573499999801 eV/atom. Energy above hull: 0.08956573499999801 eV/atom. Stable: False.'],Co has energy above hull 0.08956573499999801 eV/atom and formation energy 0.08956573499999801 eV/atom; Materials Project stable is False.,Materials Project reports Co (mp-2647057). Band gap: 0.0 eV. Formation energy per atom: 0.08956573499999801 eV/atom. Energy above hull: 0.08956573499999801 eV/atom. Stable: False.,1.0,0.5894181111169274,,,ragas_qwen_plus,qwen-plus,1.0,
mp_bal_v2_0261_conductivity_gap_conflict,resp_0574c53adb5d30cf,task_62a56784602398fd,mp_balanced_constraints_v3,mp_derived_balanced_controlled,mp_property_derived,controlled_balanced,band_gap,Is C metallic or insulating based on its band gap?,C is metallic with a band gap of 1.0 eV.,Materials Project reports C (mp-569416). Band gap: 0.10560000000000001 eV. Formation energy per atom: 0.00210089125 eV/atom. Energy above hull: 0.00210089125 eV/atom. Stable: False.,,outdated_or_incorrect,Is C metallic or insulating based on its band gap?,['Materials Project reports C (mp-569416). Band gap: 0.10560000000000001 eV. Formation energy per atom: 0.00210089125 eV/atom. Energy above hull: 0.00210089125 eV/atom. Stable: False.'],C is metallic with a band gap of 1.0 eV.,Materials Project reports C (mp-569416). Band gap: 0.10560000000000001 eV. Formation energy per atom: 0.00210089125 eV/atom. Energy above hull: 0.00210089125 eV/atom. Stable: False.,0.0,0.7339692105262259,,,ragas_qwen_plus,qwen-plus,0.0,conductivity_band_gap_consistency
mp_bal_v2_0408_stability_incomplete,resp_058ae7b6215bc44a,task_c454e078ad9ff01c,mp_balanced_constraints_v3,mp_derived_balanced_controlled,mp_property_derived,controlled_balanced,stability,Is C thermodynamically stable?,C is stable.,"A short snippet derived from mp-606949 says C is stable, but omits formation energy, hull distance, and thermodynamic qualification.",,incomplete,Is C thermodynamically stable?,"['A short snippet derived from mp-606949 says C is stable, but omits formation energy, hull distance, and thermodynamic qualification.']",C is stable.,"A short snippet derived from mp-606949 says C is stable, but omits formation energy, hull distance, and thermodynamic qualification.",0.0,0.5348786056143837,,,ragas_qwen_plus,qwen-plus,0.0,cautious_stability_claim
mp_bal_v2_0136_band_gap_negative,resp_05992928f2c8fa79,task_1f3a947e60b28b5d,mp_balanced_constraints_v3,mp_derived_balanced_controlled,mp_property_derived,controlled_balanced,band_gap,What is the band gap of Ca?,The band gap of Ca is -0.05 eV.,A controlled noisy note derived from mp-166 reports Ca with band gap -0.05 eV. This note is marked outdated_or_incorrect for stress testing.,,outdated_or_incorrect,What is the band gap of Ca?,['A controlled noisy note derived from mp-166 reports Ca with band gap -0.05 eV. This note is marked outdated_or_incorrect for stress testing.'],The band gap of Ca is -0.05 eV.,A controlled noisy note derived from mp-166 reports Ca with band gap -0.05 eV. This note is marked outdated_or_incorrect for stress testing.,0.0,0.9999999999999992,,,ragas_qwen_plus,qwen-plus,0.0,non_negative_band_gap
mp_bal_v2_0093_formation_current,resp_059f52f61aa3ac38,task_382dfc064439ca2d,mp_balanced_constraints_v3,mp_derived_balanced_controlled,mp_property_derived,controlled_balanced,formation_energy,What is the formation energy of O2?,The formation energy of O2 is 0.029974092499999 eV/atom.,Materials Project reports O2 (mp-1180036). Band gap: 0.46429999999999905 eV. Formation energy per atom: 0.029974092499999 eV/atom. Energy above hull: 0.029974092499999 eV/atom. Stable: False.,,current,What is the formation energy of O2?,['Materials Project reports O2 (mp-1180036). Band gap: 0.46429999999999905 eV. Formation energy per atom: 0.029974092499999 eV/atom. Energy above hull: 0.029974092499999 eV/atom. Stable: False.'],The formation energy of O2 is 0.029974092499999 eV/atom.,Materials Project reports O2 (mp-1180036). Band gap: 0.46429999999999905 eV. Formation energy per atom: 0.029974092499999 eV/atom. Energy above hull: 0.029974092499999 eV/atom. Stable: False.,1.0,0.9999999999999992,,,ragas_qwen_plus,qwen-plus,1.0,
mp_bal_v2_0853_stability_current,resp_05a8385d9ae2feda,task_915ef7ca05a8265b,mp_balanced_constraints_v3,mp_derived_balanced_controlled,mp_property_derived,controlled_balanced,formation_energy,Is Mg2Si3 thermodynamically stable?,Mg2Si3 has energy above hull 0.32310132550000004 eV/atom and formation energy 0.25794206750000004 eV/atom; Materials Project stable is False.,Materials Project reports Mg2Si3 (mp-1073130). Band gap: 0.0 eV. Formation energy per atom: 0.25794206750000004 eV/atom. Energy above hull: 0.32310132550000004 eV/atom. Stable: False.,,current,Is Mg2Si3 thermodynamically stable?,['Materials Project reports Mg2Si3 (mp-1073130). Band gap: 0.0 eV. Formation energy per atom: 0.25794206750000004 eV/atom. Energy above hull: 0.32310132550000004 eV/atom. Stable: False.'],Mg2Si3 has energy above hull 0.32310132550000004 eV/atom and formation energy 0.25794206750000004 eV/atom; Materials Project stable is False.,Materials Project reports Mg2Si3 (mp-1073130). Band gap: 0.0 eV. Formation energy per atom: 0.25794206750000004 eV/atom. Energy above hull: 0.32310132550000004 eV/atom. Stable: False.,1.0,0.6967323669319819,,,ragas_qwen_plus,qwen-plus,1.0,
mp_bal_v2_0408_formation_current,resp_05c58db5ac8f39ef,task_5803a549157cfeec,mp_balanced_constraints_v3,mp_derived_balanced_controlled,mp_property_derived,controlled_balanced,formation_energy,What is the formation energy of C?,The formation energy of C is 0.006065369166667001 eV/atom.,Materials Project reports C (mp-606949). Band gap: 0.0 eV. Formation energy per atom: 0.006065369166667001 eV/atom. Energy above hull: 0.006065369166668001 eV/atom. Stable: False.,,current,What is the formation energy of C?,['Materials Project reports C (mp-606949). Band gap: 0.0 eV. Formation energy per atom: 0.006065369166667001 eV/atom. Energy above hull: 0.006065369166668001 eV/atom. Stable: False.'],The formation energy of C is 0.006065369166667001 eV/atom.,Materials Project reports C (mp-606949). Band gap: 0.0 eV. Formation energy per atom: 0.006065369166667001 eV/atom. Energy above hull: 0.006065369166668001 eV/atom. Stable: False.,1.0,0.9999999999999992,,,ragas_qwen_plus,qwen-plus,1.0,
mp_bal_v2_0470_formation_noisy_high,resp_05cc972d2edf35bc,task_7d491f499e9cdf28,mp_balanced_constraints_v3,mp_derived_balanced_controlled,mp_property_derived,controlled_balanced,formation_energy,What is the formation energy of Rb?,The formation energy of Rb is 5.5 eV/atom.,A controlled noisy note derived from mp-1186853 reports formation energy 5.5 eV/atom for Rb. This note is marked outdated_or_incorrect for stress testing.,,outdated_or_incorrect,What is the formation energy of Rb?,['A controlled noisy note derived from mp-1186853 reports formation energy 5.5 eV/atom for Rb. This note is marked outdated_or_incorrect for stress testing.'],The formation energy of Rb is 5.5 eV/atom.,A controlled noisy note derived from mp-1186853 reports formation energy 5.5 eV/atom for Rb. This note is marked outdated_or_incorrect for stress testing.,1.0,0.9999999999999998,,,ragas_qwen_plus,qwen-plus,0.0,elemental_formation_energy_reference_conflict;formation_energy_typical_range
mp_bal_v2_0159_stability_incomplete,resp_05d16a0dbb54d998,task_ebd84b7c71e46c1d,mp_balanced_constraints_v3,mp_derived_balanced_controlled,mp_property_derived,controlled_balanced,stability,Is S thermodynamically stable?,S is stable.,"A short snippet derived from mp-1179643 says S is stable, but omits formation energy, hull distance, and thermodynamic qualification.",,incomplete,Is S thermodynamically stable?,"['A short snippet derived from mp-1179643 says S is stable, but omits formation energy, hull distance, and thermodynamic qualification.']",S is stable.,"A short snippet derived from mp-1179643 says S is stable, but omits formation energy, hull distance, and thermodynamic qualification.",0.0,0.6224016319354088,,,ragas_qwen_plus,qwen-plus,0.0,cautious_stability_claim
mp_bal_v2_0608_formation_noisy_high,resp_05e41e7a3f1ecf02,task_7393c9baf7ce8a0d,mp_balanced_constraints_v3,mp_derived_balanced_controlled,mp_property_derived,controlled_balanced,formation_energy,What is the formation energy of Si?,The formation energy of Si is 5.5 eV/atom.,A controlled noisy note derived from mp-16220 reports formation energy 5.5 eV/atom for Si. This note is marked outdated_or_incorrect for stress testing.,,outdated_or_incorrect,What is the formation energy of Si?,['A controlled noisy note derived from mp-16220 reports formation energy 5.5 eV/atom for Si. This note is marked outdated_or_incorrect for stress testing.'],The formation energy of Si is 5.5 eV/atom.,A controlled noisy note derived from mp-16220 reports formation energy 5.5 eV/atom for Si. This note is marked outdated_or_incorrect for stress testing.,0.0,0.9999999999999996,,,ragas_qwen_plus,qwen-plus,0.0,elemental_formation_energy_reference_conflict;formation_energy_typical_range
mp_bal_v2_0962_stability_incomplete,resp_05ed15347bc2662b,task_c3011e429d2dddb5,mp_balanced_constraints_v3,mp_derived_balanced_controlled,mp_property_derived,controlled_balanced,stability,Is Mg4Si7 thermodynamically stable?,Mg4Si7 is stable.,"A short snippet derived from mp-1074218 says Mg4Si7 is stable, but omits formation energy, hull distance, and thermodynamic qualification.",,incomplete,Is Mg4Si7 thermodynamically stable?,"['A short snippet derived from mp-1074218 says Mg4Si7 is stable, but omits formation energy, hull distance, and thermodynamic qualification.']",Mg4Si7 is stable.,"A short snippet derived from mp-1074218 says Mg4Si7 is stable, but omits formation energy, hull distance, and thermodynamic qualification.",0.0,0.8296013465100027,,,ragas_qwen_plus,qwen-plus,0.0,cautious_stability_claim
mp_bal_v2_0440_band_gap_current,resp_05f26ce77c34d603,task_a8149cda36d4c823,mp_balanced_constraints_v3,mp_derived_balanced_controlled,mp_property_derived,controlled_balanced,band_gap,What is the band gap of Cu?,The band gap of Cu is 0.0 eV according to Materials Project.,Materials Project reports Cu (mp-989782). Band gap: 0.0 eV. Formation energy per atom: 0.012339934999999 eV/atom. Energy above hull: 0.012339934999999 eV/atom. Stable: False.,,current,What is the band gap of Cu?,['Materials Project reports Cu (mp-989782). Band gap: 0.0 eV. Formation energy per atom: 0.012339934999999 eV/atom. Energy above hull: 0.012339934999999 eV/atom. Stable: False.'],The band gap of Cu is 0.0 eV according to Materials Project.,Materials Project reports Cu (mp-989782). Band gap: 0.0 eV. Formation energy per atom: 0.012339934999999 eV/atom. Energy above hull: 0.012339934999999 eV/atom. Stable: False.,1.0,0.9190871613463903,,,ragas_qwen_plus,qwen-plus,1.0,
mp_bal_v2_0775_band_gap_current,resp_0607765c4c55cb31,task_6b3199fa576c9e42,mp_balanced_constraints_v3,mp_derived_balanced_controlled,mp_property_derived,controlled_balanced,band_gap,What is the band gap of P?,The band gap of P is 0.010399999999999 eV according to Materials Project.,Materials Project reports P (mp-157). Band gap: 0.010399999999999 eV. Formation energy per atom: 0.020214559523809003 eV/atom. Energy above hull: 0.020214559523809003 eV/atom. Stable: False.,,current,What is the band gap of P?,['Materials Project reports P (mp-157). Band gap: 0.010399999999999 eV. Formation energy per atom: 0.020214559523809003 eV/atom. Energy above hull: 0.020214559523809003 eV/atom. Stable: False.'],The band gap of P is 0.010399999999999 eV according to Materials Project.,Materials Project reports P (mp-157). Band gap: 0.010399999999999 eV. Formation energy per atom: 0.020214559523809003 eV/atom. Energy above hull: 0.020214559523809003 eV/atom. Stable: False.,1.0,0.8836564775395838,,,ragas_qwen_plus,qwen-plus,1.0,
mp_bal_v2_0432_band_gap_current,resp_060c0766a515ac98,task_fef16e232df52582,mp_balanced_constraints_v3,mp_derived_balanced_controlled,mp_property_derived,controlled_balanced,band_gap,What is the band gap of In?,The band gap of In is 0.0 eV according to Materials Project.,Materials Project reports In (mp-973111). Band gap: 0.0 eV. Formation energy per atom: 0.007146905000002 eV/atom. Energy above hull: 0.007146905000002 eV/atom. Stable: False.,,current,What is the band gap of In?,['Materials Project reports In (mp-973111). Band gap: 0.0 eV. Formation energy per atom: 0.007146905000002 eV/atom. Energy above hull: 0.007146905000002 eV/atom. Stable: False.'],The band gap of In is 0.0 eV according to Materials Project.,Materials Project reports In (mp-973111). Band gap: 0.0 eV. Formation energy per atom: 0.007146905000002 eV/atom. Energy above hull: 0.007146905000002 eV/atom. Stable: False.,1.0,0.8395452641805199,,,ragas_qwen_plus,qwen-plus,1.0,
mp_bal_v2_0244_stability_current,resp_0615b56330caac73,task_2c82747a31ae7263,mp_balanced_constraints_v3,mp_derived_balanced_controlled,mp_property_derived,controlled_balanced,formation_energy,Is Sr thermodynamically stable?,Sr has energy above hull 0.0029346366666670003 eV/atom and formation energy 0.002934636666665 eV/atom; Materials Project stable is False.,Materials Project reports Sr (mp-1187073). Band gap: 0.0 eV. Formation energy per atom: 0.002934636666665 eV/atom. Energy above hull: 0.0029346366666670003 eV/atom. Stable: False.,,current,Is Sr thermodynamically stable?,['Materials Project reports Sr (mp-1187073). Band gap: 0.0 eV. Formation energy per atom: 0.002934636666665 eV/atom. Energy above hull: 0.0029346366666670003 eV/atom. Stable: False.'],Sr has energy above hull 0.0029346366666670003 eV/atom and formation energy 0.002934636666665 eV/atom; Materials Project stable is False.,Materials Project reports Sr (mp-1187073). Band gap: 0.0 eV. Formation energy per atom: 0.002934636666665 eV/atom. Energy above hull: 0.0029346366666670003 eV/atom. Stable: False.,1.0,0.6087425597778839,,,ragas_qwen_plus,qwen-plus,1.0,
mp_bal_v2_0003_formation_current,resp_06398ee3041b08c7,task_a2087434fcdebd1a,mp_balanced_constraints_v3,mp_derived_balanced_controlled,mp_property_derived,controlled_balanced,formation_energy,What is the formation energy of Rb?,The formation energy of Rb is 0.053649282500000006 eV/atom.,Materials Project reports Rb (mp-1179802). Band gap: 0.0 eV. Formation energy per atom: 0.053649282500000006 eV/atom. Energy above hull: 0.053649282500000006 eV/atom. Stable: False.,,current,What is the formation energy of Rb?,['Materials Project reports Rb (mp-1179802). Band gap: 0.0 eV. Formation energy per atom: 0.053649282500000006 eV/atom. Energy above hull: 0.053649282500000006 eV/atom. Stable: False.'],The formation energy of Rb is 0.053649282500000006 eV/atom.,Materials Project reports Rb (mp-1179802). Band gap: 0.0 eV. Formation energy per atom: 0.053649282500000006 eV/atom. Energy above hull: 0.053649282500000006 eV/atom. Stable: False.,1.0,0.9999999999999998,,,ragas_qwen_plus,qwen-plus,0.0,elemental_formation_energy_reference_conflict
mp_bal_v2_0662_stability_incomplete,resp_0662124c763bf267,task_f6a978ec3f1eeafb,mp_balanced_constraints_v3,mp_derived_balanced_controlled,mp_property_derived,controlled_balanced,stability,Is C thermodynamically stable?,C is stable.,"A short snippet derived from mp-570002 says C is stable, but omits formation energy, hull distance, and thermodynamic qualification.",,incomplete,Is C thermodynamically stable?,"['A short snippet derived from mp-570002 says C is stable, but omits formation energy, hull distance, and thermodynamic qualification.']",C is stable.,"A short snippet derived from mp-570002 says C is stable, but omits formation energy, hull distance, and thermodynamic qualification.",0.0,0.0,,,ragas_qwen_plus,qwen-plus,0.0,cautious_stability_claim
mp_bal_v2_0573_stability_incomplete,resp_067a5914db8756ac,task_811011d72371ffe9,mp_balanced_constraints_v3,mp_derived_balanced_controlled,mp_property_derived,controlled_balanced,stability,Is P thermodynamically stable?,P is stable.,"A short snippet derived from mp-674158 says P is stable, but omits formation energy, hull distance, and thermodynamic qualification.",,incomplete,Is P thermodynamically stable?,"['A short snippet derived from mp-674158 says P is stable, but omits formation energy, hull distance, and thermodynamic qualification.']",P is stable.,"A short snippet derived from mp-674158 says P is stable, but omits formation energy, hull distance, and thermodynamic qualification.",0.0,0.6426668060668204,,,ragas_qwen_plus,qwen-plus,0.0,cautious_stability_claim
mp_bal_v2_0667_stability_incomplete,resp_06a6700fba4970ab,task_4ea8239787ed28e5,mp_balanced_constraints_v3,mp_derived_balanced_controlled,mp_property_derived,controlled_balanced,stability,Is I thermodynamically stable?,I is stable.,"A short snippet derived from mp-684663 says I is stable, but omits formation energy, hull distance, and thermodynamic qualification.",,incomplete,Is I thermodynamically stable?,"['A short snippet derived from mp-684663 says I is stable, but omits formation energy, hull distance, and thermodynamic qualification.']",I is stable.,"A short snippet derived from mp-684663 says I is stable, but omits formation energy, hull distance, and thermodynamic qualification.",1.0,0.0,,,ragas_qwen_plus,qwen-plus,0.0,cautious_stability_claim
mp_bal_v2_0947_stability_incomplete,resp_06b64f7375261fad,task_def37e6c60632e4f,mp_balanced_constraints_v3,mp_derived_balanced_controlled,mp_property_derived,controlled_balanced,stability,Is Mg4Si7 thermodynamically stable?,Mg4Si7 is stable.,"A short snippet derived from mp-1074122 says Mg4Si7 is stable, but omits formation energy, hull distance, and thermodynamic qualification.",,incomplete,Is Mg4Si7 thermodynamically stable?,"['A short snippet derived from mp-1074122 says Mg4Si7 is stable, but omits formation energy, hull distance, and thermodynamic qualification.']",Mg4Si7 is stable.,"A short snippet derived from mp-1074122 says Mg4Si7 is stable, but omits formation energy, hull distance, and thermodynamic qualification.",0.0,0.8296013465100027,,,ragas_qwen_plus,qwen-plus,0.0,cautious_stability_claim
mp_bal_v2_0188_stability_incomplete,resp_0712f9f1b7a6a9c8,task_5c033cc6ea10bf9e,mp_balanced_constraints_v3,mp_derived_balanced_controlled,mp_property_derived,controlled_balanced,stability,Is Sn thermodynamically stable?,Sn is stable.,"A short snippet derived from mp-84 says Sn is stable, but omits formation energy, hull distance, and thermodynamic qualification.",,incomplete,Is Sn thermodynamically stable?,"['A short snippet derived from mp-84 says Sn is stable, but omits formation energy, hull distance, and thermodynamic qualification.']",Sn is stable.,"A short snippet derived from mp-84 says Sn is stable, but omits formation energy, hull distance, and thermodynamic qualification.",0.0,0.7927214131780316,,,ragas_qwen_plus,qwen-plus,0.0,cautious_stability_claim
mp_bal_v2_0772_stability_incomplete,resp_0714fccf62ad0acb,task_80d5496fd456538b,mp_balanced_constraints_v3,mp_derived_balanced_controlled,mp_property_derived,controlled_balanced,stability,Is F2 thermodynamically stable?,F2 is stable.,"A short snippet derived from mp-1525632 says F2 is stable, but omits formation energy, hull distance, and thermodynamic qualification.",,incomplete,Is F2 thermodynamically stable?,"['A short snippet derived from mp-1525632 says F2 is stable, but omits formation energy, hull distance, and thermodynamic qualification.']",F2 is stable.,"A short snippet derived from mp-1525632 says F2 is stable, but omits formation energy, hull distance, and thermodynamic qualification.",0.0,0.7593493072296291,,,ragas_qwen_plus,qwen-plus,0.0,cautious_stability_claim
mp_bal_v2_0903_stability_incomplete,resp_074e95fb79de8994,task_3701c1badaefccfe,mp_balanced_constraints_v3,mp_derived_balanced_controlled,mp_property_derived,controlled_balanced,stability,Is MgSi thermodynamically stable?,MgSi is stable.,"A short snippet derived from mp-1073861 says MgSi is stable, but omits formation energy, hull distance, and thermodynamic qualification.",,incomplete,Is MgSi thermodynamically stable?,"['A short snippet derived from mp-1073861 says MgSi is stable, but omits formation energy, hull distance, and thermodynamic qualification.']",MgSi is stable.,"A short snippet derived from mp-1073861 says MgSi is stable, but omits formation energy, hull distance, and thermodynamic qualification.",0.0,0.8135402732400698,,,ragas_qwen_plus,qwen-plus,0.0,cautious_stability_claim
mp_bal_v2_0958_stability_incomplete,resp_07712564ed25ac5c,task_0f60ce6f2c221fde,mp_balanced_constraints_v3,mp_derived_balanced_controlled,mp_property_derived,controlled_balanced,stability,Is Mg4Si7 thermodynamically stable?,Mg4Si7 is stable.,"A short snippet derived from mp-1074199 says Mg4Si7 is stable, but omits formation energy, hull distance, and thermodynamic qualification.",,incomplete,Is Mg4Si7 thermodynamically stable?,"['A short snippet derived from mp-1074199 says Mg4Si7 is stable, but omits formation energy, hull distance, and thermodynamic qualification.']",Mg4Si7 is stable.,"A short snippet derived from mp-1074199 says Mg4Si7 is stable, but omits formation energy, hull distance, and thermodynamic qualification.",0.0,0.8296013465100027,,,ragas_qwen_plus,qwen-plus,0.0,cautious_stability_claim
mp_bal_v2_0517_stability_incomplete,resp_07b138aba99ef0a9,task_33395716c816e60a,mp_balanced_constraints_v3,mp_derived_balanced_controlled,mp_property_derived,controlled_balanced,stability,Is Cr thermodynamically stable?,Cr is stable.,"A short snippet derived from mp-17 says Cr is stable, but omits formation energy, hull distance, and thermodynamic qualification.",,incomplete,Is Cr thermodynamically stable?,"['A short snippet derived from mp-17 says Cr is stable, but omits formation energy, hull distance, and thermodynamic qualification.']",Cr is stable.,"A short snippet derived from mp-17 says Cr is stable, but omits formation energy, hull distance, and thermodynamic qualification.",0.0,0.6094785937323896,,,ragas_qwen_plus,qwen-plus,0.0,cautious_stability_claim
mp_bal_v2_0627_stability_incomplete,resp_07cd763046aa402f,task_86f8bde8b787dc90,mp_balanced_constraints_v3,mp_derived_balanced_controlled,mp_property_derived,controlled_balanced,stability,Is Er thermodynamically stable?,Er is stable.,"A short snippet derived from mp-10753 says Er is stable, but omits formation energy, hull distance, and thermodynamic qualification.",,incomplete,Is Er thermodynamically stable?,"['A short snippet derived from mp-10753 says Er is stable, but omits formation energy, hull distance, and thermodynamic qualification.']",Er is stable.,"A short snippet derived from mp-10753 says Er is stable, but omits formation energy, hull distance, and thermodynamic qualification.",0.0,0.5849252869474558,,,ragas_qwen_plus,qwen-plus,0.0,cautious_stability_claim
mp_bal_v2_0074_stability_incomplete,resp_0811a94996d8dec8,task_8caf5765838f4270,mp_balanced_constraints_v3,mp_derived_balanced_controlled,mp_property_derived,controlled_balanced,stability,Is Ce thermodynamically stable?,Ce is stable.,"A short snippet derived from mp-567332 says Ce is stable, but omits formation energy, hull distance, and thermodynamic qualification.",,incomplete,Is Ce thermodynamically stable?,"['A short snippet derived from mp-567332 says Ce is stable, but omits formation energy, hull distance, and thermodynamic qualification.']",Ce is stable.,"A short snippet derived from mp-567332 says Ce is stable, but omits formation energy, hull distance, and thermodynamic qualification.",0.0,0.5841335582835261,,,ragas_qwen_plus,qwen-plus,0.0,cautious_stability_claim
mp_bal_v2_0939_stability_incomplete,resp_081b737cb8c68a33,task_645329fa3b22605d,mp_balanced_constraints_v3,mp_derived_balanced_controlled,mp_property_derived,controlled_balanced,stability,Is Mg9Si5 thermodynamically stable?,Mg9Si5 is stable.,"A short snippet derived from mp-1074063 says Mg9Si5 is stable, but omits formation energy, hull distance, and thermodynamic qualification.",,incomplete,Is Mg9Si5 thermodynamically stable?,"['A short snippet derived from mp-1074063 says Mg9Si5 is stable, but omits formation energy, hull distance, and thermodynamic qualification.']",Mg9Si5 is stable.,"A short snippet derived from mp-1074063 says Mg9Si5 is stable, but omits formation energy, hull distance, and thermodynamic qualification.",0.0,0.8211317642328302,,,ragas_qwen_plus,qwen-plus,0.0,cautious_stability_claim
mp_bal_v2_0865_stability_incomplete,resp_08ea65f04b84fb87,task_673632b909c9eb17,mp_balanced_constraints_v3,mp_derived_balanced_controlled,mp_property_derived,controlled_balanced,stability,Is MgSi2 thermodynamically stable?,MgSi2 is stable.,"A short snippet derived from mp-1073396 says MgSi2 is stable, but omits formation energy, hull distance, and thermodynamic qualification.",,incomplete,Is MgSi2 thermodynamically stable?,"['A short snippet derived from mp-1073396 says MgSi2 is stable, but omits formation energy, hull distance, and thermodynamic qualification.']",MgSi2 is stable.,"A short snippet derived from mp-1073396 says MgSi2 is stable, but omits formation energy, hull distance, and thermodynamic qualification.",0.0,0.8381060354000921,,,ragas_qwen_plus,qwen-plus,0.0,cautious_stability_claim
mp_bal_v2_0649_stability_incomplete,resp_08f94c2e3e8ff4ef,task_aef5b3164ea6c159,mp_balanced_constraints_v3,mp_derived_balanced_controlled,mp_property_derived,controlled_balanced,stability,Is Rh thermodynamically stable?,Rh is stable.,"A short snippet derived from mp-2647000 says Rh is stable, but omits formation energy, hull distance, and thermodynamic qualification.",,incomplete,Is Rh thermodynamically stable?,"['A short snippet derived from mp-2647000 says Rh is stable, but omits formation energy, hull distance, and thermodynamic qualification.']",Rh is stable.,"A short snippet derived from mp-2647000 says Rh is stable, but omits formation energy, hull distance, and thermodynamic qualification.",0.0,0.5436673035061091,,,ragas_qwen_plus,qwen-plus,0.0,cautious_stability_claim
mp_bal_v2_0586_stability_incomplete,resp_0907d9001a1d97a3,task_6b7ee3bee605b286,mp_balanced_constraints_v3,mp_derived_balanced_controlled,mp_property_derived,controlled_balanced,stability,Is Mn thermodynamically stable?,Mn is stable.,"A short snippet derived from mp-8634 says Mn is stable, but omits formation energy, hull distance, and thermodynamic qualification.",,incomplete,Is Mn thermodynamically stable?,"['A short snippet derived from mp-8634 says Mn is stable, but omits formation energy, hull distance, and thermodynamic qualification.']",Mn is stable.,"A short snippet derived from mp-8634 says Mn is stable, but omits formation energy, hull distance, and thermodynamic qualification.",0.0,0.6723577457682225,,,ragas_qwen_plus,qwen-plus,0.0,cautious_stability_claim
mp_bal_v2_0916_stability_incomplete,resp_0932c3570aedbbf7,task_6263ad722d4dcaef,mp_balanced_constraints_v3,mp_derived_balanced_controlled,mp_property_derived,controlled_balanced,stability,Is Mg6Si5 thermodynamically stable?,Mg6Si5 is stable.,"A short snippet derived from mp-1073934 says Mg6Si5 is stable, but omits formation energy, hull distance, and thermodynamic qualification.",,incomplete,Is Mg6Si5 thermodynamically stable?,"['A short snippet derived from mp-1073934 says Mg6Si5 is stable, but omits formation energy, hull distance, and thermodynamic qualification.']",Mg6Si5 is stable.,"A short snippet derived from mp-1073934 says Mg6Si5 is stable, but omits formation energy, hull distance, and thermodynamic qualification.",0.0,0.7803462111250997,,,ragas_qwen_plus,qwen-plus,0.0,cautious_stability_claim
mp_bal_v2_0681_stability_incomplete,resp_09bb069a6fa9de89,task_58d276b98ffc8ba5,mp_balanced_constraints_v3,mp_derived_balanced_controlled,mp_property_derived,controlled_balanced,stability,Is Ge thermodynamically stable?,Ge is stable.,"A short snippet derived from mp-998883 says Ge is stable, but omits formation energy, hull distance, and thermodynamic qualification.",,incomplete,Is Ge thermodynamically stable?,"['A short snippet derived from mp-998883 says Ge is stable, but omits formation energy, hull distance, and thermodynamic qualification.']",Ge is stable.,"A short snippet derived from mp-998883 says Ge is stable, but omits formation energy, hull distance, and thermodynamic qualification.",0.0,0.5111559368219708,,,ragas_qwen_plus,qwen-plus,0.0,cautious_stability_claim
mp_bal_v2_0849_stability_incomplete,resp_09ea35a478ea8ea7,task_605a0c0f82097d1c,mp_balanced_constraints_v3,mp_derived_balanced_controlled,mp_property_derived,controlled_balanced,stability,Is Mg2Si3 thermodynamically stable?,Mg2Si3 is stable.,"A short snippet derived from mp-1073075 says Mg2Si3 is stable, but omits formation energy, hull distance, and thermodynamic qualification.",,incomplete,Is Mg2Si3 thermodynamically stable?,"['A short snippet derived from mp-1073075 says Mg2Si3 is stable, but omits formation energy, hull distance, and thermodynamic qualification.']",Mg2Si3 is stable.,"A short snippet derived from mp-1073075 says Mg2Si3 is stable, but omits formation energy, hull distance, and thermodynamic qualification.",0.0,0.8327720954086284,,,ragas_qwen_plus,qwen-plus,0.0,cautious_stability_claim
mp_bal_v2_0482_stability_incomplete,resp_0a01d01b53ec8cce,task_23b042d0c684b66c,mp_balanced_constraints_v3,mp_derived_balanced_controlled,mp_property_derived,controlled_balanced,stability,Is Tl thermodynamically stable?,Tl is stable.,"A short snippet derived from mp-1187790 says Tl is stable, but omits formation energy, hull distance, and thermodynamic qualification.",,incomplete,Is Tl thermodynamically stable?,"['A short snippet derived from mp-1187790 says Tl is stable, but omits formation energy, hull distance, and thermodynamic qualification.']",Tl is stable.,"A short snippet derived from mp-1187790 says Tl is stable, but omits formation energy, hull distance, and thermodynamic qualification.",0.0,0.7376162452227334,,,ragas_qwen_plus,qwen-plus,0.0,cautious_stability_claim
mp_bal_v2_0357_stability_incomplete,resp_0a1cf3501296ffb1,task_073450d68dca3363,mp_balanced_constraints_v3,mp_derived_balanced_controlled,mp_property_derived,controlled_balanced,stability,Is Xe thermodynamically stable?,Xe is stable.,"A short snippet derived from mp-1187761 says Xe is stable, but omits formation energy, hull distance, and thermodynamic qualification.",,incomplete,Is Xe thermodynamically stable?,"['A short snippet derived from mp-1187761 says Xe is stable, but omits formation energy, hull distance, and thermodynamic qualification.']",Xe is stable.,"A short snippet derived from mp-1187761 says Xe is stable, but omits formation energy, hull distance, and thermodynamic qualification.",0.0,0.6749684306547402,,,ragas_qwen_plus,qwen-plus,0.0,cautious_stability_claim
mp_bal_v2_0610_stability_incomplete,resp_0a43c87feebee838,task_d0c07c287c233e75,mp_balanced_constraints_v3,mp_derived_balanced_controlled,mp_property_derived,controlled_balanced,stability,Is C thermodynamically stable?,C is stable.,"A short snippet derived from mp-66 says C is stable, but omits formation energy, hull distance, and thermodynamic qualification.",,incomplete,Is C thermodynamically stable?,"['A short snippet derived from mp-66 says C is stable, but omits formation energy, hull distance, and thermodynamic qualification.']",C is stable.,"A short snippet derived from mp-66 says C is stable, but omits formation energy, hull distance, and thermodynamic qualification.",0.0,0.5348786056143837,,,ragas_qwen_plus,qwen-plus,0.0,cautious_stability_claim
mp_bal_v2_0665_stability_incomplete,resp_0a926a8bdcf05d72,task_f34baef196465b1c,mp_balanced_constraints_v3,mp_derived_balanced_controlled,mp_property_derived,controlled_balanced,stability,Is H2 thermodynamically stable?,H2 is stable.,"A short snippet derived from mp-632250 says H2 is stable, but omits formation energy, hull distance, and thermodynamic qualification.",,incomplete,Is H2 thermodynamically stable?,"['A short snippet derived from mp-632250 says H2 is stable, but omits formation energy, hull distance, and thermodynamic qualification.']",H2 is stable.,"A short snippet derived from mp-632250 says H2 is stable, but omits formation energy, hull distance, and thermodynamic qualification.",0.0,0.8031978069405608,,,ragas_qwen_plus,qwen-plus,0.0,cautious_stability_claim
mp_bal_v2_0674_stability_incomplete,resp_0a9d29271a0816cb,task_43af2eae6c95220e,mp_balanced_constraints_v3,mp_derived_balanced_controlled,mp_property_derived,controlled_balanced,stability,Is Sb thermodynamically stable?,Sb is stable.,"A short snippet derived from mp-7761 says Sb is stable, but omits formation energy, hull distance, and thermodynamic qualification.",,incomplete,Is Sb thermodynamically stable?,"['A short snippet derived from mp-7761 says Sb is stable, but omits formation energy, hull distance, and thermodynamic qualification.']",Sb is stable.,"A short snippet derived from mp-7761 says Sb is stable, but omits formation energy, hull distance, and thermodynamic qualification.",0.0,0.6289935146801279,,,ragas_qwen_plus,qwen-plus,0.0,cautious_stability_claim
mp_bal_v2_0417_stability_incomplete,resp_0b1683c344c19af8,task_9f0d00dca648cea0,mp_balanced_constraints_v3,mp_derived_balanced_controlled,mp_property_derived,controlled_balanced,stability,Is Zn thermodynamically stable?,Zn is stable.,"A short snippet derived from mp-79 says Zn is stable, but omits formation energy, hull distance, and thermodynamic qualification.",,incomplete,Is Zn thermodynamically stable?,"['A short snippet derived from mp-79 says Zn is stable, but omits formation energy, hull distance, and thermodynamic qualification.']",Zn is stable.,"A short snippet derived from mp-79 says Zn is stable, but omits formation energy, hull distance, and thermodynamic qualification.",0.0,0.7177246319643615,,,ragas_qwen_plus,qwen-plus,0.0,cautious_stability_claim
mp_bal_v2_0138_stability_incomplete,resp_0b651e8f69e1dad9,task_ae74c813ef38374d,mp_balanced_constraints_v3,mp_derived_balanced_controlled,mp_property_derived,controlled_balanced,stability,Is Cs thermodynamically stable?,Cs is stable.,"A short snippet derived from mp-2739124 says Cs is stable, but omits formation energy, hull distance, and thermodynamic qualification.",,incomplete,Is Cs thermodynamically stable?,"['A short snippet derived from mp-2739124 says Cs is stable, but omits formation energy, hull distance, and thermodynamic qualification.']",Cs is stable.,"A short snippet derived from mp-2739124 says Cs is stable, but omits formation energy, hull distance, and thermodynamic qualification.",0.0,0.6646015329828747,,,ragas_qwen_plus,qwen-plus,0.0,cautious_stability_claim
mp_bal_v2_0885_stability_incomplete,resp_0bccd493d4a30ca8,task_cc169bd672bb6c23,mp_balanced_constraints_v3,mp_derived_balanced_controlled,mp_property_derived,controlled_balanced,stability,Is MgSi2 thermodynamically stable?,MgSi2 is stable.,"A short snippet derived from mp-1073655 says MgSi2 is stable, but omits formation energy, hull distance, and thermodynamic qualification.",,incomplete,Is MgSi2 thermodynamically stable?,"['A short snippet derived from mp-1073655 says MgSi2 is stable, but omits formation energy, hull distance, and thermodynamic qualification.']",MgSi2 is stable.,"A short snippet derived from mp-1073655 says MgSi2 is stable, but omits formation energy, hull distance, and thermodynamic qualification.",0.0,0.8381060354000921,,,ragas_qwen_plus,qwen-plus,0.0,cautious_stability_claim
mp_bal_v2_0742_stability_incomplete,resp_0c007a35c6c87d66,task_e9b9c283a552eb8f,mp_balanced_constraints_v3,mp_derived_balanced_controlled,mp_property_derived,controlled_balanced,stability,Is Si thermodynamically stable?,Si is stable.,"A short snippet derived from mp-1095269 says Si is stable, but omits formation energy, hull distance, and thermodynamic qualification.",,incomplete,Is Si thermodynamically stable?,"['A short snippet derived from mp-1095269 says Si is stable, but omits formation energy, hull distance, and thermodynamic qualification.']",Si is stable.,"A short snippet derived from mp-1095269 says Si is stable, but omits formation energy, hull distance, and thermodynamic qualification.",0.0,0.6798302363340832,,,ragas_qwen_plus,qwen-plus,0.0,cautious_stability_claim
mp_bal_v2_0219_stability_incomplete,resp_0c1d780e4ec66383,task_0843b4abebb19f56,mp_balanced_constraints_v3,mp_derived_balanced_controlled,mp_property_derived,controlled_balanced,stability,Is Cu thermodynamically stable?,Cu is stable.,"A short snippet derived from mp-1120774 says Cu is stable, but omits formation energy, hull distance, and thermodynamic qualification.",,incomplete,Is Cu thermodynamically stable?,"['A short snippet derived from mp-1120774 says Cu is stable, but omits formation energy, hull distance, and thermodynamic qualification.']",Cu is stable.,"A short snippet derived from mp-1120774 says Cu is stable, but omits formation energy, hull distance, and thermodynamic qualification.",0.0,0.7134410380814843,,,ragas_qwen_plus,qwen-plus,0.0,cautious_stability_claim
mp_bal_v2_0179_stability_incomplete,resp_0c3aef13425cbc19,task_9b7837599e6cfcc3,mp_balanced_constraints_v3,mp_derived_balanced_controlled,mp_property_derived,controlled_balanced,stability,Is Mn thermodynamically stable?,Mn is stable.,"A short snippet derived from mp-1057139 says Mn is stable, but omits formation energy, hull distance, and thermodynamic qualification.",,incomplete,Is Mn thermodynamically stable?,"['A short snippet derived from mp-1057139 says Mn is stable, but omits formation energy, hull distance, and thermodynamic qualification.']",Mn is stable.,"A short snippet derived from mp-1057139 says Mn is stable, but omits formation energy, hull distance, and thermodynamic qualification.",0.0,0.6723577457682225,,,ragas_qwen_plus,qwen-plus,0.0,cautious_stability_claim
mp_bal_v2_0596_stability_incomplete,resp_0c446e87222fe111,task_1206376f7a2d94a4,mp_balanced_constraints_v3,mp_derived_balanced_controlled,mp_property_derived,controlled_balanced,stability,Is Y thermodynamically stable?,Y is stable.,"A short snippet derived from mp-9 says Y is stable, but omits formation energy, hull distance, and thermodynamic qualification.",,incomplete,Is Y thermodynamically stable?,"['A short snippet derived from mp-9 says Y is stable, but omits formation energy, hull distance, and thermodynamic qualification.']",Y is stable.,"A short snippet derived from mp-9 says Y is stable, but omits formation energy, hull distance, and thermodynamic qualification.",0.0,0.0,,,ragas_qwen_plus,qwen-plus,0.0,cautious_stability_claim
natural_arxiv_current_0246,resp_002b6ba46c86ff76,task_1b8fe5d91a814d42,natural_noisy_arxiv_v2,natural_source_linked,extractive_real_arxiv,matched_and_mismatched,superconductivity,What is the main materials-science claim reported in the source titled 'Quasiparticle GW for Superconductors: Toward a Unified Treatment of Electron-Phonon and Electron-Plasmon Couplings'?,"Superconducting two-dimensional materials, and in particular few-layer graphene, offer an exciting platform for low-power electronics, yet the origin of their unconventional superconductivity remains an open question.","arXiv source: 2605.21700v1
Title: Quasiparticle GW for Superconductors: Toward a Unified Treatment of Electron-Phonon and Electron-Plasmon Couplings
Published: 2026-05-20T20:01:11Z
URL: http://arxiv.org/abs/2605.21700v1
Abstract: Superconducting two-dimensional materials, and in particular few-layer graphene, offer an exciting platform for low-power electronics, yet the origin of their unconventional superconductivity remains an open question. Prevailing theories, primarily rooted in the Bardeen-Cooper-Schrieffer (BCS) framework that assumes electron-phonon interactions are the main mechanism of superconductivity, struggle to account quantitatively for the observed phenomena. Recent studies point to a plasmonic pairing mechanism in graphene systems; however, disentangling the relative contributions of phonon- and plasmon-mediated pairing remains challenging due to the lack of a satisfactory first-principles framework capable of accurately capturing dynamical screening effects in the electronic channel. Here, we present a new theoretical framework that extends the quasiparticle self-consistent GW method to the superconducting phase by coupling it with the Eliashberg treatment of both phonon- and plasmon-mediated interactions. Our approach, termed ""s-qpGW"", is on par with the state-of-the-art Eliashberg theory of superconductivity when applied to bulk metals, and correctly predicts the absence of superconductivity in doped monolayer graphene. To differentiate s-qpGW from conventional Eliashberg approaches, we study a simple model system, graphene with an artificially enhanced density of states, and demonstrate that s-qpGW captures dynamical Coulomb screening effects in ways that standard BCS theory cannot.",,current,What is the main materials-science claim reported in the source titled 'Quasiparticle GW for Superconductors: Toward a Unified Treatment of Electron-Phonon and Electron-Plasmon Couplings'?,"['arXiv source: 2605.21700v1\nTitle: Quasiparticle GW for Superconductors: Toward a Unified Treatment of Electron-Phonon and Electron-Plasmon Couplings\nPublished: 2026-05-20T20:01:11Z\nURL: http://arxiv.org/abs/2605.21700v1\nAbstract: Superconducting two-dimensional materials, and in particular few-layer graphene, offer an exciting platform for low-power electronics, yet the origin of their unconventional superconductivity remains an open question. Prevailing theories, primarily rooted in the Bardeen-Cooper-Schrieffer (BCS) framework that assumes electron-phonon interactions are the main mechanism of superconductivity, struggle to account quantitatively for the observed phenomena. Recent studies point to a plasmonic pairing mechanism in graphene systems; however, disentangling the relative contributions of phonon- and plasmon-mediated pairing remains challenging due to the lack of a satisfactory first-principles framework capable of accurately capturing dynamical screening effects in the electronic channel. Here, we present a new theoretical framework that extends the quasiparticle self-consistent GW method to the superconducting phase by coupling it with the Eliashberg treatment of both phonon- and plasmon-mediated interactions. Our approach, termed ""s-qpGW"", is on par with the state-of-the-art Eliashberg theory of superconductivity when applied to bulk metals, and correctly predicts the absence of superconductivity in doped monolayer graphene. To differentiate s-qpGW from conventional Eliashberg approaches, we study a simple model system, graphene with an artificially enhanced density of states, and demonstrate that s-qpGW captures dynamical Coulomb screening effects in ways that standard BCS theory cannot.']","Superconducting two-dimensional materials, and in particular few-layer graphene, offer an exciting platform for low-power electronics, yet the origin of their unconventional superconductivity remains an open question.","arXiv source: 2605.21700v1
Title: Quasiparticle GW for Superconductors: Toward a Unified Treatment of Electron-Phonon and Electron-Plasmon Couplings
Published: 2026-05-20T20:01:11Z
URL: http://arxiv.org/abs/2605.21700v1
Abstract: Superconducting two-dimensional materials, and in particular few-layer graphene, offer an exciting platform for low-power electronics, yet the origin of their unconventional superconductivity remains an open question. Prevailing theories, primarily rooted in the Bardeen-Cooper-Schrieffer (BCS) framework that assumes electron-phonon interactions are the main mechanism of superconductivity, struggle to account quantitatively for the observed phenomena. Recent studies point to a plasmonic pairing mechanism in graphene systems; however, disentangling the relative contributions of phonon- and plasmon-mediated pairing remains challenging due to the lack of a satisfactory first-principles framework capable of accurately capturing dynamical screening effects in the electronic channel. Here, we present a new theoretical framework that extends the quasiparticle self-consistent GW method to the superconducting phase by coupling it with the Eliashberg treatment of both phonon- and plasmon-mediated interactions. Our approach, termed ""s-qpGW"", is on par with the state-of-the-art Eliashberg theory of superconductivity when applied to bulk metals, and correctly predicts the absence of superconductivity in doped monolayer graphene. To differentiate s-qpGW from conventional Eliashberg approaches, we study a simple model system, graphene with an artificially enhanced density of states, and demonstrate that s-qpGW captures dynamical Coulomb screening effects in ways that standard BCS theory cannot.",1.0,0.0,,,ragas_qwen_plus,qwen-plus,1.0,
natural_arxiv_current_0117,resp_01f61e0ebf8bb69d,task_20caeccfadb83154,natural_noisy_arxiv_v2,natural_source_linked,extractive_real_arxiv,matched_and_mismatched,pressure,What is the main materials-science claim reported in the source titled 'Quantitative Detection of Molecular Oxygen in the Gas Phase with Fluorescent Nanodiamonds'?,"Fluorescent nanodiamonds approximately 70 nm in diameter were deposited on the glass surface of a microfluidic channel, and the oxygen concentration varied from 0 to 100% (0 to 760 mmHg O2 partial pressure) by mixing O2 and N2 gases at ambient pressure.","arXiv source: 2606.03844v1
Title: Quantitative Detection of Molecular Oxygen in the Gas Phase with Fluorescent Nanodiamonds
Published: 2026-06-02T16:23:32Z
URL: http://arxiv.org/abs/2606.03844v1
Abstract: The quantitative detection of paramagnetic molecular oxygen (O2) in gas mixtures using optically detected magnetic resonance (ODMR) from negatively charged nitrogen-vacancy (NV-) centers in fluorescent nanodiamonds is described. Fluorescent nanodiamonds approximately 70 nm in diameter were deposited on the glass surface of a microfluidic channel, and the oxygen concentration varied from 0 to 100% (0 to 760 mmHg O2 partial pressure) by mixing O2 and N2 gases at ambient pressure. Continuous-wave (CW) ODMR contrast was measured using a double-modulation (lock-in) detection scheme applied to both optical excitation and microwave drives. The ODMR contrast decreases linearly with oxygen partial pressure, with a sensitivity coefficient k of (-10.1 +/- 0.3) x 10^-4 % mmHg^-1. The oxygen detection limit of the experimental setup was estimated to be approximately 8 mmHg O2 partial pressure (corresponding to about 1% O2 in the gas mixture). Cycling of the content of O2 in the gas mixture in the range of 0-5% revealed slight hysteresis and corresponding repeatability of 0.006 in percent ODMR contrast. The observed fluorescence quenching and relatively slow response (ranging from several to tens of minutes) upon changes in oxygen concentration suggest that physisorption of gas molecules on the nanodiamond surfaces contributes to equilibration dynamics. The applicability of the nanodiamond-based oxygen quantum sensor was further demonstrated by detecting transient bursts of molecular oxygen generated by enzyme-catalyzed decomposition of hydrogen peroxide.",,current,What is the main materials-science claim reported in the source titled 'Quantitative Detection of Molecular Oxygen in the Gas Phase with Fluorescent Nanodiamonds'?,"['arXiv source: 2606.03844v1\nTitle: Quantitative Detection of Molecular Oxygen in the Gas Phase with Fluorescent Nanodiamonds\nPublished: 2026-06-02T16:23:32Z\nURL: http://arxiv.org/abs/2606.03844v1\nAbstract: The quantitative detection of paramagnetic molecular oxygen (O2) in gas mixtures using optically detected magnetic resonance (ODMR) from negatively charged nitrogen-vacancy (NV-) centers in fluorescent nanodiamonds is described. Fluorescent nanodiamonds approximately 70 nm in diameter were deposited on the glass surface of a microfluidic channel, and the oxygen concentration varied from 0 to 100% (0 to 760 mmHg O2 partial pressure) by mixing O2 and N2 gases at ambient pressure. Continuous-wave (CW) ODMR contrast was measured using a double-modulation (lock-in) detection scheme applied to both optical excitation and microwave drives. The ODMR contrast decreases linearly with oxygen partial pressure, with a sensitivity coefficient k of (-10.1 +/- 0.3) x 10^-4 % mmHg^-1. The oxygen detection limit of the experimental setup was estimated to be approximately 8 mmHg O2 partial pressure (corresponding to about 1% O2 in the gas mixture). Cycling of the content of O2 in the gas mixture in the range of 0-5% revealed slight hysteresis and corresponding repeatability of 0.006 in percent ODMR contrast. The observed fluorescence quenching and relatively slow response (ranging from several to tens of minutes) upon changes in oxygen concentration suggest that physisorption of gas molecules on the nanodiamond surfaces contributes to equilibration dynamics. The applicability of the nanodiamond-based oxygen quantum sensor was further demonstrated by detecting transient bursts of molecular oxygen generated by enzyme-catalyzed decomposition of hydrogen peroxide.']","Fluorescent nanodiamonds approximately 70 nm in diameter were deposited on the glass surface of a microfluidic channel, and the oxygen concentration varied from 0 to 100% (0 to 760 mmHg O2 partial pressure) by mixing O2 and N2 gases at ambient pressure.","arXiv source: 2606.03844v1
Title: Quantitative Detection of Molecular Oxygen in the Gas Phase with Fluorescent Nanodiamonds
Published: 2026-06-02T16:23:32Z
URL: http://arxiv.org/abs/2606.03844v1
Abstract: The quantitative detection of paramagnetic molecular oxygen (O2) in gas mixtures using optically detected magnetic resonance (ODMR) from negatively charged nitrogen-vacancy (NV-) centers in fluorescent nanodiamonds is described. Fluorescent nanodiamonds approximately 70 nm in diameter were deposited on the glass surface of a microfluidic channel, and the oxygen concentration varied from 0 to 100% (0 to 760 mmHg O2 partial pressure) by mixing O2 and N2 gases at ambient pressure. Continuous-wave (CW) ODMR contrast was measured using a double-modulation (lock-in) detection scheme applied to both optical excitation and microwave drives. The ODMR contrast decreases linearly with oxygen partial pressure, with a sensitivity coefficient k of (-10.1 +/- 0.3) x 10^-4 % mmHg^-1. The oxygen detection limit of the experimental setup was estimated to be approximately 8 mmHg O2 partial pressure (corresponding to about 1% O2 in the gas mixture). Cycling of the content of O2 in the gas mixture in the range of 0-5% revealed slight hysteresis and corresponding repeatability of 0.006 in percent ODMR contrast. The observed fluorescence quenching and relatively slow response (ranging from several to tens of minutes) upon changes in oxygen concentration suggest that physisorption of gas molecules on the nanodiamond surfaces contributes to equilibration dynamics. The applicability of the nanodiamond-based oxygen quantum sensor was further demonstrated by detecting transient bursts of molecular oxygen generated by enzyme-catalyzed decomposition of hydrogen peroxide.",1.0,0.7456620052292161,,,ragas_qwen_plus,qwen-plus,1.0,
natural_arxiv_current_0014,resp_023821568da737de,task_a396574e856b77c6,natural_noisy_arxiv_v2,natural_source_linked,extractive_real_arxiv,matched_and_mismatched,natural_claim,What is the main materials-science claim reported in the source titled 'Suppression of p-Wave Altermagnetism by Localized 4f Electrons in CeNiAsO'?,"Altermagnetism, characterized by momentum-dependent spin splitting and zero net magnetization, has so far been explored mainly in weakly or moderately correlated d-electron systems.","arXiv source: 2606.02422v1
Title: Suppression of p-Wave Altermagnetism by Localized 4f Electrons in CeNiAsO
Published: 2026-06-01T16:00:45Z
URL: http://arxiv.org/abs/2606.02422v1
Abstract: Altermagnetism, characterized by momentum-dependent spin splitting and zero net magnetization, has so far been explored mainly in weakly or moderately correlated d-electron systems. How such symmetry-allowed band splitting manifests in heavy-fermion materials, where magnetic exchange competes with Kondo correlations, remains unclear. Here we use high-resolution angle-resolved photoemission spectroscopy to investigate CeNiAsO, a heavy-fermion candidate for p-wave altermagnetism. Despite macroscopic signatures consistent with the proposed p-wave magnetic order, we find no resolvable near-Fermi-level p-wave exchange splitting on the Ni 3d-derived conduction bands across the Neel transitions. Fermi-surface mapping, orbital-resolved ARPES identify that the low-energy electronic structure is dominated by Ni 3d bands, while resonant photoemission reveals that the Ce 4f states remain predominantly localized with residual c-f hybridization. First-principles calculations further show that an uncorrected itinerant-4f description produces dispersive Ce 4f bands and additional Fermi-surface pockets that are absent in experiment, thereby overestimating both the low-energy c-f hybridization and the exchange splitting transferred to the Ni 3d bands. When the localized Ce 4f character is incorporated through DFT+U , the experimental Fermi-surface topology is recovered and the residual p-wave splitting on the Ni 3d-derived bands is reduced to only a few meV, below the effective experimental resolution. These results identify CeNiAsO as a strongly correlated f-electron limit of p-wave magnetism, in which localized 4f electrons suppress the observable single-particle band-splitting signature expected from a weak-correlation picture.",,current,What is the main materials-science claim reported in the source titled 'Suppression of p-Wave Altermagnetism by Localized 4f Electrons in CeNiAsO'?,"['arXiv source: 2606.02422v1\nTitle: Suppression of p-Wave Altermagnetism by Localized 4f Electrons in CeNiAsO\nPublished: 2026-06-01T16:00:45Z\nURL: http://arxiv.org/abs/2606.02422v1\nAbstract: Altermagnetism, characterized by momentum-dependent spin splitting and zero net magnetization, has so far been explored mainly in weakly or moderately correlated d-electron systems. How such symmetry-allowed band splitting manifests in heavy-fermion materials, where magnetic exchange competes with Kondo correlations, remains unclear. Here we use high-resolution angle-resolved photoemission spectroscopy to investigate CeNiAsO, a heavy-fermion candidate for p-wave altermagnetism. Despite macroscopic signatures consistent with the proposed p-wave magnetic order, we find no resolvable near-Fermi-level p-wave exchange splitting on the Ni 3d-derived conduction bands across the Neel transitions. Fermi-surface mapping, orbital-resolved ARPES identify that the low-energy electronic structure is dominated by Ni 3d bands, while resonant photoemission reveals that the Ce 4f states remain predominantly localized with residual c-f hybridization. First-principles calculations further show that an uncorrected itinerant-4f description produces dispersive Ce 4f bands and additional Fermi-surface pockets that are absent in experiment, thereby overestimating both the low-energy c-f hybridization and the exchange splitting transferred to the Ni 3d bands. When the localized Ce 4f character is incorporated through DFT+U , the experimental Fermi-surface topology is recovered and the residual p-wave splitting on the Ni 3d-derived bands is reduced to only a few meV, below the effective experimental resolution. These results identify CeNiAsO as a strongly correlated f-electron limit of p-wave magnetism, in which localized 4f electrons suppress the observable single-particle band-splitting signature expected from a weak-correlation picture.']","Altermagnetism, characterized by momentum-dependent spin splitting and zero net magnetization, has so far been explored mainly in weakly or moderately correlated d-electron systems.","arXiv source: 2606.02422v1
Title: Suppression of p-Wave Altermagnetism by Localized 4f Electrons in CeNiAsO
Published: 2026-06-01T16:00:45Z
URL: http://arxiv.org/abs/2606.02422v1
Abstract: Altermagnetism, characterized by momentum-dependent spin splitting and zero net magnetization, has so far been explored mainly in weakly or moderately correlated d-electron systems. How such symmetry-allowed band splitting manifests in heavy-fermion materials, where magnetic exchange competes with Kondo correlations, remains unclear. Here we use high-resolution angle-resolved photoemission spectroscopy to investigate CeNiAsO, a heavy-fermion candidate for p-wave altermagnetism. Despite macroscopic signatures consistent with the proposed p-wave magnetic order, we find no resolvable near-Fermi-level p-wave exchange splitting on the Ni 3d-derived conduction bands across the Neel transitions. Fermi-surface mapping, orbital-resolved ARPES identify that the low-energy electronic structure is dominated by Ni 3d bands, while resonant photoemission reveals that the Ce 4f states remain predominantly localized with residual c-f hybridization. First-principles calculations further show that an uncorrected itinerant-4f description produces dispersive Ce 4f bands and additional Fermi-surface pockets that are absent in experiment, thereby overestimating both the low-energy c-f hybridization and the exchange splitting transferred to the Ni 3d bands. When the localized Ce 4f character is incorporated through DFT+U , the experimental Fermi-surface topology is recovered and the residual p-wave splitting on the Ni 3d-derived bands is reduced to only a few meV, below the effective experimental resolution. These results identify CeNiAsO as a strongly correlated f-electron limit of p-wave magnetism, in which localized 4f electrons suppress the observable single-particle band-splitting signature expected from a weak-correlation picture.",0.75,0.4769121855529607,,,ragas_qwen_plus,qwen-plus,1.0,
natural_arxiv_current_0077,resp_024be1cbe053f4c4,task_f85e2999a4f544cc,natural_noisy_arxiv_v2,natural_source_linked,extractive_real_arxiv,matched_and_mismatched,stability,"What is the main materials-science claim reported in the source titled 'Defect engineering of ultrathin gallium nitride via electric fields for advanced electronic, magnetic, and gas sensing applications'?","Our first-principles calculations suggest g-GaN maintains electronic stability under intense electric fields; notably, gallium vacancies are predicted to further extend the theoretical stability limit.","arXiv source: 2605.26817v1
Title: Defect engineering of ultrathin gallium nitride via electric fields for advanced electronic, magnetic, and gas sensing applications
Published: 2026-05-26T10:32:57Z
URL: http://arxiv.org/abs/2605.26817v1
Abstract: Scaling wide-band-gap semiconductors to the ultrathin limit offers a transformative pathway for power electronics, with gallium nitride (GaN) representing a cornerstone material in this class. However, the operational resilience and functional tunability of its two-dimensional form (g-GaN) remain underexplored. This work shifts the focus from idealized systems to the complex materials behavior under realistic conditions, investigating how the synergistic effects of point vacancy defects, strain, and external electric fields govern its electronic, magnetic, and sensing landscapes. We demonstrate that these factors are not merely perturbations but are fundamental to modulating the material response. Our first-principles calculations suggest g-GaN maintains electronic stability under intense electric fields; notably, gallium vacancies are predicted to further extend the theoretical stability limit. While in-plane tension preserves the band gap evolution under an electric field, in-plane compression facilitates low-field metallization. Using nitrogen monoxide (NO) adsorption as a prototype, we find that the interaction is defect-modulated and potentially tunable by electric fields. Analysis of adsorption energetics and diffusion barriers suggests the gallium vacancy may act as a thermodynamic trap for NO. Targeted hybrid-functional (HSE06) validation confirms the reliability of observed adsorption trends and theoretical metallization thresholds, while revealing that precise electronic-exchange treatment is critical for capturing the magnetic ground state of nitrogen vacancies. By systematically examining the geometry, energetics, band structure, density of states, magnetic response, and charge transfer, this study clarifies the interplay between defects and external electric fields, providing insights into theoretical upper bounds for property tuning and semiconductor device engineering.",,current,"What is the main materials-science claim reported in the source titled 'Defect engineering of ultrathin gallium nitride via electric fields for advanced electronic, magnetic, and gas sensing applications'?","['arXiv source: 2605.26817v1\nTitle: Defect engineering of ultrathin gallium nitride via electric fields for advanced electronic, magnetic, and gas sensing applications\nPublished: 2026-05-26T10:32:57Z\nURL: http://arxiv.org/abs/2605.26817v1\nAbstract: Scaling wide-band-gap semiconductors to the ultrathin limit offers a transformative pathway for power electronics, with gallium nitride (GaN) representing a cornerstone material in this class. However, the operational resilience and functional tunability of its two-dimensional form (g-GaN) remain underexplored. This work shifts the focus from idealized systems to the complex materials behavior under realistic conditions, investigating how the synergistic effects of point vacancy defects, strain, and external electric fields govern its electronic, magnetic, and sensing landscapes. We demonstrate that these factors are not merely perturbations but are fundamental to modulating the material response. Our first-principles calculations suggest g-GaN maintains electronic stability under intense electric fields; notably, gallium vacancies are predicted to further extend the theoretical stability limit. While in-plane tension preserves the band gap evolution under an electric field, in-plane compression facilitates low-field metallization. Using nitrogen monoxide (NO) adsorption as a prototype, we find that the interaction is defect-modulated and potentially tunable by electric fields. Analysis of adsorption energetics and diffusion barriers suggests the gallium vacancy may act as a thermodynamic trap for NO. Targeted hybrid-functional (HSE06) validation confirms the reliability of observed adsorption trends and theoretical metallization thresholds, while revealing that precise electronic-exchange treatment is critical for capturing the magnetic ground state of nitrogen vacancies. By systematically examining the geometry, energetics, band structure, density of states, magnetic response, and charge transfer, this study clarifies the interplay between defects and external electric fields, providing insights into theoretical upper bounds for property tuning and semiconductor device engineering.']","Our first-principles calculations suggest g-GaN maintains electronic stability under intense electric fields; notably, gallium vacancies are predicted to further extend the theoretical stability limit.","arXiv source: 2605.26817v1
Title: Defect engineering of ultrathin gallium nitride via electric fields for advanced electronic, magnetic, and gas sensing applications
Published: 2026-05-26T10:32:57Z
URL: http://arxiv.org/abs/2605.26817v1
Abstract: Scaling wide-band-gap semiconductors to the ultrathin limit offers a transformative pathway for power electronics, with gallium nitride (GaN) representing a cornerstone material in this class. However, the operational resilience and functional tunability of its two-dimensional form (g-GaN) remain underexplored. This work shifts the focus from idealized systems to the complex materials behavior under realistic conditions, investigating how the synergistic effects of point vacancy defects, strain, and external electric fields govern its electronic, magnetic, and sensing landscapes. We demonstrate that these factors are not merely perturbations but are fundamental to modulating the material response. Our first-principles calculations suggest g-GaN maintains electronic stability under intense electric fields; notably, gallium vacancies are predicted to further extend the theoretical stability limit. While in-plane tension preserves the band gap evolution under an electric field, in-plane compression facilitates low-field metallization. Using nitrogen monoxide (NO) adsorption as a prototype, we find that the interaction is defect-modulated and potentially tunable by electric fields. Analysis of adsorption energetics and diffusion barriers suggests the gallium vacancy may act as a thermodynamic trap for NO. Targeted hybrid-functional (HSE06) validation confirms the reliability of observed adsorption trends and theoretical metallization thresholds, while revealing that precise electronic-exchange treatment is critical for capturing the magnetic ground state of nitrogen vacancies. By systematically examining the geometry, energetics, band structure, density of states, magnetic response, and charge transfer, this study clarifies the interplay between defects and external electric fields, providing insights into theoretical upper bounds for property tuning and semiconductor device engineering.",1.0,0.4936006847459121,,,ragas_qwen_plus,qwen-plus,1.0,
natural_arxiv_current_0120,resp_027f521cbef2e473,task_a087475b05dd3149,natural_noisy_arxiv_v2,natural_source_linked,extractive_real_arxiv,matched_and_mismatched,chemical_formula,What is the main materials-science claim reported in the source titled 'Mechanochemical Nano-Writing of an Atomically Thin Metal'?,"Here we demonstrate mechanical force-enabled synthesis and nanoscale patterning to metallize a two-dimensional (2D) material, producing an atomically-thin superconducting material.","arXiv source: 2606.03710v1
Title: Mechanochemical Nano-Writing of an Atomically Thin Metal
Published: 2026-06-02T14:31:11Z
URL: http://arxiv.org/abs/2606.03710v1
Abstract: Mechanical energy accelerates many physicochemical processes, including materials syntheses that are hard to produce with thermal energy alone. However, physical understanding connecting applied mechanical forces with internal stresses and ensuing reaction mechanisms is lacking. Here we demonstrate mechanical force-enabled synthesis and nanoscale patterning to metallize a two-dimensional (2D) material, producing an atomically-thin superconducting material. Localized force applied by atomic force microscope tips to van der Waals (vdW) encapsulated stacks of 2D bilayer MoTe2 and adjacent source Pd guides 2D Pd7MoTe2 growth with 50 nm lateral resolution. Force accelerates reaction kinetics exponentially per Eyring's stress-assisted thermal activation model, reducing synthesis temperatures from ~200 °C to near-room temperature. Finite element simulations, density functional theory, and ab-initio grand canonical Monte Carlo calculations show that tip-induced compression facilitates Pd chemisorption to tensile-strained MoTe2 that converts to uniform Pd7MoTe2. This demonstrates a new, generalizable paradigm for nanoscale synthesis of quantum materials, and high-precision engineering of superconductivity.",,current,What is the main materials-science claim reported in the source titled 'Mechanochemical Nano-Writing of an Atomically Thin Metal'?,"[""arXiv source: 2606.03710v1\nTitle: Mechanochemical Nano-Writing of an Atomically Thin Metal\nPublished: 2026-06-02T14:31:11Z\nURL: http://arxiv.org/abs/2606.03710v1\nAbstract: Mechanical energy accelerates many physicochemical processes, including materials syntheses that are hard to produce with thermal energy alone. However, physical understanding connecting applied mechanical forces with internal stresses and ensuing reaction mechanisms is lacking. Here we demonstrate mechanical force-enabled synthesis and nanoscale patterning to metallize a two-dimensional (2D) material, producing an atomically-thin superconducting material. Localized force applied by atomic force microscope tips to van der Waals (vdW) encapsulated stacks of 2D bilayer MoTe2 and adjacent source Pd guides 2D Pd7MoTe2 growth with 50 nm lateral resolution. Force accelerates reaction kinetics exponentially per Eyring's stress-assisted thermal activation model, reducing synthesis temperatures from ~200 °C to near-room temperature. Finite element simulations, density functional theory, and ab-initio grand canonical Monte Carlo calculations show that tip-induced compression facilitates Pd chemisorption to tensile-strained MoTe2 that converts to uniform Pd7MoTe2. This demonstrates a new, generalizable paradigm for nanoscale synthesis of quantum materials, and high-precision engineering of superconductivity.""]","Here we demonstrate mechanical force-enabled synthesis and nanoscale patterning to metallize a two-dimensional (2D) material, producing an atomically-thin superconducting material.","arXiv source: 2606.03710v1
Title: Mechanochemical Nano-Writing of an Atomically Thin Metal
Published: 2026-06-02T14:31:11Z
URL: http://arxiv.org/abs/2606.03710v1
Abstract: Mechanical energy accelerates many physicochemical processes, including materials syntheses that are hard to produce with thermal energy alone. However, physical understanding connecting applied mechanical forces with internal stresses and ensuing reaction mechanisms is lacking. Here we demonstrate mechanical force-enabled synthesis and nanoscale patterning to metallize a two-dimensional (2D) material, producing an atomically-thin superconducting material. Localized force applied by atomic force microscope tips to van der Waals (vdW) encapsulated stacks of 2D bilayer MoTe2 and adjacent source Pd guides 2D Pd7MoTe2 growth with 50 nm lateral resolution. Force accelerates reaction kinetics exponentially per Eyring's stress-assisted thermal activation model, reducing synthesis temperatures from ~200 °C to near-room temperature. Finite element simulations, density functional theory, and ab-initio grand canonical Monte Carlo calculations show that tip-induced compression facilitates Pd chemisorption to tensile-strained MoTe2 that converts to uniform Pd7MoTe2. This demonstrates a new, generalizable paradigm for nanoscale synthesis of quantum materials, and high-precision engineering of superconductivity.",1.0,0.4528532257570591,,,ragas_qwen_plus,qwen-plus,1.0,
natural_arxiv_noisy_0009,resp_02ade0d87e9c584b,task_1f1bb8b90ecd8530,natural_noisy_arxiv_v2,natural_source_linked,extractive_real_arxiv,matched_and_mismatched,natural_claim,What is the main materials-science claim reported in the source titled 'Reversible Superdense Ordering of Tetragonal Lithium in a Layered Material'?,"Understanding if low-energy excitations can remain itinerant in the presence of strong disorder remains a central challenge in frustrated quantum magnets, where disorder is generally expected to localize excitations through Anderson-like mechanisms.","arXiv source: 2605.25269v1
Title: Non-local low energy neutral excitations in a strongly disordered triangular Mott magnet Cr$_3$Se$_2$Br$_5$
Published: 2026-05-24T21:52:32Z
URL: http://arxiv.org/abs/2605.25269v1
Abstract: Understanding if low-energy excitations can remain itinerant in the presence of strong disorder remains a central challenge in frustrated quantum magnets, where disorder is generally expected to localize excitations through Anderson-like mechanisms. Here we report the emergence of charge-neutral itinerant excitations in a van der Waals compound Cr$_3$Se$_2$Br$_5$, a strongly disordered $S = 3/2$ Mott insulator with a frustrated triangular lattice. Structural analysis reveals substantial intrinsic disorder arising from Cr-site deficiency and Se/Br-site mixing, which appear to be fixed and cannot be readily tuned. No long-range magnetic order or conventional glassy behavior is observed. In addition to its highly insulating nature, the magnetic specific heat C_mag/T and thermal conductivity \k{appa}_xx/T both exhibit linear temperature dependencies with substantial finite intercepts. In particular, a sizeable field-independent residual term $κ/T \approx 0.03~\mathrm{W\,m^{-1}\,K^{-2}}$ is observed, providing compelling evidence of itinerant low-energy excitations that carry entropy without charge. These findings conceptually advance our understanding of quantum matter by demonstrating a rare regime where the interplay of disorder, frustration, and electronic correlations actively reshapes the nature of low-energy excitations, allowing itinerant neutral excitations to coexist with strong intrinsic disorder.",,incomplete,What is the main materials-science claim reported in the source titled 'Reversible Superdense Ordering of Tetragonal Lithium in a Layered Material'?,"['arXiv source: 2605.25269v1\nTitle: Non-local low energy neutral excitations in a strongly disordered triangular Mott magnet Cr$_3$Se$_2$Br$_5$\nPublished: 2026-05-24T21:52:32Z\nURL: http://arxiv.org/abs/2605.25269v1\nAbstract: Understanding if low-energy excitations can remain itinerant in the presence of strong disorder remains a central challenge in frustrated quantum magnets, where disorder is generally expected to localize excitations through Anderson-like mechanisms. Here we report the emergence of charge-neutral itinerant excitations in a van der Waals compound Cr$_3$Se$_2$Br$_5$, a strongly disordered $S = 3/2$ Mott insulator with a frustrated triangular lattice. Structural analysis reveals substantial intrinsic disorder arising from Cr-site deficiency and Se/Br-site mixing, which appear to be fixed and cannot be readily tuned. No long-range magnetic order or conventional glassy behavior is observed. In addition to its highly insulating nature, the magnetic specific heat C_mag/T and thermal conductivity \\k{appa}_xx/T both exhibit linear temperature dependencies with substantial finite intercepts. In particular, a sizeable field-independent residual term $κ/T \\approx 0.03~\\mathrm{W\\,m^{-1}\\,K^{-2}}$ is observed, providing compelling evidence of itinerant low-energy excitations that carry entropy without charge. These findings conceptually advance our understanding of quantum matter by demonstrating a rare regime where the interplay of disorder, frustration, and electronic correlations actively reshapes the nature of low-energy excitations, allowing itinerant neutral excitations to coexist with strong intrinsic disorder.']","Understanding if low-energy excitations can remain itinerant in the presence of strong disorder remains a central challenge in frustrated quantum magnets, where disorder is generally expected to localize excitations through Anderson-like mechanisms.","arXiv source: 2605.25269v1
Title: Non-local low energy neutral excitations in a strongly disordered triangular Mott magnet Cr$_3$Se$_2$Br$_5$
Published: 2026-05-24T21:52:32Z
URL: http://arxiv.org/abs/2605.25269v1
Abstract: Understanding if low-energy excitations can remain itinerant in the presence of strong disorder remains a central challenge in frustrated quantum magnets, where disorder is generally expected to localize excitations through Anderson-like mechanisms. Here we report the emergence of charge-neutral itinerant excitations in a van der Waals compound Cr$_3$Se$_2$Br$_5$, a strongly disordered $S = 3/2$ Mott insulator with a frustrated triangular lattice. Structural analysis reveals substantial intrinsic disorder arising from Cr-site deficiency and Se/Br-site mixing, which appear to be fixed and cannot be readily tuned. No long-range magnetic order or conventional glassy behavior is observed. In addition to its highly insulating nature, the magnetic specific heat C_mag/T and thermal conductivity \k{appa}_xx/T both exhibit linear temperature dependencies with substantial finite intercepts. In particular, a sizeable field-independent residual term $κ/T \approx 0.03~\mathrm{W\,m^{-1}\,K^{-2}}$ is observed, providing compelling evidence of itinerant low-energy excitations that carry entropy without charge. These findings conceptually advance our understanding of quantum matter by demonstrating a rare regime where the interplay of disorder, frustration, and electronic correlations actively reshapes the nature of low-energy excitations, allowing itinerant neutral excitations to coexist with strong intrinsic disorder.",1.0,0.2131407893127347,,,ragas_qwen_plus,qwen-plus,1.0,
natural_arxiv_current_0107,resp_0521cf4be630bab4,task_f7c2134dfb8731d3,natural_noisy_arxiv_v2,natural_source_linked,extractive_real_arxiv,matched_and_mismatched,natural_claim,What is the main materials-science claim reported in the source titled 'Barrier-channel intermixing and 2-dimensional electron gas degradation in Al-rich Al(Ga)N/AlGaN high electron mobility transistor heterostructures'?,"In this work, we report on recent results in understanding and addressing the issue of interface smearing in high-aluminium content AlGaN/AlGaN heterostructures.","arXiv source: 2606.04842v1
Title: Barrier-channel intermixing and 2-dimensional electron gas degradation in Al-rich Al(Ga)N/AlGaN high electron mobility transistor heterostructures
Published: 2026-06-03T13:12:04Z
URL: http://arxiv.org/abs/2606.04842v1
Abstract: In this work, we report on recent results in understanding and addressing the issue of interface smearing in high-aluminium content AlGaN/AlGaN heterostructures. On the one hand, the growth of high-crystal quality AlGaN by metal-organic vapour phase epitaxy (MOVPE) requires the use of high temperatures, but on the other hand this may lead to alloy intermixing between barrier and channel layers, which smoothens out the polarization contrast and severely degrades or even completely destroys the 2-dimensional electron gas (2DEG). We show that X-Ray Diffraction (XRD) analysis can be used as a non-destructive way to assess the sharpness of the interface, and that improved growth schemes can be successfully used to achieve high-quality 2DEG, as confirmed by contactless resistivity measurements. In particular, sheet resistivities around 2,500 $Ω/\Box$ were demonstrated for AlN/Al$_{0.75}$Ga$_{0.25}$N, consistent with the best-reported values in the literature.",,current,What is the main materials-science claim reported in the source titled 'Barrier-channel intermixing and 2-dimensional electron gas degradation in Al-rich Al(Ga)N/AlGaN high electron mobility transistor heterostructures'?,"['arXiv source: 2606.04842v1\nTitle: Barrier-channel intermixing and 2-dimensional electron gas degradation in Al-rich Al(Ga)N/AlGaN high electron mobility transistor heterostructures\nPublished: 2026-06-03T13:12:04Z\nURL: http://arxiv.org/abs/2606.04842v1\nAbstract: In this work, we report on recent results in understanding and addressing the issue of interface smearing in high-aluminium content AlGaN/AlGaN heterostructures. On the one hand, the growth of high-crystal quality AlGaN by metal-organic vapour phase epitaxy (MOVPE) requires the use of high temperatures, but on the other hand this may lead to alloy intermixing between barrier and channel layers, which smoothens out the polarization contrast and severely degrades or even completely destroys the 2-dimensional electron gas (2DEG). We show that X-Ray Diffraction (XRD) analysis can be used as a non-destructive way to assess the sharpness of the interface, and that improved growth schemes can be successfully used to achieve high-quality 2DEG, as confirmed by contactless resistivity measurements. In particular, sheet resistivities around 2,500 $Ω/\\Box$ were demonstrated for AlN/Al$_{0.75}$Ga$_{0.25}$N, consistent with the best-reported values in the literature.']","In this work, we report on recent results in understanding and addressing the issue of interface smearing in high-aluminium content AlGaN/AlGaN heterostructures.","arXiv source: 2606.04842v1
Title: Barrier-channel intermixing and 2-dimensional electron gas degradation in Al-rich Al(Ga)N/AlGaN high electron mobility transistor heterostructures
Published: 2026-06-03T13:12:04Z
URL: http://arxiv.org/abs/2606.04842v1
Abstract: In this work, we report on recent results in understanding and addressing the issue of interface smearing in high-aluminium content AlGaN/AlGaN heterostructures. On the one hand, the growth of high-crystal quality AlGaN by metal-organic vapour phase epitaxy (MOVPE) requires the use of high temperatures, but on the other hand this may lead to alloy intermixing between barrier and channel layers, which smoothens out the polarization contrast and severely degrades or even completely destroys the 2-dimensional electron gas (2DEG). We show that X-Ray Diffraction (XRD) analysis can be used as a non-destructive way to assess the sharpness of the interface, and that improved growth schemes can be successfully used to achieve high-quality 2DEG, as confirmed by contactless resistivity measurements. In particular, sheet resistivities around 2,500 $Ω/\Box$ were demonstrated for AlN/Al$_{0.75}$Ga$_{0.25}$N, consistent with the best-reported values in the literature.",1.0,0.6435377869419533,,,ragas_qwen_plus,qwen-plus,1.0,
natural_arxiv_current_0194,resp_06064ea6ce1c8a2b,task_8a7b77f4261c28d6,natural_noisy_arxiv_v2,natural_source_linked,extractive_real_arxiv,matched_and_mismatched,superconductivity,What is the main materials-science claim reported in the source titled 'Terahertz Electrodynamics and Kinetic Inductance of Disordered Titanium-Vanadium Alloy Thin Films'?,"Disordered superconductors represent an important area in modern condensed matter physics, where superconductivity survives even in the presence of strong electron scattering and localization effects.","arXiv source: 2605.30847v1
Title: Terahertz Electrodynamics and Kinetic Inductance of Disordered Titanium-Vanadium Alloy Thin Films
Published: 2026-05-29T05:11:38Z
URL: http://arxiv.org/abs/2605.30847v1
Abstract: Disordered superconductors represent an important area in modern condensed matter physics, where superconductivity survives even in the presence of strong electron scattering and localization effects. Understanding how disorder modifies the high-frequency electrodynamic response is not only important from physics point of view, but is also essential for developing next-generation quantum detectors and superconducting devices. In this work, we investigate the terahertz electrodynamics of disordered Ti40V60 alloy thin films using terahertz time-domain spectroscopy (THz-TDS) to understand the relationship between disorder, quasiparticle dynamics, and kinetic inductance. By analysing the complex conductivity, penetration depth and superfluid response, we show that structural disorder can be systematically used to tune the inductive response while maintaining a robust superconducting phase. Unlike conventional nitride superconductors that require tightly controlled reactive growth conditions, Ti40V60 alloys provide a simpler and more adaptable route for tuning the superconducting energy scales directly through the deposition conditions. These findings establish Ti40V60 alloys as a promising material for kinetic inductance detectors and provide useful insights into the electrodynamics of strongly disordered superconductors.",,current,What is the main materials-science claim reported in the source titled 'Terahertz Electrodynamics and Kinetic Inductance of Disordered Titanium-Vanadium Alloy Thin Films'?,"['arXiv source: 2605.30847v1\nTitle: Terahertz Electrodynamics and Kinetic Inductance of Disordered Titanium-Vanadium Alloy Thin Films\nPublished: 2026-05-29T05:11:38Z\nURL: http://arxiv.org/abs/2605.30847v1\nAbstract: Disordered superconductors represent an important area in modern condensed matter physics, where superconductivity survives even in the presence of strong electron scattering and localization effects. Understanding how disorder modifies the high-frequency electrodynamic response is not only important from physics point of view, but is also essential for developing next-generation quantum detectors and superconducting devices. In this work, we investigate the terahertz electrodynamics of disordered Ti40V60 alloy thin films using terahertz time-domain spectroscopy (THz-TDS) to understand the relationship between disorder, quasiparticle dynamics, and kinetic inductance. By analysing the complex conductivity, penetration depth and superfluid response, we show that structural disorder can be systematically used to tune the inductive response while maintaining a robust superconducting phase. Unlike conventional nitride superconductors that require tightly controlled reactive growth conditions, Ti40V60 alloys provide a simpler and more adaptable route for tuning the superconducting energy scales directly through the deposition conditions. These findings establish Ti40V60 alloys as a promising material for kinetic inductance detectors and provide useful insights into the electrodynamics of strongly disordered superconductors.']","Disordered superconductors represent an important area in modern condensed matter physics, where superconductivity survives even in the presence of strong electron scattering and localization effects.","arXiv source: 2605.30847v1
Title: Terahertz Electrodynamics and Kinetic Inductance of Disordered Titanium-Vanadium Alloy Thin Films
Published: 2026-05-29T05:11:38Z
URL: http://arxiv.org/abs/2605.30847v1
Abstract: Disordered superconductors represent an important area in modern condensed matter physics, where superconductivity survives even in the presence of strong electron scattering and localization effects. Understanding how disorder modifies the high-frequency electrodynamic response is not only important from physics point of view, but is also essential for developing next-generation quantum detectors and superconducting devices. In this work, we investigate the terahertz electrodynamics of disordered Ti40V60 alloy thin films using terahertz time-domain spectroscopy (THz-TDS) to understand the relationship between disorder, quasiparticle dynamics, and kinetic inductance. By analysing the complex conductivity, penetration depth and superfluid response, we show that structural disorder can be systematically used to tune the inductive response while maintaining a robust superconducting phase. Unlike conventional nitride superconductors that require tightly controlled reactive growth conditions, Ti40V60 alloys provide a simpler and more adaptable route for tuning the superconducting energy scales directly through the deposition conditions. These findings establish Ti40V60 alloys as a promising material for kinetic inductance detectors and provide useful insights into the electrodynamics of strongly disordered superconductors.",1.0,0.3469632707201034,,,ragas_qwen_plus,qwen-plus,1.0,
natural_arxiv_current_0075,resp_0639051a9254d281,task_88791629c529c265,natural_noisy_arxiv_v2,natural_source_linked,extractive_real_arxiv,matched_and_mismatched,natural_claim,What is the main materials-science claim reported in the source titled 'Ultrafast signatures of Dirac / flat-band hybrid states from time-resolved ARPES'?,Hybridization of highly itinerant Dirac electrons with localized flat-band states is predicted to yield emergent phenomena such as exotic heavy-fermion behaviour.,"arXiv source: 2605.26873v1
Title: Ultrafast signatures of Dirac / flat-band hybrid states from time-resolved ARPES
Published: 2026-05-26T11:30:58Z
URL: http://arxiv.org/abs/2605.26873v1
Abstract: Hybridization of highly itinerant Dirac electrons with localized flat-band states is predicted to yield emergent phenomena such as exotic heavy-fermion behaviour. Epitaxial graphene on two-dimensional adsorbate structures on SiC(0001), which host flat bands, offers a promising platform to explore these effects. However, direct experimental evidence of interlayer hybridization in such systems has so far been lacking. Here, we address this gap using time- and angle-resolved photoemission spectroscopy (trARPES) where interlayer hybridization manifests in three key observations: (1) accelerated Dirac-carrier relaxation arising from additional electronic and phononic decay channels provided by the flat-band subsystem, (2) transient charging of the Dirac cone enabled by direct optical excitation from the flat bands, and (3) ultrafast back-transfer of charge into the flat bands on timescales governed by the interlayer coupling strength. We further demonstrate that the degree of hybridization can be tuned via the atomic number of the atoms intercalated at the graphene-SiC interface, establishing a controllable platform for investigating exotic correlated ground states.",,current,What is the main materials-science claim reported in the source titled 'Ultrafast signatures of Dirac / flat-band hybrid states from time-resolved ARPES'?,"['arXiv source: 2605.26873v1\nTitle: Ultrafast signatures of Dirac / flat-band hybrid states from time-resolved ARPES\nPublished: 2026-05-26T11:30:58Z\nURL: http://arxiv.org/abs/2605.26873v1\nAbstract: Hybridization of highly itinerant Dirac electrons with localized flat-band states is predicted to yield emergent phenomena such as exotic heavy-fermion behaviour. Epitaxial graphene on two-dimensional adsorbate structures on SiC(0001), which host flat bands, offers a promising platform to explore these effects. However, direct experimental evidence of interlayer hybridization in such systems has so far been lacking. Here, we address this gap using time- and angle-resolved photoemission spectroscopy (trARPES) where interlayer hybridization manifests in three key observations: (1) accelerated Dirac-carrier relaxation arising from additional electronic and phononic decay channels provided by the flat-band subsystem, (2) transient charging of the Dirac cone enabled by direct optical excitation from the flat bands, and (3) ultrafast back-transfer of charge into the flat bands on timescales governed by the interlayer coupling strength. We further demonstrate that the degree of hybridization can be tuned via the atomic number of the atoms intercalated at the graphene-SiC interface, establishing a controllable platform for investigating exotic correlated ground states.']",Hybridization of highly itinerant Dirac electrons with localized flat-band states is predicted to yield emergent phenomena such as exotic heavy-fermion behaviour.,"arXiv source: 2605.26873v1
Title: Ultrafast signatures of Dirac / flat-band hybrid states from time-resolved ARPES
Published: 2026-05-26T11:30:58Z
URL: http://arxiv.org/abs/2605.26873v1
Abstract: Hybridization of highly itinerant Dirac electrons with localized flat-band states is predicted to yield emergent phenomena such as exotic heavy-fermion behaviour. Epitaxial graphene on two-dimensional adsorbate structures on SiC(0001), which host flat bands, offers a promising platform to explore these effects. However, direct experimental evidence of interlayer hybridization in such systems has so far been lacking. Here, we address this gap using time- and angle-resolved photoemission spectroscopy (trARPES) where interlayer hybridization manifests in three key observations: (1) accelerated Dirac-carrier relaxation arising from additional electronic and phononic decay channels provided by the flat-band subsystem, (2) transient charging of the Dirac cone enabled by direct optical excitation from the flat bands, and (3) ultrafast back-transfer of charge into the flat bands on timescales governed by the interlayer coupling strength. We further demonstrate that the degree of hybridization can be tuned via the atomic number of the atoms intercalated at the graphene-SiC interface, establishing a controllable platform for investigating exotic correlated ground states.",1.0,0.5656284216151743,,,ragas_qwen_plus,qwen-plus,1.0,
natural_arxiv_current_0039,resp_083c17e85b6969a3,task_2339fff864ed53f6,natural_noisy_arxiv_v2,natural_source_linked,extractive_real_arxiv,matched_and_mismatched,stability,What is the main materials-science claim reported in the source titled 'In-situ operation of amorphous circuits under heavy-ion irradiation'?,"Under a high particle flux of 2.5 x 10^3 ions cm^-2 s^-1, the circuit maintains stable operation during the irradiation test, achieving a total fluence of 1 x 10^6 ions cm^-2, establishing a milestone of prolonged powered digital operation under extreme conditions.","arXiv source: 2605.31206v1
Title: In-situ operation of amorphous circuits under heavy-ion irradiation
Published: 2026-05-29T12:12:05Z
URL: http://arxiv.org/abs/2605.31206v1
Abstract: Radiation-hardened electronics using semiconductors beyond silicon are essential for computation and control in extreme environments. Yet complex digital circuits based on such material platforms operating in situ under heavy-ion irradiation remain largely unexplored. Here, we show a timing circuit based on amorphous thin-film semiconductors at the 100-transistor scale, and demonstrate its robust operation through a functional ""Hello World"" ASCII output sequence. Beyond static device characterization, we evaluate the circuit under powered heavy-ion irradiation using tantalum ions, providing an operationally relevant assessment of radiation tolerance at the system level. Under a high particle flux of 2.5 x 10^3 ions cm^-2 s^-1, the circuit maintains stable operation during the irradiation test, achieving a total fluence of 1 x 10^6 ions cm^-2, establishing a milestone of prolonged powered digital operation under extreme conditions. Our work expands the design space of radiation-tolerant electronics, highlighting amorphous semiconductors as a promising foundation for digital circuits deployed in harsh environments.",,current,What is the main materials-science claim reported in the source titled 'In-situ operation of amorphous circuits under heavy-ion irradiation'?,"['arXiv source: 2605.31206v1\nTitle: In-situ operation of amorphous circuits under heavy-ion irradiation\nPublished: 2026-05-29T12:12:05Z\nURL: http://arxiv.org/abs/2605.31206v1\nAbstract: Radiation-hardened electronics using semiconductors beyond silicon are essential for computation and control in extreme environments. Yet complex digital circuits based on such material platforms operating in situ under heavy-ion irradiation remain largely unexplored. Here, we show a timing circuit based on amorphous thin-film semiconductors at the 100-transistor scale, and demonstrate its robust operation through a functional ""Hello World"" ASCII output sequence. Beyond static device characterization, we evaluate the circuit under powered heavy-ion irradiation using tantalum ions, providing an operationally relevant assessment of radiation tolerance at the system level. Under a high particle flux of 2.5 x 10^3 ions cm^-2 s^-1, the circuit maintains stable operation during the irradiation test, achieving a total fluence of 1 x 10^6 ions cm^-2, establishing a milestone of prolonged powered digital operation under extreme conditions. Our work expands the design space of radiation-tolerant electronics, highlighting amorphous semiconductors as a promising foundation for digital circuits deployed in harsh environments.']","Under a high particle flux of 2.5 x 10^3 ions cm^-2 s^-1, the circuit maintains stable operation during the irradiation test, achieving a total fluence of 1 x 10^6 ions cm^-2, establishing a milestone of prolonged powered digital operation under extreme conditions.","arXiv source: 2605.31206v1
Title: In-situ operation of amorphous circuits under heavy-ion irradiation
Published: 2026-05-29T12:12:05Z
URL: http://arxiv.org/abs/2605.31206v1
Abstract: Radiation-hardened electronics using semiconductors beyond silicon are essential for computation and control in extreme environments. Yet complex digital circuits based on such material platforms operating in situ under heavy-ion irradiation remain largely unexplored. Here, we show a timing circuit based on amorphous thin-film semiconductors at the 100-transistor scale, and demonstrate its robust operation through a functional ""Hello World"" ASCII output sequence. Beyond static device characterization, we evaluate the circuit under powered heavy-ion irradiation using tantalum ions, providing an operationally relevant assessment of radiation tolerance at the system level. Under a high particle flux of 2.5 x 10^3 ions cm^-2 s^-1, the circuit maintains stable operation during the irradiation test, achieving a total fluence of 1 x 10^6 ions cm^-2, establishing a milestone of prolonged powered digital operation under extreme conditions. Our work expands the design space of radiation-tolerant electronics, highlighting amorphous semiconductors as a promising foundation for digital circuits deployed in harsh environments.",1.0,0.4517729295512367,,,ragas_qwen_plus,qwen-plus,1.0,
natural_arxiv_noisy_0023,resp_094122c8a374dfbd,task_9f346e3fa7dab149,natural_noisy_arxiv_v2,natural_source_linked,extractive_real_arxiv,matched_and_mismatched,superconductivity,"What is the main materials-science claim reported in the source titled 'Evolution of the intertwining correlated topological phases in iron-based superconductor Fe(Te,Se)'?","In this work, we report on recent results in understanding and addressing the issue of interface smearing in high-aluminium content AlGaN/AlGaN heterostructures.","arXiv source: 2606.04842v1
Title: Barrier-channel intermixing and 2-dimensional electron gas degradation in Al-rich Al(Ga)N/AlGaN high electron mobility transistor heterostructures
Published: 2026-06-03T13:12:04Z
URL: http://arxiv.org/abs/2606.04842v1
Abstract: In this work, we report on recent results in understanding and addressing the issue of interface smearing in high-aluminium content AlGaN/AlGaN heterostructures. On the one hand, the growth of high-crystal quality AlGaN by metal-organic vapour phase epitaxy (MOVPE) requires the use of high temperatures, but on the other hand this may lead to alloy intermixing between barrier and channel layers, which smoothens out the polarization contrast and severely degrades or even completely destroys the 2-dimensional electron gas (2DEG). We show that X-Ray Diffraction (XRD) analysis can be used as a non-destructive way to assess the sharpness of the interface, and that improved growth schemes can be successfully used to achieve high-quality 2DEG, as confirmed by contactless resistivity measurements. In particular, sheet resistivities around 2,500 $Ω/\Box$ were demonstrated for AlN/Al$_{0.75}$Ga$_{0.25}$N, consistent with the best-reported values in the literature.",,incomplete,"What is the main materials-science claim reported in the source titled 'Evolution of the intertwining correlated topological phases in iron-based superconductor Fe(Te,Se)'?","['arXiv source: 2606.04842v1\nTitle: Barrier-channel intermixing and 2-dimensional electron gas degradation in Al-rich Al(Ga)N/AlGaN high electron mobility transistor heterostructures\nPublished: 2026-06-03T13:12:04Z\nURL: http://arxiv.org/abs/2606.04842v1\nAbstract: In this work, we report on recent results in understanding and addressing the issue of interface smearing in high-aluminium content AlGaN/AlGaN heterostructures. On the one hand, the growth of high-crystal quality AlGaN by metal-organic vapour phase epitaxy (MOVPE) requires the use of high temperatures, but on the other hand this may lead to alloy intermixing between barrier and channel layers, which smoothens out the polarization contrast and severely degrades or even completely destroys the 2-dimensional electron gas (2DEG). We show that X-Ray Diffraction (XRD) analysis can be used as a non-destructive way to assess the sharpness of the interface, and that improved growth schemes can be successfully used to achieve high-quality 2DEG, as confirmed by contactless resistivity measurements. In particular, sheet resistivities around 2,500 $Ω/\\Box$ were demonstrated for AlN/Al$_{0.75}$Ga$_{0.25}$N, consistent with the best-reported values in the literature.']","In this work, we report on recent results in understanding and addressing the issue of interface smearing in high-aluminium content AlGaN/AlGaN heterostructures.","arXiv source: 2606.04842v1
Title: Barrier-channel intermixing and 2-dimensional electron gas degradation in Al-rich Al(Ga)N/AlGaN high electron mobility transistor heterostructures
Published: 2026-06-03T13:12:04Z
URL: http://arxiv.org/abs/2606.04842v1
Abstract: In this work, we report on recent results in understanding and addressing the issue of interface smearing in high-aluminium content AlGaN/AlGaN heterostructures. On the one hand, the growth of high-crystal quality AlGaN by metal-organic vapour phase epitaxy (MOVPE) requires the use of high temperatures, but on the other hand this may lead to alloy intermixing between barrier and channel layers, which smoothens out the polarization contrast and severely degrades or even completely destroys the 2-dimensional electron gas (2DEG). We show that X-Ray Diffraction (XRD) analysis can be used as a non-destructive way to assess the sharpness of the interface, and that improved growth schemes can be successfully used to achieve high-quality 2DEG, as confirmed by contactless resistivity measurements. In particular, sheet resistivities around 2,500 $Ω/\Box$ were demonstrated for AlN/Al$_{0.75}$Ga$_{0.25}$N, consistent with the best-reported values in the literature.",0.0,0.2317984206173576,,,ragas_qwen_plus,qwen-plus,1.0,
natural_arxiv_current_0226,resp_0a650c5974f3505e,task_313c33616f21d141,natural_noisy_arxiv_v2,natural_source_linked,extractive_real_arxiv,matched_and_mismatched,superconductivity,What is the main materials-science claim reported in the source titled 'Superconductivity in Al-based high-entropy alloys TiHfNbTaAl and TaNbHfZrAl'?,"Since the first report of a high entropy alloy (HEA) superconductor in 2014, HEAs have continued to captivate the interest of superconducting researchers.","arXiv source: 2605.25048v1
Title: Superconductivity in Al-based high-entropy alloys TiHfNbTaAl and TaNbHfZrAl
Published: 2026-05-24T12:45:26Z
URL: http://arxiv.org/abs/2605.25048v1
Abstract: Since the first report of a high entropy alloy (HEA) superconductor in 2014, HEAs have continued to captivate the interest of superconducting researchers. Owing to the significant degree of disorder inherent in these systems, they serve as exemplary models for examining the properties of materials that exist in states intermediate between crystalline and amorphous structures. Here we present the superconductivity properties and crystal structure of TaNbHfZrAl and TiHfNbTaAl HEAs, which both have the VEC of 4.2 and body centered cubic (BCC) structure. Through resistivity, magnetic, and specific heat measurements, we prove that both samples are the bulk type-II superconductors with a critical temperature Tc of 5.5 K for TaNbHfZrAl and Tc of 3.2 K for TiHfNbTaAl. The Tc of HEA superconductors is influenced by the VEC and the element composition. And the incorporation of Al in high disorder HEA superconductors causes a more crystallinelike Tc dependence.",,current,What is the main materials-science claim reported in the source titled 'Superconductivity in Al-based high-entropy alloys TiHfNbTaAl and TaNbHfZrAl'?,"['arXiv source: 2605.25048v1\nTitle: Superconductivity in Al-based high-entropy alloys TiHfNbTaAl and TaNbHfZrAl\nPublished: 2026-05-24T12:45:26Z\nURL: http://arxiv.org/abs/2605.25048v1\nAbstract: Since the first report of a high entropy alloy (HEA) superconductor in 2014, HEAs have continued to captivate the interest of superconducting researchers. Owing to the significant degree of disorder inherent in these systems, they serve as exemplary models for examining the properties of materials that exist in states intermediate between crystalline and amorphous structures. Here we present the superconductivity properties and crystal structure of TaNbHfZrAl and TiHfNbTaAl HEAs, which both have the VEC of 4.2 and body centered cubic (BCC) structure. Through resistivity, magnetic, and specific heat measurements, we prove that both samples are the bulk type-II superconductors with a critical temperature Tc of 5.5 K for TaNbHfZrAl and Tc of 3.2 K for TiHfNbTaAl. The Tc of HEA superconductors is influenced by the VEC and the element composition. And the incorporation of Al in high disorder HEA superconductors causes a more crystallinelike Tc dependence.']","Since the first report of a high entropy alloy (HEA) superconductor in 2014, HEAs have continued to captivate the interest of superconducting researchers.","arXiv source: 2605.25048v1
Title: Superconductivity in Al-based high-entropy alloys TiHfNbTaAl and TaNbHfZrAl
Published: 2026-05-24T12:45:26Z
URL: http://arxiv.org/abs/2605.25048v1
Abstract: Since the first report of a high entropy alloy (HEA) superconductor in 2014, HEAs have continued to captivate the interest of superconducting researchers. Owing to the significant degree of disorder inherent in these systems, they serve as exemplary models for examining the properties of materials that exist in states intermediate between crystalline and amorphous structures. Here we present the superconductivity properties and crystal structure of TaNbHfZrAl and TiHfNbTaAl HEAs, which both have the VEC of 4.2 and body centered cubic (BCC) structure. Through resistivity, magnetic, and specific heat measurements, we prove that both samples are the bulk type-II superconductors with a critical temperature Tc of 5.5 K for TaNbHfZrAl and Tc of 3.2 K for TiHfNbTaAl. The Tc of HEA superconductors is influenced by the VEC and the element composition. And the incorporation of Al in high disorder HEA superconductors causes a more crystallinelike Tc dependence.",1.0,0.6647754148159847,,,ragas_qwen_plus,qwen-plus,0.0,valid_chemical_symbols
natural_arxiv_current_0065,resp_0b2bc9135ba1ed86,task_5b15fded391f670f,natural_noisy_arxiv_v2,natural_source_linked,extractive_real_arxiv,matched_and_mismatched,natural_claim,What is the main materials-science claim reported in the source titled 'Nonlinear Elasticity at the Damage Threshold of Semiconductor Nanocrystals'?,The nonlinear photoacoustic response of indium phosphide nanocrystals on silicon nanotip arrays is investigated using time-resolved optical pump-probe spectroscopy and synchrotron-based X-ray diffraction.,"arXiv source: 2605.28235v1
Title: Nonlinear Elasticity at the Damage Threshold of Semiconductor Nanocrystals
Published: 2026-05-27T09:47:35Z
URL: http://arxiv.org/abs/2605.28235v1
Abstract: The nonlinear photoacoustic response of indium phosphide nanocrystals on silicon nanotip arrays is investigated using time-resolved optical pump-probe spectroscopy and synchrotron-based X-ray diffraction. Femtosecond laser excitation triggers low-frequency and high-frequency radial breathing modes of the nanocrystals at 8 GHz and 10.3 GHz, respectively. At excitation fluences above 3 mJ/cm^2, nonlinear frequency mixing occurs, including sum- and difference-frequency generation, indicative of strain-induced nonlinear elasticity. A higher-order extension of Hooke's law models the fluence-dependent spectral response and yields a physically valid elastic energy potential. Ex-situ energy-dispersive X-ray spectroscopy reveals a correlation between nanocrystal oxidation and the emergence of nonlinear acoustic modes. Time-resolved X-ray diffraction confirms the nanocrystals as the origin of the low-frequency modes and supports the hypothesis of acoustic decoupling from the substrate. These findings provide insight into the mechanical limits of semiconductor nanostructures under intense optical excitation and suggest new pathways for material characterization and optomechanical control at the nanoscale. The results advance the understanding of nonlinear phonon dynamics in nanocrystals and highlight their potential for integration into next-generation photonic and quantum devices.",,current,What is the main materials-science claim reported in the source titled 'Nonlinear Elasticity at the Damage Threshold of Semiconductor Nanocrystals'?,"[""arXiv source: 2605.28235v1\nTitle: Nonlinear Elasticity at the Damage Threshold of Semiconductor Nanocrystals\nPublished: 2026-05-27T09:47:35Z\nURL: http://arxiv.org/abs/2605.28235v1\nAbstract: The nonlinear photoacoustic response of indium phosphide nanocrystals on silicon nanotip arrays is investigated using time-resolved optical pump-probe spectroscopy and synchrotron-based X-ray diffraction. Femtosecond laser excitation triggers low-frequency and high-frequency radial breathing modes of the nanocrystals at 8 GHz and 10.3 GHz, respectively. At excitation fluences above 3 mJ/cm^2, nonlinear frequency mixing occurs, including sum- and difference-frequency generation, indicative of strain-induced nonlinear elasticity. A higher-order extension of Hooke's law models the fluence-dependent spectral response and yields a physically valid elastic energy potential. Ex-situ energy-dispersive X-ray spectroscopy reveals a correlation between nanocrystal oxidation and the emergence of nonlinear acoustic modes. Time-resolved X-ray diffraction confirms the nanocrystals as the origin of the low-frequency modes and supports the hypothesis of acoustic decoupling from the substrate. These findings provide insight into the mechanical limits of semiconductor nanostructures under intense optical excitation and suggest new pathways for material characterization and optomechanical control at the nanoscale. The results advance the understanding of nonlinear phonon dynamics in nanocrystals and highlight their potential for integration into next-generation photonic and quantum devices.""]",The nonlinear photoacoustic response of indium phosphide nanocrystals on silicon nanotip arrays is investigated using time-resolved optical pump-probe spectroscopy and synchrotron-based X-ray diffraction.,"arXiv source: 2605.28235v1
Title: Nonlinear Elasticity at the Damage Threshold of Semiconductor Nanocrystals
Published: 2026-05-27T09:47:35Z
URL: http://arxiv.org/abs/2605.28235v1
Abstract: The nonlinear photoacoustic response of indium phosphide nanocrystals on silicon nanotip arrays is investigated using time-resolved optical pump-probe spectroscopy and synchrotron-based X-ray diffraction. Femtosecond laser excitation triggers low-frequency and high-frequency radial breathing modes of the nanocrystals at 8 GHz and 10.3 GHz, respectively. At excitation fluences above 3 mJ/cm^2, nonlinear frequency mixing occurs, including sum- and difference-frequency generation, indicative of strain-induced nonlinear elasticity. A higher-order extension of Hooke's law models the fluence-dependent spectral response and yields a physically valid elastic energy potential. Ex-situ energy-dispersive X-ray spectroscopy reveals a correlation between nanocrystal oxidation and the emergence of nonlinear acoustic modes. Time-resolved X-ray diffraction confirms the nanocrystals as the origin of the low-frequency modes and supports the hypothesis of acoustic decoupling from the substrate. These findings provide insight into the mechanical limits of semiconductor nanostructures under intense optical excitation and suggest new pathways for material characterization and optomechanical control at the nanoscale. The results advance the understanding of nonlinear phonon dynamics in nanocrystals and highlight their potential for integration into next-generation photonic and quantum devices.",1.0,0.435433740794608,,,ragas_qwen_plus,qwen-plus,1.0,
natural_arxiv_noisy_0234,resp_0bac44c6afefeec8,task_c1fb8bdd16aee410,natural_noisy_arxiv_v2,natural_source_linked,extractive_real_arxiv,matched_and_mismatched,temperature,What is the main materials-science claim reported in the source titled 'Kondo singlet from ferromagnetic coupling: an analog of Anderson-Morel superconductivity in the magnetic channel'?,Fourier's law dictates that heat flow is usually parallel to the applied temperature gradient.,"arXiv source: 2605.28249v1
Title: Zero-Field Thermal Hall Effect in Insulator
Published: 2026-05-27T10:00:47Z
URL: http://arxiv.org/abs/2605.28249v1
Abstract: Fourier's law dictates that heat flow is usually parallel to the applied temperature gradient. However, under a high magnetic field, heat flow carried by both electrons in conductors and phonons in insulators can be deflected, a phenomenon known as thermal Hall effect. Intriguingly, we observe at zero field a spontaneous thermal Hall effect in an antiferromagnetic insulator. Despite a vanishingly small uncompensated magnetization, the magnitude of this effect is surprisingly large, comparable to typical responses induced by several teslas of external field. This zero-field behavior indicates that charge-neutral heat carriers can be governed by an intrinsic effective field arising from the unique spin arrangement. Our discovery challenges the centuries-old preconception of heat conduction and open up new avenues for exploring non-trivial topological responses in quantum materials.",,incomplete,What is the main materials-science claim reported in the source titled 'Kondo singlet from ferromagnetic coupling: an analog of Anderson-Morel superconductivity in the magnetic channel'?,"[""arXiv source: 2605.28249v1\nTitle: Zero-Field Thermal Hall Effect in Insulator\nPublished: 2026-05-27T10:00:47Z\nURL: http://arxiv.org/abs/2605.28249v1\nAbstract: Fourier's law dictates that heat flow is usually parallel to the applied temperature gradient. However, under a high magnetic field, heat flow carried by both electrons in conductors and phonons in insulators can be deflected, a phenomenon known as thermal Hall effect. Intriguingly, we observe at zero field a spontaneous thermal Hall effect in an antiferromagnetic insulator. Despite a vanishingly small uncompensated magnetization, the magnitude of this effect is surprisingly large, comparable to typical responses induced by several teslas of external field. This zero-field behavior indicates that charge-neutral heat carriers can be governed by an intrinsic effective field arising from the unique spin arrangement. Our discovery challenges the centuries-old preconception of heat conduction and open up new avenues for exploring non-trivial topological responses in quantum materials.""]",Fourier's law dictates that heat flow is usually parallel to the applied temperature gradient.,"arXiv source: 2605.28249v1
Title: Zero-Field Thermal Hall Effect in Insulator
Published: 2026-05-27T10:00:47Z
URL: http://arxiv.org/abs/2605.28249v1
Abstract: Fourier's law dictates that heat flow is usually parallel to the applied temperature gradient. However, under a high magnetic field, heat flow carried by both electrons in conductors and phonons in insulators can be deflected, a phenomenon known as thermal Hall effect. Intriguingly, we observe at zero field a spontaneous thermal Hall effect in an antiferromagnetic insulator. Despite a vanishingly small uncompensated magnetization, the magnitude of this effect is surprisingly large, comparable to typical responses induced by several teslas of external field. This zero-field behavior indicates that charge-neutral heat carriers can be governed by an intrinsic effective field arising from the unique spin arrangement. Our discovery challenges the centuries-old preconception of heat conduction and open up new avenues for exploring non-trivial topological responses in quantum materials.",1.0,0.0586625829934216,,,ragas_qwen_plus,qwen-plus,1.0,
natural_arxiv_noisy_0076,resp_0be44476ceb08065,task_e6c355d01624fec5,natural_noisy_arxiv_v2,natural_source_linked,extractive_real_arxiv,matched_and_mismatched,stability,What is the main materials-science claim reported in the source titled 'Radiative electronic bound states in the continuum from defects in semiconductors'?,The approach further extends to fully nonlocal functionals and provides a direct route towards numerically stable relativistic response calculations.,"arXiv source: 2605.31203v1
Title: Rigorous extension of semilocal collinear functionals to noncollinear DFT using $SU(2)$ rotations
Published: 2026-05-29T12:09:02Z
URL: http://arxiv.org/abs/2605.31203v1
Abstract: In the presence of spin-orbit coupling and in geometrically frustrated materials, a noncollinear treatment the magnetization density is essential. However, in density functional theory most exchange--correlation functional approximations were originally developed for locally collinear magnetization. Many practical approaches to noncollinear DFT have emerged over the past decade. However, a first-principles connection between widely used semilocal collinear functionals and their noncollinear generalizations remains lacking. In this work, a locally exact relation between collinear and noncollinear exchange--correlation functionals is derived at the level of gradient expansions within a $u(2)$ matrix representation of the energy functional. Within this framework, collinear semilocal variables naturally acquire distinct dependencies on transverse and longitudinal magnetization gradient components. The widely used Scalmani--Frisch scheme emerges as a first-order approximation. The transformation of collinear functional derivatives to noncollinear space is implemented through numerically robust $SU(2)$ rotations. A consistent description of local magnetic torques is demonstrated for the prototypical spin-frustrated Cr$_3$ cluster. The approach further extends to fully nonlocal functionals and provides a direct route towards numerically stable relativistic response calculations. The influence on magnetic properties in presence of spin-orbit coupling is illustrated through calculations of hyperfine couplings in the high-spin ground states of uranium and the uranium ion.",,incomplete,What is the main materials-science claim reported in the source titled 'Radiative electronic bound states in the continuum from defects in semiconductors'?,"['arXiv source: 2605.31203v1\nTitle: Rigorous extension of semilocal collinear functionals to noncollinear DFT using $SU(2)$ rotations\nPublished: 2026-05-29T12:09:02Z\nURL: http://arxiv.org/abs/2605.31203v1\nAbstract: In the presence of spin-orbit coupling and in geometrically frustrated materials, a noncollinear treatment the magnetization density is essential. However, in density functional theory most exchange--correlation functional approximations were originally developed for locally collinear magnetization. Many practical approaches to noncollinear DFT have emerged over the past decade. However, a first-principles connection between widely used semilocal collinear functionals and their noncollinear generalizations remains lacking. In this work, a locally exact relation between collinear and noncollinear exchange--correlation functionals is derived at the level of gradient expansions within a $u(2)$ matrix representation of the energy functional. Within this framework, collinear semilocal variables naturally acquire distinct dependencies on transverse and longitudinal magnetization gradient components. The widely used Scalmani--Frisch scheme emerges as a first-order approximation. The transformation of collinear functional derivatives to noncollinear space is implemented through numerically robust $SU(2)$ rotations. A consistent description of local magnetic torques is demonstrated for the prototypical spin-frustrated Cr$_3$ cluster. The approach further extends to fully nonlocal functionals and provides a direct route towards numerically stable relativistic response calculations. The influence on magnetic properties in presence of spin-orbit coupling is illustrated through calculations of hyperfine couplings in the high-spin ground states of uranium and the uranium ion.']",The approach further extends to fully nonlocal functionals and provides a direct route towards numerically stable relativistic response calculations.,"arXiv source: 2605.31203v1
Title: Rigorous extension of semilocal collinear functionals to noncollinear DFT using $SU(2)$ rotations
Published: 2026-05-29T12:09:02Z
URL: http://arxiv.org/abs/2605.31203v1
Abstract: In the presence of spin-orbit coupling and in geometrically frustrated materials, a noncollinear treatment the magnetization density is essential. However, in density functional theory most exchange--correlation functional approximations were originally developed for locally collinear magnetization. Many practical approaches to noncollinear DFT have emerged over the past decade. However, a first-principles connection between widely used semilocal collinear functionals and their noncollinear generalizations remains lacking. In this work, a locally exact relation between collinear and noncollinear exchange--correlation functionals is derived at the level of gradient expansions within a $u(2)$ matrix representation of the energy functional. Within this framework, collinear semilocal variables naturally acquire distinct dependencies on transverse and longitudinal magnetization gradient components. The widely used Scalmani--Frisch scheme emerges as a first-order approximation. The transformation of collinear functional derivatives to noncollinear space is implemented through numerically robust $SU(2)$ rotations. A consistent description of local magnetic torques is demonstrated for the prototypical spin-frustrated Cr$_3$ cluster. The approach further extends to fully nonlocal functionals and provides a direct route towards numerically stable relativistic response calculations. The influence on magnetic properties in presence of spin-orbit coupling is illustrated through calculations of hyperfine couplings in the high-spin ground states of uranium and the uranium ion.",1.0,0.1412220408694219,,,ragas_qwen_plus,qwen-plus,1.0,
natural_arxiv_current_0197,resp_0c1ec2462e232ca9,task_d0e7cc1f4b2a6b95,natural_noisy_arxiv_v2,natural_source_linked,extractive_real_arxiv,matched_and_mismatched,superconductivity,What is the main materials-science claim reported in the source titled 'Ni-O hybridization-driven electronic reconstruction across the superconducting dome in an infinite-layer nickelate'?,"Superconductivity in infinite-layer nickelates has drawn wide interest as a cuprate analogue, yet how the electronic structure evolves with hole doping remains unsettled.","arXiv source: 2605.30752v1
Title: Ni-O hybridization-driven electronic reconstruction across the superconducting dome in an infinite-layer nickelate
Published: 2026-05-29T02:29:11Z
URL: http://arxiv.org/abs/2605.30752v1
Abstract: Superconductivity in infinite-layer nickelates has drawn wide interest as a cuprate analogue, yet how the electronic structure evolves with hole doping remains unsettled. Here we map the doping- and temperature-dependent unoccupied states of the La-based infinite-layer nickelate La1-xCaxNiO2 using O K-edge and Ni L-edge x-ray absorption spectroscopy. Superconductivity occurs for 0.18<=x<=0.27. Near x~0.20-0.23, low-energy spectral weight redistributes: Ni3d-dominated states decrease while O2p-hybridized states increase, indicating an orbital-selective crossover in Ni-O covalency. This crossover coincides with a sign reversal of the Hall coefficient and precedes the reduction of the superconducting critical temperature at higher doping. By directly linking transport anomalies and the superconducting dome to a measurable Ni-O orbital reorganization, our results provide a key step toward a unified, orbital-resolved phase diagram for infinite-layer nickelates and a practical route to engineer superconductivity via hybridization control.",,current,What is the main materials-science claim reported in the source titled 'Ni-O hybridization-driven electronic reconstruction across the superconducting dome in an infinite-layer nickelate'?,"['arXiv source: 2605.30752v1\nTitle: Ni-O hybridization-driven electronic reconstruction across the superconducting dome in an infinite-layer nickelate\nPublished: 2026-05-29T02:29:11Z\nURL: http://arxiv.org/abs/2605.30752v1\nAbstract: Superconductivity in infinite-layer nickelates has drawn wide interest as a cuprate analogue, yet how the electronic structure evolves with hole doping remains unsettled. Here we map the doping- and temperature-dependent unoccupied states of the La-based infinite-layer nickelate La1-xCaxNiO2 using O K-edge and Ni L-edge x-ray absorption spectroscopy. Superconductivity occurs for 0.18<=x<=0.27. Near x~0.20-0.23, low-energy spectral weight redistributes: Ni3d-dominated states decrease while O2p-hybridized states increase, indicating an orbital-selective crossover in Ni-O covalency. This crossover coincides with a sign reversal of the Hall coefficient and precedes the reduction of the superconducting critical temperature at higher doping. By directly linking transport anomalies and the superconducting dome to a measurable Ni-O orbital reorganization, our results provide a key step toward a unified, orbital-resolved phase diagram for infinite-layer nickelates and a practical route to engineer superconductivity via hybridization control.']","Superconductivity in infinite-layer nickelates has drawn wide interest as a cuprate analogue, yet how the electronic structure evolves with hole doping remains unsettled.","arXiv source: 2605.30752v1
Title: Ni-O hybridization-driven electronic reconstruction across the superconducting dome in an infinite-layer nickelate
Published: 2026-05-29T02:29:11Z
URL: http://arxiv.org/abs/2605.30752v1
Abstract: Superconductivity in infinite-layer nickelates has drawn wide interest as a cuprate analogue, yet how the electronic structure evolves with hole doping remains unsettled. Here we map the doping- and temperature-dependent unoccupied states of the La-based infinite-layer nickelate La1-xCaxNiO2 using O K-edge and Ni L-edge x-ray absorption spectroscopy. Superconductivity occurs for 0.18<=x<=0.27. Near x~0.20-0.23, low-energy spectral weight redistributes: Ni3d-dominated states decrease while O2p-hybridized states increase, indicating an orbital-selective crossover in Ni-O covalency. This crossover coincides with a sign reversal of the Hall coefficient and precedes the reduction of the superconducting critical temperature at higher doping. By directly linking transport anomalies and the superconducting dome to a measurable Ni-O orbital reorganization, our results provide a key step toward a unified, orbital-resolved phase diagram for infinite-layer nickelates and a practical route to engineer superconductivity via hybridization control.",1.0,0.0,,,ragas_qwen_plus,qwen-plus,1.0,
natural_arxiv_noisy_0020,resp_0c29a518e7b25905,task_e16060dcf5ff612a,natural_noisy_arxiv_v2,natural_source_linked,extractive_real_arxiv,matched_and_mismatched,stability,What is the main materials-science claim reported in the source titled 'Charge dynamics in the Weyl semimetals NbIrTe$_4$ and TaIrTe$_4$ under pressure: Signatures of an electronic phase transition'?,"From only a bulk crystal and a natural-language reaction description, eight specialized agents and 27 scientific tools predict stable facets, reconstruct working surfaces, enumerate and rank reaction pathways, locate transition states, and compute kinetics in 5-30 min on a single GPU.","arXiv source: 2606.05050v1
Title: Autonomous heterogeneous catalyst discovery with a self-evolving multi-agent digital twin
Published: 2026-06-03T16:10:58Z
URL: http://arxiv.org/abs/2606.05050v1
Abstract: Theoretical heterogeneous catalysis promises rapid catalyst discovery, yet computational and machine-learning predictions often deviate from experiment and stay confined to narrow material families, for want of a faithful, condition-aware catalytic simulator. We present CatDT (Catalysis Digital Twin), a self-evolving multi-agent system that builds an autonomous digital twin of a working catalyst, unifying gas-solid and liquid-solid modeling. From only a bulk crystal and a natural-language reaction description, eight specialized agents and 27 scientific tools predict stable facets, reconstruct working surfaces, enumerate and rank reaction pathways, locate transition states, and compute kinetics in 5-30 min on a single GPU. Two innovations address the hardest steps: UniMech finds dominant pathways for novel materials at over $10^3\times$ lower cost than exhaustive enumeration by fusing agent-guided proposals with energy-cached graph search, and a memory-augmented reinforcement loop raises barrier-calculation success from 41\% to 84\% across 600 catalytic surfaces. Across seven gas-solid benchmarks -- stepped metals, single-atom catalysts, ordered intermetallics, vacancy-rich 2D sulfides and carbides, and a strong-metal--support-interaction (SMSI) interface -- every CatDT prediction lies within 0.5-2 times experiment over four orders of magnitude. For propane dehydrogenation, CatDT independently discovers non-precious candidates rivaling the Pt-based industrial benchmark, with a proposed Ni@ZrO$_2$ SMSI overlayer reaching a simulated TOF of $1.63~\text{s}^{-1}$ at $\sim$100\% selectivity. More broadly, the decisive factor for a faithful catalyst digital twin -- or any multi-stage scientific simulator -- is not raw LLM capability but the engineered harness around it: deterministic tools, persistent memory, and verified self-improvement that compound across models, tools, and runs.",,incomplete,What is the main materials-science claim reported in the source titled 'Charge dynamics in the Weyl semimetals NbIrTe$_4$ and TaIrTe$_4$ under pressure: Signatures of an electronic phase transition'?,"['arXiv source: 2606.05050v1\nTitle: Autonomous heterogeneous catalyst discovery with a self-evolving multi-agent digital twin\nPublished: 2026-06-03T16:10:58Z\nURL: http://arxiv.org/abs/2606.05050v1\nAbstract: Theoretical heterogeneous catalysis promises rapid catalyst discovery, yet computational and machine-learning predictions often deviate from experiment and stay confined to narrow material families, for want of a faithful, condition-aware catalytic simulator. We present CatDT (Catalysis Digital Twin), a self-evolving multi-agent system that builds an autonomous digital twin of a working catalyst, unifying gas-solid and liquid-solid modeling. From only a bulk crystal and a natural-language reaction description, eight specialized agents and 27 scientific tools predict stable facets, reconstruct working surfaces, enumerate and rank reaction pathways, locate transition states, and compute kinetics in 5-30 min on a single GPU. Two innovations address the hardest steps: UniMech finds dominant pathways for novel materials at over $10^3\\times$ lower cost than exhaustive enumeration by fusing agent-guided proposals with energy-cached graph search, and a memory-augmented reinforcement loop raises barrier-calculation success from 41\\% to 84\\% across 600 catalytic surfaces. Across seven gas-solid benchmarks -- stepped metals, single-atom catalysts, ordered intermetallics, vacancy-rich 2D sulfides and carbides, and a strong-metal--support-interaction (SMSI) interface -- every CatDT prediction lies within 0.5-2 times experiment over four orders of magnitude. For propane dehydrogenation, CatDT independently discovers non-precious candidates rivaling the Pt-based industrial benchmark, with a proposed Ni@ZrO$_2$ SMSI overlayer reaching a simulated TOF of $1.63~\\text{s}^{-1}$ at $\\sim$100\\% selectivity. More broadly, the decisive factor for a faithful catalyst digital twin -- or any multi-stage scientific simulator -- is not raw LLM capability but the engineered harness around it: deterministic tools, persistent memory, and verified self-improvement that compound across models, tools, and runs.']","From only a bulk crystal and a natural-language reaction description, eight specialized agents and 27 scientific tools predict stable facets, reconstruct working surfaces, enumerate and rank reaction pathways, locate transition states, and compute kinetics in 5-30 min on a single GPU.","arXiv source: 2606.05050v1
Title: Autonomous heterogeneous catalyst discovery with a self-evolving multi-agent digital twin
Published: 2026-06-03T16:10:58Z
URL: http://arxiv.org/abs/2606.05050v1
Abstract: Theoretical heterogeneous catalysis promises rapid catalyst discovery, yet computational and machine-learning predictions often deviate from experiment and stay confined to narrow material families, for want of a faithful, condition-aware catalytic simulator. We present CatDT (Catalysis Digital Twin), a self-evolving multi-agent system that builds an autonomous digital twin of a working catalyst, unifying gas-solid and liquid-solid modeling. From only a bulk crystal and a natural-language reaction description, eight specialized agents and 27 scientific tools predict stable facets, reconstruct working surfaces, enumerate and rank reaction pathways, locate transition states, and compute kinetics in 5-30 min on a single GPU. Two innovations address the hardest steps: UniMech finds dominant pathways for novel materials at over $10^3\times$ lower cost than exhaustive enumeration by fusing agent-guided proposals with energy-cached graph search, and a memory-augmented reinforcement loop raises barrier-calculation success from 41\% to 84\% across 600 catalytic surfaces. Across seven gas-solid benchmarks -- stepped metals, single-atom catalysts, ordered intermetallics, vacancy-rich 2D sulfides and carbides, and a strong-metal--support-interaction (SMSI) interface -- every CatDT prediction lies within 0.5-2 times experiment over four orders of magnitude. For propane dehydrogenation, CatDT independently discovers non-precious candidates rivaling the Pt-based industrial benchmark, with a proposed Ni@ZrO$_2$ SMSI overlayer reaching a simulated TOF of $1.63~\text{s}^{-1}$ at $\sim$100\% selectivity. More broadly, the decisive factor for a faithful catalyst digital twin -- or any multi-stage scientific simulator -- is not raw LLM capability but the engineered harness around it: deterministic tools, persistent memory, and verified self-improvement that compound across models, tools, and runs.",1.0,0.2574404800313088,,,ragas_qwen_plus,qwen-plus,1.0,
natural_arxiv_current_0042,resp_0c918879a382962f,task_0789fe70d0afa0bb,natural_noisy_arxiv_v2,natural_source_linked,extractive_real_arxiv,matched_and_mismatched,natural_claim,What is the main materials-science claim reported in the source titled 'Interplay of Cl Substitution and He$^{+}$ Irradiation in CrSBr$_{1-x}$Cl$_{x}$'?,"Two-dimensional magnetic semiconductors provide a promising platform for exploring the interplay between disorder, lattice dynamics, and resonant light--matter interactions.","arXiv source: 2605.31134v1
Title: Interplay of Cl Substitution and He$^{+}$ Irradiation in CrSBr$_{1-x}$Cl$_{x}$
Published: 2026-05-29T10:46:07Z
URL: http://arxiv.org/abs/2605.31134v1
Abstract: Two-dimensional magnetic semiconductors provide a promising platform for exploring the interplay between disorder, lattice dynamics, and resonant light--matter interactions. Among them, CrSBr exhibits strong in-plane anisotropy and pronounced resonance-enhanced Raman scattering. Here, we investigate the effects of Cl substitution and He$^{+}$ irradiation on the vibrational response of CrSBr using polarization-resolved Raman spectroscopy. Cl substitution activates additional phonon modes associated with local symmetry breaking, while He$^{+}$ irradiation introduces distinct defect-related scattering channels and enhanced phonon broadening. The combined effects of alloy disorder and externally introduced defects lead to strong anisotropic reconstruction of the Raman spectra and modification of the nonlinear Raman response under near-resonant 1.96 eV excitation. Power-dependent measurements reveal robust superlinear scaling of both intrinsic and substitution-induced phonon modes, indicating persistent resonance-enhanced electron--phonon coupling even in defect-engineered samples.",,current,What is the main materials-science claim reported in the source titled 'Interplay of Cl Substitution and He$^{+}$ Irradiation in CrSBr$_{1-x}$Cl$_{x}$'?,"['arXiv source: 2605.31134v1\nTitle: Interplay of Cl Substitution and He$^{+}$ Irradiation in CrSBr$_{1-x}$Cl$_{x}$\nPublished: 2026-05-29T10:46:07Z\nURL: http://arxiv.org/abs/2605.31134v1\nAbstract: Two-dimensional magnetic semiconductors provide a promising platform for exploring the interplay between disorder, lattice dynamics, and resonant light--matter interactions. Among them, CrSBr exhibits strong in-plane anisotropy and pronounced resonance-enhanced Raman scattering. Here, we investigate the effects of Cl substitution and He$^{+}$ irradiation on the vibrational response of CrSBr using polarization-resolved Raman spectroscopy. Cl substitution activates additional phonon modes associated with local symmetry breaking, while He$^{+}$ irradiation introduces distinct defect-related scattering channels and enhanced phonon broadening. The combined effects of alloy disorder and externally introduced defects lead to strong anisotropic reconstruction of the Raman spectra and modification of the nonlinear Raman response under near-resonant 1.96 eV excitation. Power-dependent measurements reveal robust superlinear scaling of both intrinsic and substitution-induced phonon modes, indicating persistent resonance-enhanced electron--phonon coupling even in defect-engineered samples.']","Two-dimensional magnetic semiconductors provide a promising platform for exploring the interplay between disorder, lattice dynamics, and resonant light--matter interactions.","arXiv source: 2605.31134v1
Title: Interplay of Cl Substitution and He$^{+}$ Irradiation in CrSBr$_{1-x}$Cl$_{x}$
Published: 2026-05-29T10:46:07Z
URL: http://arxiv.org/abs/2605.31134v1
Abstract: Two-dimensional magnetic semiconductors provide a promising platform for exploring the interplay between disorder, lattice dynamics, and resonant light--matter interactions. Among them, CrSBr exhibits strong in-plane anisotropy and pronounced resonance-enhanced Raman scattering. Here, we investigate the effects of Cl substitution and He$^{+}$ irradiation on the vibrational response of CrSBr using polarization-resolved Raman spectroscopy. Cl substitution activates additional phonon modes associated with local symmetry breaking, while He$^{+}$ irradiation introduces distinct defect-related scattering channels and enhanced phonon broadening. The combined effects of alloy disorder and externally introduced defects lead to strong anisotropic reconstruction of the Raman spectra and modification of the nonlinear Raman response under near-resonant 1.96 eV excitation. Power-dependent measurements reveal robust superlinear scaling of both intrinsic and substitution-induced phonon modes, indicating persistent resonance-enhanced electron--phonon coupling even in defect-engineered samples.",1.0,0.0704294548179235,,,ragas_qwen_plus,qwen-plus,1.0,
natural_arxiv_current_0105,resp_0d0871867967782e,task_4d25a925d0dcc85e,natural_noisy_arxiv_v2,natural_source_linked,extractive_real_arxiv,matched_and_mismatched,natural_claim,What is the main materials-science claim reported in the source titled 'Berry-Curvature Activation by Orbital Flux in a Kagome Altermagnet'?,We investigate topological electronic responses in a kagome altermagnetic metal hosting a compensated coplanar $120^\circ$ magnetic texture.,"arXiv source: 2606.04984v1
Title: Berry-Curvature Activation by Orbital Flux in a Kagome Altermagnet
Published: 2026-06-03T15:05:29Z
URL: http://arxiv.org/abs/2606.04984v1
Abstract: We investigate topological electronic responses in a kagome altermagnetic metal hosting a compensated coplanar $120^\circ$ magnetic texture. Using a minimal tight-binding model incorporating nearest-neighbor hopping, noncollinear exchange coupling, intrinsic spin--orbit coupling, and an emergent orbital chiral flux, we demonstrate that frustrated kagome altermagnets provide a natural platform for realizing momentum-dependent spin splitting and Berry-curvature engineering without net magnetization. The noncollinear exchange field alone generates pronounced altermagnetic spin splitting and spin-polarized Fermi surfaces despite the absence of relativistic effects. However, for a strictly coplanar magnetic state, the system preserves a hidden antiunitary symmetry $\mathcal{T}C_{2z}$, which enforces identically vanishing Berry curvature even in the presence of sizeable spin--orbit coupling. We show that finite Berry curvature emerges only after introducing an orbital chiral flux term that breaks the hidden symmetry and generates effective momentum-space gauge fields analogous to a Haldane-type orbital flux. Remarkably, this mechanism produces local Berry curvature hot spots even in the complete absence of spin--orbit coupling and scalar spin chirality, establishing a purely orbital route toward topological altermagnetism. By systematically analyzing the anomalous Hall conductivity as a function of exchange coupling, spin--orbit interaction, and chiral flux, we identify a hierarchy of competing energy scales governing the transition from a symmetry-protected altermagnetic metal to a topological altermagnetic phase with strong Hall response. Our results demonstrate that frustrated kagome altermagnets constitute a versatile platform for engineering topological transport, Berry curvature, and spin-selective electronic structure in compensated magnetic systems.",,current,What is the main materials-science claim reported in the source titled 'Berry-Curvature Activation by Orbital Flux in a Kagome Altermagnet'?,"['arXiv source: 2606.04984v1\nTitle: Berry-Curvature Activation by Orbital Flux in a Kagome Altermagnet\nPublished: 2026-06-03T15:05:29Z\nURL: http://arxiv.org/abs/2606.04984v1\nAbstract: We investigate topological electronic responses in a kagome altermagnetic metal hosting a compensated coplanar $120^\\circ$ magnetic texture. Using a minimal tight-binding model incorporating nearest-neighbor hopping, noncollinear exchange coupling, intrinsic spin--orbit coupling, and an emergent orbital chiral flux, we demonstrate that frustrated kagome altermagnets provide a natural platform for realizing momentum-dependent spin splitting and Berry-curvature engineering without net magnetization. The noncollinear exchange field alone generates pronounced altermagnetic spin splitting and spin-polarized Fermi surfaces despite the absence of relativistic effects. However, for a strictly coplanar magnetic state, the system preserves a hidden antiunitary symmetry $\\mathcal{T}C_{2z}$, which enforces identically vanishing Berry curvature even in the presence of sizeable spin--orbit coupling. We show that finite Berry curvature emerges only after introducing an orbital chiral flux term that breaks the hidden symmetry and generates effective momentum-space gauge fields analogous to a Haldane-type orbital flux. Remarkably, this mechanism produces local Berry curvature hot spots even in the complete absence of spin--orbit coupling and scalar spin chirality, establishing a purely orbital route toward topological altermagnetism. By systematically analyzing the anomalous Hall conductivity as a function of exchange coupling, spin--orbit interaction, and chiral flux, we identify a hierarchy of competing energy scales governing the transition from a symmetry-protected altermagnetic metal to a topological altermagnetic phase with strong Hall response. Our results demonstrate that frustrated kagome altermagnets constitute a versatile platform for engineering topological transport, Berry curvature, and spin-selective electronic structure in compensated magnetic systems.']",We investigate topological electronic responses in a kagome altermagnetic metal hosting a compensated coplanar $120^\circ$ magnetic texture.,"arXiv source: 2606.04984v1
Title: Berry-Curvature Activation by Orbital Flux in a Kagome Altermagnet
Published: 2026-06-03T15:05:29Z
URL: http://arxiv.org/abs/2606.04984v1
Abstract: We investigate topological electronic responses in a kagome altermagnetic metal hosting a compensated coplanar $120^\circ$ magnetic texture. Using a minimal tight-binding model incorporating nearest-neighbor hopping, noncollinear exchange coupling, intrinsic spin--orbit coupling, and an emergent orbital chiral flux, we demonstrate that frustrated kagome altermagnets provide a natural platform for realizing momentum-dependent spin splitting and Berry-curvature engineering without net magnetization. The noncollinear exchange field alone generates pronounced altermagnetic spin splitting and spin-polarized Fermi surfaces despite the absence of relativistic effects. However, for a strictly coplanar magnetic state, the system preserves a hidden antiunitary symmetry $\mathcal{T}C_{2z}$, which enforces identically vanishing Berry curvature even in the presence of sizeable spin--orbit coupling. We show that finite Berry curvature emerges only after introducing an orbital chiral flux term that breaks the hidden symmetry and generates effective momentum-space gauge fields analogous to a Haldane-type orbital flux. Remarkably, this mechanism produces local Berry curvature hot spots even in the complete absence of spin--orbit coupling and scalar spin chirality, establishing a purely orbital route toward topological altermagnetism. By systematically analyzing the anomalous Hall conductivity as a function of exchange coupling, spin--orbit interaction, and chiral flux, we identify a hierarchy of competing energy scales governing the transition from a symmetry-protected altermagnetic metal to a topological altermagnetic phase with strong Hall response. Our results demonstrate that frustrated kagome altermagnets constitute a versatile platform for engineering topological transport, Berry curvature, and spin-selective electronic structure in compensated magnetic systems.",1.0,0.6277013307499437,,,ragas_qwen_plus,qwen-plus,1.0,
natural_arxiv_noisy_0241,resp_0ec280e38ee91ffd,task_6c5e3df59d0ead32,natural_noisy_arxiv_v2,natural_source_linked,extractive_real_arxiv,matched_and_mismatched,band_gap,What is the main materials-science claim reported in the source titled 'Current-driven reduction of topological protection in multichannel superconductors'?,A thorough understanding of the temperature dependence of semiconductor band gaps is essential for optimizing optoelectronic devices.,"arXiv source: 2605.27104v1
Title: Origin of the Temperature-Induced Gap Bowing of Formamidinium-Methylammonium Lead Iodide Perovskites: Role of Cationic Rattlers
Published: 2026-05-26T14:43:58Z
URL: http://arxiv.org/abs/2605.27104v1
Abstract: A thorough understanding of the temperature dependence of semiconductor band gaps is essential for optimizing optoelectronic devices. In this respect, the origin of the pronounced temperature-induced gap bowing observed in low-temperature phases of formamidinium-methylammonium (FA-MA) lead iodide perovskites has remained elusive until now. By combining temperature and pressure-dependent photoluminescence measurements on a series of FA$_x$MA$_{1-x}$PbI$_3$ mixed-cation single crystals with $x\in[0,1]$, we unravel the origin of this bowing. Both thermal expansion as well as electron-phonon interaction effects are responsible. However, the latter is the leading term, driven by the activation of an anomalous electron-phonon coupling mechanism linked to mixed vibrational modes, which combine inorganic-cage phonons involving octahedral tilting with low-frequency FA librations, i.e., FA rattler modes. This occurs in the orthorhombic and (pseudo)tetragonal low-temperature phases, presumably featuring stripe domains with alternating octahedral tilt-axis patterns for FA concentrations between 20\% and 90\%. In this way, we have shed light on an intriguing behavior of lead halide perovskites that directly affects their optoelectronic properties.",,incomplete,What is the main materials-science claim reported in the source titled 'Current-driven reduction of topological protection in multichannel superconductors'?,"['arXiv source: 2605.27104v1\nTitle: Origin of the Temperature-Induced Gap Bowing of Formamidinium-Methylammonium Lead Iodide Perovskites: Role of Cationic Rattlers\nPublished: 2026-05-26T14:43:58Z\nURL: http://arxiv.org/abs/2605.27104v1\nAbstract: A thorough understanding of the temperature dependence of semiconductor band gaps is essential for optimizing optoelectronic devices. In this respect, the origin of the pronounced temperature-induced gap bowing observed in low-temperature phases of formamidinium-methylammonium (FA-MA) lead iodide perovskites has remained elusive until now. By combining temperature and pressure-dependent photoluminescence measurements on a series of FA$_x$MA$_{1-x}$PbI$_3$ mixed-cation single crystals with $x\\in[0,1]$, we unravel the origin of this bowing. Both thermal expansion as well as electron-phonon interaction effects are responsible. However, the latter is the leading term, driven by the activation of an anomalous electron-phonon coupling mechanism linked to mixed vibrational modes, which combine inorganic-cage phonons involving octahedral tilting with low-frequency FA librations, i.e., FA rattler modes. This occurs in the orthorhombic and (pseudo)tetragonal low-temperature phases, presumably featuring stripe domains with alternating octahedral tilt-axis patterns for FA concentrations between 20\\% and 90\\%. In this way, we have shed light on an intriguing behavior of lead halide perovskites that directly affects their optoelectronic properties.']",A thorough understanding of the temperature dependence of semiconductor band gaps is essential for optimizing optoelectronic devices.,"arXiv source: 2605.27104v1
Title: Origin of the Temperature-Induced Gap Bowing of Formamidinium-Methylammonium Lead Iodide Perovskites: Role of Cationic Rattlers
Published: 2026-05-26T14:43:58Z
URL: http://arxiv.org/abs/2605.27104v1
Abstract: A thorough understanding of the temperature dependence of semiconductor band gaps is essential for optimizing optoelectronic devices. In this respect, the origin of the pronounced temperature-induced gap bowing observed in low-temperature phases of formamidinium-methylammonium (FA-MA) lead iodide perovskites has remained elusive until now. By combining temperature and pressure-dependent photoluminescence measurements on a series of FA$_x$MA$_{1-x}$PbI$_3$ mixed-cation single crystals with $x\in[0,1]$, we unravel the origin of this bowing. Both thermal expansion as well as electron-phonon interaction effects are responsible. However, the latter is the leading term, driven by the activation of an anomalous electron-phonon coupling mechanism linked to mixed vibrational modes, which combine inorganic-cage phonons involving octahedral tilting with low-frequency FA librations, i.e., FA rattler modes. This occurs in the orthorhombic and (pseudo)tetragonal low-temperature phases, presumably featuring stripe domains with alternating octahedral tilt-axis patterns for FA concentrations between 20\% and 90\%. In this way, we have shed light on an intriguing behavior of lead halide perovskites that directly affects their optoelectronic properties.",1.0,0.2524204292812852,,,ragas_qwen_plus,qwen-plus,1.0,
natural_arxiv_current_0031,resp_0f58849816a9e341,task_ee2dd7939e9c6a28,natural_noisy_arxiv_v2,natural_source_linked,extractive_real_arxiv,matched_and_mismatched,natural_claim,What is the main materials-science claim reported in the source titled 'A Visible-Frequency Excitonic Reststrahlen Band in (PEA)$_2$PbI$_4$ Slabs'?,"Layered halide perovskites host exceptionally strong excitons, whose optical signatures are usually interpreted as absorptive resonances on a smooth dielectric background.","arXiv source: 2606.00682v1
Title: A Visible-Frequency Excitonic Reststrahlen Band in (PEA)$_2$PbI$_4$ Slabs
Published: 2026-05-30T11:38:49Z
URL: http://arxiv.org/abs/2606.00682v1
Abstract: Layered halide perovskites host exceptionally strong excitons, whose optical signatures are usually interpreted as absorptive resonances on a smooth dielectric background. Strong excitons, however, can also reshape the dielectric response itself and drive the real permittivity negative, opening a reflective band: the visible, excitonic analogue of an infrared Reststrahlen band. Whether bare (PEA)$_2$PbI$_4$ slabs reach this regime has remained unclear. Here we show that low-temperature transmission of (PEA)$_2$PbI$_4$ slabs, driven by the intralayer-exciton manifold, evolves with increasing thickness from an excitonic dip into a broad near-zero-transmission interval with compressed Fabry-Pérot-like fringes. Transfer-matrix analysis with an effective Lorentz-oscillator dielectric response reproduces this crossover, reconstructs a finite negative-Re($\varepsilon$) window, and implies near-ultrastrong exciton-photon coupling. Calculated field maps show suppressed in-plane field penetration within this interval and a driven longitudinal response near the high-energy ($\varepsilon=0$) edge. These results identify (PEA)$_2$PbI$_4$ slabs as a cavity-free visible-frequency excitonic Reststrahlen material.",,current,What is the main materials-science claim reported in the source titled 'A Visible-Frequency Excitonic Reststrahlen Band in (PEA)$_2$PbI$_4$ Slabs'?,"['arXiv source: 2606.00682v1\nTitle: A Visible-Frequency Excitonic Reststrahlen Band in (PEA)$_2$PbI$_4$ Slabs\nPublished: 2026-05-30T11:38:49Z\nURL: http://arxiv.org/abs/2606.00682v1\nAbstract: Layered halide perovskites host exceptionally strong excitons, whose optical signatures are usually interpreted as absorptive resonances on a smooth dielectric background. Strong excitons, however, can also reshape the dielectric response itself and drive the real permittivity negative, opening a reflective band: the visible, excitonic analogue of an infrared Reststrahlen band. Whether bare (PEA)$_2$PbI$_4$ slabs reach this regime has remained unclear. Here we show that low-temperature transmission of (PEA)$_2$PbI$_4$ slabs, driven by the intralayer-exciton manifold, evolves with increasing thickness from an excitonic dip into a broad near-zero-transmission interval with compressed Fabry-Pérot-like fringes. Transfer-matrix analysis with an effective Lorentz-oscillator dielectric response reproduces this crossover, reconstructs a finite negative-Re($\\varepsilon$) window, and implies near-ultrastrong exciton-photon coupling. Calculated field maps show suppressed in-plane field penetration within this interval and a driven longitudinal response near the high-energy ($\\varepsilon=0$) edge. These results identify (PEA)$_2$PbI$_4$ slabs as a cavity-free visible-frequency excitonic Reststrahlen material.']","Layered halide perovskites host exceptionally strong excitons, whose optical signatures are usually interpreted as absorptive resonances on a smooth dielectric background.","arXiv source: 2606.00682v1
Title: A Visible-Frequency Excitonic Reststrahlen Band in (PEA)$_2$PbI$_4$ Slabs
Published: 2026-05-30T11:38:49Z
URL: http://arxiv.org/abs/2606.00682v1
Abstract: Layered halide perovskites host exceptionally strong excitons, whose optical signatures are usually interpreted as absorptive resonances on a smooth dielectric background. Strong excitons, however, can also reshape the dielectric response itself and drive the real permittivity negative, opening a reflective band: the visible, excitonic analogue of an infrared Reststrahlen band. Whether bare (PEA)$_2$PbI$_4$ slabs reach this regime has remained unclear. Here we show that low-temperature transmission of (PEA)$_2$PbI$_4$ slabs, driven by the intralayer-exciton manifold, evolves with increasing thickness from an excitonic dip into a broad near-zero-transmission interval with compressed Fabry-Pérot-like fringes. Transfer-matrix analysis with an effective Lorentz-oscillator dielectric response reproduces this crossover, reconstructs a finite negative-Re($\varepsilon$) window, and implies near-ultrastrong exciton-photon coupling. Calculated field maps show suppressed in-plane field penetration within this interval and a driven longitudinal response near the high-energy ($\varepsilon=0$) edge. These results identify (PEA)$_2$PbI$_4$ slabs as a cavity-free visible-frequency excitonic Reststrahlen material.",1.0,0.4592177223990355,,,ragas_qwen_plus,qwen-plus,1.0,
natural_arxiv_noisy_0207,resp_0fa051f6f512c020,task_a9cd92b63030d7d2,natural_noisy_arxiv_v2,natural_source_linked,extractive_real_arxiv,matched_and_mismatched,formation_energy,What is the main materials-science claim reported in the source titled 'Hole-doped superconductivity above 100 K in infinite-layer cuprate thin films'?,Single electron spins can be used to encode and process information in semiconductor quantum devices.,"arXiv source: 2605.31342v1
Title: Co-optimization of spin coherence and valley splitting in Si/SiGe heterostructures
Published: 2026-05-29T14:20:52Z
URL: http://arxiv.org/abs/2605.31342v1
Abstract: Single electron spins can be used to encode and process information in semiconductor quantum devices. Progress has been hindered by materials challenges, such as the small energy splitting between low-lying valley states and hyperfine coupling to nuclear spins. Here we use density functional theory to optimize the valley splitting and spin dephasing time in realistic Si/SiGe heterostructures. Reductions in the Si quantum well width generally increase the valley splitting. However, in narrow quantum wells, a larger fraction of the electronic wavefunction resides in the SiGe buffer layers, which increases the hyperfine coupling with spinful $^{73}$Ge. Our work shows that Si/SiGe heterostructures with 3~--~4~nm wide quantum wells and $^{73}$Ge and $^{29}$Si concentrations of 50 ppm should support average valley splittings $E_{v}$~$>$~500~$μ$eV and spin dephasing times $T_2^*$ exceeding 15~$μ$s assuming an effective quantum dot area of 700 nm$^2$. In addition, sharper Si/SiGe interfaces in general result in larger valley splittings and longer spin dephasing times.",,incomplete,What is the main materials-science claim reported in the source titled 'Hole-doped superconductivity above 100 K in infinite-layer cuprate thin films'?,"['arXiv source: 2605.31342v1\nTitle: Co-optimization of spin coherence and valley splitting in Si/SiGe heterostructures\nPublished: 2026-05-29T14:20:52Z\nURL: http://arxiv.org/abs/2605.31342v1\nAbstract: Single electron spins can be used to encode and process information in semiconductor quantum devices. Progress has been hindered by materials challenges, such as the small energy splitting between low-lying valley states and hyperfine coupling to nuclear spins. Here we use density functional theory to optimize the valley splitting and spin dephasing time in realistic Si/SiGe heterostructures. Reductions in the Si quantum well width generally increase the valley splitting. However, in narrow quantum wells, a larger fraction of the electronic wavefunction resides in the SiGe buffer layers, which increases the hyperfine coupling with spinful $^{73}$Ge. Our work shows that Si/SiGe heterostructures with 3~--~4~nm wide quantum wells and $^{73}$Ge and $^{29}$Si concentrations of 50 ppm should support average valley splittings $E_{v}$~$>$~500~$μ$eV and spin dephasing times $T_2^*$ exceeding 15~$μ$s assuming an effective quantum dot area of 700 nm$^2$. In addition, sharper Si/SiGe interfaces in general result in larger valley splittings and longer spin dephasing times.']",Single electron spins can be used to encode and process information in semiconductor quantum devices.,"arXiv source: 2605.31342v1
Title: Co-optimization of spin coherence and valley splitting in Si/SiGe heterostructures
Published: 2026-05-29T14:20:52Z
URL: http://arxiv.org/abs/2605.31342v1
Abstract: Single electron spins can be used to encode and process information in semiconductor quantum devices. Progress has been hindered by materials challenges, such as the small energy splitting between low-lying valley states and hyperfine coupling to nuclear spins. Here we use density functional theory to optimize the valley splitting and spin dephasing time in realistic Si/SiGe heterostructures. Reductions in the Si quantum well width generally increase the valley splitting. However, in narrow quantum wells, a larger fraction of the electronic wavefunction resides in the SiGe buffer layers, which increases the hyperfine coupling with spinful $^{73}$Ge. Our work shows that Si/SiGe heterostructures with 3~--~4~nm wide quantum wells and $^{73}$Ge and $^{29}$Si concentrations of 50 ppm should support average valley splittings $E_{v}$~$>$~500~$μ$eV and spin dephasing times $T_2^*$ exceeding 15~$μ$s assuming an effective quantum dot area of 700 nm$^2$. In addition, sharper Si/SiGe interfaces in general result in larger valley splittings and longer spin dephasing times.",1.0,0.1464970175855354,,,ragas_qwen_plus,qwen-plus,1.0,
natural_arxiv_noisy_0238,resp_106d4c48a20eab49,task_dfdef0eb2539c080,natural_noisy_arxiv_v2,natural_source_linked,extractive_real_arxiv,matched_and_mismatched,natural_claim,What is the main materials-science claim reported in the source titled 'Generation of Quantum Turbulence by Neutrino Cooling in Neutron Stars'?,"Hot-exciton relaxation in semiconductor nanocrystals (NCs) is often described using perturbative theories, but their accuracy is difficult to assess for realistic exciton--phonon Hamiltonians.","arXiv source: 2605.27708v1
Title: Full Quantum and Mixed Quantum--Classical Dynamics of Hot Exciton Cooling in Semiconductor Nanocrystals
Published: 2026-05-26T21:30:36Z
URL: http://arxiv.org/abs/2605.27708v1
Abstract: Hot-exciton relaxation in semiconductor nanocrystals (NCs) is often described using perturbative theories, but their accuracy is difficult to assess for realistic exciton--phonon Hamiltonians. Here, we benchmark the perturbative quantum master equation (QME) and several mixed quantum--classical (MQC) methods against fully quantum mechanical dynamics. Using atomistically parameterized models for CdSe core and CdSe/CdS core--shell NCs, we find that bare CdSe exhibits an ultrafast initial decay followed by slower cooling, whereas the core--shell system is dominated by the slower component. Analysis of reduced models shows that the ultrafast component arises from rapid diabatic state mixing driven by thermal fluctuations of low-frequency phonons, rather than from nuclear-assisted energy relaxation. The QME captures the initial fast decay but can fail for the slower relaxation in the diabatic representation, while the mapping approach to surface hopping (MASH) gives the most consistent agreement with both benchmark dynamics and equilibrium populations. These results establish a benchmark for exciton-cooling dynamics in NCs and clarify the physical regimes in which widely used approximate methods are reliable.",,incomplete,What is the main materials-science claim reported in the source titled 'Generation of Quantum Turbulence by Neutrino Cooling in Neutron Stars'?,"['arXiv source: 2605.27708v1\nTitle: Full Quantum and Mixed Quantum--Classical Dynamics of Hot Exciton Cooling in Semiconductor Nanocrystals\nPublished: 2026-05-26T21:30:36Z\nURL: http://arxiv.org/abs/2605.27708v1\nAbstract: Hot-exciton relaxation in semiconductor nanocrystals (NCs) is often described using perturbative theories, but their accuracy is difficult to assess for realistic exciton--phonon Hamiltonians. Here, we benchmark the perturbative quantum master equation (QME) and several mixed quantum--classical (MQC) methods against fully quantum mechanical dynamics. Using atomistically parameterized models for CdSe core and CdSe/CdS core--shell NCs, we find that bare CdSe exhibits an ultrafast initial decay followed by slower cooling, whereas the core--shell system is dominated by the slower component. Analysis of reduced models shows that the ultrafast component arises from rapid diabatic state mixing driven by thermal fluctuations of low-frequency phonons, rather than from nuclear-assisted energy relaxation. The QME captures the initial fast decay but can fail for the slower relaxation in the diabatic representation, while the mapping approach to surface hopping (MASH) gives the most consistent agreement with both benchmark dynamics and equilibrium populations. These results establish a benchmark for exciton-cooling dynamics in NCs and clarify the physical regimes in which widely used approximate methods are reliable.']","Hot-exciton relaxation in semiconductor nanocrystals (NCs) is often described using perturbative theories, but their accuracy is difficult to assess for realistic exciton--phonon Hamiltonians.","arXiv source: 2605.27708v1
Title: Full Quantum and Mixed Quantum--Classical Dynamics of Hot Exciton Cooling in Semiconductor Nanocrystals
Published: 2026-05-26T21:30:36Z
URL: http://arxiv.org/abs/2605.27708v1
Abstract: Hot-exciton relaxation in semiconductor nanocrystals (NCs) is often described using perturbative theories, but their accuracy is difficult to assess for realistic exciton--phonon Hamiltonians. Here, we benchmark the perturbative quantum master equation (QME) and several mixed quantum--classical (MQC) methods against fully quantum mechanical dynamics. Using atomistically parameterized models for CdSe core and CdSe/CdS core--shell NCs, we find that bare CdSe exhibits an ultrafast initial decay followed by slower cooling, whereas the core--shell system is dominated by the slower component. Analysis of reduced models shows that the ultrafast component arises from rapid diabatic state mixing driven by thermal fluctuations of low-frequency phonons, rather than from nuclear-assisted energy relaxation. The QME captures the initial fast decay but can fail for the slower relaxation in the diabatic representation, while the mapping approach to surface hopping (MASH) gives the most consistent agreement with both benchmark dynamics and equilibrium populations. These results establish a benchmark for exciton-cooling dynamics in NCs and clarify the physical regimes in which widely used approximate methods are reliable.",1.0,0.1853446430568673,,,ragas_qwen_plus,qwen-plus,1.0,
natural_arxiv_current_0159,resp_1086a5f2a9af7c8e,task_3d29e054ad544aca,natural_noisy_arxiv_v2,natural_source_linked,extractive_real_arxiv,matched_and_mismatched,natural_claim,What is the main materials-science claim reported in the source titled 'Magnetic domains reconfiguration on the Fe3O4(110) surface across the Verwey transition by Spin-Polarized Low-Energy Electron Microscopy'?,We have studied the (110) surface of Fe$_3$O$_4$ single crystals by means of spin-polarized low-energy electron microscopy (SPLEEM).,"arXiv source: 2605.31252v1
Title: Magnetic domains reconfiguration on the Fe3O4(110) surface across the Verwey transition by Spin-Polarized Low-Energy Electron Microscopy
Published: 2026-05-29T12:49:45Z
URL: http://arxiv.org/abs/2605.31252v1
Abstract: We have studied the (110) surface of Fe$_3$O$_4$ single crystals by means of spin-polarized low-energy electron microscopy (SPLEEM). After preparation by sputtering and annealing a well defined reconstructed surface was achieved, composed of rows aligned in the [010] direction. By acquiring SPLEEM images along different spin directions the vector magnetization was mapped on the surface, both at room temperature and at a temperature well below the Verwey transition. At room temperature, domains were observed with their magnetization aligned along the two <111> bulk easy axes which are in the (110) surface plane. They presented 180$^\circ$, 71$^\circ$ and 109$^\circ$ Néel-type domain walls. Below the Verwey transition, the magnetization directions changed to regions where the magnetization was oriented along the in-plane [100] and [001] directions. Those observations can be interpreted as the presence of magnetized regions on the surface where the monoclinic $c$ axis is in-plane in the former, and regions where the $c$ is out-of-plane in an oblique direction in the latter. However, the magnetization was at all times within the surface plane, with no out-of-plane component detected.",,current,What is the main materials-science claim reported in the source titled 'Magnetic domains reconfiguration on the Fe3O4(110) surface across the Verwey transition by Spin-Polarized Low-Energy Electron Microscopy'?,"['arXiv source: 2605.31252v1\nTitle: Magnetic domains reconfiguration on the Fe3O4(110) surface across the Verwey transition by Spin-Polarized Low-Energy Electron Microscopy\nPublished: 2026-05-29T12:49:45Z\nURL: http://arxiv.org/abs/2605.31252v1\nAbstract: We have studied the (110) surface of Fe$_3$O$_4$ single crystals by means of spin-polarized low-energy electron microscopy (SPLEEM). After preparation by sputtering and annealing a well defined reconstructed surface was achieved, composed of rows aligned in the [010] direction. By acquiring SPLEEM images along different spin directions the vector magnetization was mapped on the surface, both at room temperature and at a temperature well below the Verwey transition. At room temperature, domains were observed with their magnetization aligned along the two <111> bulk easy axes which are in the (110) surface plane. They presented 180$^\\circ$, 71$^\\circ$ and 109$^\\circ$ Néel-type domain walls. Below the Verwey transition, the magnetization directions changed to regions where the magnetization was oriented along the in-plane [100] and [001] directions. Those observations can be interpreted as the presence of magnetized regions on the surface where the monoclinic $c$ axis is in-plane in the former, and regions where the $c$ is out-of-plane in an oblique direction in the latter. However, the magnetization was at all times within the surface plane, with no out-of-plane component detected.']",We have studied the (110) surface of Fe$_3$O$_4$ single crystals by means of spin-polarized low-energy electron microscopy (SPLEEM).,"arXiv source: 2605.31252v1
Title: Magnetic domains reconfiguration on the Fe3O4(110) surface across the Verwey transition by Spin-Polarized Low-Energy Electron Microscopy
Published: 2026-05-29T12:49:45Z
URL: http://arxiv.org/abs/2605.31252v1
Abstract: We have studied the (110) surface of Fe$_3$O$_4$ single crystals by means of spin-polarized low-energy electron microscopy (SPLEEM). After preparation by sputtering and annealing a well defined reconstructed surface was achieved, composed of rows aligned in the [010] direction. By acquiring SPLEEM images along different spin directions the vector magnetization was mapped on the surface, both at room temperature and at a temperature well below the Verwey transition. At room temperature, domains were observed with their magnetization aligned along the two <111> bulk easy axes which are in the (110) surface plane. They presented 180$^\circ$, 71$^\circ$ and 109$^\circ$ Néel-type domain walls. Below the Verwey transition, the magnetization directions changed to regions where the magnetization was oriented along the in-plane [100] and [001] directions. Those observations can be interpreted as the presence of magnetized regions on the surface where the monoclinic $c$ axis is in-plane in the former, and regions where the $c$ is out-of-plane in an oblique direction in the latter. However, the magnetization was at all times within the surface plane, with no out-of-plane component detected.",1.0,0.6237717551882497,,,ragas_qwen_plus,qwen-plus,1.0,
natural_arxiv_current_0108,resp_10af303045d52e60,task_1051e103a3820d87,natural_noisy_arxiv_v2,natural_source_linked,extractive_real_arxiv,matched_and_mismatched,temperature,What is the main materials-science claim reported in the source titled 'Machine learning via artificial neural networks coupled with density functional theory and experiments for thermodynamic optimization of high-entropy alloys for hydrogen storage at room temperature'?,"High-entropy alloys (HEAs) have received considerable attention for hydrogen storage because of their compositional flexibility; however, designing HEAs with optimal thermodynamics is critical.","arXiv source: 2606.04803v1
Title: Machine learning via artificial neural networks coupled with density functional theory and experiments for thermodynamic optimization of high-entropy alloys for hydrogen storage at room temperature
Published: 2026-06-03T12:29:14Z
URL: http://arxiv.org/abs/2606.04803v1
Abstract: High-entropy alloys (HEAs) have received considerable attention for hydrogen storage because of their compositional flexibility; however, designing HEAs with optimal thermodynamics is critical. This study employs machine learning via artificial neural networks (ANN) and density functional theory (DFT) to design a novel AB-type TixNb2-xVCrMnFe (x = 0.5-2.0) high-entropy system for hydrogen storage at ambient temperature (A: Ti, V and Nb, and B: Cr, Mn and Fe). Both ANN and DFT predict that the hydride formation enthalpy decreases to negative values with increasing the titanium content. Two alloys with x > 1.5 are predicted to achieve enthalpies within the -25 to -39 kJ/mol range, making them appropriate for room-temperature hydrogen storage. Experiments demonstrate good agreement with the enthalpy predictions, with the Ti-rich alloys showing reversible hydrogen storage with fast kinetics at room temperature. These results provide a framework for reliable use of data analysis and ab initio calculations to explore high-entropy hydrides as hydrogen storage materials.",,current,What is the main materials-science claim reported in the source titled 'Machine learning via artificial neural networks coupled with density functional theory and experiments for thermodynamic optimization of high-entropy alloys for hydrogen storage at room temperature'?,"['arXiv source: 2606.04803v1\nTitle: Machine learning via artificial neural networks coupled with density functional theory and experiments for thermodynamic optimization of high-entropy alloys for hydrogen storage at room temperature\nPublished: 2026-06-03T12:29:14Z\nURL: http://arxiv.org/abs/2606.04803v1\nAbstract: High-entropy alloys (HEAs) have received considerable attention for hydrogen storage because of their compositional flexibility; however, designing HEAs with optimal thermodynamics is critical. This study employs machine learning via artificial neural networks (ANN) and density functional theory (DFT) to design a novel AB-type TixNb2-xVCrMnFe (x = 0.5-2.0) high-entropy system for hydrogen storage at ambient temperature (A: Ti, V and Nb, and B: Cr, Mn and Fe). Both ANN and DFT predict that the hydride formation enthalpy decreases to negative values with increasing the titanium content. Two alloys with x > 1.5 are predicted to achieve enthalpies within the -25 to -39 kJ/mol range, making them appropriate for room-temperature hydrogen storage. Experiments demonstrate good agreement with the enthalpy predictions, with the Ti-rich alloys showing reversible hydrogen storage with fast kinetics at room temperature. These results provide a framework for reliable use of data analysis and ab initio calculations to explore high-entropy hydrides as hydrogen storage materials.']","High-entropy alloys (HEAs) have received considerable attention for hydrogen storage because of their compositional flexibility; however, designing HEAs with optimal thermodynamics is critical.","arXiv source: 2606.04803v1
Title: Machine learning via artificial neural networks coupled with density functional theory and experiments for thermodynamic optimization of high-entropy alloys for hydrogen storage at room temperature
Published: 2026-06-03T12:29:14Z
URL: http://arxiv.org/abs/2606.04803v1
Abstract: High-entropy alloys (HEAs) have received considerable attention for hydrogen storage because of their compositional flexibility; however, designing HEAs with optimal thermodynamics is critical. This study employs machine learning via artificial neural networks (ANN) and density functional theory (DFT) to design a novel AB-type TixNb2-xVCrMnFe (x = 0.5-2.0) high-entropy system for hydrogen storage at ambient temperature (A: Ti, V and Nb, and B: Cr, Mn and Fe). Both ANN and DFT predict that the hydride formation enthalpy decreases to negative values with increasing the titanium content. Two alloys with x > 1.5 are predicted to achieve enthalpies within the -25 to -39 kJ/mol range, making them appropriate for room-temperature hydrogen storage. Experiments demonstrate good agreement with the enthalpy predictions, with the Ti-rich alloys showing reversible hydrogen storage with fast kinetics at room temperature. These results provide a framework for reliable use of data analysis and ab initio calculations to explore high-entropy hydrides as hydrogen storage materials.",1.0,0.5738564249589051,,,ragas_qwen_plus,qwen-plus,0.0,valid_chemical_symbols
natural_arxiv_noisy_0092,resp_11374dccf007ac35,task_dec46281d32f7152,natural_noisy_arxiv_v2,natural_source_linked,extractive_real_arxiv,matched_and_mismatched,superconductivity,What is the main materials-science claim reported in the source titled 'Effects of Band Symmetry on Spin-Dependent Transport in Noncollinear Antiferromagnetic Tunnel Junctions'?,"In conventional superconductors, Cooper pairs form in an even-parity spin-singlet state.","arXiv source: 2606.04742v1
Title: Nodal superconductivity with spin-triplet component in a noncentrosymmetric weakly-correlated metal
Published: 2026-06-03T11:23:04Z
URL: http://arxiv.org/abs/2606.04742v1
Abstract: In conventional superconductors, Cooper pairs form in an even-parity spin-singlet state. Noncentrosymmetric superconductors, which lack inversion symmetry, exhibit antisymmetric spin-orbit coupling (ASOC) that can combine even-parity spin-singlet and odd-parity spin-triplet pairs into a mixed-parity order parameter. Spin-triplet components are highly beneficial for superspintronic devices. Whether ASOC alone $-$ without strong electronic correlations $-$ is sufficient to generate a measurable triplet component remains a central open question. Here, we resolve this question in Nb$_{18}$Re$_{82}$ (Nb-Re), a weakly-correlated noncentrosymmetric metal whose superconducting pairing symmetry has been actively debated. Using low-temperature scanning tunneling spectroscopy on single crystals with four distinct crystallographic orientations, find a pronounced orientation-dependent anisotropy in the local density of states. Supported by a symmetry-constrained model, we show that the complete set of tunneling spectra requires a mixed-parity order parameter with the triplet amplitude reaching up to half of the singlet component. These results reconcile the conflicting reports in the literature on Nb-Re and demonstrate that ASOC is sufficient to foster a sizable spin-triplet component even without strong electronic correlations, suggesting that mixed-parity superconducting states may be more widespread than previously assumed. Since Nb-Re can be readily fabricated in thin-film form, these findings position it as an accessible platform for superspintronic devices and establish orientation-resolved tunneling spectroscopy as a general protocol for the detection of mixed-parity order parameters.",,incomplete,What is the main materials-science claim reported in the source titled 'Effects of Band Symmetry on Spin-Dependent Transport in Noncollinear Antiferromagnetic Tunnel Junctions'?,"['arXiv source: 2606.04742v1\nTitle: Nodal superconductivity with spin-triplet component in a noncentrosymmetric weakly-correlated metal\nPublished: 2026-06-03T11:23:04Z\nURL: http://arxiv.org/abs/2606.04742v1\nAbstract: In conventional superconductors, Cooper pairs form in an even-parity spin-singlet state. Noncentrosymmetric superconductors, which lack inversion symmetry, exhibit antisymmetric spin-orbit coupling (ASOC) that can combine even-parity spin-singlet and odd-parity spin-triplet pairs into a mixed-parity order parameter. Spin-triplet components are highly beneficial for superspintronic devices. Whether ASOC alone $-$ without strong electronic correlations $-$ is sufficient to generate a measurable triplet component remains a central open question. Here, we resolve this question in Nb$_{18}$Re$_{82}$ (Nb-Re), a weakly-correlated noncentrosymmetric metal whose superconducting pairing symmetry has been actively debated. Using low-temperature scanning tunneling spectroscopy on single crystals with four distinct crystallographic orientations, find a pronounced orientation-dependent anisotropy in the local density of states. Supported by a symmetry-constrained model, we show that the complete set of tunneling spectra requires a mixed-parity order parameter with the triplet amplitude reaching up to half of the singlet component. These results reconcile the conflicting reports in the literature on Nb-Re and demonstrate that ASOC is sufficient to foster a sizable spin-triplet component even without strong electronic correlations, suggesting that mixed-parity superconducting states may be more widespread than previously assumed. Since Nb-Re can be readily fabricated in thin-film form, these findings position it as an accessible platform for superspintronic devices and establish orientation-resolved tunneling spectroscopy as a general protocol for the detection of mixed-parity order parameters.']","In conventional superconductors, Cooper pairs form in an even-parity spin-singlet state.","arXiv source: 2606.04742v1
Title: Nodal superconductivity with spin-triplet component in a noncentrosymmetric weakly-correlated metal
Published: 2026-06-03T11:23:04Z
URL: http://arxiv.org/abs/2606.04742v1
Abstract: In conventional superconductors, Cooper pairs form in an even-parity spin-singlet state. Noncentrosymmetric superconductors, which lack inversion symmetry, exhibit antisymmetric spin-orbit coupling (ASOC) that can combine even-parity spin-singlet and odd-parity spin-triplet pairs into a mixed-parity order parameter. Spin-triplet components are highly beneficial for superspintronic devices. Whether ASOC alone $-$ without strong electronic correlations $-$ is sufficient to generate a measurable triplet component remains a central open question. Here, we resolve this question in Nb$_{18}$Re$_{82}$ (Nb-Re), a weakly-correlated noncentrosymmetric metal whose superconducting pairing symmetry has been actively debated. Using low-temperature scanning tunneling spectroscopy on single crystals with four distinct crystallographic orientations, find a pronounced orientation-dependent anisotropy in the local density of states. Supported by a symmetry-constrained model, we show that the complete set of tunneling spectra requires a mixed-parity order parameter with the triplet amplitude reaching up to half of the singlet component. These results reconcile the conflicting reports in the literature on Nb-Re and demonstrate that ASOC is sufficient to foster a sizable spin-triplet component even without strong electronic correlations, suggesting that mixed-parity superconducting states may be more widespread than previously assumed. Since Nb-Re can be readily fabricated in thin-film form, these findings position it as an accessible platform for superspintronic devices and establish orientation-resolved tunneling spectroscopy as a general protocol for the detection of mixed-parity order parameters.",1.0,0.3085397259360206,,,ragas_qwen_plus,qwen-plus,1.0,
natural_arxiv_noisy_0049,resp_1240fc3baa006b5b,task_fead016b1dec5251,natural_noisy_arxiv_v2,natural_source_linked,extractive_real_arxiv,matched_and_mismatched,pressure,What is the main materials-science claim reported in the source titled 'Hysteretic Acoustic Band Structures in Shape-Memory Composite Thin Rods'?,"The nitrogen vacancy (NV) center has emerged as a powerful quantum sensor in high-pressure research, with the observation of optically detected magnetic resonance at megabar pressures.","arXiv source: 2606.02399v1
Title: Optical Stability and Photophysics of NV Centers in Diamond up to 120 GPa
Published: 2026-06-01T15:45:43Z
URL: http://arxiv.org/abs/2606.02399v1
Abstract: The nitrogen vacancy (NV) center has emerged as a powerful quantum sensor in high-pressure research, with the observation of optically detected magnetic resonance at megabar pressures. However, some aspects of NV physics require further investigation to optimize the development of NV-based sensing under pressure. Here, we study both experimentally and theoretically the optical properties of the NV center under hydrostatic pressure. We investigate the evolution of the zero-phonon line (ZPL) position, radiative lifetimes, optical lineshapes, and photoionization thresholds of the NV center under pressures up to ~120 GPa. We also provide spectroscopic guidelines for performing high-pressure optical experiments. Our results confirm that the NV center remains a robust quantum sensor under extreme hydrostatic pressures, especially for magnetic characterization.",,incomplete,What is the main materials-science claim reported in the source titled 'Hysteretic Acoustic Band Structures in Shape-Memory Composite Thin Rods'?,"['arXiv source: 2606.02399v1\nTitle: Optical Stability and Photophysics of NV Centers in Diamond up to 120 GPa\nPublished: 2026-06-01T15:45:43Z\nURL: http://arxiv.org/abs/2606.02399v1\nAbstract: The nitrogen vacancy (NV) center has emerged as a powerful quantum sensor in high-pressure research, with the observation of optically detected magnetic resonance at megabar pressures. However, some aspects of NV physics require further investigation to optimize the development of NV-based sensing under pressure. Here, we study both experimentally and theoretically the optical properties of the NV center under hydrostatic pressure. We investigate the evolution of the zero-phonon line (ZPL) position, radiative lifetimes, optical lineshapes, and photoionization thresholds of the NV center under pressures up to ~120 GPa. We also provide spectroscopic guidelines for performing high-pressure optical experiments. Our results confirm that the NV center remains a robust quantum sensor under extreme hydrostatic pressures, especially for magnetic characterization.']","The nitrogen vacancy (NV) center has emerged as a powerful quantum sensor in high-pressure research, with the observation of optically detected magnetic resonance at megabar pressures.","arXiv source: 2606.02399v1
Title: Optical Stability and Photophysics of NV Centers in Diamond up to 120 GPa
Published: 2026-06-01T15:45:43Z
URL: http://arxiv.org/abs/2606.02399v1
Abstract: The nitrogen vacancy (NV) center has emerged as a powerful quantum sensor in high-pressure research, with the observation of optically detected magnetic resonance at megabar pressures. However, some aspects of NV physics require further investigation to optimize the development of NV-based sensing under pressure. Here, we study both experimentally and theoretically the optical properties of the NV center under hydrostatic pressure. We investigate the evolution of the zero-phonon line (ZPL) position, radiative lifetimes, optical lineshapes, and photoionization thresholds of the NV center under pressures up to ~120 GPa. We also provide spectroscopic guidelines for performing high-pressure optical experiments. Our results confirm that the NV center remains a robust quantum sensor under extreme hydrostatic pressures, especially for magnetic characterization.",1.0,0.1705226779990394,,,ragas_qwen_plus,qwen-plus,1.0,
natural_arxiv_noisy_0191,resp_1243c75136731d5e,task_125155ce1e94b1af,natural_noisy_arxiv_v2,natural_source_linked,extractive_real_arxiv,matched_and_mismatched,superconductivity,"What is the main materials-science claim reported in the source titled 'Structure, Composition, and High-Field Superconductivity in Metal-Rich $\mathrmη$-Carbide-Type Compounds'?","In magnetic confinement fusion reactors, hydrogen plasma irradiation causes material saturation and recycling, where hydrogen released from the tungsten wall significantly impacts the peripheral plasma.","arXiv source: 2606.02084v1
Title: Deep Learning-Accelerated Dynamic Kinetic Monte Carlo Simulation for Hydrogen Transport in Tungsten
Published: 2026-06-01T11:15:33Z
URL: http://arxiv.org/abs/2606.02084v1
Abstract: In magnetic confinement fusion reactors, hydrogen plasma irradiation causes material saturation and recycling, where hydrogen released from the tungsten wall significantly impacts the peripheral plasma. Kinetic Monte Carlo (kMC) simulations are essential for investigating the dynamic balance between incident and emitted fluxes at the atomic scale. However, standard kMC frameworks are inadequate for handling realistic material complexities, such as polycrystalline structures and dynamic evolution under irradiation, being computationally bottlenecked by continuous transition parameter updates. Conventionally, evaluating migration barriers in disordered systems (e.g., grain boundaries) relies on computationally prohibitive on-the-fly atomistic calculations like the Nudged Elastic Band (NEB) method. Here, we present a deep learning-accelerated Dynamic kMC framework that eliminates this reliance. Our approach integrates a three-stage deep learning pipeline: a pix2pix model for predicting local 3D potential energy distributions, a U-Net for extracting hydrogen trapping sites, and a 3D-CNN for directly evaluating migration barriers. To achieve macroscopic timescales, we implemented a hierarchical spatial index combined with a differential local-update algorithm operating in O(1) complexity. This architecture restricts recalculations to the immediate vicinity of moving atoms, accelerating updates. Demonstrated on a large-scale realistic polycrystalline tungsten model, the framework successfully reproduces preferential hydrogen trapping along grain boundaries, bridging the gap between atomic-scale accuracy and macroscopic timescales for full-scale plasma-wall interaction simulations.",,incomplete,"What is the main materials-science claim reported in the source titled 'Structure, Composition, and High-Field Superconductivity in Metal-Rich $\mathrmη$-Carbide-Type Compounds'?","['arXiv source: 2606.02084v1\nTitle: Deep Learning-Accelerated Dynamic Kinetic Monte Carlo Simulation for Hydrogen Transport in Tungsten\nPublished: 2026-06-01T11:15:33Z\nURL: http://arxiv.org/abs/2606.02084v1\nAbstract: In magnetic confinement fusion reactors, hydrogen plasma irradiation causes material saturation and recycling, where hydrogen released from the tungsten wall significantly impacts the peripheral plasma. Kinetic Monte Carlo (kMC) simulations are essential for investigating the dynamic balance between incident and emitted fluxes at the atomic scale. However, standard kMC frameworks are inadequate for handling realistic material complexities, such as polycrystalline structures and dynamic evolution under irradiation, being computationally bottlenecked by continuous transition parameter updates. Conventionally, evaluating migration barriers in disordered systems (e.g., grain boundaries) relies on computationally prohibitive on-the-fly atomistic calculations like the Nudged Elastic Band (NEB) method. Here, we present a deep learning-accelerated Dynamic kMC framework that eliminates this reliance. Our approach integrates a three-stage deep learning pipeline: a pix2pix model for predicting local 3D potential energy distributions, a U-Net for extracting hydrogen trapping sites, and a 3D-CNN for directly evaluating migration barriers. To achieve macroscopic timescales, we implemented a hierarchical spatial index combined with a differential local-update algorithm operating in O(1) complexity. This architecture restricts recalculations to the immediate vicinity of moving atoms, accelerating updates. Demonstrated on a large-scale realistic polycrystalline tungsten model, the framework successfully reproduces preferential hydrogen trapping along grain boundaries, bridging the gap between atomic-scale accuracy and macroscopic timescales for full-scale plasma-wall interaction simulations.']","In magnetic confinement fusion reactors, hydrogen plasma irradiation causes material saturation and recycling, where hydrogen released from the tungsten wall significantly impacts the peripheral plasma.","arXiv source: 2606.02084v1
Title: Deep Learning-Accelerated Dynamic Kinetic Monte Carlo Simulation for Hydrogen Transport in Tungsten
Published: 2026-06-01T11:15:33Z
URL: http://arxiv.org/abs/2606.02084v1
Abstract: In magnetic confinement fusion reactors, hydrogen plasma irradiation causes material saturation and recycling, where hydrogen released from the tungsten wall significantly impacts the peripheral plasma. Kinetic Monte Carlo (kMC) simulations are essential for investigating the dynamic balance between incident and emitted fluxes at the atomic scale. However, standard kMC frameworks are inadequate for handling realistic material complexities, such as polycrystalline structures and dynamic evolution under irradiation, being computationally bottlenecked by continuous transition parameter updates. Conventionally, evaluating migration barriers in disordered systems (e.g., grain boundaries) relies on computationally prohibitive on-the-fly atomistic calculations like the Nudged Elastic Band (NEB) method. Here, we present a deep learning-accelerated Dynamic kMC framework that eliminates this reliance. Our approach integrates a three-stage deep learning pipeline: a pix2pix model for predicting local 3D potential energy distributions, a U-Net for extracting hydrogen trapping sites, and a 3D-CNN for directly evaluating migration barriers. To achieve macroscopic timescales, we implemented a hierarchical spatial index combined with a differential local-update algorithm operating in O(1) complexity. This architecture restricts recalculations to the immediate vicinity of moving atoms, accelerating updates. Demonstrated on a large-scale realistic polycrystalline tungsten model, the framework successfully reproduces preferential hydrogen trapping along grain boundaries, bridging the gap between atomic-scale accuracy and macroscopic timescales for full-scale plasma-wall interaction simulations.",1.0,0.1699033658835599,,,ragas_qwen_plus,qwen-plus,1.0,
natural_arxiv_noisy_0103,resp_1243d0a0760d3dd2,task_3af899626a499bd0,natural_noisy_arxiv_v2,natural_source_linked,extractive_real_arxiv,matched_and_mismatched,natural_claim,What is the main materials-science claim reported in the source titled 'Mechanoluminescence in crystalline inorganic materials: local disorder and the elastic distortion hypothesis'?,"We present a reduced dimension theoretical framework for studying quantum field theories at finite density, providing a tractable model for investigating non-Fermi liquid (NFL) behavior near quantum phase transitions.","arXiv source: 2606.02534v1
Title: Reduce dimensional quantum criticality for Non-Fermi liquids
Published: 2026-06-01T17:40:05Z
URL: http://arxiv.org/abs/2606.02534v1
Abstract: We present a reduced dimension theoretical framework for studying quantum field theories at finite density, providing a tractable model for investigating non-Fermi liquid (NFL) behavior near quantum phase transitions. Our approach departs from the standard paradigm by placing bosons and fermions in different spatial dimensions: bosonic fields reside in a $(d+1)$-dimensional bulk, while fermionic fields are confined on a $d$-dimensional boundary. This dimensional separation significantly simplifies the renormalization group (RG) analysis of gapless boson-fermion coupling. We demonstrate that the tree-level boson exchange contributions, which typically exhibit logarithmic divergences, become finite in our reduced-dimension scheme. Furthermore, the $\log^2$ and $\log^3$ divergences that characterize 1-loop four-fermion interactions in conventional treatments are reduced to logarithmic divergences within this framework, substantially improving the convergence properties of the perturbative expansion and allowing controlled theoretical analysis of NFL physics.",,incomplete,What is the main materials-science claim reported in the source titled 'Mechanoluminescence in crystalline inorganic materials: local disorder and the elastic distortion hypothesis'?,"['arXiv source: 2606.02534v1\nTitle: Reduce dimensional quantum criticality for Non-Fermi liquids\nPublished: 2026-06-01T17:40:05Z\nURL: http://arxiv.org/abs/2606.02534v1\nAbstract: We present a reduced dimension theoretical framework for studying quantum field theories at finite density, providing a tractable model for investigating non-Fermi liquid (NFL) behavior near quantum phase transitions. Our approach departs from the standard paradigm by placing bosons and fermions in different spatial dimensions: bosonic fields reside in a $(d+1)$-dimensional bulk, while fermionic fields are confined on a $d$-dimensional boundary. This dimensional separation significantly simplifies the renormalization group (RG) analysis of gapless boson-fermion coupling. We demonstrate that the tree-level boson exchange contributions, which typically exhibit logarithmic divergences, become finite in our reduced-dimension scheme. Furthermore, the $\\log^2$ and $\\log^3$ divergences that characterize 1-loop four-fermion interactions in conventional treatments are reduced to logarithmic divergences within this framework, substantially improving the convergence properties of the perturbative expansion and allowing controlled theoretical analysis of NFL physics.']","We present a reduced dimension theoretical framework for studying quantum field theories at finite density, providing a tractable model for investigating non-Fermi liquid (NFL) behavior near quantum phase transitions.","arXiv source: 2606.02534v1
Title: Reduce dimensional quantum criticality for Non-Fermi liquids
Published: 2026-06-01T17:40:05Z
URL: http://arxiv.org/abs/2606.02534v1
Abstract: We present a reduced dimension theoretical framework for studying quantum field theories at finite density, providing a tractable model for investigating non-Fermi liquid (NFL) behavior near quantum phase transitions. Our approach departs from the standard paradigm by placing bosons and fermions in different spatial dimensions: bosonic fields reside in a $(d+1)$-dimensional bulk, while fermionic fields are confined on a $d$-dimensional boundary. This dimensional separation significantly simplifies the renormalization group (RG) analysis of gapless boson-fermion coupling. We demonstrate that the tree-level boson exchange contributions, which typically exhibit logarithmic divergences, become finite in our reduced-dimension scheme. Furthermore, the $\log^2$ and $\log^3$ divergences that characterize 1-loop four-fermion interactions in conventional treatments are reduced to logarithmic divergences within this framework, substantially improving the convergence properties of the perturbative expansion and allowing controlled theoretical analysis of NFL physics.",1.0,-0.0111039572767736,,,ragas_qwen_plus,qwen-plus,1.0,
natural_arxiv_current_0132,resp_12454c1ba46ad7d3,task_4057b8d32897a18c,natural_noisy_arxiv_v2,natural_source_linked,extractive_real_arxiv,matched_and_mismatched,natural_claim,What is the main materials-science claim reported in the source titled 'DPA4: Pushing the Accuracy-Cost Frontier of Interatomic Potentials with EMFA SO(2) Convolution'?,"Machine-learning interatomic potentials now approach quantum-mechanical accuracy on standard benchmarks, but the training cost of the most expressive equivariant architectures has become a serious bottleneck.","arXiv source: 2606.02419v2
Title: DPA4: Pushing the Accuracy-Cost Frontier of Interatomic Potentials with EMFA SO(2) Convolution
Published: 2026-06-01T15:59:10Z
URL: http://arxiv.org/abs/2606.02419v2
Abstract: Machine-learning interatomic potentials now approach quantum-mechanical accuracy on standard benchmarks, but the training cost of the most expressive equivariant architectures has become a serious bottleneck. We introduce DPA4, an SE(3)-equivariant interatomic-potential architecture with an EMFA (Edge-conditioned, Multi-Focus, Attention) SO(2)-equivariant convolution that combines a low-rank edge-node SO(2)-equivariant product, a multi-focus design for message nonlinearity, and envelope-gated attention for message aggregation. A Lebedev-grid projection further preserves SO(3)-equivariance in the nonlinearity to machine precision. A compiler-friendly conservative energy-gradient training path provides up to $\sim$3 times wall-clock speedup under torch compile. On the compliant Matbench Discovery benchmark, DPA4-Pro attains the best Combined Performance Score (CPS) on the leaderboard, while the 2.76M-parameter DPA4-Air exceeds the accuracy of the 30.1M-parameter eSEN-30M-MP baseline with 10.9$\times$ fewer parameters and 42.9$\times$ less training compute. On SPICE-MACE-OFF, the 5.4M-parameter DPA4-Plus lowers the aggregate molecular energy and force errors of the 6.5M-parameter eSEN baseline by 29% and 30%, while the 2.7M-parameter DPA4-Air still surpasses that baseline with $\sim$2.4$\times$ fewer parameters. Together these results place DPA4 on a new accuracy-cost Pareto frontier on Matbench Discovery and position it as a strong candidate backbone for future multi-task large atomistic model (LAM) pretraining.",,current,What is the main materials-science claim reported in the source titled 'DPA4: Pushing the Accuracy-Cost Frontier of Interatomic Potentials with EMFA SO(2) Convolution'?,"['arXiv source: 2606.02419v2\nTitle: DPA4: Pushing the Accuracy-Cost Frontier of Interatomic Potentials with EMFA SO(2) Convolution\nPublished: 2026-06-01T15:59:10Z\nURL: http://arxiv.org/abs/2606.02419v2\nAbstract: Machine-learning interatomic potentials now approach quantum-mechanical accuracy on standard benchmarks, but the training cost of the most expressive equivariant architectures has become a serious bottleneck. We introduce DPA4, an SE(3)-equivariant interatomic-potential architecture with an EMFA (Edge-conditioned, Multi-Focus, Attention) SO(2)-equivariant convolution that combines a low-rank edge-node SO(2)-equivariant product, a multi-focus design for message nonlinearity, and envelope-gated attention for message aggregation. A Lebedev-grid projection further preserves SO(3)-equivariance in the nonlinearity to machine precision. A compiler-friendly conservative energy-gradient training path provides up to $\\sim$3 times wall-clock speedup under torch compile. On the compliant Matbench Discovery benchmark, DPA4-Pro attains the best Combined Performance Score (CPS) on the leaderboard, while the 2.76M-parameter DPA4-Air exceeds the accuracy of the 30.1M-parameter eSEN-30M-MP baseline with 10.9$\\times$ fewer parameters and 42.9$\\times$ less training compute. On SPICE-MACE-OFF, the 5.4M-parameter DPA4-Plus lowers the aggregate molecular energy and force errors of the 6.5M-parameter eSEN baseline by 29% and 30%, while the 2.7M-parameter DPA4-Air still surpasses that baseline with $\\sim$2.4$\\times$ fewer parameters. Together these results place DPA4 on a new accuracy-cost Pareto frontier on Matbench Discovery and position it as a strong candidate backbone for future multi-task large atomistic model (LAM) pretraining.']","Machine-learning interatomic potentials now approach quantum-mechanical accuracy on standard benchmarks, but the training cost of the most expressive equivariant architectures has become a serious bottleneck.","arXiv source: 2606.02419v2
Title: DPA4: Pushing the Accuracy-Cost Frontier of Interatomic Potentials with EMFA SO(2) Convolution
Published: 2026-06-01T15:59:10Z
URL: http://arxiv.org/abs/2606.02419v2
Abstract: Machine-learning interatomic potentials now approach quantum-mechanical accuracy on standard benchmarks, but the training cost of the most expressive equivariant architectures has become a serious bottleneck. We introduce DPA4, an SE(3)-equivariant interatomic-potential architecture with an EMFA (Edge-conditioned, Multi-Focus, Attention) SO(2)-equivariant convolution that combines a low-rank edge-node SO(2)-equivariant product, a multi-focus design for message nonlinearity, and envelope-gated attention for message aggregation. A Lebedev-grid projection further preserves SO(3)-equivariance in the nonlinearity to machine precision. A compiler-friendly conservative energy-gradient training path provides up to $\sim$3 times wall-clock speedup under torch compile. On the compliant Matbench Discovery benchmark, DPA4-Pro attains the best Combined Performance Score (CPS) on the leaderboard, while the 2.76M-parameter DPA4-Air exceeds the accuracy of the 30.1M-parameter eSEN-30M-MP baseline with 10.9$\times$ fewer parameters and 42.9$\times$ less training compute. On SPICE-MACE-OFF, the 5.4M-parameter DPA4-Plus lowers the aggregate molecular energy and force errors of the 6.5M-parameter eSEN baseline by 29% and 30%, while the 2.7M-parameter DPA4-Air still surpasses that baseline with $\sim$2.4$\times$ fewer parameters. Together these results place DPA4 on a new accuracy-cost Pareto frontier on Matbench Discovery and position it as a strong candidate backbone for future multi-task large atomistic model (LAM) pretraining.",1.0,0.284841812130314,,,ragas_qwen_plus,qwen-plus,1.0,
natural_arxiv_current_0016,resp_12b7129dd5f51d88,task_f6d64ed1a5f1fdf0,natural_noisy_arxiv_v2,natural_source_linked,extractive_real_arxiv,matched_and_mismatched,natural_claim,What is the main materials-science claim reported in the source titled 'Ferroelectric hysteresis in singly aligned graphene-hBN moiré superlattices'?,Ferroelectric materials have the unique ability to maintain an electric polarization which can be reversed under an external applied electric field.,"arXiv source: 2606.02338v1
Title: Ferroelectric hysteresis in singly aligned graphene-hBN moiré superlattices
Published: 2026-06-01T14:47:04Z
URL: http://arxiv.org/abs/2606.02338v1
Abstract: Ferroelectric materials have the unique ability to maintain an electric polarization which can be reversed under an external applied electric field. This property makes them valuable for applications such as non-volatile random-access memories, transducers, actuators and electro optic modulators. Recently, emergent unconventional ferroelectricity has been demonstrated in moiré superlattices of bilayer graphene and hexagonal boron nitride (hBN) hosting non centrosymmetric stacking order. Whether this phenomenon is also present in noncentrosymmetric single layer graphene (SLG)-hBN moiré superlattices is still under debate. Here we demonstrate a ferroelectric response in an SLG-hBN moiré superlattice. Through Hall measurements, we pinpoint the origin of the hysteretic behavior to abnormal charge screening due to the moiré superlattice band and estimate the spontaneous polarization magnitude in the moiré superlattice structure. Temperature dependent measurements confirm that the hysteretic behavior persists from 2K up to room temperature, opening opportunities for high-mobility, ultrathin non-volatile devices",,current,What is the main materials-science claim reported in the source titled 'Ferroelectric hysteresis in singly aligned graphene-hBN moiré superlattices'?,"['arXiv source: 2606.02338v1\nTitle: Ferroelectric hysteresis in singly aligned graphene-hBN moiré superlattices\nPublished: 2026-06-01T14:47:04Z\nURL: http://arxiv.org/abs/2606.02338v1\nAbstract: Ferroelectric materials have the unique ability to maintain an electric polarization which can be reversed under an external applied electric field. This property makes them valuable for applications such as non-volatile random-access memories, transducers, actuators and electro optic modulators. Recently, emergent unconventional ferroelectricity has been demonstrated in moiré superlattices of bilayer graphene and hexagonal boron nitride (hBN) hosting non centrosymmetric stacking order. Whether this phenomenon is also present in noncentrosymmetric single layer graphene (SLG)-hBN moiré superlattices is still under debate. Here we demonstrate a ferroelectric response in an SLG-hBN moiré superlattice. Through Hall measurements, we pinpoint the origin of the hysteretic behavior to abnormal charge screening due to the moiré superlattice band and estimate the spontaneous polarization magnitude in the moiré superlattice structure. Temperature dependent measurements confirm that the hysteretic behavior persists from 2K up to room temperature, opening opportunities for high-mobility, ultrathin non-volatile devices']",Ferroelectric materials have the unique ability to maintain an electric polarization which can be reversed under an external applied electric field.,"arXiv source: 2606.02338v1
Title: Ferroelectric hysteresis in singly aligned graphene-hBN moiré superlattices
Published: 2026-06-01T14:47:04Z
URL: http://arxiv.org/abs/2606.02338v1
Abstract: Ferroelectric materials have the unique ability to maintain an electric polarization which can be reversed under an external applied electric field. This property makes them valuable for applications such as non-volatile random-access memories, transducers, actuators and electro optic modulators. Recently, emergent unconventional ferroelectricity has been demonstrated in moiré superlattices of bilayer graphene and hexagonal boron nitride (hBN) hosting non centrosymmetric stacking order. Whether this phenomenon is also present in noncentrosymmetric single layer graphene (SLG)-hBN moiré superlattices is still under debate. Here we demonstrate a ferroelectric response in an SLG-hBN moiré superlattice. Through Hall measurements, we pinpoint the origin of the hysteretic behavior to abnormal charge screening due to the moiré superlattice band and estimate the spontaneous polarization magnitude in the moiré superlattice structure. Temperature dependent measurements confirm that the hysteretic behavior persists from 2K up to room temperature, opening opportunities for high-mobility, ultrathin non-volatile devices",1.0,0.5262429851201815,,,ragas_qwen_plus,qwen-plus,1.0,
natural_arxiv_noisy_0027,resp_1300c1f0af89b85f,task_47ccc4ba7c7caa54,natural_noisy_arxiv_v2,natural_source_linked,extractive_real_arxiv,matched_and_mismatched,natural_claim,"What is the main materials-science claim reported in the source titled 'Quantized orbital and spin Hall transport: interplay between $sp$-hybridization, altermagnetism and spin-orbit coupling'?",We performed numerical (restricted) path integral Monte Carlo experiments on metallic Hydrogen from first principles.,"arXiv source: 2606.04667v1
Title: Electron-Ion Path Integral Monte Carlo with Hard Core
Published: 2026-06-03T09:45:40Z
URL: http://arxiv.org/abs/2606.04667v1
Abstract: We performed numerical (restricted) path integral Monte Carlo experiments on metallic Hydrogen from first principles. We study a quantum two component plasma where one component is made of pointwise particles of negative unitary charge and the other is made of charged hard spheres of positive unitary charge. We study both the additive mixture and a nonadditive mixture where we only keep a hard core between unlike species. We specialize to the case of the electron-proton plasma with a 1:1 ratios between the molar fraction of the two species. We measured thermodynamic and structural properties of the plasma. From an analysis of the structure we see a transition from a metallic Hydrogen phase, to a molecular Hydrogen phase as the temperature is lowered. As expected at high density the correlations are diminished.",,incomplete,"What is the main materials-science claim reported in the source titled 'Quantized orbital and spin Hall transport: interplay between $sp$-hybridization, altermagnetism and spin-orbit coupling'?","['arXiv source: 2606.04667v1\nTitle: Electron-Ion Path Integral Monte Carlo with Hard Core\nPublished: 2026-06-03T09:45:40Z\nURL: http://arxiv.org/abs/2606.04667v1\nAbstract: We performed numerical (restricted) path integral Monte Carlo experiments on metallic Hydrogen from first principles. We study a quantum two component plasma where one component is made of pointwise particles of negative unitary charge and the other is made of charged hard spheres of positive unitary charge. We study both the additive mixture and a nonadditive mixture where we only keep a hard core between unlike species. We specialize to the case of the electron-proton plasma with a 1:1 ratios between the molar fraction of the two species. We measured thermodynamic and structural properties of the plasma. From an analysis of the structure we see a transition from a metallic Hydrogen phase, to a molecular Hydrogen phase as the temperature is lowered. As expected at high density the correlations are diminished.']",We performed numerical (restricted) path integral Monte Carlo experiments on metallic Hydrogen from first principles.,"arXiv source: 2606.04667v1
Title: Electron-Ion Path Integral Monte Carlo with Hard Core
Published: 2026-06-03T09:45:40Z
URL: http://arxiv.org/abs/2606.04667v1
Abstract: We performed numerical (restricted) path integral Monte Carlo experiments on metallic Hydrogen from first principles. We study a quantum two component plasma where one component is made of pointwise particles of negative unitary charge and the other is made of charged hard spheres of positive unitary charge. We study both the additive mixture and a nonadditive mixture where we only keep a hard core between unlike species. We specialize to the case of the electron-proton plasma with a 1:1 ratios between the molar fraction of the two species. We measured thermodynamic and structural properties of the plasma. From an analysis of the structure we see a transition from a metallic Hydrogen phase, to a molecular Hydrogen phase as the temperature is lowered. As expected at high density the correlations are diminished.",1.0,0.2442613365267814,,,ragas_qwen_plus,qwen-plus,1.0,
natural_arxiv_noisy_0177,resp_1318fefae6113d4a,task_0e9850b1e2b585a2,natural_noisy_arxiv_v2,natural_source_linked,extractive_real_arxiv,matched_and_mismatched,temperature,What is the main materials-science claim reported in the source titled 'Probing pairing symmetries through quasiparticle interference in chiral Bloch bands'?,"Macroscopic quantum coherence in solids, such as in superfluids, superconductors, and condensates, is generally limited to low temperatures because order forms within a fixed excitation spectrum whose competing states become thermally populated as temperature rises.","arXiv source: 2606.04187v1
Title: Emergence of Macroscopic Quantum Order via Translational Zero Modes
Published: 2026-06-02T20:12:57Z
URL: http://arxiv.org/abs/2606.04187v1
Abstract: Macroscopic quantum coherence in solids, such as in superfluids, superconductors, and condensates, is generally limited to low temperatures because order forms within a fixed excitation spectrum whose competing states become thermally populated as temperature rises. Here, we show that strong coupling between electronic excitations and a deformable lattice enables a different route. Above a critical density, this coupling nucleates self generated confining potentials that trap the very excitations generating them. Unlike rigid external traps, these potentials can translate through the host lattice without changing their internal structure, defining a translational zero mode. Coupling to this zero mode provides a shared dynamical coordinate that lowers and isolates a single collective many body configuration, opening a density dependent gap that suppresses thermal occupation of competing states and supports off diagonal long range order at elevated temperatures. As a concrete realization, we identify high-temperature superfluorescence in lead halide perovskites as the radiative instability of this zero mode dressed ordered excitonic state. More broadly, this establishes a general route to macroscopic quantum order: not cooling within a fixed spectrum, nor pairing instabilities, but a self generated mobile confining structure whose translational zero mode reconstructs the many-body spectrum to protect coherence.",,incomplete,What is the main materials-science claim reported in the source titled 'Probing pairing symmetries through quasiparticle interference in chiral Bloch bands'?,"['arXiv source: 2606.04187v1\nTitle: Emergence of Macroscopic Quantum Order via Translational Zero Modes\nPublished: 2026-06-02T20:12:57Z\nURL: http://arxiv.org/abs/2606.04187v1\nAbstract: Macroscopic quantum coherence in solids, such as in superfluids, superconductors, and condensates, is generally limited to low temperatures because order forms within a fixed excitation spectrum whose competing states become thermally populated as temperature rises. Here, we show that strong coupling between electronic excitations and a deformable lattice enables a different route. Above a critical density, this coupling nucleates self generated confining potentials that trap the very excitations generating them. Unlike rigid external traps, these potentials can translate through the host lattice without changing their internal structure, defining a translational zero mode. Coupling to this zero mode provides a shared dynamical coordinate that lowers and isolates a single collective many body configuration, opening a density dependent gap that suppresses thermal occupation of competing states and supports off diagonal long range order at elevated temperatures. As a concrete realization, we identify high-temperature superfluorescence in lead halide perovskites as the radiative instability of this zero mode dressed ordered excitonic state. More broadly, this establishes a general route to macroscopic quantum order: not cooling within a fixed spectrum, nor pairing instabilities, but a self generated mobile confining structure whose translational zero mode reconstructs the many-body spectrum to protect coherence.']","Macroscopic quantum coherence in solids, such as in superfluids, superconductors, and condensates, is generally limited to low temperatures because order forms within a fixed excitation spectrum whose competing states become thermally populated as temperature rises.","arXiv source: 2606.04187v1
Title: Emergence of Macroscopic Quantum Order via Translational Zero Modes
Published: 2026-06-02T20:12:57Z
URL: http://arxiv.org/abs/2606.04187v1
Abstract: Macroscopic quantum coherence in solids, such as in superfluids, superconductors, and condensates, is generally limited to low temperatures because order forms within a fixed excitation spectrum whose competing states become thermally populated as temperature rises. Here, we show that strong coupling between electronic excitations and a deformable lattice enables a different route. Above a critical density, this coupling nucleates self generated confining potentials that trap the very excitations generating them. Unlike rigid external traps, these potentials can translate through the host lattice without changing their internal structure, defining a translational zero mode. Coupling to this zero mode provides a shared dynamical coordinate that lowers and isolates a single collective many body configuration, opening a density dependent gap that suppresses thermal occupation of competing states and supports off diagonal long range order at elevated temperatures. As a concrete realization, we identify high-temperature superfluorescence in lead halide perovskites as the radiative instability of this zero mode dressed ordered excitonic state. More broadly, this establishes a general route to macroscopic quantum order: not cooling within a fixed spectrum, nor pairing instabilities, but a self generated mobile confining structure whose translational zero mode reconstructs the many-body spectrum to protect coherence.",1.0,0.3031768890157493,,,ragas_qwen_plus,qwen-plus,1.0,
natural_arxiv_current_0217,resp_134c9a14b1e3a35b,task_ee5ac6e94dcc3337,natural_noisy_arxiv_v2,natural_source_linked,extractive_real_arxiv,matched_and_mismatched,superconductivity,What is the main materials-science claim reported in the source titled 'Impact of Stoichiometry of MoSi Thin Films for Enhanced Sensitivity of Superconducting Nanowire Single-Photon Detectors'?,We report on the impact of the stoichiometry of superconducting MoSi thin films on the performance of superconducting nanowire single-photon detectors (SNSPDs).,"arXiv source: 2605.27179v1
Title: Impact of Stoichiometry of MoSi Thin Films for Enhanced Sensitivity of Superconducting Nanowire Single-Photon Detectors
Published: 2026-05-26T15:33:54Z
URL: http://arxiv.org/abs/2605.27179v1
Abstract: We report on the impact of the stoichiometry of superconducting MoSi thin films on the performance of superconducting nanowire single-photon detectors (SNSPDs). Specifically, we investigate the relation between the film parameters critical temperature Tc , sheet resistance Rs and superconductor thickness d and observe a universal scaling behavior. To benchmark the performance of SNSPDs fabricated from films having different stoichiometry, we measure the bias dependent count rate curves, while the detector is illuminated with wavelengths between 780 nm and 1550 nm. The detector performance as a function photon energy for different nanowire widths reveals a linear relation between the detection current and the photon energy. Furthermore, we determine the interfacial thermal boundary conductance $β$ between the superconducting thin film and the substrate, by measuring the return current of the SNSPD and find an increase of $β$ with increasing Mo concentration. The highest sensitivity amongst all compared devices is achieved for Mo$_{0.53}$Si$_{0.47}$, with low Tc (4.1 K) and high Rs (397$Ω$/sq) at a film thickness of 5.4 nm.",,current,What is the main materials-science claim reported in the source titled 'Impact of Stoichiometry of MoSi Thin Films for Enhanced Sensitivity of Superconducting Nanowire Single-Photon Detectors'?,"['arXiv source: 2605.27179v1\nTitle: Impact of Stoichiometry of MoSi Thin Films for Enhanced Sensitivity of Superconducting Nanowire Single-Photon Detectors\nPublished: 2026-05-26T15:33:54Z\nURL: http://arxiv.org/abs/2605.27179v1\nAbstract: We report on the impact of the stoichiometry of superconducting MoSi thin films on the performance of superconducting nanowire single-photon detectors (SNSPDs). Specifically, we investigate the relation between the film parameters critical temperature Tc , sheet resistance Rs and superconductor thickness d and observe a universal scaling behavior. To benchmark the performance of SNSPDs fabricated from films having different stoichiometry, we measure the bias dependent count rate curves, while the detector is illuminated with wavelengths between 780 nm and 1550 nm. The detector performance as a function photon energy for different nanowire widths reveals a linear relation between the detection current and the photon energy. Furthermore, we determine the interfacial thermal boundary conductance $β$ between the superconducting thin film and the substrate, by measuring the return current of the SNSPD and find an increase of $β$ with increasing Mo concentration. The highest sensitivity amongst all compared devices is achieved for Mo$_{0.53}$Si$_{0.47}$, with low Tc (4.1 K) and high Rs (397$Ω$/sq) at a film thickness of 5.4 nm.']",We report on the impact of the stoichiometry of superconducting MoSi thin films on the performance of superconducting nanowire single-photon detectors (SNSPDs).,"arXiv source: 2605.27179v1
Title: Impact of Stoichiometry of MoSi Thin Films for Enhanced Sensitivity of Superconducting Nanowire Single-Photon Detectors
Published: 2026-05-26T15:33:54Z
URL: http://arxiv.org/abs/2605.27179v1
Abstract: We report on the impact of the stoichiometry of superconducting MoSi thin films on the performance of superconducting nanowire single-photon detectors (SNSPDs). Specifically, we investigate the relation between the film parameters critical temperature Tc , sheet resistance Rs and superconductor thickness d and observe a universal scaling behavior. To benchmark the performance of SNSPDs fabricated from films having different stoichiometry, we measure the bias dependent count rate curves, while the detector is illuminated with wavelengths between 780 nm and 1550 nm. The detector performance as a function photon energy for different nanowire widths reveals a linear relation between the detection current and the photon energy. Furthermore, we determine the interfacial thermal boundary conductance $β$ between the superconducting thin film and the substrate, by measuring the return current of the SNSPD and find an increase of $β$ with increasing Mo concentration. The highest sensitivity amongst all compared devices is achieved for Mo$_{0.53}$Si$_{0.47}$, with low Tc (4.1 K) and high Rs (397$Ω$/sq) at a film thickness of 5.4 nm.",1.0,0.8752349147200105,,,ragas_qwen_plus,qwen-plus,0.0,valid_chemical_symbols
natural_arxiv_current_0081,resp_137e810d8f2ba470,task_7f9c54fa233753e5,natural_noisy_arxiv_v2,natural_source_linked,extractive_real_arxiv,matched_and_mismatched,natural_claim,What is the main materials-science claim reported in the source titled 'Anharmonic Quantum Transport Analysis of Thermal Transport Anomalies in Ultrathin Silicon Nanowires'?,"Thermal transport in low-dimensional semiconductors is crucial for advancing thermal management in nanoelectronics, quantum devices, and thermoelectric devices.","arXiv source: 2605.26529v1
Title: Anharmonic Quantum Transport Analysis of Thermal Transport Anomalies in Ultrathin Silicon Nanowires
Published: 2026-05-26T04:20:03Z
URL: http://arxiv.org/abs/2605.26529v1
Abstract: Thermal transport in low-dimensional semiconductors is crucial for advancing thermal management in nanoelectronics, quantum devices, and thermoelectric devices. Recent molecular dynamics (MD) studies have identified a nonmonotonic dependence of thermal conductivity (k) on diameter in ultrathin silicon nanowires (NWs). However, classical MD methods are limited at low temperatures and in strongly confined regimes. This work introduces a fully quantum-mechanical perspective on this anomaly by employing anharmonic non-equilibrium Green's function (NEGF) simulations combined with density-functional-theory-trained neuroevolution potentials. For [001]- and [110]-oriented NWs, k decreases with diameter d to a minimum at d_c = 6.24 nm and 5.50 nm, respectively, then rises with d, for a temperature range of 10-300 K. At room temperature, this behavior arises from dominant momentum-conserving normal scattering relative to Umklapp processes in confined regimes, thereby enabling Poiseuille-like hydrodynamic phonon flow that competes with boundary scattering. At cryogenic temperatures, strong radial confinement quantizes the phonon spectrum, and only low-frequency phonons (< 2 THz) significantly contribute to heat transport through quasi-ballistic propagation of long-wavelength modes, as demonstrated by the spectral thermal conductance. In contrast to classical MD, which is inaccurate at low temperatures due to overexcitation of high-frequency vibrations by Boltzmann statistics, neglect of quantum suppression, and overestimation of thermal conductivity in thinner NWs with stronger quantum confinement, the NEGF framework provides quantitative accuracy even at low temperatures, such as 10 K.",,current,What is the main materials-science claim reported in the source titled 'Anharmonic Quantum Transport Analysis of Thermal Transport Anomalies in Ultrathin Silicon Nanowires'?,"[""arXiv source: 2605.26529v1\nTitle: Anharmonic Quantum Transport Analysis of Thermal Transport Anomalies in Ultrathin Silicon Nanowires\nPublished: 2026-05-26T04:20:03Z\nURL: http://arxiv.org/abs/2605.26529v1\nAbstract: Thermal transport in low-dimensional semiconductors is crucial for advancing thermal management in nanoelectronics, quantum devices, and thermoelectric devices. Recent molecular dynamics (MD) studies have identified a nonmonotonic dependence of thermal conductivity (k) on diameter in ultrathin silicon nanowires (NWs). However, classical MD methods are limited at low temperatures and in strongly confined regimes. This work introduces a fully quantum-mechanical perspective on this anomaly by employing anharmonic non-equilibrium Green's function (NEGF) simulations combined with density-functional-theory-trained neuroevolution potentials. For [001]- and [110]-oriented NWs, k decreases with diameter d to a minimum at d_c = 6.24 nm and 5.50 nm, respectively, then rises with d, for a temperature range of 10-300 K. At room temperature, this behavior arises from dominant momentum-conserving normal scattering relative to Umklapp processes in confined regimes, thereby enabling Poiseuille-like hydrodynamic phonon flow that competes with boundary scattering. At cryogenic temperatures, strong radial confinement quantizes the phonon spectrum, and only low-frequency phonons (< 2 THz) significantly contribute to heat transport through quasi-ballistic propagation of long-wavelength modes, as demonstrated by the spectral thermal conductance. In contrast to classical MD, which is inaccurate at low temperatures due to overexcitation of high-frequency vibrations by Boltzmann statistics, neglect of quantum suppression, and overestimation of thermal conductivity in thinner NWs with stronger quantum confinement, the NEGF framework provides quantitative accuracy even at low temperatures, such as 10 K.""]","Thermal transport in low-dimensional semiconductors is crucial for advancing thermal management in nanoelectronics, quantum devices, and thermoelectric devices.","arXiv source: 2605.26529v1
Title: Anharmonic Quantum Transport Analysis of Thermal Transport Anomalies in Ultrathin Silicon Nanowires
Published: 2026-05-26T04:20:03Z
URL: http://arxiv.org/abs/2605.26529v1
Abstract: Thermal transport in low-dimensional semiconductors is crucial for advancing thermal management in nanoelectronics, quantum devices, and thermoelectric devices. Recent molecular dynamics (MD) studies have identified a nonmonotonic dependence of thermal conductivity (k) on diameter in ultrathin silicon nanowires (NWs). However, classical MD methods are limited at low temperatures and in strongly confined regimes. This work introduces a fully quantum-mechanical perspective on this anomaly by employing anharmonic non-equilibrium Green's function (NEGF) simulations combined with density-functional-theory-trained neuroevolution potentials. For [001]- and [110]-oriented NWs, k decreases with diameter d to a minimum at d_c = 6.24 nm and 5.50 nm, respectively, then rises with d, for a temperature range of 10-300 K. At room temperature, this behavior arises from dominant momentum-conserving normal scattering relative to Umklapp processes in confined regimes, thereby enabling Poiseuille-like hydrodynamic phonon flow that competes with boundary scattering. At cryogenic temperatures, strong radial confinement quantizes the phonon spectrum, and only low-frequency phonons (< 2 THz) significantly contribute to heat transport through quasi-ballistic propagation of long-wavelength modes, as demonstrated by the spectral thermal conductance. In contrast to classical MD, which is inaccurate at low temperatures due to overexcitation of high-frequency vibrations by Boltzmann statistics, neglect of quantum suppression, and overestimation of thermal conductivity in thinner NWs with stronger quantum confinement, the NEGF framework provides quantitative accuracy even at low temperatures, such as 10 K.",1.0,0.5615550620574703,,,ragas_qwen_plus,qwen-plus,1.0,
natural_arxiv_current_0051,resp_13d6ac3dca729ab9,task_89e0e59b3b679e43,natural_noisy_arxiv_v2,natural_source_linked,extractive_real_arxiv,matched_and_mismatched,stability,What is the main materials-science claim reported in the source titled 'Carrier Localization in Pnictogen-Based Chalcohalides from Defect-Bound Hot Polarons'?,"Pnictogen-based solar absorbers have gained prominence as promising nontoxic and stable alternatives to lead-halide perovskites (LHPs), but are severely limited by carrier localization, preventing their performance from approaching those of LHPs.","arXiv source: 2605.29925v1
Title: Carrier Localization in Pnictogen-Based Chalcohalides from Defect-Bound Hot Polarons
Published: 2026-05-28T13:38:54Z
URL: http://arxiv.org/abs/2605.29925v1
Abstract: Pnictogen-based solar absorbers have gained prominence as promising nontoxic and stable alternatives to lead-halide perovskites (LHPs), but are severely limited by carrier localization, preventing their performance from approaching those of LHPs. Recent efforts have uncovered routes to overcome carrier localization, but these early efforts only considered intrinsic factors. Herein, we push beyond these limited early efforts, examining the role of defects, not only on cold carriers but also hot carriers. Focusing on the structurally one-dimensional pnictogen chalcohalide BiSBr, we find that whilst this material intrinsically does not exhibit carrier localization, vacancies introduced during synthesis or post-treatment lead to pronounced extrinsic self-trapping via the formation of defect-bound hot polarons-excited charge-carriers strongly coupled to local defect-induced vibrational modes. These above-gap defect states divert hot carriers from cooling to the band edge, thus depleting the mobile carrier population. Our findings establish the key role of defect-bound hot polarons in mediating extrinsic localization and offer new mechanistic insights into the interplay between defects, lattice coupling, and excited-state charge-carrier transport, which are critical to designing efficient perovskite-inspired solar absorbers.",,current,What is the main materials-science claim reported in the source titled 'Carrier Localization in Pnictogen-Based Chalcohalides from Defect-Bound Hot Polarons'?,"['arXiv source: 2605.29925v1\nTitle: Carrier Localization in Pnictogen-Based Chalcohalides from Defect-Bound Hot Polarons\nPublished: 2026-05-28T13:38:54Z\nURL: http://arxiv.org/abs/2605.29925v1\nAbstract: Pnictogen-based solar absorbers have gained prominence as promising nontoxic and stable alternatives to lead-halide perovskites (LHPs), but are severely limited by carrier localization, preventing their performance from approaching those of LHPs. Recent efforts have uncovered routes to overcome carrier localization, but these early efforts only considered intrinsic factors. Herein, we push beyond these limited early efforts, examining the role of defects, not only on cold carriers but also hot carriers. Focusing on the structurally one-dimensional pnictogen chalcohalide BiSBr, we find that whilst this material intrinsically does not exhibit carrier localization, vacancies introduced during synthesis or post-treatment lead to pronounced extrinsic self-trapping via the formation of defect-bound hot polarons-excited charge-carriers strongly coupled to local defect-induced vibrational modes. These above-gap defect states divert hot carriers from cooling to the band edge, thus depleting the mobile carrier population. Our findings establish the key role of defect-bound hot polarons in mediating extrinsic localization and offer new mechanistic insights into the interplay between defects, lattice coupling, and excited-state charge-carrier transport, which are critical to designing efficient perovskite-inspired solar absorbers.']","Pnictogen-based solar absorbers have gained prominence as promising nontoxic and stable alternatives to lead-halide perovskites (LHPs), but are severely limited by carrier localization, preventing their performance from approaching those of LHPs.","arXiv source: 2605.29925v1
Title: Carrier Localization in Pnictogen-Based Chalcohalides from Defect-Bound Hot Polarons
Published: 2026-05-28T13:38:54Z
URL: http://arxiv.org/abs/2605.29925v1
Abstract: Pnictogen-based solar absorbers have gained prominence as promising nontoxic and stable alternatives to lead-halide perovskites (LHPs), but are severely limited by carrier localization, preventing their performance from approaching those of LHPs. Recent efforts have uncovered routes to overcome carrier localization, but these early efforts only considered intrinsic factors. Herein, we push beyond these limited early efforts, examining the role of defects, not only on cold carriers but also hot carriers. Focusing on the structurally one-dimensional pnictogen chalcohalide BiSBr, we find that whilst this material intrinsically does not exhibit carrier localization, vacancies introduced during synthesis or post-treatment lead to pronounced extrinsic self-trapping via the formation of defect-bound hot polarons-excited charge-carriers strongly coupled to local defect-induced vibrational modes. These above-gap defect states divert hot carriers from cooling to the band edge, thus depleting the mobile carrier population. Our findings establish the key role of defect-bound hot polarons in mediating extrinsic localization and offer new mechanistic insights into the interplay between defects, lattice coupling, and excited-state charge-carrier transport, which are critical to designing efficient perovskite-inspired solar absorbers.",1.0,0.3592155521911749,,,ragas_qwen_plus,qwen-plus,0.0,valid_chemical_symbols
natural_arxiv_current_0063,resp_143716e1bbb498df,task_448b56cc75562d36,natural_noisy_arxiv_v2,natural_source_linked,extractive_real_arxiv,matched_and_mismatched,stability,What is the main materials-science claim reported in the source titled 'Taming quantum interference: a route to high electrical conductance in carbon nanotube assemblies'?,"Ultimately, this work turns microscopic interference mechanisms into design principles for high-conductance, field-stable CNT conductors.","arXiv source: 2605.28250v1
Title: Taming quantum interference: a route to high electrical conductance in carbon nanotube assemblies
Published: 2026-05-27T10:00:52Z
URL: http://arxiv.org/abs/2605.28250v1
Abstract: Miniaturized electronics require lightweight conductors that maintain high conductance under demanding conditions. CNT networks are promising candidates, but their transport is governed by inter-nanotube junctions where electron waves interfere. Controlling this interference requires understanding how junction architecture shapes transmission. We explore coherent transport through experimentally relevant junctions, from single and multiple single-walled CNT (SWCNT) contacts to double-walled CNT (DWCNT) and triple-walled CNT (TWCNT) junctions, with atomistic tight-binding non-equilibrium Green's-function calculations, also under a perpendicular magnetic field. We use analytically solvable minimal models to identify transport regimes expected for quasi-1D nanoscale junctions, and an electron-waveguide picture to interpret their CNT-specific manifestations. For single SWCNT--SWCNT junctions, high-transmission windows are set mainly by overlap length, doping and magnetic field. Gateway states can enhance conductance when some CNT subbands are gapped, and in some cases a magnetic field can restore transmission by lifting an interference blockade. In more complex architectures, added paths become selective: multi-junctions generate resonant filtering, while additional walls redistribute transmission instead of acting as independent channels. DWCNT junctions remain outer-wall dominated and SWCNT-like, whereas TWCNT junctions become genuinely multi-channel and more field-sensitive. This explains the lower, more field-sensitive conductance of multi-walled CNT (MWCNT) fibres, in accord with our ultrahigh-field measurements on SWCNT and MWCNT fibres. Ultimately, this work turns microscopic interference mechanisms into design principles for high-conductance, field-stable CNT conductors.",,current,What is the main materials-science claim reported in the source titled 'Taming quantum interference: a route to high electrical conductance in carbon nanotube assemblies'?,"[""arXiv source: 2605.28250v1\nTitle: Taming quantum interference: a route to high electrical conductance in carbon nanotube assemblies\nPublished: 2026-05-27T10:00:52Z\nURL: http://arxiv.org/abs/2605.28250v1\nAbstract: Miniaturized electronics require lightweight conductors that maintain high conductance under demanding conditions. CNT networks are promising candidates, but their transport is governed by inter-nanotube junctions where electron waves interfere. Controlling this interference requires understanding how junction architecture shapes transmission. We explore coherent transport through experimentally relevant junctions, from single and multiple single-walled CNT (SWCNT) contacts to double-walled CNT (DWCNT) and triple-walled CNT (TWCNT) junctions, with atomistic tight-binding non-equilibrium Green's-function calculations, also under a perpendicular magnetic field. We use analytically solvable minimal models to identify transport regimes expected for quasi-1D nanoscale junctions, and an electron-waveguide picture to interpret their CNT-specific manifestations. For single SWCNT--SWCNT junctions, high-transmission windows are set mainly by overlap length, doping and magnetic field. Gateway states can enhance conductance when some CNT subbands are gapped, and in some cases a magnetic field can restore transmission by lifting an interference blockade. In more complex architectures, added paths become selective: multi-junctions generate resonant filtering, while additional walls redistribute transmission instead of acting as independent channels. DWCNT junctions remain outer-wall dominated and SWCNT-like, whereas TWCNT junctions become genuinely multi-channel and more field-sensitive. This explains the lower, more field-sensitive conductance of multi-walled CNT (MWCNT) fibres, in accord with our ultrahigh-field measurements on SWCNT and MWCNT fibres. Ultimately, this work turns microscopic interference mechanisms into design principles for high-conductance, field-stable CNT conductors.""]","Ultimately, this work turns microscopic interference mechanisms into design principles for high-conductance, field-stable CNT conductors.","arXiv source: 2605.28250v1
Title: Taming quantum interference: a route to high electrical conductance in carbon nanotube assemblies
Published: 2026-05-27T10:00:52Z
URL: http://arxiv.org/abs/2605.28250v1
Abstract: Miniaturized electronics require lightweight conductors that maintain high conductance under demanding conditions. CNT networks are promising candidates, but their transport is governed by inter-nanotube junctions where electron waves interfere. Controlling this interference requires understanding how junction architecture shapes transmission. We explore coherent transport through experimentally relevant junctions, from single and multiple single-walled CNT (SWCNT) contacts to double-walled CNT (DWCNT) and triple-walled CNT (TWCNT) junctions, with atomistic tight-binding non-equilibrium Green's-function calculations, also under a perpendicular magnetic field. We use analytically solvable minimal models to identify transport regimes expected for quasi-1D nanoscale junctions, and an electron-waveguide picture to interpret their CNT-specific manifestations. For single SWCNT--SWCNT junctions, high-transmission windows are set mainly by overlap length, doping and magnetic field. Gateway states can enhance conductance when some CNT subbands are gapped, and in some cases a magnetic field can restore transmission by lifting an interference blockade. In more complex architectures, added paths become selective: multi-junctions generate resonant filtering, while additional walls redistribute transmission instead of acting as independent channels. DWCNT junctions remain outer-wall dominated and SWCNT-like, whereas TWCNT junctions become genuinely multi-channel and more field-sensitive. This explains the lower, more field-sensitive conductance of multi-walled CNT (MWCNT) fibres, in accord with our ultrahigh-field measurements on SWCNT and MWCNT fibres. Ultimately, this work turns microscopic interference mechanisms into design principles for high-conductance, field-stable CNT conductors.",1.0,0.522774754297793,,,ragas_qwen_plus,qwen-plus,1.0,
natural_arxiv_noisy_0084,resp_143be3cf142f823b,task_5d3a6d39b45734ca,natural_noisy_arxiv_v2,natural_source_linked,extractive_real_arxiv,matched_and_mismatched,natural_claim,"What is the main materials-science claim reported in the source titled 'Uncovering multi-channel magnetic hopfion annihilation via a single-node, billion-spin-scale atomistic framework'?","A strongly interacting chain of Majorana fermions realizes the supersymmetric tricritical Ising phase, with supersymmetry (SUSY) extending into a symmetry-broken ordered phase adjacent to the tricritical point.","arXiv source: 2606.05095v1
Title: Soliton-antisoliton pairs in the supersymmetric gapped phase of an interacting Majorana chain
Published: 2026-06-03T16:57:38Z
URL: http://arxiv.org/abs/2606.05095v1
Abstract: A strongly interacting chain of Majorana fermions realizes the supersymmetric tricritical Ising phase, with supersymmetry (SUSY) extending into a symmetry-broken ordered phase adjacent to the tricritical point. Although the signatures of SUSY at the tricritical point are well understood, their behavior in the gapped phase remains less clear. Here, we address two key questions: how SUSY manifests in the gapped phase and what is the nature of the excitations in this phase. We show that, in the thermodynamic limit, a conventional SUSY diagnostic that remains finite at the tricritical point diverges immediately on the Ising side, yet decays continuously to zero deeper in the gapped phase, signaling the persistence of SUSY. Focusing on the lowest excited states in the supersymmetric gapped regime, we find that the excitations consist of soliton-antisoliton pairs separating distinct ordered regions. Each soliton binds an emergent localized Majorana mode, and together the pair forms a nonlocal Dirac fermion. The occupation of this Dirac mode distinguishes eigenstates with even and odd fermion parity.",,incomplete,"What is the main materials-science claim reported in the source titled 'Uncovering multi-channel magnetic hopfion annihilation via a single-node, billion-spin-scale atomistic framework'?","['arXiv source: 2606.05095v1\nTitle: Soliton-antisoliton pairs in the supersymmetric gapped phase of an interacting Majorana chain\nPublished: 2026-06-03T16:57:38Z\nURL: http://arxiv.org/abs/2606.05095v1\nAbstract: A strongly interacting chain of Majorana fermions realizes the supersymmetric tricritical Ising phase, with supersymmetry (SUSY) extending into a symmetry-broken ordered phase adjacent to the tricritical point. Although the signatures of SUSY at the tricritical point are well understood, their behavior in the gapped phase remains less clear. Here, we address two key questions: how SUSY manifests in the gapped phase and what is the nature of the excitations in this phase. We show that, in the thermodynamic limit, a conventional SUSY diagnostic that remains finite at the tricritical point diverges immediately on the Ising side, yet decays continuously to zero deeper in the gapped phase, signaling the persistence of SUSY. Focusing on the lowest excited states in the supersymmetric gapped regime, we find that the excitations consist of soliton-antisoliton pairs separating distinct ordered regions. Each soliton binds an emergent localized Majorana mode, and together the pair forms a nonlocal Dirac fermion. The occupation of this Dirac mode distinguishes eigenstates with even and odd fermion parity.']","A strongly interacting chain of Majorana fermions realizes the supersymmetric tricritical Ising phase, with supersymmetry (SUSY) extending into a symmetry-broken ordered phase adjacent to the tricritical point.","arXiv source: 2606.05095v1
Title: Soliton-antisoliton pairs in the supersymmetric gapped phase of an interacting Majorana chain
Published: 2026-06-03T16:57:38Z
URL: http://arxiv.org/abs/2606.05095v1
Abstract: A strongly interacting chain of Majorana fermions realizes the supersymmetric tricritical Ising phase, with supersymmetry (SUSY) extending into a symmetry-broken ordered phase adjacent to the tricritical point. Although the signatures of SUSY at the tricritical point are well understood, their behavior in the gapped phase remains less clear. Here, we address two key questions: how SUSY manifests in the gapped phase and what is the nature of the excitations in this phase. We show that, in the thermodynamic limit, a conventional SUSY diagnostic that remains finite at the tricritical point diverges immediately on the Ising side, yet decays continuously to zero deeper in the gapped phase, signaling the persistence of SUSY. Focusing on the lowest excited states in the supersymmetric gapped regime, we find that the excitations consist of soliton-antisoliton pairs separating distinct ordered regions. Each soliton binds an emergent localized Majorana mode, and together the pair forms a nonlocal Dirac fermion. The occupation of this Dirac mode distinguishes eigenstates with even and odd fermion parity.",1.0,0.2287355051856192,,,ragas_qwen_plus,qwen-plus,1.0,
natural_arxiv_current_0110,resp_15236fe3b146a0f8,task_f50283323f33b4c0,natural_noisy_arxiv_v2,natural_source_linked,extractive_real_arxiv,matched_and_mismatched,natural_claim,What is the main materials-science claim reported in the source titled 'Why Fe doping kills photoluminescence in CsPbCl$_3$ but not in CsPbBr$_3$: Role of midgap Fe 3$d$ states and electron-phonon coupling'?,Understanding the impact of transition-metal doping on the optoelectronic properties of halide perovskite nanocrystals is essential for their rational design in photonic applications.,"arXiv source: 2606.04714v1
Title: Why Fe doping kills photoluminescence in CsPbCl$_3$ but not in CsPbBr$_3$: Role of midgap Fe 3$d$ states and electron-phonon coupling
Published: 2026-06-03T10:47:47Z
URL: http://arxiv.org/abs/2606.04714v1
Abstract: Understanding the impact of transition-metal doping on the optoelectronic properties of halide perovskite nanocrystals is essential for their rational design in photonic applications. We establish the microscopic origin of photoluminescence (PL) quenching in Fe-doped CsPbCl$_3$ using spin-polarized density functional theory calculations. The emergence of Fe 3$d$ midgap states creates efficient electron-trapping centres that drive nonradiative recombination, accounting for the reduced PL intensity. Extending this analysis to Fe-doped CsPbX$_3$ (X = Cl, Br), we show experimentally that although PL intensity is suppressed in both systems relative to their pristine counterparts, their high-doping behaviour diverges: CsPbCl$_3$ becomes completely non-emissive, whereas CsPbBr$_3$ retains a finite, saturated PL intensity. Despite this contrast, electronic structure calculations reveal nearly identical midgap states in both materials, indicating that electronic effects alone cannot explain the distinct PL responses. Phonon calculations likewise fail to capture this difference. In contrast, electron-phonon coupling calculations based on the deformation potential approach reveal significantly stronger coupling in Fe-doped CsPbCl$_3$, enabling efficient dissipation of electronic excitation energy into lattice vibrations and leading to complete PL quenching. These results identify electron-phonon coupling as the key factor governing halide-dependent PL quenching and provide a unified microscopic framework for dopant-induced nonradiative processes in halide perovskites.",,current,What is the main materials-science claim reported in the source titled 'Why Fe doping kills photoluminescence in CsPbCl$_3$ but not in CsPbBr$_3$: Role of midgap Fe 3$d$ states and electron-phonon coupling'?,"['arXiv source: 2606.04714v1\nTitle: Why Fe doping kills photoluminescence in CsPbCl$_3$ but not in CsPbBr$_3$: Role of midgap Fe 3$d$ states and electron-phonon coupling\nPublished: 2026-06-03T10:47:47Z\nURL: http://arxiv.org/abs/2606.04714v1\nAbstract: Understanding the impact of transition-metal doping on the optoelectronic properties of halide perovskite nanocrystals is essential for their rational design in photonic applications. We establish the microscopic origin of photoluminescence (PL) quenching in Fe-doped CsPbCl$_3$ using spin-polarized density functional theory calculations. The emergence of Fe 3$d$ midgap states creates efficient electron-trapping centres that drive nonradiative recombination, accounting for the reduced PL intensity. Extending this analysis to Fe-doped CsPbX$_3$ (X = Cl, Br), we show experimentally that although PL intensity is suppressed in both systems relative to their pristine counterparts, their high-doping behaviour diverges: CsPbCl$_3$ becomes completely non-emissive, whereas CsPbBr$_3$ retains a finite, saturated PL intensity. Despite this contrast, electronic structure calculations reveal nearly identical midgap states in both materials, indicating that electronic effects alone cannot explain the distinct PL responses. Phonon calculations likewise fail to capture this difference. In contrast, electron-phonon coupling calculations based on the deformation potential approach reveal significantly stronger coupling in Fe-doped CsPbCl$_3$, enabling efficient dissipation of electronic excitation energy into lattice vibrations and leading to complete PL quenching. These results identify electron-phonon coupling as the key factor governing halide-dependent PL quenching and provide a unified microscopic framework for dopant-induced nonradiative processes in halide perovskites.']",Understanding the impact of transition-metal doping on the optoelectronic properties of halide perovskite nanocrystals is essential for their rational design in photonic applications.,"arXiv source: 2606.04714v1
Title: Why Fe doping kills photoluminescence in CsPbCl$_3$ but not in CsPbBr$_3$: Role of midgap Fe 3$d$ states and electron-phonon coupling
Published: 2026-06-03T10:47:47Z
URL: http://arxiv.org/abs/2606.04714v1
Abstract: Understanding the impact of transition-metal doping on the optoelectronic properties of halide perovskite nanocrystals is essential for their rational design in photonic applications. We establish the microscopic origin of photoluminescence (PL) quenching in Fe-doped CsPbCl$_3$ using spin-polarized density functional theory calculations. The emergence of Fe 3$d$ midgap states creates efficient electron-trapping centres that drive nonradiative recombination, accounting for the reduced PL intensity. Extending this analysis to Fe-doped CsPbX$_3$ (X = Cl, Br), we show experimentally that although PL intensity is suppressed in both systems relative to their pristine counterparts, their high-doping behaviour diverges: CsPbCl$_3$ becomes completely non-emissive, whereas CsPbBr$_3$ retains a finite, saturated PL intensity. Despite this contrast, electronic structure calculations reveal nearly identical midgap states in both materials, indicating that electronic effects alone cannot explain the distinct PL responses. Phonon calculations likewise fail to capture this difference. In contrast, electron-phonon coupling calculations based on the deformation potential approach reveal significantly stronger coupling in Fe-doped CsPbCl$_3$, enabling efficient dissipation of electronic excitation energy into lattice vibrations and leading to complete PL quenching. These results identify electron-phonon coupling as the key factor governing halide-dependent PL quenching and provide a unified microscopic framework for dopant-induced nonradiative processes in halide perovskites.",1.0,0.3914782787180638,,,ragas_qwen_plus,qwen-plus,1.0,
natural_arxiv_noisy_0189,resp_154ac686aa96236f,task_a0a4bbaf067415df,natural_noisy_arxiv_v2,natural_source_linked,extractive_real_arxiv,matched_and_mismatched,superconductivity,What is the main materials-science claim reported in the source titled 'Commensurability and Gap Enhancement in Superconducting Films Induced by Nonsuperconducting Layers'?,We report light emission from the moire superlattice of a twisted bilayer of tungsten diselenide (WSe2/WSe2) encapsulated in insulating hexagonal boron nitride (hBN).,"arXiv source: 2606.02131v1
Title: Moire-Engineered Excitonic Landscape and Phonon-Mediated Recombination in Twisted WSe2 Bilayers
Published: 2026-06-01T11:57:55Z
URL: http://arxiv.org/abs/2606.02131v1
Abstract: We report light emission from the moire superlattice of a twisted bilayer of tungsten diselenide (WSe2/WSe2) encapsulated in insulating hexagonal boron nitride (hBN). The low-temperature photoluminescence (PL) spectroscopy reveals signatures of moire-potential induced strong interlayer excitonic emission and phonon-assisted recombination, while the twisting significantly suppresses the emission from localized defect-bound excitons. The moire potential redistributes carriers into indirect valleys, thereby enhancing recombination efficiency and stabilizing the interlayer excitons. Our findings establish that precise control of twist angle and dielectric environment provides a new route for engineering excitonic systems for exploring exciton-phonon interactions and associated quantum phenomena in transition metal dichalcogenides.",,incomplete,What is the main materials-science claim reported in the source titled 'Commensurability and Gap Enhancement in Superconducting Films Induced by Nonsuperconducting Layers'?,"['arXiv source: 2606.02131v1\nTitle: Moire-Engineered Excitonic Landscape and Phonon-Mediated Recombination in Twisted WSe2 Bilayers\nPublished: 2026-06-01T11:57:55Z\nURL: http://arxiv.org/abs/2606.02131v1\nAbstract: We report light emission from the moire superlattice of a twisted bilayer of tungsten diselenide (WSe2/WSe2) encapsulated in insulating hexagonal boron nitride (hBN). The low-temperature photoluminescence (PL) spectroscopy reveals signatures of moire-potential induced strong interlayer excitonic emission and phonon-assisted recombination, while the twisting significantly suppresses the emission from localized defect-bound excitons. The moire potential redistributes carriers into indirect valleys, thereby enhancing recombination efficiency and stabilizing the interlayer excitons. Our findings establish that precise control of twist angle and dielectric environment provides a new route for engineering excitonic systems for exploring exciton-phonon interactions and associated quantum phenomena in transition metal dichalcogenides.']",We report light emission from the moire superlattice of a twisted bilayer of tungsten diselenide (WSe2/WSe2) encapsulated in insulating hexagonal boron nitride (hBN).,"arXiv source: 2606.02131v1
Title: Moire-Engineered Excitonic Landscape and Phonon-Mediated Recombination in Twisted WSe2 Bilayers
Published: 2026-06-01T11:57:55Z
URL: http://arxiv.org/abs/2606.02131v1
Abstract: We report light emission from the moire superlattice of a twisted bilayer of tungsten diselenide (WSe2/WSe2) encapsulated in insulating hexagonal boron nitride (hBN). The low-temperature photoluminescence (PL) spectroscopy reveals signatures of moire-potential induced strong interlayer excitonic emission and phonon-assisted recombination, while the twisting significantly suppresses the emission from localized defect-bound excitons. The moire potential redistributes carriers into indirect valleys, thereby enhancing recombination efficiency and stabilizing the interlayer excitons. Our findings establish that precise control of twist angle and dielectric environment provides a new route for engineering excitonic systems for exploring exciton-phonon interactions and associated quantum phenomena in transition metal dichalcogenides.",1.0,0.3703241353475324,,,ragas_qwen_plus,qwen-plus,1.0,
natural_arxiv_noisy_0231,resp_157f2cdf663470dd,task_cb7b48061761eafc,natural_noisy_arxiv_v2,natural_source_linked,extractive_real_arxiv,matched_and_mismatched,natural_claim,What is the main materials-science claim reported in the source titled 'Helical Rashba-exchange gauge field drives a uniaxial pair density wave in EuRbFe$_4$As$_4$'?,We study coherent electric manipulation of magnetic-field-induced localized states at a double kink of a helical edge in a HgTe/CdHgTe quantum well.,"arXiv source: 2605.28499v1
Title: Electrically driven Rabi dynamics of magnetic-field-induced corner states in a two-dimensional topological insulator
Published: 2026-05-27T14:01:25Z
URL: http://arxiv.org/abs/2605.28499v1
Abstract: We study coherent electric manipulation of magnetic-field-induced localized states at a double kink of a helical edge in a HgTe/CdHgTe quantum well. An in-plane magnetic field opens a gap in the one-dimensional edge spectrum, while changes in the edge orientation generate localized in-gap states at the kinks. We show that, for suitable geometry and magnetic-field direction, two such states form an effective lithographically defined two-level subsystem. Using an edge-state model that includes both the localized levels and the continuum states outside the magnetic-field-induced gap, we calculate the electric-dipole matrix elements and solve the time-dependent problem under resonant driving. The resulting dynamics exhibits Rabi oscillations with linear frequencies of $20$--$40$~GHz for realistic parameters. We find that the continuum states provide a leakage channel whose strength is strongly controlled by the driving amplitude: reducing the electric field suppresses leakage below the percent level while preserving GHz-scale coherent oscillations. These results establish a route from magnetic-field-induced corner-state physics to electrically driven two-level dynamics in a realistic two-dimensional topological-insulator edge geometry.",,incomplete,What is the main materials-science claim reported in the source titled 'Helical Rashba-exchange gauge field drives a uniaxial pair density wave in EuRbFe$_4$As$_4$'?,"['arXiv source: 2605.28499v1\nTitle: Electrically driven Rabi dynamics of magnetic-field-induced corner states in a two-dimensional topological insulator\nPublished: 2026-05-27T14:01:25Z\nURL: http://arxiv.org/abs/2605.28499v1\nAbstract: We study coherent electric manipulation of magnetic-field-induced localized states at a double kink of a helical edge in a HgTe/CdHgTe quantum well. An in-plane magnetic field opens a gap in the one-dimensional edge spectrum, while changes in the edge orientation generate localized in-gap states at the kinks. We show that, for suitable geometry and magnetic-field direction, two such states form an effective lithographically defined two-level subsystem. Using an edge-state model that includes both the localized levels and the continuum states outside the magnetic-field-induced gap, we calculate the electric-dipole matrix elements and solve the time-dependent problem under resonant driving. The resulting dynamics exhibits Rabi oscillations with linear frequencies of $20$--$40$~GHz for realistic parameters. We find that the continuum states provide a leakage channel whose strength is strongly controlled by the driving amplitude: reducing the electric field suppresses leakage below the percent level while preserving GHz-scale coherent oscillations. These results establish a route from magnetic-field-induced corner-state physics to electrically driven two-level dynamics in a realistic two-dimensional topological-insulator edge geometry.']",We study coherent electric manipulation of magnetic-field-induced localized states at a double kink of a helical edge in a HgTe/CdHgTe quantum well.,"arXiv source: 2605.28499v1
Title: Electrically driven Rabi dynamics of magnetic-field-induced corner states in a two-dimensional topological insulator
Published: 2026-05-27T14:01:25Z
URL: http://arxiv.org/abs/2605.28499v1
Abstract: We study coherent electric manipulation of magnetic-field-induced localized states at a double kink of a helical edge in a HgTe/CdHgTe quantum well. An in-plane magnetic field opens a gap in the one-dimensional edge spectrum, while changes in the edge orientation generate localized in-gap states at the kinks. We show that, for suitable geometry and magnetic-field direction, two such states form an effective lithographically defined two-level subsystem. Using an edge-state model that includes both the localized levels and the continuum states outside the magnetic-field-induced gap, we calculate the electric-dipole matrix elements and solve the time-dependent problem under resonant driving. The resulting dynamics exhibits Rabi oscillations with linear frequencies of $20$--$40$~GHz for realistic parameters. We find that the continuum states provide a leakage channel whose strength is strongly controlled by the driving amplitude: reducing the electric field suppresses leakage below the percent level while preserving GHz-scale coherent oscillations. These results establish a route from magnetic-field-induced corner-state physics to electrically driven two-level dynamics in a realistic two-dimensional topological-insulator edge geometry.",0.75,0.1890595273769127,,,ragas_qwen_plus,qwen-plus,1.0,
natural_arxiv_current_0177,resp_164310fb47ddd8ae,task_21c7f0faa0a8fcc7,natural_noisy_arxiv_v2,natural_source_linked,extractive_real_arxiv,matched_and_mismatched,superconductivity,What is the main materials-science claim reported in the source titled 'Probing pairing symmetries through quasiparticle interference in chiral Bloch bands'?,"Recent experiments in van der Waals multi-layer systems have demonstrated that superconductivity can emerge from symmetry-reduced, chiral normal states.","arXiv source: 2606.04097v1
Title: Probing pairing symmetries through quasiparticle interference in chiral Bloch bands
Published: 2026-06-02T18:01:56Z
URL: http://arxiv.org/abs/2606.04097v1
Abstract: Recent experiments in van der Waals multi-layer systems have demonstrated that superconductivity can emerge from symmetry-reduced, chiral normal states. We here provide a theory for quasiparticle interference (QPI) of superconductors with chiral Bloch bands. Our analysis reveals how the non-trivial quantum geometry of the Bloch states crucially affects the interference pattern even in the normal state, inducing significant sublattice dependence. In the superconducting state, the behavior becomes more complex due to the interplay of the quantum geometry of the Bogoliubov quasiparticles with the momentum-dependent phase of the order parameter. We reveal how the spatial dependence of the local spectral function around impurities can be used to distinguish between different candidate pairing states, both with zero and finite center-of-mass momentum. Our work thus provides guidance to interpreting QPI patterns in materials with chiral bands, which may be useful when probing the rich physics of pairing in such systems.",,current,What is the main materials-science claim reported in the source titled 'Probing pairing symmetries through quasiparticle interference in chiral Bloch bands'?,"['arXiv source: 2606.04097v1\nTitle: Probing pairing symmetries through quasiparticle interference in chiral Bloch bands\nPublished: 2026-06-02T18:01:56Z\nURL: http://arxiv.org/abs/2606.04097v1\nAbstract: Recent experiments in van der Waals multi-layer systems have demonstrated that superconductivity can emerge from symmetry-reduced, chiral normal states. We here provide a theory for quasiparticle interference (QPI) of superconductors with chiral Bloch bands. Our analysis reveals how the non-trivial quantum geometry of the Bloch states crucially affects the interference pattern even in the normal state, inducing significant sublattice dependence. In the superconducting state, the behavior becomes more complex due to the interplay of the quantum geometry of the Bogoliubov quasiparticles with the momentum-dependent phase of the order parameter. We reveal how the spatial dependence of the local spectral function around impurities can be used to distinguish between different candidate pairing states, both with zero and finite center-of-mass momentum. Our work thus provides guidance to interpreting QPI patterns in materials with chiral bands, which may be useful when probing the rich physics of pairing in such systems.']","Recent experiments in van der Waals multi-layer systems have demonstrated that superconductivity can emerge from symmetry-reduced, chiral normal states.","arXiv source: 2606.04097v1
Title: Probing pairing symmetries through quasiparticle interference in chiral Bloch bands
Published: 2026-06-02T18:01:56Z
URL: http://arxiv.org/abs/2606.04097v1
Abstract: Recent experiments in van der Waals multi-layer systems have demonstrated that superconductivity can emerge from symmetry-reduced, chiral normal states. We here provide a theory for quasiparticle interference (QPI) of superconductors with chiral Bloch bands. Our analysis reveals how the non-trivial quantum geometry of the Bloch states crucially affects the interference pattern even in the normal state, inducing significant sublattice dependence. In the superconducting state, the behavior becomes more complex due to the interplay of the quantum geometry of the Bogoliubov quasiparticles with the momentum-dependent phase of the order parameter. We reveal how the spatial dependence of the local spectral function around impurities can be used to distinguish between different candidate pairing states, both with zero and finite center-of-mass momentum. Our work thus provides guidance to interpreting QPI patterns in materials with chiral bands, which may be useful when probing the rich physics of pairing in such systems.",1.0,0.4014269030150167,,,ragas_qwen_plus,qwen-plus,1.0,
natural_arxiv_current_0170,resp_165f0487dd803cd3,task_3e08a961f43f36b4,natural_noisy_arxiv_v2,natural_source_linked,extractive_real_arxiv,matched_and_mismatched,superconductivity,What is the main materials-science claim reported in the source titled 'Cooper quartets and fractional vortices in frustrated Josephson junction dice arrays'?,Superconductivity mediated by Cooper quartets of charge 4e is a phenomenon of key importance for both the understanding of certain exotic superconductors and the engineering of quantum memories protected at the hardware level by topological order.,"arXiv source: 2606.04958v1
Title: Cooper quartets and fractional vortices in frustrated Josephson junction dice arrays
Published: 2026-06-03T14:46:47Z
URL: http://arxiv.org/abs/2606.04958v1
Abstract: Superconductivity mediated by Cooper quartets of charge 4e is a phenomenon of key importance for both the understanding of certain exotic superconductors and the engineering of quantum memories protected at the hardware level by topological order. Josephson junction arrays in the shape of the dice lattice constitute one of the main candidates for the realization of this phase of matter. Here, we analyze numerical signatures of the emergence of this exotic phase when superconducting dice arrays are frustrated by inserting one third of a flux quantum per rhombic plaquette. We adopt simulations of relaxation dynamics to study the critical current of such devices and analyse the Fourier decomposition of their bulk supercurrents. A further characterization of these systems at finite temperature is obtained through Monte Carlo techniques and two-dimensional infinite tensor networks. Our results indicate that the observed peaks of the critical current and temperature at frustration 1/3 correspond to a superconductor-insulator phase transition compatible with the deconfinement of half-vortices, while the low-temperature correlation functions of the model confirm the onset of a 4e superconducting phase mediated by Cooper quartets. We finally address the effects of Josephson energy and flux disorder typical of experimental arrays, and comment on the role of charging energies in the corresponding two-dimensional quantum model.",,current,What is the main materials-science claim reported in the source titled 'Cooper quartets and fractional vortices in frustrated Josephson junction dice arrays'?,"['arXiv source: 2606.04958v1\nTitle: Cooper quartets and fractional vortices in frustrated Josephson junction dice arrays\nPublished: 2026-06-03T14:46:47Z\nURL: http://arxiv.org/abs/2606.04958v1\nAbstract: Superconductivity mediated by Cooper quartets of charge 4e is a phenomenon of key importance for both the understanding of certain exotic superconductors and the engineering of quantum memories protected at the hardware level by topological order. Josephson junction arrays in the shape of the dice lattice constitute one of the main candidates for the realization of this phase of matter. Here, we analyze numerical signatures of the emergence of this exotic phase when superconducting dice arrays are frustrated by inserting one third of a flux quantum per rhombic plaquette. We adopt simulations of relaxation dynamics to study the critical current of such devices and analyse the Fourier decomposition of their bulk supercurrents. A further characterization of these systems at finite temperature is obtained through Monte Carlo techniques and two-dimensional infinite tensor networks. Our results indicate that the observed peaks of the critical current and temperature at frustration 1/3 correspond to a superconductor-insulator phase transition compatible with the deconfinement of half-vortices, while the low-temperature correlation functions of the model confirm the onset of a 4e superconducting phase mediated by Cooper quartets. We finally address the effects of Josephson energy and flux disorder typical of experimental arrays, and comment on the role of charging energies in the corresponding two-dimensional quantum model.']",Superconductivity mediated by Cooper quartets of charge 4e is a phenomenon of key importance for both the understanding of certain exotic superconductors and the engineering of quantum memories protected at the hardware level by topological order.,"arXiv source: 2606.04958v1
Title: Cooper quartets and fractional vortices in frustrated Josephson junction dice arrays
Published: 2026-06-03T14:46:47Z
URL: http://arxiv.org/abs/2606.04958v1
Abstract: Superconductivity mediated by Cooper quartets of charge 4e is a phenomenon of key importance for both the understanding of certain exotic superconductors and the engineering of quantum memories protected at the hardware level by topological order. Josephson junction arrays in the shape of the dice lattice constitute one of the main candidates for the realization of this phase of matter. Here, we analyze numerical signatures of the emergence of this exotic phase when superconducting dice arrays are frustrated by inserting one third of a flux quantum per rhombic plaquette. We adopt simulations of relaxation dynamics to study the critical current of such devices and analyse the Fourier decomposition of their bulk supercurrents. A further characterization of these systems at finite temperature is obtained through Monte Carlo techniques and two-dimensional infinite tensor networks. Our results indicate that the observed peaks of the critical current and temperature at frustration 1/3 correspond to a superconductor-insulator phase transition compatible with the deconfinement of half-vortices, while the low-temperature correlation functions of the model confirm the onset of a 4e superconducting phase mediated by Cooper quartets. We finally address the effects of Josephson energy and flux disorder typical of experimental arrays, and comment on the role of charging energies in the corresponding two-dimensional quantum model.",1.0,0.4975418946202182,,,ragas_qwen_plus,qwen-plus,1.0,
natural_arxiv_current_0095,resp_1681935da79e390f,task_8d3b645b2826e24c,natural_noisy_arxiv_v2,natural_source_linked,extractive_real_arxiv,matched_and_mismatched,band_gap,What is the main materials-science claim reported in the source titled 'Exploring Multi-Transition-Metal NASICON Frameworks as High-Performance Cathodes for Sodium-Ion Batteries'?,"Electronic structure data demonstrate non-systematic changes in the band gap, especially in systems containing multiple TMs.","arXiv source: 2605.25219v1
Title: Exploring Multi-Transition-Metal NASICON Frameworks as High-Performance Cathodes for Sodium-Ion Batteries
Published: 2026-05-24T19:06:08Z
URL: http://arxiv.org/abs/2605.25219v1
Abstract: The search for sustainable, high-performance cathodes has driven a growing interest in sodium superionic conductor (NASICON)-type phosphates for sodium-ion batteries (SIBs). To identify promising NASICONs containing earth-abundant transition metals (TMs) and to systematically examine the role of multiple TMs in influencing the various properties of NASICON cathodes, we employ density functional theory calculations to investigate nine NASICON compositions containing Mn, Cr, and/or Fe, and spanning unary, binary, and ternary combinations. Our calculations reveal that unary systems, in terms of their Na intercalation phase behavior, exhibit well-defined stabilization at intermediate Na contents ($x$ in Na$_x$TM$_2$(PO$_4$)$_3$), while binary and ternary systems display more complex phase behavior, with some systems showing a shift of thermodynamic minima from $x$ = 3 to 2. Intercalation voltages highlight the dominant role of Fe$^{4+}$/Fe$^{3+}$ redox activity in elevating average voltages ($\sim$4.0 V), while Mn and Cr introduce intermediate-to-low voltage redox activity. Electronic structure data demonstrate non-systematic changes in the band gap, especially in systems containing multiple TMs. Na$^+$ mobility results identify mixed-TM frameworks as favorable, achieving Na$^+$ migration barriers in the 0.3-0.4 eV range. Importantly, we identify Na$_x$MnFe$_{0.5}$Cr$_{0.5}$(PO$_4$)$_3$ to be a promising ternary composition for subsequent experimental validation, offering an optimal intersection of phase stability, voltages, thermodynamic (meta)stability, and Na$^+$ migration barriers. Together, our study provides fundamental insights into the interplay between compositional complexity, thermodynamic stability, electronic structure, and ionic transport in NASICONs, and offers actionable design principles for utilising multi-TM NASICONs as high performance SIB cathodes.",,current,What is the main materials-science claim reported in the source titled 'Exploring Multi-Transition-Metal NASICON Frameworks as High-Performance Cathodes for Sodium-Ion Batteries'?,"['arXiv source: 2605.25219v1\nTitle: Exploring Multi-Transition-Metal NASICON Frameworks as High-Performance Cathodes for Sodium-Ion Batteries\nPublished: 2026-05-24T19:06:08Z\nURL: http://arxiv.org/abs/2605.25219v1\nAbstract: The search for sustainable, high-performance cathodes has driven a growing interest in sodium superionic conductor (NASICON)-type phosphates for sodium-ion batteries (SIBs). To identify promising NASICONs containing earth-abundant transition metals (TMs) and to systematically examine the role of multiple TMs in influencing the various properties of NASICON cathodes, we employ density functional theory calculations to investigate nine NASICON compositions containing Mn, Cr, and/or Fe, and spanning unary, binary, and ternary combinations. Our calculations reveal that unary systems, in terms of their Na intercalation phase behavior, exhibit well-defined stabilization at intermediate Na contents ($x$ in Na$_x$TM$_2$(PO$_4$)$_3$), while binary and ternary systems display more complex phase behavior, with some systems showing a shift of thermodynamic minima from $x$ = 3 to 2. Intercalation voltages highlight the dominant role of Fe$^{4+}$/Fe$^{3+}$ redox activity in elevating average voltages ($\\sim$4.0 V), while Mn and Cr introduce intermediate-to-low voltage redox activity. Electronic structure data demonstrate non-systematic changes in the band gap, especially in systems containing multiple TMs. Na$^+$ mobility results identify mixed-TM frameworks as favorable, achieving Na$^+$ migration barriers in the 0.3-0.4 eV range. Importantly, we identify Na$_x$MnFe$_{0.5}$Cr$_{0.5}$(PO$_4$)$_3$ to be a promising ternary composition for subsequent experimental validation, offering an optimal intersection of phase stability, voltages, thermodynamic (meta)stability, and Na$^+$ migration barriers. Together, our study provides fundamental insights into the interplay between compositional complexity, thermodynamic stability, electronic structure, and ionic transport in NASICONs, and offers actionable design principles for utilising multi-TM NASICONs as high performance SIB cathodes.']","Electronic structure data demonstrate non-systematic changes in the band gap, especially in systems containing multiple TMs.","arXiv source: 2605.25219v1
Title: Exploring Multi-Transition-Metal NASICON Frameworks as High-Performance Cathodes for Sodium-Ion Batteries
Published: 2026-05-24T19:06:08Z
URL: http://arxiv.org/abs/2605.25219v1
Abstract: The search for sustainable, high-performance cathodes has driven a growing interest in sodium superionic conductor (NASICON)-type phosphates for sodium-ion batteries (SIBs). To identify promising NASICONs containing earth-abundant transition metals (TMs) and to systematically examine the role of multiple TMs in influencing the various properties of NASICON cathodes, we employ density functional theory calculations to investigate nine NASICON compositions containing Mn, Cr, and/or Fe, and spanning unary, binary, and ternary combinations. Our calculations reveal that unary systems, in terms of their Na intercalation phase behavior, exhibit well-defined stabilization at intermediate Na contents ($x$ in Na$_x$TM$_2$(PO$_4$)$_3$), while binary and ternary systems display more complex phase behavior, with some systems showing a shift of thermodynamic minima from $x$ = 3 to 2. Intercalation voltages highlight the dominant role of Fe$^{4+}$/Fe$^{3+}$ redox activity in elevating average voltages ($\sim$4.0 V), while Mn and Cr introduce intermediate-to-low voltage redox activity. Electronic structure data demonstrate non-systematic changes in the band gap, especially in systems containing multiple TMs. Na$^+$ mobility results identify mixed-TM frameworks as favorable, achieving Na$^+$ migration barriers in the 0.3-0.4 eV range. Importantly, we identify Na$_x$MnFe$_{0.5}$Cr$_{0.5}$(PO$_4$)$_3$ to be a promising ternary composition for subsequent experimental validation, offering an optimal intersection of phase stability, voltages, thermodynamic (meta)stability, and Na$^+$ migration barriers. Together, our study provides fundamental insights into the interplay between compositional complexity, thermodynamic stability, electronic structure, and ionic transport in NASICONs, and offers actionable design principles for utilising multi-TM NASICONs as high performance SIB cathodes.",1.0,0.3437501672305172,,,ragas_qwen_plus,qwen-plus,0.0,valid_chemical_symbols
natural_arxiv_current_0064,resp_17831ae70748f70a,task_e9555797d7eda227,natural_noisy_arxiv_v2,natural_source_linked,extractive_real_arxiv,matched_and_mismatched,temperature,What is the main materials-science claim reported in the source titled 'Zero-Field Thermal Hall Effect in Insulator'?,Fourier's law dictates that heat flow is usually parallel to the applied temperature gradient.,"arXiv source: 2605.28249v1
Title: Zero-Field Thermal Hall Effect in Insulator
Published: 2026-05-27T10:00:47Z
URL: http://arxiv.org/abs/2605.28249v1
Abstract: Fourier's law dictates that heat flow is usually parallel to the applied temperature gradient. However, under a high magnetic field, heat flow carried by both electrons in conductors and phonons in insulators can be deflected, a phenomenon known as thermal Hall effect. Intriguingly, we observe at zero field a spontaneous thermal Hall effect in an antiferromagnetic insulator. Despite a vanishingly small uncompensated magnetization, the magnitude of this effect is surprisingly large, comparable to typical responses induced by several teslas of external field. This zero-field behavior indicates that charge-neutral heat carriers can be governed by an intrinsic effective field arising from the unique spin arrangement. Our discovery challenges the centuries-old preconception of heat conduction and open up new avenues for exploring non-trivial topological responses in quantum materials.",,current,What is the main materials-science claim reported in the source titled 'Zero-Field Thermal Hall Effect in Insulator'?,"[""arXiv source: 2605.28249v1\nTitle: Zero-Field Thermal Hall Effect in Insulator\nPublished: 2026-05-27T10:00:47Z\nURL: http://arxiv.org/abs/2605.28249v1\nAbstract: Fourier's law dictates that heat flow is usually parallel to the applied temperature gradient. However, under a high magnetic field, heat flow carried by both electrons in conductors and phonons in insulators can be deflected, a phenomenon known as thermal Hall effect. Intriguingly, we observe at zero field a spontaneous thermal Hall effect in an antiferromagnetic insulator. Despite a vanishingly small uncompensated magnetization, the magnitude of this effect is surprisingly large, comparable to typical responses induced by several teslas of external field. This zero-field behavior indicates that charge-neutral heat carriers can be governed by an intrinsic effective field arising from the unique spin arrangement. Our discovery challenges the centuries-old preconception of heat conduction and open up new avenues for exploring non-trivial topological responses in quantum materials.""]",Fourier's law dictates that heat flow is usually parallel to the applied temperature gradient.,"arXiv source: 2605.28249v1
Title: Zero-Field Thermal Hall Effect in Insulator
Published: 2026-05-27T10:00:47Z
URL: http://arxiv.org/abs/2605.28249v1
Abstract: Fourier's law dictates that heat flow is usually parallel to the applied temperature gradient. However, under a high magnetic field, heat flow carried by both electrons in conductors and phonons in insulators can be deflected, a phenomenon known as thermal Hall effect. Intriguingly, we observe at zero field a spontaneous thermal Hall effect in an antiferromagnetic insulator. Despite a vanishingly small uncompensated magnetization, the magnitude of this effect is surprisingly large, comparable to typical responses induced by several teslas of external field. This zero-field behavior indicates that charge-neutral heat carriers can be governed by an intrinsic effective field arising from the unique spin arrangement. Our discovery challenges the centuries-old preconception of heat conduction and open up new avenues for exploring non-trivial topological responses in quantum materials.",1.0,0.254454197107765,,,ragas_qwen_plus,qwen-plus,1.0,
natural_arxiv_current_0219,resp_1886bbc128e700eb,task_ccc81977a04ff726,natural_noisy_arxiv_v2,natural_source_linked,extractive_real_arxiv,matched_and_mismatched,superconductivity,What is the main materials-science claim reported in the source titled 'Slave-boson Formalism for Superconducting Pairing at Strong Coupling'?,We study the emergence of superconductivity in the one-band Hubbard model using the spin-rotation-invariant Kotliar-Ruckenstein slave-boson (SB) approach.,"arXiv source: 2605.26233v1
Title: Slave-boson Formalism for Superconducting Pairing at Strong Coupling
Published: 2026-05-25T18:02:41Z
URL: http://arxiv.org/abs/2605.26233v1
Abstract: We study the emergence of superconductivity in the one-band Hubbard model using the spin-rotation-invariant Kotliar-Ruckenstein slave-boson (SB) approach. Motivated by its intrinsically renormalized mean-field ground state, we construct an effective pairing vertex from dynamical fluctuations about the saddle point. Solving the anisotropic, frequency-dependent gap equation on the square lattice, we map the pairing instabilities across doping, interaction, temperature and real-frequency gap structure that qualitatively match experimental cuprate observations. This framework merges strong-correlation SB-type renormalizations with RPA-type pairing transparency, providing a scalable route to modeling multi-orbital superconductivity at strong coupling.",,current,What is the main materials-science claim reported in the source titled 'Slave-boson Formalism for Superconducting Pairing at Strong Coupling'?,"['arXiv source: 2605.26233v1\nTitle: Slave-boson Formalism for Superconducting Pairing at Strong Coupling\nPublished: 2026-05-25T18:02:41Z\nURL: http://arxiv.org/abs/2605.26233v1\nAbstract: We study the emergence of superconductivity in the one-band Hubbard model using the spin-rotation-invariant Kotliar-Ruckenstein slave-boson (SB) approach. Motivated by its intrinsically renormalized mean-field ground state, we construct an effective pairing vertex from dynamical fluctuations about the saddle point. Solving the anisotropic, frequency-dependent gap equation on the square lattice, we map the pairing instabilities across doping, interaction, temperature and real-frequency gap structure that qualitatively match experimental cuprate observations. This framework merges strong-correlation SB-type renormalizations with RPA-type pairing transparency, providing a scalable route to modeling multi-orbital superconductivity at strong coupling.']",We study the emergence of superconductivity in the one-band Hubbard model using the spin-rotation-invariant Kotliar-Ruckenstein slave-boson (SB) approach.,"arXiv source: 2605.26233v1
Title: Slave-boson Formalism for Superconducting Pairing at Strong Coupling
Published: 2026-05-25T18:02:41Z
URL: http://arxiv.org/abs/2605.26233v1
Abstract: We study the emergence of superconductivity in the one-band Hubbard model using the spin-rotation-invariant Kotliar-Ruckenstein slave-boson (SB) approach. Motivated by its intrinsically renormalized mean-field ground state, we construct an effective pairing vertex from dynamical fluctuations about the saddle point. Solving the anisotropic, frequency-dependent gap equation on the square lattice, we map the pairing instabilities across doping, interaction, temperature and real-frequency gap structure that qualitatively match experimental cuprate observations. This framework merges strong-correlation SB-type renormalizations with RPA-type pairing transparency, providing a scalable route to modeling multi-orbital superconductivity at strong coupling.",1.0,0.5373935995080413,,,ragas_qwen_plus,qwen-plus,1.0,
natural_arxiv_current_0070,resp_1908c2f68f990a25,task_fd01b962e54174c5,natural_noisy_arxiv_v2,natural_source_linked,extractive_real_arxiv,matched_and_mismatched,natural_claim,What is the main materials-science claim reported in the source titled 'Rapid estimation of synthesizability windows of inorganic materials from first principles'?,"Fast prediction of the synthesizability conditions of materials remains challenging, even assuming synthesis under thermodynamic equilibrium.","arXiv source: 2605.27162v1
Title: Rapid estimation of synthesizability windows of inorganic materials from first principles
Published: 2026-05-26T15:21:19Z
URL: http://arxiv.org/abs/2605.27162v1
Abstract: Fast prediction of the synthesizability conditions of materials remains challenging, even assuming synthesis under thermodynamic equilibrium. Approaches solely based on convex stability hulls neglect finite-temperature effects, while phonon-based phase diagram calculations are computationally demanding. Here, we demonstrate high-throughput generation of phase predominance diagrams as a function of temperature and partial pressures of gaseous reactants, helping bridge the gap between computational predictions and experimental synthesis. We employ fitting of elemental phase reference energies to zero-temperature total energies for improved calculation of formation enthalpies, along with machine-learned interatomic potentials for rapid determination of vibrational entropy and heat capacity. The resulting predominance diagrams can be intuitively understood by experimentalists and can be used to translate energies above stability hulls into synthesis conditions. Predominance diagrams are generated for selected oxide, nitride, sulfide, and phosphide systems, as well as for 48 more complex ternary metal phosphosulfide systems. The calculated predominance diagrams generally show good agreement with the experimental synthesis literature, with a drastic reduction in computational cost compared to a conventional approach relying on DFT-based phonon calculations. We identify several compounds predicted to be stable under well-defined thermodynamic windows, even though they appear as metastable in a zero-temperature stability hull picture. The method can be applied to rapidly estimate synthesis conditions for any inorganic material.",,current,What is the main materials-science claim reported in the source titled 'Rapid estimation of synthesizability windows of inorganic materials from first principles'?,"['arXiv source: 2605.27162v1\nTitle: Rapid estimation of synthesizability windows of inorganic materials from first principles\nPublished: 2026-05-26T15:21:19Z\nURL: http://arxiv.org/abs/2605.27162v1\nAbstract: Fast prediction of the synthesizability conditions of materials remains challenging, even assuming synthesis under thermodynamic equilibrium. Approaches solely based on convex stability hulls neglect finite-temperature effects, while phonon-based phase diagram calculations are computationally demanding. Here, we demonstrate high-throughput generation of phase predominance diagrams as a function of temperature and partial pressures of gaseous reactants, helping bridge the gap between computational predictions and experimental synthesis. We employ fitting of elemental phase reference energies to zero-temperature total energies for improved calculation of formation enthalpies, along with machine-learned interatomic potentials for rapid determination of vibrational entropy and heat capacity. The resulting predominance diagrams can be intuitively understood by experimentalists and can be used to translate energies above stability hulls into synthesis conditions. Predominance diagrams are generated for selected oxide, nitride, sulfide, and phosphide systems, as well as for 48 more complex ternary metal phosphosulfide systems. The calculated predominance diagrams generally show good agreement with the experimental synthesis literature, with a drastic reduction in computational cost compared to a conventional approach relying on DFT-based phonon calculations. We identify several compounds predicted to be stable under well-defined thermodynamic windows, even though they appear as metastable in a zero-temperature stability hull picture. The method can be applied to rapidly estimate synthesis conditions for any inorganic material.']","Fast prediction of the synthesizability conditions of materials remains challenging, even assuming synthesis under thermodynamic equilibrium.","arXiv source: 2605.27162v1
Title: Rapid estimation of synthesizability windows of inorganic materials from first principles
Published: 2026-05-26T15:21:19Z
URL: http://arxiv.org/abs/2605.27162v1
Abstract: Fast prediction of the synthesizability conditions of materials remains challenging, even assuming synthesis under thermodynamic equilibrium. Approaches solely based on convex stability hulls neglect finite-temperature effects, while phonon-based phase diagram calculations are computationally demanding. Here, we demonstrate high-throughput generation of phase predominance diagrams as a function of temperature and partial pressures of gaseous reactants, helping bridge the gap between computational predictions and experimental synthesis. We employ fitting of elemental phase reference energies to zero-temperature total energies for improved calculation of formation enthalpies, along with machine-learned interatomic potentials for rapid determination of vibrational entropy and heat capacity. The resulting predominance diagrams can be intuitively understood by experimentalists and can be used to translate energies above stability hulls into synthesis conditions. Predominance diagrams are generated for selected oxide, nitride, sulfide, and phosphide systems, as well as for 48 more complex ternary metal phosphosulfide systems. The calculated predominance diagrams generally show good agreement with the experimental synthesis literature, with a drastic reduction in computational cost compared to a conventional approach relying on DFT-based phonon calculations. We identify several compounds predicted to be stable under well-defined thermodynamic windows, even though they appear as metastable in a zero-temperature stability hull picture. The method can be applied to rapidly estimate synthesis conditions for any inorganic material.",1.0,0.6019908961415154,,,ragas_qwen_plus,qwen-plus,1.0,
natural_arxiv_current_0011,resp_1a24925bc060bab4,task_9420d277f412ee3e,natural_noisy_arxiv_v2,natural_source_linked,extractive_real_arxiv,matched_and_mismatched,stability,What is the main materials-science claim reported in the source titled 'High-Throughput Discovery of Semimetallic Borophenes with Diverse Dirac States Via Transferable Tight-Binding Approach'?,"Symmetry analysis reveals crystalline-symmetry-protected Dirac states, while first-principles calculations confirm their dynamical and thermal stability.","arXiv source: 2606.03060v1
Title: High-Throughput Discovery of Semimetallic Borophenes with Diverse Dirac States Via Transferable Tight-Binding Approach
Published: 2026-06-02T02:50:35Z
URL: http://arxiv.org/abs/2606.03060v1
Abstract: Borophene has attracted extensive interest due to its structural flexibility and emergent topological electronic states. However, semimetallic borophenes hosting robust Dirac states remain rare among the large number of predicted allotropes. Here, we develop a transferable tight-binding framework for planar borophenes and combine it with a graph- and group-theory-based random generation strategy to perform high-throughput screening of 522 borophene candidates. Eight previously unreported semimetallic borophenes are identified, hosting diverse topological band crossings, including type-I and type-III Dirac cones, Dirac nodal lines, and quadratic nodal points. Notably, quadratic nodal-point semimetals are predicted in borophene for the first time. Symmetry analysis reveals crystalline-symmetry-protected Dirac states, while first-principles calculations confirm their dynamical and thermal stability. These findings establish borophene as a versatile platform for engineering emergent Dirac physics in two dimensions.",,current,What is the main materials-science claim reported in the source titled 'High-Throughput Discovery of Semimetallic Borophenes with Diverse Dirac States Via Transferable Tight-Binding Approach'?,"['arXiv source: 2606.03060v1\nTitle: High-Throughput Discovery of Semimetallic Borophenes with Diverse Dirac States Via Transferable Tight-Binding Approach\nPublished: 2026-06-02T02:50:35Z\nURL: http://arxiv.org/abs/2606.03060v1\nAbstract: Borophene has attracted extensive interest due to its structural flexibility and emergent topological electronic states. However, semimetallic borophenes hosting robust Dirac states remain rare among the large number of predicted allotropes. Here, we develop a transferable tight-binding framework for planar borophenes and combine it with a graph- and group-theory-based random generation strategy to perform high-throughput screening of 522 borophene candidates. Eight previously unreported semimetallic borophenes are identified, hosting diverse topological band crossings, including type-I and type-III Dirac cones, Dirac nodal lines, and quadratic nodal points. Notably, quadratic nodal-point semimetals are predicted in borophene for the first time. Symmetry analysis reveals crystalline-symmetry-protected Dirac states, while first-principles calculations confirm their dynamical and thermal stability. These findings establish borophene as a versatile platform for engineering emergent Dirac physics in two dimensions.']","Symmetry analysis reveals crystalline-symmetry-protected Dirac states, while first-principles calculations confirm their dynamical and thermal stability.","arXiv source: 2606.03060v1
Title: High-Throughput Discovery of Semimetallic Borophenes with Diverse Dirac States Via Transferable Tight-Binding Approach
Published: 2026-06-02T02:50:35Z
URL: http://arxiv.org/abs/2606.03060v1
Abstract: Borophene has attracted extensive interest due to its structural flexibility and emergent topological electronic states. However, semimetallic borophenes hosting robust Dirac states remain rare among the large number of predicted allotropes. Here, we develop a transferable tight-binding framework for planar borophenes and combine it with a graph- and group-theory-based random generation strategy to perform high-throughput screening of 522 borophene candidates. Eight previously unreported semimetallic borophenes are identified, hosting diverse topological band crossings, including type-I and type-III Dirac cones, Dirac nodal lines, and quadratic nodal points. Notably, quadratic nodal-point semimetals are predicted in borophene for the first time. Symmetry analysis reveals crystalline-symmetry-protected Dirac states, while first-principles calculations confirm their dynamical and thermal stability. These findings establish borophene as a versatile platform for engineering emergent Dirac physics in two dimensions.",1.0,0.4954867308755676,,,ragas_qwen_plus,qwen-plus,1.0,
natural_arxiv_noisy_0097,resp_1a9dcb5f6223171a,task_fff8eee7c1a2aab5,natural_noisy_arxiv_v2,natural_source_linked,extractive_real_arxiv,matched_and_mismatched,superconductivity,What is the main materials-science claim reported in the source titled 'Orbital-Engineered Altermagnetism in Two-Dimensional Square Lattices'?,"We employ terahertz Faraday magneto-optical spectroscopy to probe the relaxation dynamics of quantized helical Caroli-de Gennes-Matricon (CdGM) states in epitaxial FeTe$_{1-x}$Se$_x$ thin films, nodeless multiband superconductors with short coherence lengths in the moderately clean limit.","arXiv source: 2606.03637v1
Title: Chirality-resolved spectroscopy of Caroli-de Gennes-Matricon states in multiband FeTe$_{1-x}$Se$_{x}$ superconductors
Published: 2026-06-02T13:33:57Z
URL: http://arxiv.org/abs/2606.03637v1
Abstract: We employ terahertz Faraday magneto-optical spectroscopy to probe the relaxation dynamics of quantized helical Caroli-de Gennes-Matricon (CdGM) states in epitaxial FeTe$_{1-x}$Se$_x$ thin films, nodeless multiband superconductors with short coherence lengths in the moderately clean limit. By exploiting polarization-selective optical transitions, we directly resolve the helicity and band origin of vortex-core quasiparticles. We observe long-lived CdGM resonances with opposite circular polarizations for electron- and hole-like bands. This enables independent, band-resolved determination of quasiparticle lifetimes, vortex masses, coherence lengths, and upper critical fields, and reveals their systematic evolution with isovalent substitution. The results establish terahertz magneto-optics as a direct probe of helical vortex-core excitations and provide dynamical evidence for multiband CdGM states in iron-based superconductors.",,incomplete,What is the main materials-science claim reported in the source titled 'Orbital-Engineered Altermagnetism in Two-Dimensional Square Lattices'?,"['arXiv source: 2606.03637v1\nTitle: Chirality-resolved spectroscopy of Caroli-de Gennes-Matricon states in multiband FeTe$_{1-x}$Se$_{x}$ superconductors\nPublished: 2026-06-02T13:33:57Z\nURL: http://arxiv.org/abs/2606.03637v1\nAbstract: We employ terahertz Faraday magneto-optical spectroscopy to probe the relaxation dynamics of quantized helical Caroli-de Gennes-Matricon (CdGM) states in epitaxial FeTe$_{1-x}$Se$_x$ thin films, nodeless multiband superconductors with short coherence lengths in the moderately clean limit. By exploiting polarization-selective optical transitions, we directly resolve the helicity and band origin of vortex-core quasiparticles. We observe long-lived CdGM resonances with opposite circular polarizations for electron- and hole-like bands. This enables independent, band-resolved determination of quasiparticle lifetimes, vortex masses, coherence lengths, and upper critical fields, and reveals their systematic evolution with isovalent substitution. The results establish terahertz magneto-optics as a direct probe of helical vortex-core excitations and provide dynamical evidence for multiband CdGM states in iron-based superconductors.']","We employ terahertz Faraday magneto-optical spectroscopy to probe the relaxation dynamics of quantized helical Caroli-de Gennes-Matricon (CdGM) states in epitaxial FeTe$_{1-x}$Se$_x$ thin films, nodeless multiband superconductors with short coherence lengths in the moderately clean limit.","arXiv source: 2606.03637v1
Title: Chirality-resolved spectroscopy of Caroli-de Gennes-Matricon states in multiband FeTe$_{1-x}$Se$_{x}$ superconductors
Published: 2026-06-02T13:33:57Z
URL: http://arxiv.org/abs/2606.03637v1
Abstract: We employ terahertz Faraday magneto-optical spectroscopy to probe the relaxation dynamics of quantized helical Caroli-de Gennes-Matricon (CdGM) states in epitaxial FeTe$_{1-x}$Se$_x$ thin films, nodeless multiband superconductors with short coherence lengths in the moderately clean limit. By exploiting polarization-selective optical transitions, we directly resolve the helicity and band origin of vortex-core quasiparticles. We observe long-lived CdGM resonances with opposite circular polarizations for electron- and hole-like bands. This enables independent, band-resolved determination of quasiparticle lifetimes, vortex masses, coherence lengths, and upper critical fields, and reveals their systematic evolution with isovalent substitution. The results establish terahertz magneto-optics as a direct probe of helical vortex-core excitations and provide dynamical evidence for multiband CdGM states in iron-based superconductors.",1.0,0.3171286822637041,,,ragas_qwen_plus,qwen-plus,0.0,valid_chemical_symbols
natural_arxiv_noisy_0220,resp_1aad9a65d42c6cfd,task_40bd261371531b35,natural_noisy_arxiv_v2,natural_source_linked,extractive_real_arxiv,matched_and_mismatched,natural_claim,What is the main materials-science claim reported in the source titled 'Exact Single-Scale Outer Solution of the Abrikosov Vortex in the Extreme Type-II Limit'?,Generating and characterizing uniform and staggered spin polarization in antiferromagnets is one of the key challenges for antiferromagnetic spintronic technology.,"arXiv source: 2605.30016v1
Title: Magnetic precession induced spin accumulation in collinear antiferromagnets
Published: 2026-05-28T14:40:26Z
URL: http://arxiv.org/abs/2605.30016v1
Abstract: Generating and characterizing uniform and staggered spin polarization in antiferromagnets is one of the key challenges for antiferromagnetic spintronic technology. Here, we perform perturbative theory, group-theoretical symmetry analysis, low energy and ab initio simulations to propose that the magnetic precession near the equilibrium magnetic axis could generate finite uniform and staggered spin polarization at the opposite magnetic sublattices (referring to total magnetic and Néel vector generation) in a single AFM semiconductors. This response does not require the heterojunction setup and could eliminate the lattice mismatch issues at the junction. Through scrutinizing all symmetrically-protected vanishing magnetic moment groups and especially focusing on parity-time (PT ) invariant groups, we identify the symmetry constraints that describe the staggered spin accumulation responses, and disclose their fieldlike and dampinglike characters. This unravels a hidden spin accumulation mode in AFM semiconductors. Furthermore, we simulate such an effect using a perturbative approach and suggest that electric gate field and Floquet light-dressing can effectively manipulate these responses.",,incomplete,What is the main materials-science claim reported in the source titled 'Exact Single-Scale Outer Solution of the Abrikosov Vortex in the Extreme Type-II Limit'?,"['arXiv source: 2605.30016v1\nTitle: Magnetic precession induced spin accumulation in collinear antiferromagnets\nPublished: 2026-05-28T14:40:26Z\nURL: http://arxiv.org/abs/2605.30016v1\nAbstract: Generating and characterizing uniform and staggered spin polarization in antiferromagnets is one of the key challenges for antiferromagnetic spintronic technology. Here, we perform perturbative theory, group-theoretical symmetry analysis, low energy and ab initio simulations to propose that the magnetic precession near the equilibrium magnetic axis could generate finite uniform and staggered spin polarization at the opposite magnetic sublattices (referring to total magnetic and Néel vector generation) in a single AFM semiconductors. This response does not require the heterojunction setup and could eliminate the lattice mismatch issues at the junction. Through scrutinizing all symmetrically-protected vanishing magnetic moment groups and especially focusing on parity-time (PT ) invariant groups, we identify the symmetry constraints that describe the staggered spin accumulation responses, and disclose their fieldlike and dampinglike characters. This unravels a hidden spin accumulation mode in AFM semiconductors. Furthermore, we simulate such an effect using a perturbative approach and suggest that electric gate field and Floquet light-dressing can effectively manipulate these responses.']",Generating and characterizing uniform and staggered spin polarization in antiferromagnets is one of the key challenges for antiferromagnetic spintronic technology.,"arXiv source: 2605.30016v1
Title: Magnetic precession induced spin accumulation in collinear antiferromagnets
Published: 2026-05-28T14:40:26Z
URL: http://arxiv.org/abs/2605.30016v1
Abstract: Generating and characterizing uniform and staggered spin polarization in antiferromagnets is one of the key challenges for antiferromagnetic spintronic technology. Here, we perform perturbative theory, group-theoretical symmetry analysis, low energy and ab initio simulations to propose that the magnetic precession near the equilibrium magnetic axis could generate finite uniform and staggered spin polarization at the opposite magnetic sublattices (referring to total magnetic and Néel vector generation) in a single AFM semiconductors. This response does not require the heterojunction setup and could eliminate the lattice mismatch issues at the junction. Through scrutinizing all symmetrically-protected vanishing magnetic moment groups and especially focusing on parity-time (PT ) invariant groups, we identify the symmetry constraints that describe the staggered spin accumulation responses, and disclose their fieldlike and dampinglike characters. This unravels a hidden spin accumulation mode in AFM semiconductors. Furthermore, we simulate such an effect using a perturbative approach and suggest that electric gate field and Floquet light-dressing can effectively manipulate these responses.",1.0,0.2881627324999005,,,ragas_qwen_plus,qwen-plus,1.0,
natural_arxiv_noisy_0089,resp_1aae472adb8fa80d,task_38534aefb9836c1c,natural_noisy_arxiv_v2,natural_source_linked,extractive_real_arxiv,matched_and_mismatched,superconductivity,What is the main materials-science claim reported in the source titled 'Superconductivity and electronic structure evolution in the enforced semimetal Fe-doped ZrTe$_2$'?,The interplay between charge-density-wave (CDW) order and superconductivity is a central problem in condensed-matter physics because both phenomena often originate from the same electron-phonon coupling (EPC) mechanism.,"arXiv source: 2606.04953v1
Title: Electron-Phonon Coupling and Charge Density Wave Instabilities in W2N and Halogen-Functionalized W2N Monolayers
Published: 2026-06-03T14:40:11Z
URL: http://arxiv.org/abs/2606.04953v1
Abstract: The interplay between charge-density-wave (CDW) order and superconductivity is a central problem in condensed-matter physics because both phenomena often originate from the same electron-phonon coupling (EPC) mechanism. Here, we investigate the structural, electronic, vibrational, and superconducting properties of monolayer W2N and halogen-functionalized W2N (W2NF2 and W2NCl2) using first-principles calculations. Pristine W2N exhibits pronounced phonon instabilities near the M and K points driven by exceptionally strong EPC associated with softened low-frequency phonons. The coincidence between phonon softening and enhanced phonon linewidths identifies the instability as EPC-driven and indicative of a CDW tendency. Inclusion of van der Waals interactions stabilizes the lattice and yields strong-coupling superconductivity with λ = 1.00 and Tc = 13.2 K, while fluorination further weakens the soft-phonon anomaly, resulting in a moderate-coupling superconductor with λ = 0.67 and Tc = 5.3 K. In contrast, W2NCl2 exhibits a re-emergence of CDW-related phonon softening that can be continuously suppressed by compressive strain or electron doping. Under -3% compressive strain, the EPC constant decreases from λ = 1.35 to λ = 0.71, giving rise to superconductivity with Tc = 5.8 K. Across the entire W2N family, the low-energy physics is governed by softened ZA phonons near the M point, establishing a unified framework in which CDW order and superconductivity emerge as competing manifestations of the same soft-phonon-driven EPC mechanism.",,incomplete,What is the main materials-science claim reported in the source titled 'Superconductivity and electronic structure evolution in the enforced semimetal Fe-doped ZrTe$_2$'?,"['arXiv source: 2606.04953v1\nTitle: Electron-Phonon Coupling and Charge Density Wave Instabilities in W2N and Halogen-Functionalized W2N Monolayers\nPublished: 2026-06-03T14:40:11Z\nURL: http://arxiv.org/abs/2606.04953v1\nAbstract: The interplay between charge-density-wave (CDW) order and superconductivity is a central problem in condensed-matter physics because both phenomena often originate from the same electron-phonon coupling (EPC) mechanism. Here, we investigate the structural, electronic, vibrational, and superconducting properties of monolayer W2N and halogen-functionalized W2N (W2NF2 and W2NCl2) using first-principles calculations. Pristine W2N exhibits pronounced phonon instabilities near the M and K points driven by exceptionally strong EPC associated with softened low-frequency phonons. The coincidence between phonon softening and enhanced phonon linewidths identifies the instability as EPC-driven and indicative of a CDW tendency. Inclusion of van der Waals interactions stabilizes the lattice and yields strong-coupling superconductivity with λ = 1.00 and Tc = 13.2 K, while fluorination further weakens the soft-phonon anomaly, resulting in a moderate-coupling superconductor with λ = 0.67 and Tc = 5.3 K. In contrast, W2NCl2 exhibits a re-emergence of CDW-related phonon softening that can be continuously suppressed by compressive strain or electron doping. Under -3% compressive strain, the EPC constant decreases from λ = 1.35 to λ = 0.71, giving rise to superconductivity with Tc = 5.8 K. Across the entire W2N family, the low-energy physics is governed by softened ZA phonons near the M point, establishing a unified framework in which CDW order and superconductivity emerge as competing manifestations of the same soft-phonon-driven EPC mechanism.']",The interplay between charge-density-wave (CDW) order and superconductivity is a central problem in condensed-matter physics because both phenomena often originate from the same electron-phonon coupling (EPC) mechanism.,"arXiv source: 2606.04953v1
Title: Electron-Phonon Coupling and Charge Density Wave Instabilities in W2N and Halogen-Functionalized W2N Monolayers
Published: 2026-06-03T14:40:11Z
URL: http://arxiv.org/abs/2606.04953v1
Abstract: The interplay between charge-density-wave (CDW) order and superconductivity is a central problem in condensed-matter physics because both phenomena often originate from the same electron-phonon coupling (EPC) mechanism. Here, we investigate the structural, electronic, vibrational, and superconducting properties of monolayer W2N and halogen-functionalized W2N (W2NF2 and W2NCl2) using first-principles calculations. Pristine W2N exhibits pronounced phonon instabilities near the M and K points driven by exceptionally strong EPC associated with softened low-frequency phonons. The coincidence between phonon softening and enhanced phonon linewidths identifies the instability as EPC-driven and indicative of a CDW tendency. Inclusion of van der Waals interactions stabilizes the lattice and yields strong-coupling superconductivity with λ = 1.00 and Tc = 13.2 K, while fluorination further weakens the soft-phonon anomaly, resulting in a moderate-coupling superconductor with λ = 0.67 and Tc = 5.3 K. In contrast, W2NCl2 exhibits a re-emergence of CDW-related phonon softening that can be continuously suppressed by compressive strain or electron doping. Under -3% compressive strain, the EPC constant decreases from λ = 1.35 to λ = 0.71, giving rise to superconductivity with Tc = 5.8 K. Across the entire W2N family, the low-energy physics is governed by softened ZA phonons near the M point, establishing a unified framework in which CDW order and superconductivity emerge as competing manifestations of the same soft-phonon-driven EPC mechanism.",1.0,0.4033591241064067,,,ragas_qwen_plus,qwen-plus,1.0,
natural_arxiv_current_0084,resp_1aead4091d2f64e7,task_5d3a6d39b45734ca,natural_noisy_arxiv_v2,natural_source_linked,extractive_real_arxiv,matched_and_mismatched,natural_claim,"What is the main materials-science claim reported in the source titled 'Uncovering multi-channel magnetic hopfion annihilation via a single-node, billion-spin-scale atomistic framework'?","Modern atomistic spin simulations combine long stochastic trajectories, thermodynamic sampling, static optimization and multi-image transition-path workflows, all of which rely on repeated evaluation of spin Hamiltonians and become computationally prohibitive on the large lattices required for three-dimensional magnetic textures.","arXiv source: 2605.26016v1
Title: Uncovering multi-channel magnetic hopfion annihilation via a single-node, billion-spin-scale atomistic framework
Published: 2026-05-25T16:33:53Z
URL: http://arxiv.org/abs/2605.26016v1
Abstract: Modern atomistic spin simulations combine long stochastic trajectories, thermodynamic sampling, static optimization and multi-image transition-path workflows, all of which rely on repeated evaluation of spin Hamiltonians and become computationally prohibitive on the large lattices required for three-dimensional magnetic textures. We introduce SpinX, a GPU-native atomistic spin simulation framework built around a unified Hamiltonian interface and multiple user-selectable computational backends. Its core is a crystallographic sublattice decomposition that reformulates translationally invariant spin interactions as multi-channel tensor convolutions, enabling dense, sparse and FFT-based convolution backends, while irregular systems are handled by pair-list evaluation and long-range dipolar fields by reciprocal-space FFT. Implemented in JAX, SpinX supports deterministic and stochastic Landau-Lifshitz-Gilbert dynamics, Monte Carlo sampling, static optimization, dynamical spectroscopy and string and geodesic nudged elastic band transition-path calculations on heterogeneous accelerator platforms. A validated mixed-precision mode combines fp32 field evaluation with fp64 spin-state propagation. We validate SpinX against analytical single-spin dynamics, finite-size thermodynamics of bcc Fe and transverse dynamic structure factors. Performance benchmarks show peak throughput exceeding 10 billion spin-site operations per second on a single accelerator and aggregate single-node workloads of over 1 billion atomic spins. Applying this framework to an exchange-stabilized magnetic hopfion, we uncover two competing annihilation channels on a million-spin atomistic lattice: a previously reported axial-collapse pathway and a distinct lateral-rupture pathway with a different transition morphology and activation barrier.(Due to arXiv's limit, the abstract shown here is a shortened version)",,current,"What is the main materials-science claim reported in the source titled 'Uncovering multi-channel magnetic hopfion annihilation via a single-node, billion-spin-scale atomistic framework'?","[""arXiv source: 2605.26016v1\nTitle: Uncovering multi-channel magnetic hopfion annihilation via a single-node, billion-spin-scale atomistic framework\nPublished: 2026-05-25T16:33:53Z\nURL: http://arxiv.org/abs/2605.26016v1\nAbstract: Modern atomistic spin simulations combine long stochastic trajectories, thermodynamic sampling, static optimization and multi-image transition-path workflows, all of which rely on repeated evaluation of spin Hamiltonians and become computationally prohibitive on the large lattices required for three-dimensional magnetic textures. We introduce SpinX, a GPU-native atomistic spin simulation framework built around a unified Hamiltonian interface and multiple user-selectable computational backends. Its core is a crystallographic sublattice decomposition that reformulates translationally invariant spin interactions as multi-channel tensor convolutions, enabling dense, sparse and FFT-based convolution backends, while irregular systems are handled by pair-list evaluation and long-range dipolar fields by reciprocal-space FFT. Implemented in JAX, SpinX supports deterministic and stochastic Landau-Lifshitz-Gilbert dynamics, Monte Carlo sampling, static optimization, dynamical spectroscopy and string and geodesic nudged elastic band transition-path calculations on heterogeneous accelerator platforms. A validated mixed-precision mode combines fp32 field evaluation with fp64 spin-state propagation. We validate SpinX against analytical single-spin dynamics, finite-size thermodynamics of bcc Fe and transverse dynamic structure factors. Performance benchmarks show peak throughput exceeding 10 billion spin-site operations per second on a single accelerator and aggregate single-node workloads of over 1 billion atomic spins. Applying this framework to an exchange-stabilized magnetic hopfion, we uncover two competing annihilation channels on a million-spin atomistic lattice: a previously reported axial-collapse pathway and a distinct lateral-rupture pathway with a different transition morphology and activation barrier.(Due to arXiv's limit, the abstract shown here is a shortened version)""]","Modern atomistic spin simulations combine long stochastic trajectories, thermodynamic sampling, static optimization and multi-image transition-path workflows, all of which rely on repeated evaluation of spin Hamiltonians and become computationally prohibitive on the large lattices required for three-dimensional magnetic textures.","arXiv source: 2605.26016v1
Title: Uncovering multi-channel magnetic hopfion annihilation via a single-node, billion-spin-scale atomistic framework
Published: 2026-05-25T16:33:53Z
URL: http://arxiv.org/abs/2605.26016v1
Abstract: Modern atomistic spin simulations combine long stochastic trajectories, thermodynamic sampling, static optimization and multi-image transition-path workflows, all of which rely on repeated evaluation of spin Hamiltonians and become computationally prohibitive on the large lattices required for three-dimensional magnetic textures. We introduce SpinX, a GPU-native atomistic spin simulation framework built around a unified Hamiltonian interface and multiple user-selectable computational backends. Its core is a crystallographic sublattice decomposition that reformulates translationally invariant spin interactions as multi-channel tensor convolutions, enabling dense, sparse and FFT-based convolution backends, while irregular systems are handled by pair-list evaluation and long-range dipolar fields by reciprocal-space FFT. Implemented in JAX, SpinX supports deterministic and stochastic Landau-Lifshitz-Gilbert dynamics, Monte Carlo sampling, static optimization, dynamical spectroscopy and string and geodesic nudged elastic band transition-path calculations on heterogeneous accelerator platforms. A validated mixed-precision mode combines fp32 field evaluation with fp64 spin-state propagation. We validate SpinX against analytical single-spin dynamics, finite-size thermodynamics of bcc Fe and transverse dynamic structure factors. Performance benchmarks show peak throughput exceeding 10 billion spin-site operations per second on a single accelerator and aggregate single-node workloads of over 1 billion atomic spins. Applying this framework to an exchange-stabilized magnetic hopfion, we uncover two competing annihilation channels on a million-spin atomistic lattice: a previously reported axial-collapse pathway and a distinct lateral-rupture pathway with a different transition morphology and activation barrier.(Due to arXiv's limit, the abstract shown here is a shortened version)",1.0,0.4146359298964219,,,ragas_qwen_plus,qwen-plus,1.0,
natural_arxiv_noisy_0068,resp_1d1bcd9c5ed0d3e2,task_e8a3d8a6bf7abb6d,natural_noisy_arxiv_v2,natural_source_linked,extractive_real_arxiv,matched_and_mismatched,natural_claim,What is the main materials-science claim reported in the source titled 'Full Quantum and Mixed Quantum--Classical Dynamics of Hot Exciton Cooling in Semiconductor Nanocrystals'?,Direct real-space probes of altermagnetic order remain scarce.,"arXiv source: 2605.31531v1
Title: Multiplet-Selective Photoelectron Diffraction from an Altermagnet
Published: 2026-05-29T16:43:39Z
URL: http://arxiv.org/abs/2605.31531v1
Abstract: Direct real-space probes of altermagnetic order remain scarce. Here we introduce multiplet-selective photoelectron diffraction (PED), a methodology in which different regions of a transition-metal core-level multiplet act as distinct photoemission source waves. Using multiple-scattering calculations for the metallic altermagnet candidate CrSb, we show that selected Cr $3p$ multiplet features with predominantly $Y_1^{+1}$ and $Y_1^{-1}$ character generate robust diffraction asymmetries sensitive to altermagnetic domains. We demonstrate that both circularly and linearly polarized light provide access to the effect, while suitable combinations of domains, light polarizations, and multiplet-energy windows suppress nonmagnetic diffraction backgrounds. The proposed approach can be implemented using standard momentum-resolved photoemission instrumentation and establishes core-level PED as a practical route toward domain-resolved studies of altermagnets.",,incomplete,What is the main materials-science claim reported in the source titled 'Full Quantum and Mixed Quantum--Classical Dynamics of Hot Exciton Cooling in Semiconductor Nanocrystals'?,"['arXiv source: 2605.31531v1\nTitle: Multiplet-Selective Photoelectron Diffraction from an Altermagnet\nPublished: 2026-05-29T16:43:39Z\nURL: http://arxiv.org/abs/2605.31531v1\nAbstract: Direct real-space probes of altermagnetic order remain scarce. Here we introduce multiplet-selective photoelectron diffraction (PED), a methodology in which different regions of a transition-metal core-level multiplet act as distinct photoemission source waves. Using multiple-scattering calculations for the metallic altermagnet candidate CrSb, we show that selected Cr $3p$ multiplet features with predominantly $Y_1^{+1}$ and $Y_1^{-1}$ character generate robust diffraction asymmetries sensitive to altermagnetic domains. We demonstrate that both circularly and linearly polarized light provide access to the effect, while suitable combinations of domains, light polarizations, and multiplet-energy windows suppress nonmagnetic diffraction backgrounds. The proposed approach can be implemented using standard momentum-resolved photoemission instrumentation and establishes core-level PED as a practical route toward domain-resolved studies of altermagnets.']",Direct real-space probes of altermagnetic order remain scarce.,"arXiv source: 2605.31531v1
Title: Multiplet-Selective Photoelectron Diffraction from an Altermagnet
Published: 2026-05-29T16:43:39Z
URL: http://arxiv.org/abs/2605.31531v1
Abstract: Direct real-space probes of altermagnetic order remain scarce. Here we introduce multiplet-selective photoelectron diffraction (PED), a methodology in which different regions of a transition-metal core-level multiplet act as distinct photoemission source waves. Using multiple-scattering calculations for the metallic altermagnet candidate CrSb, we show that selected Cr $3p$ multiplet features with predominantly $Y_1^{+1}$ and $Y_1^{-1}$ character generate robust diffraction asymmetries sensitive to altermagnetic domains. We demonstrate that both circularly and linearly polarized light provide access to the effect, while suitable combinations of domains, light polarizations, and multiplet-energy windows suppress nonmagnetic diffraction backgrounds. The proposed approach can be implemented using standard momentum-resolved photoemission instrumentation and establishes core-level PED as a practical route toward domain-resolved studies of altermagnets.",1.0,0.0,,,ragas_qwen_plus,qwen-plus,1.0,
natural_arxiv_noisy_0122,resp_1d9574ed2a1a1a2a,task_d3b87e541cda5fa3,natural_noisy_arxiv_v2,natural_source_linked,extractive_real_arxiv,matched_and_mismatched,stability,What is the main materials-science claim reported in the source titled 'Epitaxial $\mathrm{Co_2MnSi}$ with intrinsic magnetocrystalline anisotropy as a route to bias-field-free nonlinear half-metal magnonics at the nanoscale'?,"The same critical model, which can also account for strange metal, makes experimentally testable predictions for the optical and dc shear viscosities, ${\rm Re}[η(Ω)]\sim (|Ω|^{3/2}+T^{3/2})/Ω^2$ and ${\rm Re}[η(Ω=0)]\sim T$, providing further opportunities to assess the validity of our theoretical framework.","arXiv source: 2605.29501v1
Title: Shear Viscosity at the van Hove singularity
Published: 2026-05-28T07:24:10Z
URL: http://arxiv.org/abs/2605.29501v1
Abstract: The applicability of the semiclassical Boltzmann transport theory is fundamentally challenged in strongly correlated systems where quasiparticle excitations are ill-defined. When the fermion spectral broadening becomes much larger than the boson broadening, the Boltzmann approach to transport is not always valid, particularly in the dirty limit of the critical regime. Using a diagrammatic Kubo formalism, we compute several critical transport coefficients at a van Hove singularity and show that, while the conductivity happens to agree with the Boltzmann result, the dc shear viscosity exhibits qualitatively different behavior. The diagrammatic Kubo results are more reliable because, under the fermion sharp peak approximation--an assumption that strictly breaks down in the dirty critical limit--we demonstrate that the leading order Feynman diagrams reduce to the Boltzmann equation. The same critical model, which can also account for strange metal, makes experimentally testable predictions for the optical and dc shear viscosities, ${\rm Re}[η(Ω)]\sim (|Ω|^{3/2}+T^{3/2})/Ω^2$ and ${\rm Re}[η(Ω=0)]\sim T$, providing further opportunities to assess the validity of our theoretical framework.",,incomplete,What is the main materials-science claim reported in the source titled 'Epitaxial $\mathrm{Co_2MnSi}$ with intrinsic magnetocrystalline anisotropy as a route to bias-field-free nonlinear half-metal magnonics at the nanoscale'?,"['arXiv source: 2605.29501v1\nTitle: Shear Viscosity at the van Hove singularity\nPublished: 2026-05-28T07:24:10Z\nURL: http://arxiv.org/abs/2605.29501v1\nAbstract: The applicability of the semiclassical Boltzmann transport theory is fundamentally challenged in strongly correlated systems where quasiparticle excitations are ill-defined. When the fermion spectral broadening becomes much larger than the boson broadening, the Boltzmann approach to transport is not always valid, particularly in the dirty limit of the critical regime. Using a diagrammatic Kubo formalism, we compute several critical transport coefficients at a van Hove singularity and show that, while the conductivity happens to agree with the Boltzmann result, the dc shear viscosity exhibits qualitatively different behavior. The diagrammatic Kubo results are more reliable because, under the fermion sharp peak approximation--an assumption that strictly breaks down in the dirty critical limit--we demonstrate that the leading order Feynman diagrams reduce to the Boltzmann equation. The same critical model, which can also account for strange metal, makes experimentally testable predictions for the optical and dc shear viscosities, ${\\rm Re}[η(Ω)]\\sim (|Ω|^{3/2}+T^{3/2})/Ω^2$ and ${\\rm Re}[η(Ω=0)]\\sim T$, providing further opportunities to assess the validity of our theoretical framework.']","The same critical model, which can also account for strange metal, makes experimentally testable predictions for the optical and dc shear viscosities, ${\rm Re}[η(Ω)]\sim (|Ω|^{3/2}+T^{3/2})/Ω^2$ and ${\rm Re}[η(Ω=0)]\sim T$, providing further opportunities to assess the validity of our theoretical framework.","arXiv source: 2605.29501v1
Title: Shear Viscosity at the van Hove singularity
Published: 2026-05-28T07:24:10Z
URL: http://arxiv.org/abs/2605.29501v1
Abstract: The applicability of the semiclassical Boltzmann transport theory is fundamentally challenged in strongly correlated systems where quasiparticle excitations are ill-defined. When the fermion spectral broadening becomes much larger than the boson broadening, the Boltzmann approach to transport is not always valid, particularly in the dirty limit of the critical regime. Using a diagrammatic Kubo formalism, we compute several critical transport coefficients at a van Hove singularity and show that, while the conductivity happens to agree with the Boltzmann result, the dc shear viscosity exhibits qualitatively different behavior. The diagrammatic Kubo results are more reliable because, under the fermion sharp peak approximation--an assumption that strictly breaks down in the dirty critical limit--we demonstrate that the leading order Feynman diagrams reduce to the Boltzmann equation. The same critical model, which can also account for strange metal, makes experimentally testable predictions for the optical and dc shear viscosities, ${\rm Re}[η(Ω)]\sim (|Ω|^{3/2}+T^{3/2})/Ω^2$ and ${\rm Re}[η(Ω=0)]\sim T$, providing further opportunities to assess the validity of our theoretical framework.",1.0,0.2299635563221571,,,ragas_qwen_plus,qwen-plus,1.0,
natural_arxiv_noisy_0045,resp_1db8104c90d5d36d,task_bae6dc6b9442385c,natural_noisy_arxiv_v2,natural_source_linked,extractive_real_arxiv,matched_and_mismatched,natural_claim,What is the main materials-science claim reported in the source titled 'Spectroscopic evidence for a molecular orbital Kondo insulator'?,We investigate the bulk photovoltaic effect in monolayer SnS using an effective tight-binding model derived from first-principles calculations.,"arXiv source: 2606.02851v1
Title: Shift current conductivity in monolayer SnS: a tight-binding analysis
Published: 2026-06-01T20:16:23Z
URL: http://arxiv.org/abs/2606.02851v1
Abstract: We investigate the bulk photovoltaic effect in monolayer SnS using an effective tight-binding model derived from first-principles calculations. By comparing short-range and long-range hopping models, we show that the essential features of the shift current conductivity are captured by a minimal model. The shift current is decomposed into transition intensity and shift vector, enabling identification of dominant interband transitions. The comparison reveals that long-range hopping processes quantitatively modify the peak positions and magnitudes, while the short-range model retains the characteristic low-energy structure of the nonlinear response. Our findings provide a transparent framework for understanding and designing bulk photovoltaic effects in two-dimensional materials.",,incomplete,What is the main materials-science claim reported in the source titled 'Spectroscopic evidence for a molecular orbital Kondo insulator'?,"['arXiv source: 2606.02851v1\nTitle: Shift current conductivity in monolayer SnS: a tight-binding analysis\nPublished: 2026-06-01T20:16:23Z\nURL: http://arxiv.org/abs/2606.02851v1\nAbstract: We investigate the bulk photovoltaic effect in monolayer SnS using an effective tight-binding model derived from first-principles calculations. By comparing short-range and long-range hopping models, we show that the essential features of the shift current conductivity are captured by a minimal model. The shift current is decomposed into transition intensity and shift vector, enabling identification of dominant interband transitions. The comparison reveals that long-range hopping processes quantitatively modify the peak positions and magnitudes, while the short-range model retains the characteristic low-energy structure of the nonlinear response. Our findings provide a transparent framework for understanding and designing bulk photovoltaic effects in two-dimensional materials.']",We investigate the bulk photovoltaic effect in monolayer SnS using an effective tight-binding model derived from first-principles calculations.,"arXiv source: 2606.02851v1
Title: Shift current conductivity in monolayer SnS: a tight-binding analysis
Published: 2026-06-01T20:16:23Z
URL: http://arxiv.org/abs/2606.02851v1
Abstract: We investigate the bulk photovoltaic effect in monolayer SnS using an effective tight-binding model derived from first-principles calculations. By comparing short-range and long-range hopping models, we show that the essential features of the shift current conductivity are captured by a minimal model. The shift current is decomposed into transition intensity and shift vector, enabling identification of dominant interband transitions. The comparison reveals that long-range hopping processes quantitatively modify the peak positions and magnitudes, while the short-range model retains the characteristic low-energy structure of the nonlinear response. Our findings provide a transparent framework for understanding and designing bulk photovoltaic effects in two-dimensional materials.",1.0,0.1828850460566262,,,ragas_qwen_plus,qwen-plus,1.0,
natural_arxiv_noisy_0015,resp_1dba9612d8517921,task_eebb749c84aadd84,natural_noisy_arxiv_v2,natural_source_linked,extractive_real_arxiv,matched_and_mismatched,natural_claim,What is the main materials-science claim reported in the source titled 'Quenching of Nonrelativistic p-Wave Spin Splitting by c-f Decoupling in CeNiAsO'?,"BaTiO3 is a model ferroelectric perovskite whose properties are highly sensitive to local structure, defect chemistry, and dopant distribution.","arXiv source: 2605.24800v1
Title: Photoluminescence Identification of Multiple Local Eu3+ Environments in BaTiO3 Ceramics
Published: 2026-05-24T01:12:54Z
URL: http://arxiv.org/abs/2605.24800v1
Abstract: BaTiO3 is a model ferroelectric perovskite whose properties are highly sensitive to local structure, defect chemistry, and dopant distribution. However, conventional diffraction mainly probes the average lattice and can miss subtle changes in the local coordination environment. Here we use Eu3+ photoluminescence as a local optical probe for BaTiO3 ceramics prepared at 1250, 1300, and 1350 °C. X-ray diffraction and Raman spectra show that all samples retain the tetragonal BaTiO3 phase within the detection limits of these techniques. Electron microscopy reveals a porous ceramic microstructure with temperature-dependent grain growth, and elemental mapping confirms a spatially distributed Eu signal. The Eu3+ excitation and emission spectra show strong sensitivity to the processing temperature. The sample sintered at 1250 °C gives the highest emission intensity, while higher sintering temperatures change the relative intensity of the charge-transfer band and the 4f-4f transitions. Most importantly, the 5D0 to 7F0 emission contains two reproducible components near 579.5 nm and 582.2 nm. Their relative weights vary with sintering temperature, and double-exponential decay at 612 nm further supports the presence of multiple Eu-related local environments. These results show that Eu3+ luminescence provides a sensitive route to track local structural heterogeneity in BaTiO3 ceramics.",,incomplete,What is the main materials-science claim reported in the source titled 'Quenching of Nonrelativistic p-Wave Spin Splitting by c-f Decoupling in CeNiAsO'?,"['arXiv source: 2605.24800v1\nTitle: Photoluminescence Identification of Multiple Local Eu3+ Environments in BaTiO3 Ceramics\nPublished: 2026-05-24T01:12:54Z\nURL: http://arxiv.org/abs/2605.24800v1\nAbstract: BaTiO3 is a model ferroelectric perovskite whose properties are highly sensitive to local structure, defect chemistry, and dopant distribution. However, conventional diffraction mainly probes the average lattice and can miss subtle changes in the local coordination environment. Here we use Eu3+ photoluminescence as a local optical probe for BaTiO3 ceramics prepared at 1250, 1300, and 1350 °C. X-ray diffraction and Raman spectra show that all samples retain the tetragonal BaTiO3 phase within the detection limits of these techniques. Electron microscopy reveals a porous ceramic microstructure with temperature-dependent grain growth, and elemental mapping confirms a spatially distributed Eu signal. The Eu3+ excitation and emission spectra show strong sensitivity to the processing temperature. The sample sintered at 1250 °C gives the highest emission intensity, while higher sintering temperatures change the relative intensity of the charge-transfer band and the 4f-4f transitions. Most importantly, the 5D0 to 7F0 emission contains two reproducible components near 579.5 nm and 582.2 nm. Their relative weights vary with sintering temperature, and double-exponential decay at 612 nm further supports the presence of multiple Eu-related local environments. These results show that Eu3+ luminescence provides a sensitive route to track local structural heterogeneity in BaTiO3 ceramics.']","BaTiO3 is a model ferroelectric perovskite whose properties are highly sensitive to local structure, defect chemistry, and dopant distribution.","arXiv source: 2605.24800v1
Title: Photoluminescence Identification of Multiple Local Eu3+ Environments in BaTiO3 Ceramics
Published: 2026-05-24T01:12:54Z
URL: http://arxiv.org/abs/2605.24800v1
Abstract: BaTiO3 is a model ferroelectric perovskite whose properties are highly sensitive to local structure, defect chemistry, and dopant distribution. However, conventional diffraction mainly probes the average lattice and can miss subtle changes in the local coordination environment. Here we use Eu3+ photoluminescence as a local optical probe for BaTiO3 ceramics prepared at 1250, 1300, and 1350 °C. X-ray diffraction and Raman spectra show that all samples retain the tetragonal BaTiO3 phase within the detection limits of these techniques. Electron microscopy reveals a porous ceramic microstructure with temperature-dependent grain growth, and elemental mapping confirms a spatially distributed Eu signal. The Eu3+ excitation and emission spectra show strong sensitivity to the processing temperature. The sample sintered at 1250 °C gives the highest emission intensity, while higher sintering temperatures change the relative intensity of the charge-transfer band and the 4f-4f transitions. Most importantly, the 5D0 to 7F0 emission contains two reproducible components near 579.5 nm and 582.2 nm. Their relative weights vary with sintering temperature, and double-exponential decay at 612 nm further supports the presence of multiple Eu-related local environments. These results show that Eu3+ luminescence provides a sensitive route to track local structural heterogeneity in BaTiO3 ceramics.",1.0,0.2790397601017785,,,ragas_qwen_plus,qwen-plus,1.0,
natural_arxiv_noisy_0181,resp_20a3adba63332482,task_ed8464068b076d87,natural_noisy_arxiv_v2,natural_source_linked,extractive_real_arxiv,matched_and_mismatched,stability,What is the main materials-science claim reported in the source titled 'Chirality-resolved spectroscopy of Caroli-de Gennes-Matricon states in multiband FeTe$_{1-x}$Se$_{x}$ superconductors'?,"Symmetry analysis reveals crystalline-symmetry-protected Dirac states, while first-principles calculations confirm their dynamical and thermal stability.","arXiv source: 2606.03060v1
Title: High-Throughput Discovery of Semimetallic Borophenes with Diverse Dirac States Via Transferable Tight-Binding Approach
Published: 2026-06-02T02:50:35Z
URL: http://arxiv.org/abs/2606.03060v1
Abstract: Borophene has attracted extensive interest due to its structural flexibility and emergent topological electronic states. However, semimetallic borophenes hosting robust Dirac states remain rare among the large number of predicted allotropes. Here, we develop a transferable tight-binding framework for planar borophenes and combine it with a graph- and group-theory-based random generation strategy to perform high-throughput screening of 522 borophene candidates. Eight previously unreported semimetallic borophenes are identified, hosting diverse topological band crossings, including type-I and type-III Dirac cones, Dirac nodal lines, and quadratic nodal points. Notably, quadratic nodal-point semimetals are predicted in borophene for the first time. Symmetry analysis reveals crystalline-symmetry-protected Dirac states, while first-principles calculations confirm their dynamical and thermal stability. These findings establish borophene as a versatile platform for engineering emergent Dirac physics in two dimensions.",,incomplete,What is the main materials-science claim reported in the source titled 'Chirality-resolved spectroscopy of Caroli-de Gennes-Matricon states in multiband FeTe$_{1-x}$Se$_{x}$ superconductors'?,"['arXiv source: 2606.03060v1\nTitle: High-Throughput Discovery of Semimetallic Borophenes with Diverse Dirac States Via Transferable Tight-Binding Approach\nPublished: 2026-06-02T02:50:35Z\nURL: http://arxiv.org/abs/2606.03060v1\nAbstract: Borophene has attracted extensive interest due to its structural flexibility and emergent topological electronic states. However, semimetallic borophenes hosting robust Dirac states remain rare among the large number of predicted allotropes. Here, we develop a transferable tight-binding framework for planar borophenes and combine it with a graph- and group-theory-based random generation strategy to perform high-throughput screening of 522 borophene candidates. Eight previously unreported semimetallic borophenes are identified, hosting diverse topological band crossings, including type-I and type-III Dirac cones, Dirac nodal lines, and quadratic nodal points. Notably, quadratic nodal-point semimetals are predicted in borophene for the first time. Symmetry analysis reveals crystalline-symmetry-protected Dirac states, while first-principles calculations confirm their dynamical and thermal stability. These findings establish borophene as a versatile platform for engineering emergent Dirac physics in two dimensions.']","Symmetry analysis reveals crystalline-symmetry-protected Dirac states, while first-principles calculations confirm their dynamical and thermal stability.","arXiv source: 2606.03060v1
Title: High-Throughput Discovery of Semimetallic Borophenes with Diverse Dirac States Via Transferable Tight-Binding Approach
Published: 2026-06-02T02:50:35Z
URL: http://arxiv.org/abs/2606.03060v1
Abstract: Borophene has attracted extensive interest due to its structural flexibility and emergent topological electronic states. However, semimetallic borophenes hosting robust Dirac states remain rare among the large number of predicted allotropes. Here, we develop a transferable tight-binding framework for planar borophenes and combine it with a graph- and group-theory-based random generation strategy to perform high-throughput screening of 522 borophene candidates. Eight previously unreported semimetallic borophenes are identified, hosting diverse topological band crossings, including type-I and type-III Dirac cones, Dirac nodal lines, and quadratic nodal points. Notably, quadratic nodal-point semimetals are predicted in borophene for the first time. Symmetry analysis reveals crystalline-symmetry-protected Dirac states, while first-principles calculations confirm their dynamical and thermal stability. These findings establish borophene as a versatile platform for engineering emergent Dirac physics in two dimensions.",1.0,0.4214480002641216,,,ragas_qwen_plus,qwen-plus,1.0,
natural_arxiv_noisy_0169,resp_215b945660810a77,task_ac29bc860a30e05a,natural_noisy_arxiv_v2,natural_source_linked,extractive_real_arxiv,matched_and_mismatched,stability,What is the main materials-science claim reported in the source titled 'Theory of frozen flux in a narrow uniform superconducting strip after cooling in a small magnetic field'?,"Finally, we measure relaxation times of the metastable, persistent-current states trapped in the local minima of the potential.","arXiv source: 2605.20652v1
Title: WSi weak link element with a non-sinusoidal current-phase relation
Published: 2026-05-20T03:13:12Z
URL: http://arxiv.org/abs/2605.20652v1
Abstract: Nonlinearity is an essential ingredient for encoding quantum states with non-uniform energy spacing, implementing coherent quantum gates, reading out qubits, amplifying, and mixing electromagnetic signals. In this work, we demonstrate the nonlinear behavior of a constriction fabricated from an amorphous, high-kinetic inductance material, tungsten silicide, embedded in a three-dimensional RF-SQUID. We find that the results are consistent with the weak link behaving as a Josephson junction with a sawtooth-like current-phase relation or a quantum phase slip element. Finally, we measure relaxation times of the metastable, persistent-current states trapped in the local minima of the potential.",,incomplete,What is the main materials-science claim reported in the source titled 'Theory of frozen flux in a narrow uniform superconducting strip after cooling in a small magnetic field'?,"['arXiv source: 2605.20652v1\nTitle: WSi weak link element with a non-sinusoidal current-phase relation\nPublished: 2026-05-20T03:13:12Z\nURL: http://arxiv.org/abs/2605.20652v1\nAbstract: Nonlinearity is an essential ingredient for encoding quantum states with non-uniform energy spacing, implementing coherent quantum gates, reading out qubits, amplifying, and mixing electromagnetic signals. In this work, we demonstrate the nonlinear behavior of a constriction fabricated from an amorphous, high-kinetic inductance material, tungsten silicide, embedded in a three-dimensional RF-SQUID. We find that the results are consistent with the weak link behaving as a Josephson junction with a sawtooth-like current-phase relation or a quantum phase slip element. Finally, we measure relaxation times of the metastable, persistent-current states trapped in the local minima of the potential.']","Finally, we measure relaxation times of the metastable, persistent-current states trapped in the local minima of the potential.","arXiv source: 2605.20652v1
Title: WSi weak link element with a non-sinusoidal current-phase relation
Published: 2026-05-20T03:13:12Z
URL: http://arxiv.org/abs/2605.20652v1
Abstract: Nonlinearity is an essential ingredient for encoding quantum states with non-uniform energy spacing, implementing coherent quantum gates, reading out qubits, amplifying, and mixing electromagnetic signals. In this work, we demonstrate the nonlinear behavior of a constriction fabricated from an amorphous, high-kinetic inductance material, tungsten silicide, embedded in a three-dimensional RF-SQUID. We find that the results are consistent with the weak link behaving as a Josephson junction with a sawtooth-like current-phase relation or a quantum phase slip element. Finally, we measure relaxation times of the metastable, persistent-current states trapped in the local minima of the potential.",1.0,0.1752353554584666,,,ragas_qwen_plus,qwen-plus,1.0,
natural_arxiv_noisy_0095,resp_22493174cfe246d3,task_49394e637cec470d,natural_noisy_arxiv_v2,natural_source_linked,extractive_real_arxiv,matched_and_mismatched,superconductivity,What is the main materials-science claim reported in the source titled 'Exploring Multi-Transition-Metal NASICON Frameworks as High-Performance Cathodes for Sodium-Ion Batteries'?,"Electron-phonon coupling (EPC) - the interaction between conduction electrons and quantized atomic vibrations - plays a central role in condensed matter physics and determines some of the most important properties of materials, such as electrical resistivity and superconductivity.","arXiv source: 2606.03908v1
Title: Spin-chiral electron-phonon coupling in metallic strontium titanate
Published: 2026-06-02T17:05:52Z
URL: http://arxiv.org/abs/2606.03908v1
Abstract: Electron-phonon coupling (EPC) - the interaction between conduction electrons and quantized atomic vibrations - plays a central role in condensed matter physics and determines some of the most important properties of materials, such as electrical resistivity and superconductivity. Conventionally, EPC is assumed to be induced by the ionic electrostatic background, and electronic spin plays no role in the process. In stark contrast with this view, here we uncover a direct spin-mediated coupling mechanism between electrons and transverse polar phonons in a metal. Using far-infrared light absorption measurements of the model system SrTiO$_3$ in a magnetic field, we observe a strong spin-mediated EPC that is quantitatively consistent with recent theoretical predictions, and that generates chiral phonon modes with large effective magnetic moments. The extracted coupling strength is in good agreement with ab initio estimates and sufficiently high to explain superconductivity in SrTiO$_3$, thereby resolving a long-standing conundrum. Spin-chiral EPC should generically appear in all metals with polar phonons, and the present work could be of relevance to spintronics applications and to uncovering the origins of superconductivity in layered materials, metals with Dirac points in their electronic dispersions, and nearly ferroelectric superconductors.",,incomplete,What is the main materials-science claim reported in the source titled 'Exploring Multi-Transition-Metal NASICON Frameworks as High-Performance Cathodes for Sodium-Ion Batteries'?,"['arXiv source: 2606.03908v1\nTitle: Spin-chiral electron-phonon coupling in metallic strontium titanate\nPublished: 2026-06-02T17:05:52Z\nURL: http://arxiv.org/abs/2606.03908v1\nAbstract: Electron-phonon coupling (EPC) - the interaction between conduction electrons and quantized atomic vibrations - plays a central role in condensed matter physics and determines some of the most important properties of materials, such as electrical resistivity and superconductivity. Conventionally, EPC is assumed to be induced by the ionic electrostatic background, and electronic spin plays no role in the process. In stark contrast with this view, here we uncover a direct spin-mediated coupling mechanism between electrons and transverse polar phonons in a metal. Using far-infrared light absorption measurements of the model system SrTiO$_3$ in a magnetic field, we observe a strong spin-mediated EPC that is quantitatively consistent with recent theoretical predictions, and that generates chiral phonon modes with large effective magnetic moments. The extracted coupling strength is in good agreement with ab initio estimates and sufficiently high to explain superconductivity in SrTiO$_3$, thereby resolving a long-standing conundrum. Spin-chiral EPC should generically appear in all metals with polar phonons, and the present work could be of relevance to spintronics applications and to uncovering the origins of superconductivity in layered materials, metals with Dirac points in their electronic dispersions, and nearly ferroelectric superconductors.']","Electron-phonon coupling (EPC) - the interaction between conduction electrons and quantized atomic vibrations - plays a central role in condensed matter physics and determines some of the most important properties of materials, such as electrical resistivity and superconductivity.","arXiv source: 2606.03908v1
Title: Spin-chiral electron-phonon coupling in metallic strontium titanate
Published: 2026-06-02T17:05:52Z
URL: http://arxiv.org/abs/2606.03908v1
Abstract: Electron-phonon coupling (EPC) - the interaction between conduction electrons and quantized atomic vibrations - plays a central role in condensed matter physics and determines some of the most important properties of materials, such as electrical resistivity and superconductivity. Conventionally, EPC is assumed to be induced by the ionic electrostatic background, and electronic spin plays no role in the process. In stark contrast with this view, here we uncover a direct spin-mediated coupling mechanism between electrons and transverse polar phonons in a metal. Using far-infrared light absorption measurements of the model system SrTiO$_3$ in a magnetic field, we observe a strong spin-mediated EPC that is quantitatively consistent with recent theoretical predictions, and that generates chiral phonon modes with large effective magnetic moments. The extracted coupling strength is in good agreement with ab initio estimates and sufficiently high to explain superconductivity in SrTiO$_3$, thereby resolving a long-standing conundrum. Spin-chiral EPC should generically appear in all metals with polar phonons, and the present work could be of relevance to spintronics applications and to uncovering the origins of superconductivity in layered materials, metals with Dirac points in their electronic dispersions, and nearly ferroelectric superconductors.",1.0,0.2074324223179158,,,ragas_qwen_plus,qwen-plus,1.0,
natural_arxiv_noisy_0152,resp_23b275040ec25099,task_0f35ef94af8e8620,natural_noisy_arxiv_v2,natural_source_linked,extractive_real_arxiv,matched_and_mismatched,temperature,What is the main materials-science claim reported in the source titled 'Multiplet-Selective Photoelectron Diffraction from an Altermagnet'?,"In Type II superconductors, the vortex lattice can exhibit ""inverse melting,"" transitioning from a liquid to a crystalline solid as temperature increases.","arXiv source: 2605.23567v2
Title: Phase diagram of the vortex state in an amorphous Re6Zr thin film exhibiting inverse melting
Published: 2026-05-22T12:32:43Z
URL: http://arxiv.org/abs/2605.23567v2
Abstract: In Type II superconductors, the vortex lattice can exhibit ""inverse melting,"" transitioning from a liquid to a crystalline solid as temperature increases. While recently observed via scanning tunneling microscopy in a 20 nm thick amorphous Re6Zr thin film, this work investigates the corresponding d.c. transport and low-frequency magnetic screening responses. By identifying distinct signatures of these transitions and integrating scanning tunneling spectroscopy imaging, we construct a comprehensive vortex-state phase diagram in the magnetic field-temperature parameter space. Furthermore, we demonstrate that inverse melting is thickness-dependent: a 5 nm film retains an inhomogeneous liquid state, while a 50 nm film maintains a crystalline solid structure except near the upper critical field.",,incomplete,What is the main materials-science claim reported in the source titled 'Multiplet-Selective Photoelectron Diffraction from an Altermagnet'?,"['arXiv source: 2605.23567v2\nTitle: Phase diagram of the vortex state in an amorphous Re6Zr thin film exhibiting inverse melting\nPublished: 2026-05-22T12:32:43Z\nURL: http://arxiv.org/abs/2605.23567v2\nAbstract: In Type II superconductors, the vortex lattice can exhibit ""inverse melting,"" transitioning from a liquid to a crystalline solid as temperature increases. While recently observed via scanning tunneling microscopy in a 20 nm thick amorphous Re6Zr thin film, this work investigates the corresponding d.c. transport and low-frequency magnetic screening responses. By identifying distinct signatures of these transitions and integrating scanning tunneling spectroscopy imaging, we construct a comprehensive vortex-state phase diagram in the magnetic field-temperature parameter space. Furthermore, we demonstrate that inverse melting is thickness-dependent: a 5 nm film retains an inhomogeneous liquid state, while a 50 nm film maintains a crystalline solid structure except near the upper critical field.']","In Type II superconductors, the vortex lattice can exhibit ""inverse melting,"" transitioning from a liquid to a crystalline solid as temperature increases.","arXiv source: 2605.23567v2
Title: Phase diagram of the vortex state in an amorphous Re6Zr thin film exhibiting inverse melting
Published: 2026-05-22T12:32:43Z
URL: http://arxiv.org/abs/2605.23567v2
Abstract: In Type II superconductors, the vortex lattice can exhibit ""inverse melting,"" transitioning from a liquid to a crystalline solid as temperature increases. While recently observed via scanning tunneling microscopy in a 20 nm thick amorphous Re6Zr thin film, this work investigates the corresponding d.c. transport and low-frequency magnetic screening responses. By identifying distinct signatures of these transitions and integrating scanning tunneling spectroscopy imaging, we construct a comprehensive vortex-state phase diagram in the magnetic field-temperature parameter space. Furthermore, we demonstrate that inverse melting is thickness-dependent: a 5 nm film retains an inhomogeneous liquid state, while a 50 nm film maintains a crystalline solid structure except near the upper critical field.",1.0,0.1876274448775225,,,ragas_qwen_plus,qwen-plus,1.0,
natural_arxiv_noisy_0132,resp_23eb4cd695e0832e,task_a591e90b9f987e9f,natural_noisy_arxiv_v2,natural_source_linked,extractive_real_arxiv,matched_and_mismatched,temperature,What is the main materials-science claim reported in the source titled 'DPA4: Pushing the Accuracy-Cost Frontier of Interatomic Potentials with EMFA SO(2) Convolution'?,"Furthermore, calculations of electron-phonon coupling reveals that K7C is a 0D electride superconductor with a transition temperature (Tc) of 0.6 K at a pressure of 25 GPa.","arXiv source: 2605.27201v2
Title: Electride States and Superconductivity in Dense Potassium Carbides
Published: 2026-05-26T15:55:42Z
URL: http://arxiv.org/abs/2605.27201v2
Abstract: Metal carbides have attracted a great deal of attention due to their diverse geometric motifs, remarkable physicochemical properties, and widespread practical applications. However, there is still a lack of systematic understanding regarding the phase diagram of pressurized potassium carbide. Employing first-principles swarm-intelligence structure prediction approach, we comprehensively explore the binary potassium-carbon phases under compression and identify a series of new K-rich and C-rich stoichiometric compounds. Among them, K7C with high K concentration manifests a monoclinic structure with space group C2/m and is predicted to be an electride with zero-dimensional (0D) interstitial electrons. C-abundant KC has an orthorhombic configuration with symmetry Imma, with the carbon atoms arranged in a zigzag pattern. Strikingly, KC3, belonging to a monoclinic C2/m structure, possesses the highest carbon content and features a crumpled honeycomb carbon layer. Furthermore, calculations of electron-phonon coupling reveals that K7C is a 0D electride superconductor with a transition temperature (Tc) of 0.6 K at a pressure of 25 GPa. By contrast, KC exhibits a maximum Tc of 21.4 K at 25 GPa, which is primarily attributed to the robust coupling between low-frequency K- and C-derived phonon modes and C 2p electrons at the Fermi level. In addition, KC3 is calculated to have a Tc value of 6.7 K at 25 GPa. This study provides valuable insights into K-C compounds and broadens the diversity of metal carbide superconductors.",,incomplete,What is the main materials-science claim reported in the source titled 'DPA4: Pushing the Accuracy-Cost Frontier of Interatomic Potentials with EMFA SO(2) Convolution'?,"['arXiv source: 2605.27201v2\nTitle: Electride States and Superconductivity in Dense Potassium Carbides\nPublished: 2026-05-26T15:55:42Z\nURL: http://arxiv.org/abs/2605.27201v2\nAbstract: Metal carbides have attracted a great deal of attention due to their diverse geometric motifs, remarkable physicochemical properties, and widespread practical applications. However, there is still a lack of systematic understanding regarding the phase diagram of pressurized potassium carbide. Employing first-principles swarm-intelligence structure prediction approach, we comprehensively explore the binary potassium-carbon phases under compression and identify a series of new K-rich and C-rich stoichiometric compounds. Among them, K7C with high K concentration manifests a monoclinic structure with space group C2/m and is predicted to be an electride with zero-dimensional (0D) interstitial electrons. C-abundant KC has an orthorhombic configuration with symmetry Imma, with the carbon atoms arranged in a zigzag pattern. Strikingly, KC3, belonging to a monoclinic C2/m structure, possesses the highest carbon content and features a crumpled honeycomb carbon layer. Furthermore, calculations of electron-phonon coupling reveals that K7C is a 0D electride superconductor with a transition temperature (Tc) of 0.6 K at a pressure of 25 GPa. By contrast, KC exhibits a maximum Tc of 21.4 K at 25 GPa, which is primarily attributed to the robust coupling between low-frequency K- and C-derived phonon modes and C 2p electrons at the Fermi level. In addition, KC3 is calculated to have a Tc value of 6.7 K at 25 GPa. This study provides valuable insights into K-C compounds and broadens the diversity of metal carbide superconductors.']","Furthermore, calculations of electron-phonon coupling reveals that K7C is a 0D electride superconductor with a transition temperature (Tc) of 0.6 K at a pressure of 25 GPa.","arXiv source: 2605.27201v2
Title: Electride States and Superconductivity in Dense Potassium Carbides
Published: 2026-05-26T15:55:42Z
URL: http://arxiv.org/abs/2605.27201v2
Abstract: Metal carbides have attracted a great deal of attention due to their diverse geometric motifs, remarkable physicochemical properties, and widespread practical applications. However, there is still a lack of systematic understanding regarding the phase diagram of pressurized potassium carbide. Employing first-principles swarm-intelligence structure prediction approach, we comprehensively explore the binary potassium-carbon phases under compression and identify a series of new K-rich and C-rich stoichiometric compounds. Among them, K7C with high K concentration manifests a monoclinic structure with space group C2/m and is predicted to be an electride with zero-dimensional (0D) interstitial electrons. C-abundant KC has an orthorhombic configuration with symmetry Imma, with the carbon atoms arranged in a zigzag pattern. Strikingly, KC3, belonging to a monoclinic C2/m structure, possesses the highest carbon content and features a crumpled honeycomb carbon layer. Furthermore, calculations of electron-phonon coupling reveals that K7C is a 0D electride superconductor with a transition temperature (Tc) of 0.6 K at a pressure of 25 GPa. By contrast, KC exhibits a maximum Tc of 21.4 K at 25 GPa, which is primarily attributed to the robust coupling between low-frequency K- and C-derived phonon modes and C 2p electrons at the Fermi level. In addition, KC3 is calculated to have a Tc value of 6.7 K at 25 GPa. This study provides valuable insights into K-C compounds and broadens the diversity of metal carbide superconductors.",0.3333333333333333,0.2472517728973649,,,ragas_qwen_plus,qwen-plus,1.0,
natural_arxiv_current_0131,resp_247f15c8ecc57ec0,task_b4f639d9d879405c,natural_noisy_arxiv_v2,natural_source_linked,extractive_real_arxiv,matched_and_mismatched,temperature,What is the main materials-science claim reported in the source titled 'Hydrothermally-Assisted Sintering of Calcium Hydroxide Sputtering Targets: A Route to Quantum-Grade CaO Thin Films'?,"Calcium hydroxide ceramics exhibit up to 98% theoretical density without thermal dehydration, when sintered at temperatures between 100 °C - 300° C with 400 MPa applied uniaxial pressure for 1 hour.","arXiv source: 2606.02466v1
Title: Hydrothermally-Assisted Sintering of Calcium Hydroxide Sputtering Targets: A Route to Quantum-Grade CaO Thin Films
Published: 2026-06-01T16:38:24Z
URL: http://arxiv.org/abs/2606.02466v1
Abstract: In this report we demonstrate dense polycrystalline calcium hydroxide ceramics fabricated by hydrothermally-assisted sintering - often referred to as cold-sintering - to produce high-purity calcium hydroxide targets for calcium oxide thin film deposition. Calcium hydroxide ceramics exhibit up to 98% theoretical density without thermal dehydration, when sintered at temperatures between 100 °C - 300° C with 400 MPa applied uniaxial pressure for 1 hour. The brucite phase is preserved in calcium hydroxide targets at all temperatures. Small equivalent fractions of calcium carbonate are present in both the calcium hydroxide precursor powder and final targets suggesting minimal additional production during formation and densification. Microstructure evolution during densification is documented by scanning electron microscopy, indicating both mass transport and plastic deformation densification mechanisms. The hydrothermal-assisted sintering process is scaled up to produce 2-inch diameter calcium hydroxide targets suitable for sputter deposition. We also report epitaxial calcium oxide film deposition from these targets on r-plane sapphire substrates. (002) oriented epitaxial films are achieved with a time-stable 1.2 nm per minute deposition rate. We note that energetic bombardment during growth can be substantial at these rates even when 1 mol% oxygen is added to the sputtering process necessitating the low deposition rate conditions.",,current,What is the main materials-science claim reported in the source titled 'Hydrothermally-Assisted Sintering of Calcium Hydroxide Sputtering Targets: A Route to Quantum-Grade CaO Thin Films'?,"['arXiv source: 2606.02466v1\nTitle: Hydrothermally-Assisted Sintering of Calcium Hydroxide Sputtering Targets: A Route to Quantum-Grade CaO Thin Films\nPublished: 2026-06-01T16:38:24Z\nURL: http://arxiv.org/abs/2606.02466v1\nAbstract: In this report we demonstrate dense polycrystalline calcium hydroxide ceramics fabricated by hydrothermally-assisted sintering - often referred to as cold-sintering - to produce high-purity calcium hydroxide targets for calcium oxide thin film deposition. Calcium hydroxide ceramics exhibit up to 98% theoretical density without thermal dehydration, when sintered at temperatures between 100 °C - 300° C with 400 MPa applied uniaxial pressure for 1 hour. The brucite phase is preserved in calcium hydroxide targets at all temperatures. Small equivalent fractions of calcium carbonate are present in both the calcium hydroxide precursor powder and final targets suggesting minimal additional production during formation and densification. Microstructure evolution during densification is documented by scanning electron microscopy, indicating both mass transport and plastic deformation densification mechanisms. The hydrothermal-assisted sintering process is scaled up to produce 2-inch diameter calcium hydroxide targets suitable for sputter deposition. We also report epitaxial calcium oxide film deposition from these targets on r-plane sapphire substrates. (002) oriented epitaxial films are achieved with a time-stable 1.2 nm per minute deposition rate. We note that energetic bombardment during growth can be substantial at these rates even when 1 mol% oxygen is added to the sputtering process necessitating the low deposition rate conditions.']","Calcium hydroxide ceramics exhibit up to 98% theoretical density without thermal dehydration, when sintered at temperatures between 100 °C - 300° C with 400 MPa applied uniaxial pressure for 1 hour.","arXiv source: 2606.02466v1
Title: Hydrothermally-Assisted Sintering of Calcium Hydroxide Sputtering Targets: A Route to Quantum-Grade CaO Thin Films
Published: 2026-06-01T16:38:24Z
URL: http://arxiv.org/abs/2606.02466v1
Abstract: In this report we demonstrate dense polycrystalline calcium hydroxide ceramics fabricated by hydrothermally-assisted sintering - often referred to as cold-sintering - to produce high-purity calcium hydroxide targets for calcium oxide thin film deposition. Calcium hydroxide ceramics exhibit up to 98% theoretical density without thermal dehydration, when sintered at temperatures between 100 °C - 300° C with 400 MPa applied uniaxial pressure for 1 hour. The brucite phase is preserved in calcium hydroxide targets at all temperatures. Small equivalent fractions of calcium carbonate are present in both the calcium hydroxide precursor powder and final targets suggesting minimal additional production during formation and densification. Microstructure evolution during densification is documented by scanning electron microscopy, indicating both mass transport and plastic deformation densification mechanisms. The hydrothermal-assisted sintering process is scaled up to produce 2-inch diameter calcium hydroxide targets suitable for sputter deposition. We also report epitaxial calcium oxide film deposition from these targets on r-plane sapphire substrates. (002) oriented epitaxial films are achieved with a time-stable 1.2 nm per minute deposition rate. We note that energetic bombardment during growth can be substantial at these rates even when 1 mol% oxygen is added to the sputtering process necessitating the low deposition rate conditions.",0.4,0.5542809259004383,,,ragas_qwen_plus,qwen-plus,1.0,
natural_arxiv_noisy_0188,resp_2481b9742fcf5e64,task_3b13d12b9faea22d,natural_noisy_arxiv_v2,natural_source_linked,extractive_real_arxiv,matched_and_mismatched,superconductivity,What is the main materials-science claim reported in the source titled 'Phonon-driven nodal surface superconductivity of Fermi arcs'?,"Here, we predict a topological altermagnetic phase in bilayer tetragonal Fe-based superconductors and reveal it as a highly tunable platform for valley-polarized anomalous Hall physics.","arXiv source: 2606.02152v1
Title: Stacking-Engineered Switchable Altermagnetism in Topological FeSe bilayer systems
Published: 2026-06-01T12:19:09Z
URL: http://arxiv.org/abs/2606.02152v1
Abstract: Altermagnetism and topological insulators represent two of the most transformative frontiers in modern condensed matter physics, spintronics, and quantum information science. Bringing these two paradigms together opens a largely unexplored route toward fundamentally new quantum phenomena. Here, we predict a topological altermagnetic phase in bilayer tetragonal Fe-based superconductors and reveal it as a highly tunable platform for valley-polarized anomalous Hall physics. Based on first-principles calculations, we show that the characteristic spin-splitting and valley polarization can be effectively tuned via applied strain. Moreover, the resulting valley-polarized anomalous Hall conductivity can be manipulated by shifting the Fermi level. These findings reveal a powerful route for controlling altermagnetism in topological materials and identify a realistic material platform for its experimental realization and technological exploitation.",,incomplete,What is the main materials-science claim reported in the source titled 'Phonon-driven nodal surface superconductivity of Fermi arcs'?,"['arXiv source: 2606.02152v1\nTitle: Stacking-Engineered Switchable Altermagnetism in Topological FeSe bilayer systems\nPublished: 2026-06-01T12:19:09Z\nURL: http://arxiv.org/abs/2606.02152v1\nAbstract: Altermagnetism and topological insulators represent two of the most transformative frontiers in modern condensed matter physics, spintronics, and quantum information science. Bringing these two paradigms together opens a largely unexplored route toward fundamentally new quantum phenomena. Here, we predict a topological altermagnetic phase in bilayer tetragonal Fe-based superconductors and reveal it as a highly tunable platform for valley-polarized anomalous Hall physics. Based on first-principles calculations, we show that the characteristic spin-splitting and valley polarization can be effectively tuned via applied strain. Moreover, the resulting valley-polarized anomalous Hall conductivity can be manipulated by shifting the Fermi level. These findings reveal a powerful route for controlling altermagnetism in topological materials and identify a realistic material platform for its experimental realization and technological exploitation.']","Here, we predict a topological altermagnetic phase in bilayer tetragonal Fe-based superconductors and reveal it as a highly tunable platform for valley-polarized anomalous Hall physics.","arXiv source: 2606.02152v1
Title: Stacking-Engineered Switchable Altermagnetism in Topological FeSe bilayer systems
Published: 2026-06-01T12:19:09Z
URL: http://arxiv.org/abs/2606.02152v1
Abstract: Altermagnetism and topological insulators represent two of the most transformative frontiers in modern condensed matter physics, spintronics, and quantum information science. Bringing these two paradigms together opens a largely unexplored route toward fundamentally new quantum phenomena. Here, we predict a topological altermagnetic phase in bilayer tetragonal Fe-based superconductors and reveal it as a highly tunable platform for valley-polarized anomalous Hall physics. Based on first-principles calculations, we show that the characteristic spin-splitting and valley polarization can be effectively tuned via applied strain. Moreover, the resulting valley-polarized anomalous Hall conductivity can be manipulated by shifting the Fermi level. These findings reveal a powerful route for controlling altermagnetism in topological materials and identify a realistic material platform for its experimental realization and technological exploitation.",1.0,0.4676158314941112,,,ragas_qwen_plus,qwen-plus,1.0,
natural_arxiv_current_0089,resp_24f87e4c48d6f2f4,task_38534aefb9836c1c,natural_noisy_arxiv_v2,natural_source_linked,extractive_real_arxiv,matched_and_mismatched,temperature,What is the main materials-science claim reported in the source titled 'Superconductivity and electronic structure evolution in the enforced semimetal Fe-doped ZrTe$_2$'?,"While the first reveals a superconducting state with a maximum critical temperature $T_c = 2.74$ K ($x=$ 0.03), the latter indicates that the topological features of the pristine ZrTe$_2$ is sensitive to the distance between Te atoms and Zr layers.","arXiv source: 2605.25898v1
Title: Superconductivity and electronic structure evolution in the enforced semimetal Fe-doped ZrTe$_2$
Published: 2026-05-25T14:25:58Z
URL: http://arxiv.org/abs/2605.25898v1
Abstract: ZrTe$_2$ is an outstanding layered semimetal due to the topologically nontrivial electronic structure. In this work, we present an investigation of the electronic evolution of ZrTe$_2$ in the presence of Fe intercalation, namely Fe$_{x}$ZrTe$_2$ ($x= 0 - 0.25$), scrutinized by both experimental measurements and \textit{ab} initio calculations. While the first reveals a superconducting state with a maximum critical temperature $T_c = 2.74$ K ($x=$ 0.03), the latter indicates that the topological features of the pristine ZrTe$_2$ is sensitive to the distance between Te atoms and Zr layers. Also, the intercalation of Fe does not modify the non-trivial electronic band structure unlike the band crossings are now shifted slightly below $E_{F}$. In particular, a van Hove singularity near the Fermi level for a Fe content of $x=0.125$ is observed in the density of states, indicating that the superconducting order may be associated with features of the unfolded band structure and the concomitant enhancement of the density of states at $E_F$. Finally, our results reveal that the new compound with inclusion of Fe intercalation preserves the enforced semimetal classification.",,current,What is the main materials-science claim reported in the source titled 'Superconductivity and electronic structure evolution in the enforced semimetal Fe-doped ZrTe$_2$'?,"['arXiv source: 2605.25898v1\nTitle: Superconductivity and electronic structure evolution in the enforced semimetal Fe-doped ZrTe$_2$\nPublished: 2026-05-25T14:25:58Z\nURL: http://arxiv.org/abs/2605.25898v1\nAbstract: ZrTe$_2$ is an outstanding layered semimetal due to the topologically nontrivial electronic structure. In this work, we present an investigation of the electronic evolution of ZrTe$_2$ in the presence of Fe intercalation, namely Fe$_{x}$ZrTe$_2$ ($x= 0 - 0.25$), scrutinized by both experimental measurements and \\textit{ab} initio calculations. While the first reveals a superconducting state with a maximum critical temperature $T_c = 2.74$ K ($x=$ 0.03), the latter indicates that the topological features of the pristine ZrTe$_2$ is sensitive to the distance between Te atoms and Zr layers. Also, the intercalation of Fe does not modify the non-trivial electronic band structure unlike the band crossings are now shifted slightly below $E_{F}$. In particular, a van Hove singularity near the Fermi level for a Fe content of $x=0.125$ is observed in the density of states, indicating that the superconducting order may be associated with features of the unfolded band structure and the concomitant enhancement of the density of states at $E_F$. Finally, our results reveal that the new compound with inclusion of Fe intercalation preserves the enforced semimetal classification.']","While the first reveals a superconducting state with a maximum critical temperature $T_c = 2.74$ K ($x=$ 0.03), the latter indicates that the topological features of the pristine ZrTe$_2$ is sensitive to the distance between Te atoms and Zr layers.","arXiv source: 2605.25898v1
Title: Superconductivity and electronic structure evolution in the enforced semimetal Fe-doped ZrTe$_2$
Published: 2026-05-25T14:25:58Z
URL: http://arxiv.org/abs/2605.25898v1
Abstract: ZrTe$_2$ is an outstanding layered semimetal due to the topologically nontrivial electronic structure. In this work, we present an investigation of the electronic evolution of ZrTe$_2$ in the presence of Fe intercalation, namely Fe$_{x}$ZrTe$_2$ ($x= 0 - 0.25$), scrutinized by both experimental measurements and \textit{ab} initio calculations. While the first reveals a superconducting state with a maximum critical temperature $T_c = 2.74$ K ($x=$ 0.03), the latter indicates that the topological features of the pristine ZrTe$_2$ is sensitive to the distance between Te atoms and Zr layers. Also, the intercalation of Fe does not modify the non-trivial electronic band structure unlike the band crossings are now shifted slightly below $E_{F}$. In particular, a van Hove singularity near the Fermi level for a Fe content of $x=0.125$ is observed in the density of states, indicating that the superconducting order may be associated with features of the unfolded band structure and the concomitant enhancement of the density of states at $E_F$. Finally, our results reveal that the new compound with inclusion of Fe intercalation preserves the enforced semimetal classification.",1.0,0.7443484757414872,,,ragas_qwen_plus,qwen-plus,1.0,
natural_arxiv_noisy_0242,resp_2944d103eb1e3cc2,task_5854960c7d69cd6c,natural_noisy_arxiv_v2,natural_source_linked,extractive_real_arxiv,matched_and_mismatched,formation_energy,What is the main materials-science claim reported in the source titled 'Fabrication and transfer of ultra-thin YBa$2$Cu$3$O$_{7-x}$ film on SrTiO$_3$ nanomembrane'?,"The Hubbard parameter for Ti $3d$ states is determined using the finite-size-corrected polaronic energy-level alignment procedure, yielding stable electron-polaron formation in bulk PbTiO$_3$ with a trapping energy of $-$0.06 eV.","arXiv source: 2605.27077v1
Title: Electron Polaron at Neutral 180$^\circ$ Domain Wall in PbTiO$_3$: Stability, Trapping Energies, and Transverse Polarization
Published: 2026-05-26T14:26:47Z
URL: http://arxiv.org/abs/2605.27077v1
Abstract: We use density-functional theory with a Hubbard correction to investigate Ti-centered electron polarons at neutral PbO-centered $180^\circ$ domain walls in tetragonal PbTiO$_{3}$. The Hubbard parameter for Ti $3d$ states is determined using the finite-size-corrected polaronic energy-level alignment procedure, yielding stable electron-polaron formation in bulk PbTiO$_3$ with a trapping energy of $-$0.06 eV. In the domain-wall supercell, the excess electron localizes on Ti and forms a Ti$^{3+}$ center with an occupied $d_{xy}$ orbital in-gap state. Comparison of bulk-like and near-wall Ti sites shows that their trapping energies differ by only about 0.01 eV, indicating that this neutral domain wall does not provide a significant thermodynamic driving force for electron-polaron segregation. While the Ising-like reversal of the out-of-plane polarization is preserved, the localized electron induces a finite transverse polarization component normal to the wall, enhancing a local Néel-like distortion that is strongest when the polaron is located at the wall. These results show that neutral $180^\circ$ domain walls in PbTiO$_3$ do not substantially alter the stability of Ti-centered electron polarons, but they can couple to the polaron-induced lattice distortion through a localized transverse polarization response.",,incomplete,What is the main materials-science claim reported in the source titled 'Fabrication and transfer of ultra-thin YBa$2$Cu$3$O$_{7-x}$ film on SrTiO$_3$ nanomembrane'?,"['arXiv source: 2605.27077v1\nTitle: Electron Polaron at Neutral 180$^\\circ$ Domain Wall in PbTiO$_3$: Stability, Trapping Energies, and Transverse Polarization\nPublished: 2026-05-26T14:26:47Z\nURL: http://arxiv.org/abs/2605.27077v1\nAbstract: We use density-functional theory with a Hubbard correction to investigate Ti-centered electron polarons at neutral PbO-centered $180^\\circ$ domain walls in tetragonal PbTiO$_{3}$. The Hubbard parameter for Ti $3d$ states is determined using the finite-size-corrected polaronic energy-level alignment procedure, yielding stable electron-polaron formation in bulk PbTiO$_3$ with a trapping energy of $-$0.06 eV. In the domain-wall supercell, the excess electron localizes on Ti and forms a Ti$^{3+}$ center with an occupied $d_{xy}$ orbital in-gap state. Comparison of bulk-like and near-wall Ti sites shows that their trapping energies differ by only about 0.01 eV, indicating that this neutral domain wall does not provide a significant thermodynamic driving force for electron-polaron segregation. While the Ising-like reversal of the out-of-plane polarization is preserved, the localized electron induces a finite transverse polarization component normal to the wall, enhancing a local Néel-like distortion that is strongest when the polaron is located at the wall. These results show that neutral $180^\\circ$ domain walls in PbTiO$_3$ do not substantially alter the stability of Ti-centered electron polarons, but they can couple to the polaron-induced lattice distortion through a localized transverse polarization response.']","The Hubbard parameter for Ti $3d$ states is determined using the finite-size-corrected polaronic energy-level alignment procedure, yielding stable electron-polaron formation in bulk PbTiO$_3$ with a trapping energy of $-$0.06 eV.","arXiv source: 2605.27077v1
Title: Electron Polaron at Neutral 180$^\circ$ Domain Wall in PbTiO$_3$: Stability, Trapping Energies, and Transverse Polarization
Published: 2026-05-26T14:26:47Z
URL: http://arxiv.org/abs/2605.27077v1
Abstract: We use density-functional theory with a Hubbard correction to investigate Ti-centered electron polarons at neutral PbO-centered $180^\circ$ domain walls in tetragonal PbTiO$_{3}$. The Hubbard parameter for Ti $3d$ states is determined using the finite-size-corrected polaronic energy-level alignment procedure, yielding stable electron-polaron formation in bulk PbTiO$_3$ with a trapping energy of $-$0.06 eV. In the domain-wall supercell, the excess electron localizes on Ti and forms a Ti$^{3+}$ center with an occupied $d_{xy}$ orbital in-gap state. Comparison of bulk-like and near-wall Ti sites shows that their trapping energies differ by only about 0.01 eV, indicating that this neutral domain wall does not provide a significant thermodynamic driving force for electron-polaron segregation. While the Ising-like reversal of the out-of-plane polarization is preserved, the localized electron induces a finite transverse polarization component normal to the wall, enhancing a local Néel-like distortion that is strongest when the polaron is located at the wall. These results show that neutral $180^\circ$ domain walls in PbTiO$_3$ do not substantially alter the stability of Ti-centered electron polarons, but they can couple to the polaron-induced lattice distortion through a localized transverse polarization response.",1.0,0.2887735248106771,,,ragas_qwen_plus,qwen-plus,1.0,
natural_arxiv_noisy_0101,resp_2a6e335513350160,task_2f0905d770530f1c,natural_noisy_arxiv_v2,natural_source_linked,extractive_real_arxiv,matched_and_mismatched,superconductivity,What is the main materials-science claim reported in the source titled 'MicroCup: A Cryogenic Specimen Preparation Strategy for Atom Probe Tomography of Organic Molecular Liquids'?,"One pursued avenue to this end is to use superconducting qubits with intrinsic spin-dependent interactions, such as spin-orbit coupling or magnetism.","arXiv source: 2606.02761v1
Title: Enhanced qubit performance by integrating altermagnets into superconducting qubit designs
Published: 2026-06-01T18:25:29Z
URL: http://arxiv.org/abs/2606.02761v1
Abstract: Identifying a materials platform for creating qubits that are both tunable and resilient towards environmental noise is one of the main hurdles that need to be overcome to realize quantum computation that is practically useful. One pursued avenue to this end is to use superconducting qubits with intrinsic spin-dependent interactions, such as spin-orbit coupling or magnetism. However, the recently discovered class of materials known as altermagnets remain largely unexplored in this context. We here use microscopic calculations to determine how the properties of superconducting qubits are modified when altermagnetic Josephson junctions are included. The key qubit performance parameters, including splitting, anharmonicity, decoherence, and single/coupled-qubit gate operation times, display rich behavior depending on the characteristic properties of the altermagnetic material, such as the strength of the Néel field and the crystallographic orientation of the altermagnetic relative interfaces in the system. We focus in particular on the transmon design and show that the qubit is very well protected against decoherence and simultaneously shows superior anharmonicity both near 0-$π$ transition points and when it is in a $φ$-state. We propose that by using strain, the altermagnetic qubit can be moved out of its protected regime to enable faster gate-operation times, and then moved back to its protected state. We also discuss how the altermagnetic properties influence flux qubits and fluxonium. Our results suggest that integration of altermagnetic materials into existing superconducting qubit design can substantially improve their performance due to the unique properties of the altermagnetic band-structure.",,incomplete,What is the main materials-science claim reported in the source titled 'MicroCup: A Cryogenic Specimen Preparation Strategy for Atom Probe Tomography of Organic Molecular Liquids'?,"['arXiv source: 2606.02761v1\nTitle: Enhanced qubit performance by integrating altermagnets into superconducting qubit designs\nPublished: 2026-06-01T18:25:29Z\nURL: http://arxiv.org/abs/2606.02761v1\nAbstract: Identifying a materials platform for creating qubits that are both tunable and resilient towards environmental noise is one of the main hurdles that need to be overcome to realize quantum computation that is practically useful. One pursued avenue to this end is to use superconducting qubits with intrinsic spin-dependent interactions, such as spin-orbit coupling or magnetism. However, the recently discovered class of materials known as altermagnets remain largely unexplored in this context. We here use microscopic calculations to determine how the properties of superconducting qubits are modified when altermagnetic Josephson junctions are included. The key qubit performance parameters, including splitting, anharmonicity, decoherence, and single/coupled-qubit gate operation times, display rich behavior depending on the characteristic properties of the altermagnetic material, such as the strength of the Néel field and the crystallographic orientation of the altermagnetic relative interfaces in the system. We focus in particular on the transmon design and show that the qubit is very well protected against decoherence and simultaneously shows superior anharmonicity both near 0-$π$ transition points and when it is in a $φ$-state. We propose that by using strain, the altermagnetic qubit can be moved out of its protected regime to enable faster gate-operation times, and then moved back to its protected state. We also discuss how the altermagnetic properties influence flux qubits and fluxonium. Our results suggest that integration of altermagnetic materials into existing superconducting qubit design can substantially improve their performance due to the unique properties of the altermagnetic band-structure.']","One pursued avenue to this end is to use superconducting qubits with intrinsic spin-dependent interactions, such as spin-orbit coupling or magnetism.","arXiv source: 2606.02761v1
Title: Enhanced qubit performance by integrating altermagnets into superconducting qubit designs
Published: 2026-06-01T18:25:29Z
URL: http://arxiv.org/abs/2606.02761v1
Abstract: Identifying a materials platform for creating qubits that are both tunable and resilient towards environmental noise is one of the main hurdles that need to be overcome to realize quantum computation that is practically useful. One pursued avenue to this end is to use superconducting qubits with intrinsic spin-dependent interactions, such as spin-orbit coupling or magnetism. However, the recently discovered class of materials known as altermagnets remain largely unexplored in this context. We here use microscopic calculations to determine how the properties of superconducting qubits are modified when altermagnetic Josephson junctions are included. The key qubit performance parameters, including splitting, anharmonicity, decoherence, and single/coupled-qubit gate operation times, display rich behavior depending on the characteristic properties of the altermagnetic material, such as the strength of the Néel field and the crystallographic orientation of the altermagnetic relative interfaces in the system. We focus in particular on the transmon design and show that the qubit is very well protected against decoherence and simultaneously shows superior anharmonicity both near 0-$π$ transition points and when it is in a $φ$-state. We propose that by using strain, the altermagnetic qubit can be moved out of its protected regime to enable faster gate-operation times, and then moved back to its protected state. We also discuss how the altermagnetic properties influence flux qubits and fluxonium. Our results suggest that integration of altermagnetic materials into existing superconducting qubit design can substantially improve their performance due to the unique properties of the altermagnetic band-structure.",0.75,0.0377189385367903,,,ragas_qwen_plus,qwen-plus,1.0,
natural_arxiv_noisy_0111,resp_2d6b282c2105390c,task_7fe732a443597085,natural_noisy_arxiv_v2,natural_source_linked,extractive_real_arxiv,matched_and_mismatched,superconductivity,What is the main materials-science claim reported in the source titled 'Electron-Ion Path Integral Monte Carlo with Hard Core'?,Achieving uniform critical current across Josephson junctions is essential for the large-scale integration of superconducting quantum circuits.,"arXiv source: 2605.30768v1
Title: Geometric dependence of critical-current variation in Al/AlO${\rm _x}$/Al Josephson junctions: a model-based analysis
Published: 2026-05-29T02:53:58Z
URL: http://arxiv.org/abs/2605.30768v1
Abstract: Achieving uniform critical current across Josephson junctions is essential for the large-scale integration of superconducting quantum circuits. In this work, we statistically analyzed the variation of the critical current of Al/AlO${\rm _x}$/Al junctions using room-temperature tunnel resistance statistics, and identified the dominant contribution among the modeled sources of the variation based on their dependence on geometry and deposition conditions of junctions. Our model-based analysis reveals that fluctuations in the Al film thickness play the dominant role among the modeled contributing factors. Based on this analysis, we found that, in Dolan-bridge double-angle deposition, adopting a deposition angle of 30-degree for bilayer junctions significantly improves uniformity, yielding a relative standard deviation of 1.2% (0.5%) across a 9.75 mm (1.5 mm) square region.",,incomplete,What is the main materials-science claim reported in the source titled 'Electron-Ion Path Integral Monte Carlo with Hard Core'?,"['arXiv source: 2605.30768v1\nTitle: Geometric dependence of critical-current variation in Al/AlO${\\rm _x}$/Al Josephson junctions: a model-based analysis\nPublished: 2026-05-29T02:53:58Z\nURL: http://arxiv.org/abs/2605.30768v1\nAbstract: Achieving uniform critical current across Josephson junctions is essential for the large-scale integration of superconducting quantum circuits. In this work, we statistically analyzed the variation of the critical current of Al/AlO${\\rm _x}$/Al junctions using room-temperature tunnel resistance statistics, and identified the dominant contribution among the modeled sources of the variation based on their dependence on geometry and deposition conditions of junctions. Our model-based analysis reveals that fluctuations in the Al film thickness play the dominant role among the modeled contributing factors. Based on this analysis, we found that, in Dolan-bridge double-angle deposition, adopting a deposition angle of 30-degree for bilayer junctions significantly improves uniformity, yielding a relative standard deviation of 1.2% (0.5%) across a 9.75 mm (1.5 mm) square region.']",Achieving uniform critical current across Josephson junctions is essential for the large-scale integration of superconducting quantum circuits.,"arXiv source: 2605.30768v1
Title: Geometric dependence of critical-current variation in Al/AlO${\rm _x}$/Al Josephson junctions: a model-based analysis
Published: 2026-05-29T02:53:58Z
URL: http://arxiv.org/abs/2605.30768v1
Abstract: Achieving uniform critical current across Josephson junctions is essential for the large-scale integration of superconducting quantum circuits. In this work, we statistically analyzed the variation of the critical current of Al/AlO${\rm _x}$/Al junctions using room-temperature tunnel resistance statistics, and identified the dominant contribution among the modeled sources of the variation based on their dependence on geometry and deposition conditions of junctions. Our model-based analysis reveals that fluctuations in the Al film thickness play the dominant role among the modeled contributing factors. Based on this analysis, we found that, in Dolan-bridge double-angle deposition, adopting a deposition angle of 30-degree for bilayer junctions significantly improves uniformity, yielding a relative standard deviation of 1.2% (0.5%) across a 9.75 mm (1.5 mm) square region.",1.0,0.2311885553790862,,,ragas_qwen_plus,qwen-plus,1.0,
natural_arxiv_noisy_0159,resp_2db254952ae74f69,task_0e21ee5220765644,natural_noisy_arxiv_v2,natural_source_linked,extractive_real_arxiv,matched_and_mismatched,superconductivity,What is the main materials-science claim reported in the source titled 'Magnetic domains reconfiguration on the Fe3O4(110) surface across the Verwey transition by Spin-Polarized Low-Energy Electron Microscopy'?,"Here, we present review of experimental results on charge and spin transport in topological semimetals: charge transport in different superconducting proximity devices; spin-dependent transport; magnetic response of the topological surface states; non-linear anomalous Hall effect as the direct manifestation of the non-zero Berry curvature in topological semimetals.","arXiv source: 2605.22278v1
Title: Topological semimetals: surface transport and spin effects
Published: 2026-05-21T10:24:33Z
URL: http://arxiv.org/abs/2605.22278v1
Abstract: For the solid state physics, recent interest to topological systems is mostly connected with topological semimetals, in particular, to Weyl ones as the most representative semimetal type. Like other topological materials, e.g. topological and Chern insulators, topological semimetals acquire topologically protected surface states with linear dispersion. In contrast to helical surface states in topological insulators, the surface states are chiral for Weyl semimetals, similarly to Chern insulators, which allows to consider Weyl semimetals as the three-dimensional analog of the quantum Hall effect regime. Weyl semimetals are also interesting for spin-dependent effects, due to the spin-momentum locking in the topological surface states. For topological semimetals, the main problem of transport investigations is to reveal the surface states contribution in the material with gapless bulk spectrum. Here, we present review of experimental results on charge and spin transport in topological semimetals: charge transport in different superconducting proximity devices; spin-dependent transport; magnetic response of the topological surface states; non-linear anomalous Hall effect as the direct manifestation of the non-zero Berry curvature in topological semimetals. Possible applications are also considered for this new class of topological materials.",,incomplete,What is the main materials-science claim reported in the source titled 'Magnetic domains reconfiguration on the Fe3O4(110) surface across the Verwey transition by Spin-Polarized Low-Energy Electron Microscopy'?,"['arXiv source: 2605.22278v1\nTitle: Topological semimetals: surface transport and spin effects\nPublished: 2026-05-21T10:24:33Z\nURL: http://arxiv.org/abs/2605.22278v1\nAbstract: For the solid state physics, recent interest to topological systems is mostly connected with topological semimetals, in particular, to Weyl ones as the most representative semimetal type. Like other topological materials, e.g. topological and Chern insulators, topological semimetals acquire topologically protected surface states with linear dispersion. In contrast to helical surface states in topological insulators, the surface states are chiral for Weyl semimetals, similarly to Chern insulators, which allows to consider Weyl semimetals as the three-dimensional analog of the quantum Hall effect regime. Weyl semimetals are also interesting for spin-dependent effects, due to the spin-momentum locking in the topological surface states. For topological semimetals, the main problem of transport investigations is to reveal the surface states contribution in the material with gapless bulk spectrum. Here, we present review of experimental results on charge and spin transport in topological semimetals: charge transport in different superconducting proximity devices; spin-dependent transport; magnetic response of the topological surface states; non-linear anomalous Hall effect as the direct manifestation of the non-zero Berry curvature in topological semimetals. Possible applications are also considered for this new class of topological materials.']","Here, we present review of experimental results on charge and spin transport in topological semimetals: charge transport in different superconducting proximity devices; spin-dependent transport; magnetic response of the topological surface states; non-linear anomalous Hall effect as the direct manifestation of the non-zero Berry curvature in topological semimetals.","arXiv source: 2605.22278v1
Title: Topological semimetals: surface transport and spin effects
Published: 2026-05-21T10:24:33Z
URL: http://arxiv.org/abs/2605.22278v1
Abstract: For the solid state physics, recent interest to topological systems is mostly connected with topological semimetals, in particular, to Weyl ones as the most representative semimetal type. Like other topological materials, e.g. topological and Chern insulators, topological semimetals acquire topologically protected surface states with linear dispersion. In contrast to helical surface states in topological insulators, the surface states are chiral for Weyl semimetals, similarly to Chern insulators, which allows to consider Weyl semimetals as the three-dimensional analog of the quantum Hall effect regime. Weyl semimetals are also interesting for spin-dependent effects, due to the spin-momentum locking in the topological surface states. For topological semimetals, the main problem of transport investigations is to reveal the surface states contribution in the material with gapless bulk spectrum. Here, we present review of experimental results on charge and spin transport in topological semimetals: charge transport in different superconducting proximity devices; spin-dependent transport; magnetic response of the topological surface states; non-linear anomalous Hall effect as the direct manifestation of the non-zero Berry curvature in topological semimetals. Possible applications are also considered for this new class of topological materials.",0.8333333333333334,0.3621568489854007,,,ragas_qwen_plus,qwen-plus,1.0,
natural_arxiv_current_0103,resp_3047169dc28f8bae,task_afd9dc32ca7df018,natural_noisy_arxiv_v2,natural_source_linked,extractive_real_arxiv,matched_and_mismatched,formation_energy,What is the main materials-science claim reported in the source titled 'Mechanoluminescence in crystalline inorganic materials: local disorder and the elastic distortion hypothesis'?,"By approximating the crystal deformation by that of simple polygonal motifs, we have been able to propose a rationale for otherwise puzzling observations: in particular, the marked differences in sensitivity to hydrostatic pressure and to shear, the appearance of an intense ML peak upon unloading in certain compounds, and the contrast in behavior depending on whether the preliminary UV irradiation is performed under load or at rest.","arXiv source: 2606.05065v1
Title: Mechanoluminescence in crystalline inorganic materials: local disorder and the elastic distortion hypothesis
Published: 2026-06-03T16:27:51Z
URL: http://arxiv.org/abs/2606.05065v1
Abstract: In this exploratory work, we aim to understand the mechanoluminescence (ML) phenomenon manifested by various inorganic compounds by focusing on the influence of mechanical loading on local distortion and loss of symmetry at active sites. To this end, we have analyzed the elastic deformation of several relevant crystalline phases and shown, through a kinematic analysis based on elastic constants, that the loading-induced distortion is smaller than, but remains comparable in magnitude to, the intrinsic structural distortion as quantified by the Baur descriptor. Although the structural distortion has previously been proposed as a structural fingerprint of the ML potential of a compound, it is by nature a static parameter, and must be supplemented by a dynamic distortion contribution that develops under mechanical load. By approximating the crystal deformation by that of simple polygonal motifs, we have been able to propose a rationale for otherwise puzzling observations: in particular, the marked differences in sensitivity to hydrostatic pressure and to shear, the appearance of an intense ML peak upon unloading in certain compounds, and the contrast in behavior depending on whether the preliminary UV irradiation is performed under load or at rest.",,current,What is the main materials-science claim reported in the source titled 'Mechanoluminescence in crystalline inorganic materials: local disorder and the elastic distortion hypothesis'?,"['arXiv source: 2606.05065v1\nTitle: Mechanoluminescence in crystalline inorganic materials: local disorder and the elastic distortion hypothesis\nPublished: 2026-06-03T16:27:51Z\nURL: http://arxiv.org/abs/2606.05065v1\nAbstract: In this exploratory work, we aim to understand the mechanoluminescence (ML) phenomenon manifested by various inorganic compounds by focusing on the influence of mechanical loading on local distortion and loss of symmetry at active sites. To this end, we have analyzed the elastic deformation of several relevant crystalline phases and shown, through a kinematic analysis based on elastic constants, that the loading-induced distortion is smaller than, but remains comparable in magnitude to, the intrinsic structural distortion as quantified by the Baur descriptor. Although the structural distortion has previously been proposed as a structural fingerprint of the ML potential of a compound, it is by nature a static parameter, and must be supplemented by a dynamic distortion contribution that develops under mechanical load. By approximating the crystal deformation by that of simple polygonal motifs, we have been able to propose a rationale for otherwise puzzling observations: in particular, the marked differences in sensitivity to hydrostatic pressure and to shear, the appearance of an intense ML peak upon unloading in certain compounds, and the contrast in behavior depending on whether the preliminary UV irradiation is performed under load or at rest.']","By approximating the crystal deformation by that of simple polygonal motifs, we have been able to propose a rationale for otherwise puzzling observations: in particular, the marked differences in sensitivity to hydrostatic pressure and to shear, the appearance of an intense ML peak upon unloading in certain compounds, and the contrast in behavior depending on whether the preliminary UV irradiation is performed under load or at rest.","arXiv source: 2606.05065v1
Title: Mechanoluminescence in crystalline inorganic materials: local disorder and the elastic distortion hypothesis
Published: 2026-06-03T16:27:51Z
URL: http://arxiv.org/abs/2606.05065v1
Abstract: In this exploratory work, we aim to understand the mechanoluminescence (ML) phenomenon manifested by various inorganic compounds by focusing on the influence of mechanical loading on local distortion and loss of symmetry at active sites. To this end, we have analyzed the elastic deformation of several relevant crystalline phases and shown, through a kinematic analysis based on elastic constants, that the loading-induced distortion is smaller than, but remains comparable in magnitude to, the intrinsic structural distortion as quantified by the Baur descriptor. Although the structural distortion has previously been proposed as a structural fingerprint of the ML potential of a compound, it is by nature a static parameter, and must be supplemented by a dynamic distortion contribution that develops under mechanical load. By approximating the crystal deformation by that of simple polygonal motifs, we have been able to propose a rationale for otherwise puzzling observations: in particular, the marked differences in sensitivity to hydrostatic pressure and to shear, the appearance of an intense ML peak upon unloading in certain compounds, and the contrast in behavior depending on whether the preliminary UV irradiation is performed under load or at rest.",1.0,0.5355155272534903,,,ragas_qwen_plus,qwen-plus,1.0,
natural_arxiv_current_0166,resp_33d40a8ed9b1be29,task_7e7503d355377a59,natural_noisy_arxiv_v2,natural_source_linked,extractive_real_arxiv,matched_and_mismatched,formation_energy,What is the main materials-science claim reported in the source titled 'Kinetic phase transition modeling for metals'?,"We present a new phenomenological model for phase transformation (PT) kinetics in metals, the ""Fermi Kinetic Phase Transition (KPT) Model"".","arXiv source: 2605.30495v1
Title: Kinetic phase transition modeling for metals
Published: 2026-05-28T19:19:55Z
URL: http://arxiv.org/abs/2605.30495v1
Abstract: We present a new phenomenological model for phase transformation (PT) kinetics in metals, the ""Fermi Kinetic Phase Transition (KPT) Model"". It is designed such that it captures the main macroscopic features of our previously developed micro-structure dependent model, but at a fraction of the computational cost of the latter. Using four model parameters, the Fermi KPT model performs better than other phenomenological PT kinetics models in the literature, as shown by our present comparisons to experimental data for iron and tin.",,current,What is the main materials-science claim reported in the source titled 'Kinetic phase transition modeling for metals'?,"['arXiv source: 2605.30495v1\nTitle: Kinetic phase transition modeling for metals\nPublished: 2026-05-28T19:19:55Z\nURL: http://arxiv.org/abs/2605.30495v1\nAbstract: We present a new phenomenological model for phase transformation (PT) kinetics in metals, the ""Fermi Kinetic Phase Transition (KPT) Model"". It is designed such that it captures the main macroscopic features of our previously developed micro-structure dependent model, but at a fraction of the computational cost of the latter. Using four model parameters, the Fermi KPT model performs better than other phenomenological PT kinetics models in the literature, as shown by our present comparisons to experimental data for iron and tin.']","We present a new phenomenological model for phase transformation (PT) kinetics in metals, the ""Fermi Kinetic Phase Transition (KPT) Model"".","arXiv source: 2605.30495v1
Title: Kinetic phase transition modeling for metals
Published: 2026-05-28T19:19:55Z
URL: http://arxiv.org/abs/2605.30495v1
Abstract: We present a new phenomenological model for phase transformation (PT) kinetics in metals, the ""Fermi Kinetic Phase Transition (KPT) Model"". It is designed such that it captures the main macroscopic features of our previously developed micro-structure dependent model, but at a fraction of the computational cost of the latter. Using four model parameters, the Fermi KPT model performs better than other phenomenological PT kinetics models in the literature, as shown by our present comparisons to experimental data for iron and tin.",1.0,0.7650655865283635,,,ragas_qwen_plus,qwen-plus,1.0,
natural_arxiv_noisy_0003,resp_594bf498601bc9f7,task_eaf6436141d895ea,natural_noisy_arxiv_v2,natural_source_linked,extractive_real_arxiv,matched_and_mismatched,chemical_formula,What is the main materials-science claim reported in the source titled 'Spin-polarization of the electric current in half-metallic Co$_2$MnSi Heusler thin films'?,"This study explores the emergence of superconductivity in high-quality ZrTe$_{2-x}$Se$_x$ crystals, grown via the isothermal chemical vapor transport (ICVT) technique.","arXiv source: 2605.25906v1
Title: Substitution modulated transition from semimetal to superconductor in ZrTe$_{2-x}$Se$_x$ with coexistence of nontrivial electronic topology
Published: 2026-05-25T14:42:36Z
URL: http://arxiv.org/abs/2605.25906v1
Abstract: This study explores the emergence of superconductivity in high-quality ZrTe$_{2-x}$Se$_x$ crystals, grown via the isothermal chemical vapor transport (ICVT) technique. Resistive, structural, and thermal measurements reveal that substituting Te with Se in the ZrTe$_2$ matrix induces a superconducting state at low temperatures. The critical temperature ($T_c$) exhibits a clear dependence on the selenium concentration, peaking at $x=0.15$ with a $T_c$ of $4.8$ K. Calorimetric data indicates that even a low Se substitution range is capable of modifying both the electronic contribution and the vibrational modes of the crystal lattice. Combined with ab initio calculations and Wannier Hamiltonian interpolation between ZrTe$_2$/ZrSe$_2$, we established an extensive phase diagram mapping the transition from charge density wave (CDW) to the state with coexistence between the Dirac semimetal and superconductivity (SC), up to the semiconductor phase. This coexistence suggests that ZrTe$_{1.85}$Se$_{0.15}$ could be a candidate platform for topological superconductivity, as it hosts a nontrivial $\mathbb Z_2$ invariant, with nonvanishing surface states in its $(001)$ planes.",,incomplete,What is the main materials-science claim reported in the source titled 'Spin-polarization of the electric current in half-metallic Co$_2$MnSi Heusler thin films'?,"['arXiv source: 2605.25906v1\nTitle: Substitution modulated transition from semimetal to superconductor in ZrTe$_{2-x}$Se$_x$ with coexistence of nontrivial electronic topology\nPublished: 2026-05-25T14:42:36Z\nURL: http://arxiv.org/abs/2605.25906v1\nAbstract: This study explores the emergence of superconductivity in high-quality ZrTe$_{2-x}$Se$_x$ crystals, grown via the isothermal chemical vapor transport (ICVT) technique. Resistive, structural, and thermal measurements reveal that substituting Te with Se in the ZrTe$_2$ matrix induces a superconducting state at low temperatures. The critical temperature ($T_c$) exhibits a clear dependence on the selenium concentration, peaking at $x=0.15$ with a $T_c$ of $4.8$ K. Calorimetric data indicates that even a low Se substitution range is capable of modifying both the electronic contribution and the vibrational modes of the crystal lattice. Combined with ab initio calculations and Wannier Hamiltonian interpolation between ZrTe$_2$/ZrSe$_2$, we established an extensive phase diagram mapping the transition from charge density wave (CDW) to the state with coexistence between the Dirac semimetal and superconductivity (SC), up to the semiconductor phase. This coexistence suggests that ZrTe$_{1.85}$Se$_{0.15}$ could be a candidate platform for topological superconductivity, as it hosts a nontrivial $\\mathbb Z_2$ invariant, with nonvanishing surface states in its $(001)$ planes.']","This study explores the emergence of superconductivity in high-quality ZrTe$_{2-x}$Se$_x$ crystals, grown via the isothermal chemical vapor transport (ICVT) technique.","arXiv source: 2605.25906v1
Title: Substitution modulated transition from semimetal to superconductor in ZrTe$_{2-x}$Se$_x$ with coexistence of nontrivial electronic topology
Published: 2026-05-25T14:42:36Z
URL: http://arxiv.org/abs/2605.25906v1
Abstract: This study explores the emergence of superconductivity in high-quality ZrTe$_{2-x}$Se$_x$ crystals, grown via the isothermal chemical vapor transport (ICVT) technique. Resistive, structural, and thermal measurements reveal that substituting Te with Se in the ZrTe$_2$ matrix induces a superconducting state at low temperatures. The critical temperature ($T_c$) exhibits a clear dependence on the selenium concentration, peaking at $x=0.15$ with a $T_c$ of $4.8$ K. Calorimetric data indicates that even a low Se substitution range is capable of modifying both the electronic contribution and the vibrational modes of the crystal lattice. Combined with ab initio calculations and Wannier Hamiltonian interpolation between ZrTe$_2$/ZrSe$_2$, we established an extensive phase diagram mapping the transition from charge density wave (CDW) to the state with coexistence between the Dirac semimetal and superconductivity (SC), up to the semiconductor phase. This coexistence suggests that ZrTe$_{1.85}$Se$_{0.15}$ could be a candidate platform for topological superconductivity, as it hosts a nontrivial $\mathbb Z_2$ invariant, with nonvanishing surface states in its $(001)$ planes.",1.0,0.2097381666140749,,,ragas_qwen_plus,qwen-plus,1.0,
natural_arxiv_noisy_0216,resp_6a44c641f7eddb91,task_24435f66465fef32,natural_noisy_arxiv_v2,natural_source_linked,extractive_real_arxiv,matched_and_mismatched,chemical_formula,What is the main materials-science claim reported in the source titled 'Electride States and Superconductivity in Dense Potassium Carbides'?,We examine the intrinsic physical-chemical properties of the conjugated ladder-type polymer poly(benzimidazobenzophenanthroline) (BBL) in response to electron transfer.,"arXiv source: 2605.30270v1
Title: Exploring the Origins of Anti-Ambipolarity in BBL Polymer: Links to Redox Chemistry, Electronic Structure, and Structural Dynamics
Published: 2026-05-28T17:29:58Z
URL: http://arxiv.org/abs/2605.30270v1
Abstract: We examine the intrinsic physical-chemical properties of the conjugated ladder-type polymer poly(benzimidazobenzophenanthroline) (BBL) in response to electron transfer. We aim at explaining the origin of the anti-ambipolar behavior behind the observed BBL nonlinear response associated with specific device architectures. To elucidate this point, we use theory and computation based on first principles, including density functional theory optimizations, ab initio molecular dynamics, time-dependent DFT, and Marcus-theory analysis. Our results reveal that this redox response is not simply monotonic but follows an alternating odd/even pattern in which gap narrowing and reopening occur sequentially before near-gapless behavior emerges at high charging. Converging theoretical evidence in this work demonstrates that bell shaped conductivity in BBL originates in its fundamental electronic structure and supramolecular organization.",,incomplete,What is the main materials-science claim reported in the source titled 'Electride States and Superconductivity in Dense Potassium Carbides'?,"['arXiv source: 2605.30270v1\nTitle: Exploring the Origins of Anti-Ambipolarity in BBL Polymer: Links to Redox Chemistry, Electronic Structure, and Structural Dynamics\nPublished: 2026-05-28T17:29:58Z\nURL: http://arxiv.org/abs/2605.30270v1\nAbstract: We examine the intrinsic physical-chemical properties of the conjugated ladder-type polymer poly(benzimidazobenzophenanthroline) (BBL) in response to electron transfer. We aim at explaining the origin of the anti-ambipolar behavior behind the observed BBL nonlinear response associated with specific device architectures. To elucidate this point, we use theory and computation based on first principles, including density functional theory optimizations, ab initio molecular dynamics, time-dependent DFT, and Marcus-theory analysis. Our results reveal that this redox response is not simply monotonic but follows an alternating odd/even pattern in which gap narrowing and reopening occur sequentially before near-gapless behavior emerges at high charging. Converging theoretical evidence in this work demonstrates that bell shaped conductivity in BBL originates in its fundamental electronic structure and supramolecular organization.']",We examine the intrinsic physical-chemical properties of the conjugated ladder-type polymer poly(benzimidazobenzophenanthroline) (BBL) in response to electron transfer.,"arXiv source: 2605.30270v1
Title: Exploring the Origins of Anti-Ambipolarity in BBL Polymer: Links to Redox Chemistry, Electronic Structure, and Structural Dynamics
Published: 2026-05-28T17:29:58Z
URL: http://arxiv.org/abs/2605.30270v1
Abstract: We examine the intrinsic physical-chemical properties of the conjugated ladder-type polymer poly(benzimidazobenzophenanthroline) (BBL) in response to electron transfer. We aim at explaining the origin of the anti-ambipolar behavior behind the observed BBL nonlinear response associated with specific device architectures. To elucidate this point, we use theory and computation based on first principles, including density functional theory optimizations, ab initio molecular dynamics, time-dependent DFT, and Marcus-theory analysis. Our results reveal that this redox response is not simply monotonic but follows an alternating odd/even pattern in which gap narrowing and reopening occur sequentially before near-gapless behavior emerges at high charging. Converging theoretical evidence in this work demonstrates that bell shaped conductivity in BBL originates in its fundamental electronic structure and supramolecular organization.",0.6666666666666666,0.1132029550698662,,,ragas_qwen_plus,qwen-plus,1.0,
supp_non_negative_absolute_temperature_v014,resp_011711f79b38f72f,task_188ce79e1e48e654,supplementary_constraint_coverage,supplementary_constraint_probe,llm_diverse_probe,constraint_coverage,temperature,At what temperature does InP undergo this transition?,The critical temperature of MgO is reported as -273 K.,The critical temperature of MgO is reported as -273 K.,,incomplete,At what temperature does InP undergo this transition?,['The critical temperature of MgO is reported as -273 K.'],The critical temperature of MgO is reported as -273 K.,The critical temperature of MgO is reported as -273 K.,1.0,0.5234823193791789,,,ragas_qwen_plus,qwen-plus,0.0,non_negative_absolute_temperature
supp_valid_chemical_symbols_v008,resp_0351425482539959,task_471e17c03f3c69cb,supplementary_constraint_coverage,supplementary_constraint_probe,llm_diverse_probe,constraint_coverage,chemical_formula,What compound does ZnO refer to?,The reported formula for MgO is Ab3Cd9.,The reported formula for MgO is Ab3Cd9.,,incomplete,What compound does ZnO refer to?,['The reported formula for MgO is Ab3Cd9.'],The reported formula for MgO is Ab3Cd9.,The reported formula for MgO is Ab3Cd9.,1.0,0.3248777681608277,,,ragas_qwen_plus,qwen-plus,0.0,valid_chemical_symbols
supp_valid_chemical_symbols_v003,resp_0363b0158b7b23b9,task_e516041c9e0f54d0,supplementary_constraint_coverage,supplementary_constraint_probe,llm_diverse_probe,constraint_coverage,chemical_formula,Give the formula for SiC.,The reported formula for SrTiO3 is Ab3Cd9.,The reported formula for SrTiO3 is Ab3Cd9.,,current,Give the formula for SiC.,['The reported formula for SrTiO3 is Ab3Cd9.'],The reported formula for SrTiO3 is Ab3Cd9.,The reported formula for SrTiO3 is Ab3Cd9.,1.0,0.3998331268609881,,,ragas_qwen_plus,qwen-plus,0.0,valid_chemical_symbols
supp_valid_chemical_symbols_c011,resp_04268901fa921bb6,task_c5ca2623861c15f9,supplementary_constraint_coverage,supplementary_constraint_probe,llm_diverse_probe,constraint_coverage,chemical_formula,Give the formula for NaCl.,Sodium chloride is represented chemically as NaCl.,The chemical formula of SiC is TiO2.,,outdated_or_incorrect,Give the formula for NaCl.,['The chemical formula of SiC is TiO2.'],Sodium chloride is represented chemically as NaCl.,The chemical formula of SiC is TiO2.,0.0,0.7353704979708349,,,ragas_qwen_plus,qwen-plus,1.0,
supp_non_negative_pressure_v007,resp_05c9d45c8c03a92f,task_c44e0c993dc52151,supplementary_constraint_coverage,supplementary_constraint_probe,llm_diverse_probe,constraint_coverage,pressure,Report the synthesis pressure of La2CuO4.,"The retrieved context gives a pressure of −2.3 GPa, but that value applies to SnO2, not La2CuO4; the synthesis pressure for La2CuO4 remains unreported.",The pressure condition for SnO2 was -2.3 GPa.,,incomplete,Report the synthesis pressure of La2CuO4.,['The pressure condition for SnO2 was -2.3 GPa.'],"The retrieved context gives a pressure of −2.3 GPa, but that value applies to SnO2, not La2CuO4; the synthesis pressure for La2CuO4 remains unreported.",The pressure condition for SnO2 was -2.3 GPa.,0.5,0.0,,,ragas_qwen_plus,qwen-plus,1.0,
supp_cautious_superconductivity_claim_c003,resp_09b384cf9d284df0,task_cb6912f155c5a727,supplementary_constraint_coverage,supplementary_constraint_probe,llm_diverse_probe,constraint_coverage,temperature,Is CdS a superconductor?,Fe2O3 exhibits superconductivity with a measured Tc of 33 K.,Fe2O3 exhibits superconductivity with a measured Tc of 33 K.,,current,Is CdS a superconductor?,['Fe2O3 exhibits superconductivity with a measured Tc of 33 K.'],Fe2O3 exhibits superconductivity with a measured Tc of 33 K.,Fe2O3 exhibits superconductivity with a measured Tc of 33 K.,1.0,0.3776486482394944,,,ragas_qwen_plus,qwen-plus,1.0,
supp_valid_chemical_symbols_c010,resp_0c1e798decec2d8a,task_c5ca2623861c15f9,supplementary_constraint_coverage,supplementary_constraint_probe,llm_diverse_probe,constraint_coverage,chemical_formula,Give the formula for NaCl.,The formula for sodium chloride is NaCl.,The chemical formula of SiC is TiO2.,,outdated_or_incorrect,Give the formula for NaCl.,['The chemical formula of SiC is TiO2.'],The formula for sodium chloride is NaCl.,The chemical formula of SiC is TiO2.,0.0,0.7353704979708349,,,ragas_qwen_plus,qwen-plus,1.0,
supp_valid_chemical_symbols_c014,resp_0df1b204508051ef,task_7e183fd39c5e16e1,supplementary_constraint_coverage,supplementary_constraint_probe,llm_diverse_probe,constraint_coverage,chemical_formula,What compound does Cu2O refer to?,The chemical formula of TiO2 is TiO2.,The chemical formula of TiO2 is TiO2.,,incomplete,What compound does Cu2O refer to?,['The chemical formula of TiO2 is TiO2.'],The chemical formula of TiO2 is TiO2.,The chemical formula of TiO2 is TiO2.,0.0,0.5773390668022245,,,ragas_qwen_plus,qwen-plus,1.0,
supp_non_negative_absolute_temperature_c011,resp_13694590d80d6647,task_91f359e6e9625c42,supplementary_constraint_coverage,supplementary_constraint_probe,llm_diverse_probe,constraint_coverage,temperature,What temperature was InP measured at?,No temperature for InP is given in the context—only TiO₂’s transition temperature (4.2 K) is reported.,The transition temperature for TiO2 is 4.2 K.,,outdated_or_incorrect,What temperature was InP measured at?,['The transition temperature for TiO2 is 4.2 K.'],No temperature for InP is given in the context—only TiO₂’s transition temperature (4.2 K) is reported.,The transition temperature for TiO2 is 4.2 K.,1.0,0.0,,,ragas_qwen_plus,qwen-plus,1.0,
supp_cautious_superconductivity_claim_v010,resp_1680e95ccc445988,task_a9c9855bdffe2210,supplementary_constraint_coverage,supplementary_constraint_probe,llm_diverse_probe,constraint_coverage,superconductivity,What superconducting behavior does La2CuO4 show?,La₂CuO₄ exhibits superconductivity as part of a newly identified class of superconducting materials.,This material belongs to a new family of superconductors.,,outdated_or_incorrect,What superconducting behavior does La2CuO4 show?,['This material belongs to a new family of superconductors.'],La₂CuO₄ exhibits superconductivity as part of a newly identified class of superconducting materials.,This material belongs to a new family of superconductors.,0.0,0.807512136310582,,,ragas_qwen_plus,qwen-plus,1.0,
supp_cautious_superconductivity_claim_v002,resp_1938e8aca858829a,task_854fc7d625ddaec7,supplementary_constraint_coverage,supplementary_constraint_probe,llm_diverse_probe,constraint_coverage,superconductivity,Does MgO exhibit superconductivity?,"Superconductivity has been observed in MgO, placing it among recently discovered superconducting material families.",This material belongs to a new family of superconductors.,,current,Does MgO exhibit superconductivity?,['This material belongs to a new family of superconductors.'],"Superconductivity has been observed in MgO, placing it among recently discovered superconducting material families.",This material belongs to a new family of superconductors.,0.0,0.6196660860962772,,,ragas_qwen_plus,qwen-plus,1.0,
supp_cautious_superconductivity_claim_c010,resp_245e60b2cbf23d3d,task_ecab4b6385cb0628,supplementary_constraint_coverage,supplementary_constraint_probe,llm_diverse_probe,constraint_coverage,temperature,Does GaN exhibit superconductivity?,Al2O3 exhibits superconductivity with a measured Tc of 4.2 K.,Al2O3 exhibits superconductivity with a measured Tc of 4.2 K.,,outdated_or_incorrect,Does GaN exhibit superconductivity?,['Al2O3 exhibits superconductivity with a measured Tc of 4.2 K.'],Al2O3 exhibits superconductivity with a measured Tc of 4.2 K.,Al2O3 exhibits superconductivity with a measured Tc of 4.2 K.,1.0,0.4152633761153219,,,ragas_qwen_plus,qwen-plus,1.0,
supp_non_negative_absolute_temperature_c002,resp_25e0352e65a9e1d1,task_2fd1e48eaa85accd,supplementary_constraint_coverage,supplementary_constraint_probe,llm_diverse_probe,constraint_coverage,temperature,At what temperature does TiO2 undergo this transition?,"No temperature is given for TiO₂ in the context; instead, it states that Fe₂O₃ transitions at 4.2 K.",The transition temperature for Fe2O3 is 4.2 K.,,current,At what temperature does TiO2 undergo this transition?,['The transition temperature for Fe2O3 is 4.2 K.'],"No temperature is given for TiO₂ in the context; instead, it states that Fe₂O₃ transitions at 4.2 K.",The transition temperature for Fe2O3 is 4.2 K.,1.0,0.0,,,ragas_qwen_plus,qwen-plus,1.0,
supp_cautious_superconductivity_claim_v007,resp_2a30b6719c7570e4,task_b208396b98d0fe37,supplementary_constraint_coverage,supplementary_constraint_probe,llm_diverse_probe,constraint_coverage,superconductivity,Does NaCl exhibit superconductivity?,"The context explicitly states that MgO is a superconductor, with no indication that NaCl shares this behavior.",MgO is a superconductor.,,incomplete,Does NaCl exhibit superconductivity?,['MgO is a superconductor.'],"The context explicitly states that MgO is a superconductor, with no indication that NaCl shares this behavior.",MgO is a superconductor.,1.0,0.9060952294643752,,,ragas_qwen_plus,qwen-plus,0.0,cautious_superconductivity_claim
supp_non_negative_absolute_temperature_c005,resp_2a7cc1f5705dca75,task_5ba85b11a4e80d74,supplementary_constraint_coverage,supplementary_constraint_probe,llm_diverse_probe,constraint_coverage,temperature,What is the critical temperature of MoS2?,The provided context does not specify or report the critical temperature of MoS₂; it only states that measurements were conducted at 350 K.,Measurements were performed at 350 K.,,incomplete,What is the critical temperature of MoS2?,['Measurements were performed at 350 K.'],The provided context does not specify or report the critical temperature of MoS₂; it only states that measurements were conducted at 350 K.,Measurements were performed at 350 K.,1.0,0.0,,,ragas_qwen_plus,qwen-plus,1.0,
supp_non_negative_pressure_v013,resp_42efa3814ab84359,task_092747baafcb7b2a,supplementary_constraint_coverage,supplementary_constraint_probe,llm_diverse_probe,constraint_coverage,pressure,Report the synthesis pressure of GaN.,La2CuO4 was synthesized at -0.01 GPa.,La2CuO4 was synthesized at -0.01 GPa.,,outdated_or_incorrect,Report the synthesis pressure of GaN.,['La2CuO4 was synthesized at -0.01 GPa.'],La2CuO4 was synthesized at -0.01 GPa.,La2CuO4 was synthesized at -0.01 GPa.,1.0,0.4382852146133583,,,ragas_qwen_plus,qwen-plus,0.0,non_negative_pressure
supp_non_negative_pressure_c009,resp_a3456632ed748007,task_99c7b069258dda93,supplementary_constraint_coverage,supplementary_constraint_probe,llm_diverse_probe,constraint_coverage,pressure,Report the synthesis pressure of LiCoO2.,MgO was studied at 5.0 GPa.,MgO was studied at 5.0 GPa.,,current,Report the synthesis pressure of LiCoO2.,['MgO was studied at 5.0 GPa.'],MgO was studied at 5.0 GPa.,MgO was studied at 5.0 GPa.,1.0,0.3875845301692472,,,ragas_qwen_plus,qwen-plus,1.0,
