sample_id,domain,source,question,retrieved_context,answer,document_status,expected_constraints,faithfulness_score,review_decision,review_notes,faithfulness_method,faithfulness_notes,constraint_violations,gold_attribution,correlational_prediction,causal_prediction
mpc_0001_current_gap,materials,https://materialsproject.org/materials/mp-1197903,What is the band gap of C?,Materials Project reports C (mp-1197903). Band gap: 0.07970000000000001 eV. Formation energy per atom: 1.4104997176249991 eV/atom. Energy above hull: 1.4104997176249991 eV/atom. Stable: False.,The retrieved record reports a 0.07970000000000001 eV band gap for C.,current,non_negative_band_gap;valid_chemical_symbols,0.85,,,heuristic_context_support,heuristic_context_support: answer follows current retrieved context,,no_error,no_error,no_error
mpc_0001_incorrect_gap,materials,https://materialsproject.org/materials/mp-1197903,What is the band gap of C?,A noisy retrieved note reports C (mp-1197903) with band gap -0.07970000000000001 eV. This note is intentionally marked for human review as outdated_or_incorrect.,The retrieved passage gives C a band gap value of -0.07970000000000001 eV.,outdated_or_incorrect,non_negative_band_gap;valid_chemical_symbols,0.95,,,heuristic_context_support,heuristic_context_support: answer intentionally follows noisy/incorrect retrieved context,non_negative_band_gap,retrieval_context_error,generation_error,retrieval_context_error
mpc_0001_incomplete_stability,materials,https://materialsproject.org/materials/mp-1197903,Is C thermodynamically stable?,"A short retrieved snippet mentions C (mp-1197903) as stable, but omits formation energy, hull distance, and thermodynamic qualification.",C is presented as stable in the retrieved text.,incomplete,cautious_stability_claim;valid_chemical_symbols,0.7,,,heuristic_context_support,heuristic_context_support: answer is supported by incomplete context but lacks necessary qualifier,,no_error,no_error,no_error
mpc_0002_current_gap,materials,https://materialsproject.org/materials/mp-1244964,What is the band gap of C?,Materials Project reports C (mp-1244964). Band gap: 0.0724 eV. Formation energy per atom: 0.9345966746000001 eV/atom. Energy above hull: 0.9345966745999991 eV/atom. Stable: False.,"For C, the retrieved Materials Project entry gives the band gap as 0.0724 eV.",current,non_negative_band_gap;valid_chemical_symbols,0.85,,,heuristic_context_support,heuristic_context_support: answer follows current retrieved context,,no_error,no_error,no_error
mpc_0002_incorrect_gap,materials,https://materialsproject.org/materials/mp-1244964,What is the band gap of C?,A noisy retrieved note reports C (mp-1244964) with band gap -0.0724 eV. This note is intentionally marked for human review as outdated_or_incorrect.,The retrieved note states that C has a band gap of -0.0724 eV.,outdated_or_incorrect,non_negative_band_gap;valid_chemical_symbols,0.95,,,heuristic_context_support,heuristic_context_support: answer intentionally follows noisy/incorrect retrieved context,non_negative_band_gap,retrieval_context_error,generation_error,retrieval_context_error
mpc_0002_incomplete_stability,materials,https://materialsproject.org/materials/mp-1244964,Is C thermodynamically stable?,"A short retrieved snippet mentions C (mp-1244964) as stable, but omits formation energy, hull distance, and thermodynamic qualification.",The retrieved snippet describes C as stable.,incomplete,cautious_stability_claim;valid_chemical_symbols,0.7,,,heuristic_context_support,heuristic_context_support: answer is supported by incomplete context but lacks necessary qualifier,,no_error,no_error,no_error
mpc_0003_current_gap,materials,https://materialsproject.org/materials/mp-1180008,What is the band gap of O2?,Materials Project reports O2 (mp-1180008). Band gap: 1.277299999999999 eV. Formation energy per atom: 0.419853780833333 eV/atom. Energy above hull: 0.419853780833332 eV/atom. Stable: False.,"Using the retrieved source, the band gap of O2 is 1.277299999999999 eV.",current,non_negative_band_gap;valid_chemical_symbols,0.85,,,heuristic_context_support,heuristic_context_support: answer follows current retrieved context,,no_error,no_error,no_error
mpc_0003_incorrect_gap,materials,https://materialsproject.org/materials/mp-1180008,What is the band gap of O2?,A noisy retrieved note reports O2 (mp-1180008) with band gap -1.277299999999999 eV. This note is intentionally marked for human review as outdated_or_incorrect.,"Following the retrieved context, O2 is reported with a band gap of -1.277299999999999 eV.",outdated_or_incorrect,non_negative_band_gap;valid_chemical_symbols,0.95,,,heuristic_context_support,heuristic_context_support: answer intentionally follows noisy/incorrect retrieved context,non_negative_band_gap,retrieval_context_error,generation_error,retrieval_context_error
mpc_0003_incomplete_stability,materials,https://materialsproject.org/materials/mp-1180008,Is O2 thermodynamically stable?,"A short retrieved snippet mentions O2 (mp-1180008) as stable, but omits formation energy, hull distance, and thermodynamic qualification.","Based on the retrieved snippet, O2 is stable.",incomplete,cautious_stability_claim;valid_chemical_symbols,0.7,,,heuristic_context_support,heuristic_context_support: answer is supported by incomplete context but lacks necessary qualifier,cautious_stability_claim,retrieval_context_incomplete,retrieval_context_error,retrieval_context_incomplete
mpc_0004_current_gap,materials,https://materialsproject.org/materials/mp-1244913,What is the band gap of C?,Materials Project reports C (mp-1244913). Band gap: 0.10600000000000001 eV. Formation energy per atom: 0.9942529476999991 eV/atom. Energy above hull: 0.9942529476999981 eV/atom. Stable: False.,"According to the retrieved Materials Project record, C has a band gap of 0.10600000000000001 eV.",current,non_negative_band_gap;valid_chemical_symbols,0.85,,,heuristic_context_support,heuristic_context_support: answer follows current retrieved context,,no_error,no_error,no_error
mpc_0004_incorrect_gap,materials,https://materialsproject.org/materials/mp-1244913,What is the band gap of C?,A noisy retrieved note reports C (mp-1244913) with band gap -0.10600000000000001 eV. This note is intentionally marked for human review as outdated_or_incorrect.,The answer from the retrieved note is a -0.10600000000000001 eV band gap for C.,outdated_or_incorrect,non_negative_band_gap;valid_chemical_symbols,0.95,,,heuristic_context_support,heuristic_context_support: answer intentionally follows noisy/incorrect retrieved context,non_negative_band_gap,retrieval_context_error,generation_error,retrieval_context_error
mpc_0004_incomplete_stability,materials,https://materialsproject.org/materials/mp-1244913,Is C thermodynamically stable?,"A short retrieved snippet mentions C (mp-1244913) as stable, but omits formation energy, hull distance, and thermodynamic qualification.",The passage indicates that C is stable.,incomplete,cautious_stability_claim;valid_chemical_symbols,0.7,,,heuristic_context_support,heuristic_context_support: answer is supported by incomplete context but lacks necessary qualifier,cautious_stability_claim,retrieval_context_incomplete,retrieval_context_error,retrieval_context_incomplete
mpc_0005_current_gap,materials,https://materialsproject.org/materials/mp-2647017,What is the band gap of C?,Materials Project reports C (mp-2647017). Band gap: 0.244099999999999 eV. Formation energy per atom: 0.177572003999999 eV/atom. Energy above hull: 0.177572003999999 eV/atom. Stable: False.,The retrieved record reports a 0.244099999999999 eV band gap for C.,current,non_negative_band_gap;valid_chemical_symbols,0.85,,,heuristic_context_support,heuristic_context_support: answer follows current retrieved context,,no_error,no_error,no_error
mpc_0005_incorrect_gap,materials,https://materialsproject.org/materials/mp-2647017,What is the band gap of C?,A noisy retrieved note reports C (mp-2647017) with band gap -0.244099999999999 eV. This note is intentionally marked for human review as outdated_or_incorrect.,The retrieved passage gives C a band gap value of -0.244099999999999 eV.,outdated_or_incorrect,non_negative_band_gap;valid_chemical_symbols,0.95,,,heuristic_context_support,heuristic_context_support: answer intentionally follows noisy/incorrect retrieved context,non_negative_band_gap,retrieval_context_error,generation_error,retrieval_context_error
mpc_0005_incomplete_stability,materials,https://materialsproject.org/materials/mp-2647017,Is C thermodynamically stable?,"A short retrieved snippet mentions C (mp-2647017) as stable, but omits formation energy, hull distance, and thermodynamic qualification.",C is presented as stable in the retrieved text.,incomplete,cautious_stability_claim;valid_chemical_symbols,0.7,,,heuristic_context_support,heuristic_context_support: answer is supported by incomplete context but lacks necessary qualifier,,no_error,no_error,no_error
mpc_0006_current_gap,materials,https://materialsproject.org/materials/mp-1182248,What is the band gap of Bi?,Materials Project reports Bi (mp-1182248). Band gap: 1.5046 eV. Formation energy per atom: 1.077316884999994 eV/atom. Energy above hull: 1.077316884999994 eV/atom. Stable: False.,"For Bi, the retrieved Materials Project entry gives the band gap as 1.5046 eV.",current,non_negative_band_gap;valid_chemical_symbols,0.85,,,heuristic_context_support,heuristic_context_support: answer follows current retrieved context,,no_error,no_error,no_error
mpc_0006_incorrect_gap,materials,https://materialsproject.org/materials/mp-1182248,What is the band gap of Bi?,A noisy retrieved note reports Bi (mp-1182248) with band gap -1.5046 eV. This note is intentionally marked for human review as outdated_or_incorrect.,The retrieved note states that Bi has a band gap of -1.5046 eV.,outdated_or_incorrect,non_negative_band_gap;valid_chemical_symbols,0.95,,,heuristic_context_support,heuristic_context_support: answer intentionally follows noisy/incorrect retrieved context,non_negative_band_gap,retrieval_context_error,generation_error,retrieval_context_error
mpc_0006_incomplete_stability,materials,https://materialsproject.org/materials/mp-1182248,Is Bi thermodynamically stable?,"A short retrieved snippet mentions Bi (mp-1182248) as stable, but omits formation energy, hull distance, and thermodynamic qualification.",The retrieved snippet describes Bi as stable.,incomplete,cautious_stability_claim;valid_chemical_symbols,0.7,,,heuristic_context_support,heuristic_context_support: answer is supported by incomplete context but lacks necessary qualifier,,no_error,no_error,no_error
mpc_0007_current_gap,materials,https://materialsproject.org/materials/mp-1179990,What is the band gap of P?,Materials Project reports P (mp-1179990). Band gap: 3.0938 eV. Formation energy per atom: 0.8763179616666661 eV/atom. Energy above hull: 0.8763179616666661 eV/atom. Stable: False.,"Using the retrieved source, the band gap of P is 3.0938 eV.",current,non_negative_band_gap;valid_chemical_symbols,0.85,,,heuristic_context_support,heuristic_context_support: answer follows current retrieved context,,no_error,no_error,no_error
mpc_0007_incorrect_gap,materials,https://materialsproject.org/materials/mp-1179990,What is the band gap of P?,A noisy retrieved note reports P (mp-1179990) with band gap -3.0938 eV. This note is intentionally marked for human review as outdated_or_incorrect.,"Following the retrieved context, P is reported with a band gap of -3.0938 eV.",outdated_or_incorrect,non_negative_band_gap;valid_chemical_symbols,0.95,,,heuristic_context_support,heuristic_context_support: answer intentionally follows noisy/incorrect retrieved context,non_negative_band_gap,retrieval_context_error,generation_error,retrieval_context_error
mpc_0007_incomplete_stability,materials,https://materialsproject.org/materials/mp-1179990,Is P thermodynamically stable?,"A short retrieved snippet mentions P (mp-1179990) as stable, but omits formation energy, hull distance, and thermodynamic qualification.","Based on the retrieved snippet, P is stable.",incomplete,cautious_stability_claim;valid_chemical_symbols,0.7,,,heuristic_context_support,heuristic_context_support: answer is supported by incomplete context but lacks necessary qualifier,cautious_stability_claim,retrieval_context_incomplete,retrieval_context_error,retrieval_context_incomplete
mpc_0008_current_gap,materials,https://materialsproject.org/materials/mp-12957,What is the band gap of O2?,Materials Project reports O2 (mp-12957). Band gap: 1.0933 eV. Formation energy per atom: 0.0 eV/atom. Energy above hull: 0.0 eV/atom. Stable: True.,"According to the retrieved Materials Project record, O2 has a band gap of 1.0933 eV.",current,non_negative_band_gap;valid_chemical_symbols,0.85,,,heuristic_context_support,heuristic_context_support: answer follows current retrieved context,,no_error,no_error,no_error
mpc_0008_incorrect_gap,materials,https://materialsproject.org/materials/mp-12957,What is the band gap of O2?,A noisy retrieved note reports O2 (mp-12957) with band gap -1.0933 eV. This note is intentionally marked for human review as outdated_or_incorrect.,The answer from the retrieved note is a -1.0933 eV band gap for O2.,outdated_or_incorrect,non_negative_band_gap;valid_chemical_symbols,0.95,,,heuristic_context_support,heuristic_context_support: answer intentionally follows noisy/incorrect retrieved context,non_negative_band_gap,retrieval_context_error,generation_error,retrieval_context_error
mpc_0008_incomplete_stability,materials,https://materialsproject.org/materials/mp-12957,Is O2 thermodynamically stable?,"A short retrieved snippet mentions O2 (mp-12957) as stable, but omits formation energy, hull distance, and thermodynamic qualification.",The passage indicates that O2 is stable.,incomplete,cautious_stability_claim;valid_chemical_symbols,0.7,,,heuristic_context_support,heuristic_context_support: answer is supported by incomplete context but lacks necessary qualifier,cautious_stability_claim,retrieval_context_incomplete,retrieval_context_error,retrieval_context_incomplete
mpc_0009_current_gap,materials,https://materialsproject.org/materials/mp-2204849,What is the band gap of O2?,Materials Project reports O2 (mp-2204849). Band gap: 2.720399999999999 eV. Formation energy per atom: 0.0035132812500000003 eV/atom. Energy above hull: 0.0035132812500000003 eV/atom. Stable: False.,The retrieved record reports a 2.720399999999999 eV band gap for O2.,current,non_negative_band_gap;valid_chemical_symbols,0.85,,,heuristic_context_support,heuristic_context_support: answer follows current retrieved context,,no_error,no_error,no_error
mpc_0009_incorrect_gap,materials,https://materialsproject.org/materials/mp-2204849,What is the band gap of O2?,A noisy retrieved note reports O2 (mp-2204849) with band gap -2.720399999999999 eV. This note is intentionally marked for human review as outdated_or_incorrect.,The retrieved passage gives O2 a band gap value of -2.720399999999999 eV.,outdated_or_incorrect,non_negative_band_gap;valid_chemical_symbols,0.95,,,heuristic_context_support,heuristic_context_support: answer intentionally follows noisy/incorrect retrieved context,non_negative_band_gap,retrieval_context_error,generation_error,retrieval_context_error
mpc_0009_incomplete_stability,materials,https://materialsproject.org/materials/mp-2204849,Is O2 thermodynamically stable?,"A short retrieved snippet mentions O2 (mp-2204849) as stable, but omits formation energy, hull distance, and thermodynamic qualification.",O2 is presented as stable in the retrieved text.,incomplete,cautious_stability_claim;valid_chemical_symbols,0.7,,,heuristic_context_support,heuristic_context_support: answer is supported by incomplete context but lacks necessary qualifier,,no_error,no_error,no_error
mpc_0010_current_gap,materials,https://materialsproject.org/materials/mp-611836,What is the band gap of O2?,Materials Project reports O2 (mp-611836). Band gap: 1.314299999999999 eV. Formation energy per atom: 0.009970109999999002 eV/atom. Energy above hull: 0.009970109999999002 eV/atom. Stable: False.,The retrieved record reports a 1.314299999999999 eV band gap for O2.,current,non_negative_band_gap;valid_chemical_symbols,0.85,,,heuristic_context_support,heuristic_context_support: answer follows current retrieved context,,no_error,no_error,no_error
mpc_0010_incorrect_gap,materials,https://materialsproject.org/materials/mp-611836,What is the band gap of O2?,A noisy retrieved note reports O2 (mp-611836) with band gap -1.314299999999999 eV. This note is intentionally marked for human review as outdated_or_incorrect.,The retrieved passage gives O2 a band gap value of -1.314299999999999 eV.,outdated_or_incorrect,non_negative_band_gap;valid_chemical_symbols,0.95,,,heuristic_context_support,heuristic_context_support: answer intentionally follows noisy/incorrect retrieved context,non_negative_band_gap,retrieval_context_error,generation_error,retrieval_context_error
mpc_0010_incomplete_stability,materials,https://materialsproject.org/materials/mp-611836,Is O2 thermodynamically stable?,"A short retrieved snippet mentions O2 (mp-611836) as stable, but omits formation energy, hull distance, and thermodynamic qualification.",O2 is presented as stable in the retrieved text.,incomplete,cautious_stability_claim;valid_chemical_symbols,0.7,,,heuristic_context_support,heuristic_context_support: answer is supported by incomplete context but lacks necessary qualifier,,no_error,no_error,no_error
mpc_0011_current_gap,materials,https://materialsproject.org/materials/mp-1009490,What is the band gap of O2?,Materials Project reports O2 (mp-1009490). Band gap: 1.426 eV. Formation energy per atom: 0.0017175900000000002 eV/atom. Energy above hull: 0.0017175900000000002 eV/atom. Stable: False.,"For O2, the retrieved Materials Project entry gives the band gap as 1.426 eV.",current,non_negative_band_gap;valid_chemical_symbols,0.85,,,heuristic_context_support,heuristic_context_support: answer follows current retrieved context,,no_error,no_error,no_error
mpc_0011_incorrect_gap,materials,https://materialsproject.org/materials/mp-1009490,What is the band gap of O2?,A noisy retrieved note reports O2 (mp-1009490) with band gap -1.426 eV. This note is intentionally marked for human review as outdated_or_incorrect.,The retrieved note states that O2 has a band gap of -1.426 eV.,outdated_or_incorrect,non_negative_band_gap;valid_chemical_symbols,0.95,,,heuristic_context_support,heuristic_context_support: answer intentionally follows noisy/incorrect retrieved context,non_negative_band_gap,retrieval_context_error,generation_error,retrieval_context_error
mpc_0011_incomplete_stability,materials,https://materialsproject.org/materials/mp-1009490,Is O2 thermodynamically stable?,"A short retrieved snippet mentions O2 (mp-1009490) as stable, but omits formation energy, hull distance, and thermodynamic qualification.",The retrieved snippet describes O2 as stable.,incomplete,cautious_stability_claim;valid_chemical_symbols,0.7,,,heuristic_context_support,heuristic_context_support: answer is supported by incomplete context but lacks necessary qualifier,,no_error,no_error,no_error
mpc_0012_current_gap,materials,https://materialsproject.org/materials/mp-1080826,What is the band gap of C?,Materials Project reports C (mp-1080826). Band gap: 3.4876 eV. Formation energy per atom: 0.300915499999998 eV/atom. Energy above hull: 0.300915499999998 eV/atom. Stable: False.,"Using the retrieved source, the band gap of C is 3.4876 eV.",current,non_negative_band_gap;valid_chemical_symbols,0.85,,,heuristic_context_support,heuristic_context_support: answer follows current retrieved context,,no_error,no_error,no_error
mpc_0012_incorrect_gap,materials,https://materialsproject.org/materials/mp-1080826,What is the band gap of C?,A noisy retrieved note reports C (mp-1080826) with band gap -3.4876 eV. This note is intentionally marked for human review as outdated_or_incorrect.,"Following the retrieved context, C is reported with a band gap of -3.4876 eV.",outdated_or_incorrect,non_negative_band_gap;valid_chemical_symbols,0.95,,,heuristic_context_support,heuristic_context_support: answer intentionally follows noisy/incorrect retrieved context,non_negative_band_gap,retrieval_context_error,generation_error,retrieval_context_error
mpc_0012_incomplete_stability,materials,https://materialsproject.org/materials/mp-1080826,Is C thermodynamically stable?,"A short retrieved snippet mentions C (mp-1080826) as stable, but omits formation energy, hull distance, and thermodynamic qualification.","Based on the retrieved snippet, C is stable.",incomplete,cautious_stability_claim;valid_chemical_symbols,0.7,,,heuristic_context_support,heuristic_context_support: answer is supported by incomplete context but lacks necessary qualifier,cautious_stability_claim,retrieval_context_incomplete,retrieval_context_error,retrieval_context_incomplete
mpc_0013_current_gap,materials,https://materialsproject.org/materials/mp-12883,What is the band gap of P?,Materials Project reports P (mp-12883). Band gap: 3.5354 eV. Formation energy per atom: 0.15457059702380901 eV/atom. Energy above hull: 0.15457059702380901 eV/atom. Stable: False.,"According to the retrieved Materials Project record, P has a band gap of 3.5354 eV.",current,non_negative_band_gap;valid_chemical_symbols,0.85,,,heuristic_context_support,heuristic_context_support: answer follows current retrieved context,,no_error,no_error,no_error
mpc_0013_incorrect_gap,materials,https://materialsproject.org/materials/mp-12883,What is the band gap of P?,A noisy retrieved note reports P (mp-12883) with band gap -3.5354 eV. This note is intentionally marked for human review as outdated_or_incorrect.,The answer from the retrieved note is a -3.5354 eV band gap for P.,outdated_or_incorrect,non_negative_band_gap;valid_chemical_symbols,0.95,,,heuristic_context_support,heuristic_context_support: answer intentionally follows noisy/incorrect retrieved context,non_negative_band_gap,retrieval_context_error,generation_error,retrieval_context_error
mpc_0013_incomplete_stability,materials,https://materialsproject.org/materials/mp-12883,Is P thermodynamically stable?,"A short retrieved snippet mentions P (mp-12883) as stable, but omits formation energy, hull distance, and thermodynamic qualification.",The passage indicates that P is stable.,incomplete,cautious_stability_claim;valid_chemical_symbols,0.7,,,heuristic_context_support,heuristic_context_support: answer is supported by incomplete context but lacks necessary qualifier,cautious_stability_claim,retrieval_context_incomplete,retrieval_context_error,retrieval_context_incomplete
mpc_0014_current_gap,materials,https://materialsproject.org/materials/mp-1524462,What is the band gap of O2?,Materials Project reports O2 (mp-1524462). Band gap: 2.7061 eV. Formation energy per atom: 0.0 eV/atom. Energy above hull: 0.0 eV/atom. Stable: True.,The retrieved record reports a 2.7061 eV band gap for O2.,current,non_negative_band_gap;valid_chemical_symbols,0.85,,,heuristic_context_support,heuristic_context_support: answer follows current retrieved context,,no_error,no_error,no_error
mpc_0014_incorrect_gap,materials,https://materialsproject.org/materials/mp-1524462,What is the band gap of O2?,A noisy retrieved note reports O2 (mp-1524462) with band gap -2.7061 eV. This note is intentionally marked for human review as outdated_or_incorrect.,The retrieved passage gives O2 a band gap value of -2.7061 eV.,outdated_or_incorrect,non_negative_band_gap;valid_chemical_symbols,0.95,,,heuristic_context_support,heuristic_context_support: answer intentionally follows noisy/incorrect retrieved context,non_negative_band_gap,retrieval_context_error,generation_error,retrieval_context_error
mpc_0014_incomplete_stability,materials,https://materialsproject.org/materials/mp-1524462,Is O2 thermodynamically stable?,"A short retrieved snippet mentions O2 (mp-1524462) as stable, but omits formation energy, hull distance, and thermodynamic qualification.",O2 is presented as stable in the retrieved text.,incomplete,cautious_stability_claim;valid_chemical_symbols,0.7,,,heuristic_context_support,heuristic_context_support: answer is supported by incomplete context but lacks necessary qualifier,,no_error,no_error,no_error
mpc_0015_current_gap,materials,https://materialsproject.org/materials/mp-569360,What is the band gap of Hg?,Materials Project reports Hg (mp-569360). Band gap: 0.09670000000000001 eV. Formation energy per atom: 0.006275719166666 eV/atom. Energy above hull: 0.006275719166666 eV/atom. Stable: False.,"For Hg, the retrieved Materials Project entry gives the band gap as 0.09670000000000001 eV.",current,non_negative_band_gap;valid_chemical_symbols,0.85,,,heuristic_context_support,heuristic_context_support: answer follows current retrieved context,,no_error,no_error,no_error
mpc_0015_incorrect_gap,materials,https://materialsproject.org/materials/mp-569360,What is the band gap of Hg?,A noisy retrieved note reports Hg (mp-569360) with band gap -0.09670000000000001 eV. This note is intentionally marked for human review as outdated_or_incorrect.,The retrieved note states that Hg has a band gap of -0.09670000000000001 eV.,outdated_or_incorrect,non_negative_band_gap;valid_chemical_symbols,0.95,,,heuristic_context_support,heuristic_context_support: answer intentionally follows noisy/incorrect retrieved context,non_negative_band_gap,retrieval_context_error,generation_error,retrieval_context_error
mpc_0015_incomplete_stability,materials,https://materialsproject.org/materials/mp-569360,Is Hg thermodynamically stable?,"A short retrieved snippet mentions Hg (mp-569360) as stable, but omits formation energy, hull distance, and thermodynamic qualification.",The retrieved snippet describes Hg as stable.,incomplete,cautious_stability_claim;valid_chemical_symbols,0.7,,,heuristic_context_support,heuristic_context_support: answer is supported by incomplete context but lacks necessary qualifier,,no_error,no_error,no_error
mpc_0016_current_gap,materials,https://materialsproject.org/materials/mp-561367,What is the band gap of F2?,Materials Project reports F2 (mp-561367). Band gap: 2.3942 eV. Formation energy per atom: 0.00299408 eV/atom. Energy above hull: 0.00299408 eV/atom. Stable: False.,"Using the retrieved source, the band gap of F2 is 2.3942 eV.",current,non_negative_band_gap;valid_chemical_symbols,0.85,,,heuristic_context_support,heuristic_context_support: answer follows current retrieved context,,no_error,no_error,no_error
mpc_0016_incorrect_gap,materials,https://materialsproject.org/materials/mp-561367,What is the band gap of F2?,A noisy retrieved note reports F2 (mp-561367) with band gap -2.3942 eV. This note is intentionally marked for human review as outdated_or_incorrect.,"Following the retrieved context, F2 is reported with a band gap of -2.3942 eV.",outdated_or_incorrect,non_negative_band_gap;valid_chemical_symbols,0.95,,,heuristic_context_support,heuristic_context_support: answer intentionally follows noisy/incorrect retrieved context,non_negative_band_gap,retrieval_context_error,generation_error,retrieval_context_error
mpc_0016_incomplete_stability,materials,https://materialsproject.org/materials/mp-561367,Is F2 thermodynamically stable?,"A short retrieved snippet mentions F2 (mp-561367) as stable, but omits formation energy, hull distance, and thermodynamic qualification.","Based on the retrieved snippet, F2 is stable.",incomplete,cautious_stability_claim;valid_chemical_symbols,0.7,,,heuristic_context_support,heuristic_context_support: answer is supported by incomplete context but lacks necessary qualifier,cautious_stability_claim,retrieval_context_incomplete,retrieval_context_error,retrieval_context_incomplete
mpc_0017_current_gap,materials,https://materialsproject.org/materials/mp-1079297,What is the band gap of Si?,Materials Project reports Si (mp-1079297). Band gap: 0.2735 eV. Formation energy per atom: 0.08220610625000001 eV/atom. Energy above hull: 0.08220610625000001 eV/atom. Stable: False.,"According to the retrieved Materials Project record, Si has a band gap of 0.2735 eV.",current,non_negative_band_gap;valid_chemical_symbols,0.85,,,heuristic_context_support,heuristic_context_support: answer follows current retrieved context,,no_error,no_error,no_error
mpc_0017_incorrect_gap,materials,https://materialsproject.org/materials/mp-1079297,What is the band gap of Si?,A noisy retrieved note reports Si (mp-1079297) with band gap -0.2735 eV. This note is intentionally marked for human review as outdated_or_incorrect.,The answer from the retrieved note is a -0.2735 eV band gap for Si.,outdated_or_incorrect,non_negative_band_gap;valid_chemical_symbols,0.95,,,heuristic_context_support,heuristic_context_support: answer intentionally follows noisy/incorrect retrieved context,non_negative_band_gap,retrieval_context_error,generation_error,retrieval_context_error
mpc_0017_incomplete_stability,materials,https://materialsproject.org/materials/mp-1079297,Is Si thermodynamically stable?,"A short retrieved snippet mentions Si (mp-1079297) as stable, but omits formation energy, hull distance, and thermodynamic qualification.",The passage indicates that Si is stable.,incomplete,cautious_stability_claim;valid_chemical_symbols,0.7,,,heuristic_context_support,heuristic_context_support: answer is supported by incomplete context but lacks necessary qualifier,cautious_stability_claim,retrieval_context_incomplete,retrieval_context_error,retrieval_context_incomplete
mpc_0018_current_gap,materials,https://materialsproject.org/materials/mp-3347313,What is the band gap of C?,Materials Project reports C (mp-3347313). Band gap: 1.376199999999999 eV. Formation energy per atom: 0.0 eV/atom. Energy above hull: 0.0 eV/atom. Stable: True.,The retrieved record reports a 1.376199999999999 eV band gap for C.,current,non_negative_band_gap;valid_chemical_symbols,0.85,,,heuristic_context_support,heuristic_context_support: answer follows current retrieved context,,no_error,no_error,no_error
mpc_0018_incorrect_gap,materials,https://materialsproject.org/materials/mp-3347313,What is the band gap of C?,A noisy retrieved note reports C (mp-3347313) with band gap -1.376199999999999 eV. This note is intentionally marked for human review as outdated_or_incorrect.,The retrieved passage gives C a band gap value of -1.376199999999999 eV.,outdated_or_incorrect,non_negative_band_gap;valid_chemical_symbols,0.95,,,heuristic_context_support,heuristic_context_support: answer intentionally follows noisy/incorrect retrieved context,non_negative_band_gap,retrieval_context_error,generation_error,retrieval_context_error
mpc_0018_incomplete_stability,materials,https://materialsproject.org/materials/mp-3347313,Is C thermodynamically stable?,"A short retrieved snippet mentions C (mp-3347313) as stable, but omits formation energy, hull distance, and thermodynamic qualification.",C is presented as stable in the retrieved text.,incomplete,cautious_stability_claim;valid_chemical_symbols,0.7,,,heuristic_context_support,heuristic_context_support: answer is supported by incomplete context but lacks necessary qualifier,,no_error,no_error,no_error
mpc_0019_current_gap,materials,https://materialsproject.org/materials/mp-1947043,What is the band gap of Bi?,Materials Project reports Bi (mp-1947043). Band gap: 0.08079999999999901 eV. Formation energy per atom: 0.071962377499993 eV/atom. Energy above hull: 0.071962377499993 eV/atom. Stable: False.,"For Bi, the retrieved Materials Project entry gives the band gap as 0.08079999999999901 eV.",current,non_negative_band_gap;valid_chemical_symbols,0.85,,,heuristic_context_support,heuristic_context_support: answer follows current retrieved context,,no_error,no_error,no_error
mpc_0019_incorrect_gap,materials,https://materialsproject.org/materials/mp-1947043,What is the band gap of Bi?,A noisy retrieved note reports Bi (mp-1947043) with band gap -0.08079999999999901 eV. This note is intentionally marked for human review as outdated_or_incorrect.,The retrieved note states that Bi has a band gap of -0.08079999999999901 eV.,outdated_or_incorrect,non_negative_band_gap;valid_chemical_symbols,0.95,,,heuristic_context_support,heuristic_context_support: answer intentionally follows noisy/incorrect retrieved context,non_negative_band_gap,retrieval_context_error,generation_error,retrieval_context_error
mpc_0019_incomplete_stability,materials,https://materialsproject.org/materials/mp-1947043,Is Bi thermodynamically stable?,"A short retrieved snippet mentions Bi (mp-1947043) as stable, but omits formation energy, hull distance, and thermodynamic qualification.",The retrieved snippet describes Bi as stable.,incomplete,cautious_stability_claim;valid_chemical_symbols,0.7,,,heuristic_context_support,heuristic_context_support: answer is supported by incomplete context but lacks necessary qualifier,,no_error,no_error,no_error
mpc_0020_current_gap,materials,https://materialsproject.org/materials/mp-2206907,What is the band gap of O2?,Materials Project reports O2 (mp-2206907). Band gap: 2.285 eV. Formation energy per atom: 0.027979431250000002 eV/atom. Energy above hull: 0.027979431250000002 eV/atom. Stable: False.,"For O2, the retrieved Materials Project entry gives the band gap as 2.285 eV.",current,non_negative_band_gap;valid_chemical_symbols,0.85,,,heuristic_context_support,heuristic_context_support: answer follows current retrieved context,,no_error,no_error,no_error
mpc_0020_incorrect_gap,materials,https://materialsproject.org/materials/mp-2206907,What is the band gap of O2?,A noisy retrieved note reports O2 (mp-2206907) with band gap -2.285 eV. This note is intentionally marked for human review as outdated_or_incorrect.,The retrieved note states that O2 has a band gap of -2.285 eV.,outdated_or_incorrect,non_negative_band_gap;valid_chemical_symbols,0.95,,,heuristic_context_support,heuristic_context_support: answer intentionally follows noisy/incorrect retrieved context,non_negative_band_gap,retrieval_context_error,generation_error,retrieval_context_error
mpc_0020_incomplete_stability,materials,https://materialsproject.org/materials/mp-2206907,Is O2 thermodynamically stable?,"A short retrieved snippet mentions O2 (mp-2206907) as stable, but omits formation energy, hull distance, and thermodynamic qualification.",The retrieved snippet describes O2 as stable.,incomplete,cautious_stability_claim;valid_chemical_symbols,0.7,,,heuristic_context_support,heuristic_context_support: answer is supported by incomplete context but lacks necessary qualifier,,no_error,no_error,no_error
mpc_0021_current_gap,materials,https://materialsproject.org/materials/mp-723897,What is the band gap of P?,Materials Project reports P (mp-723897). Band gap: 2.1942 eV. Formation energy per atom: 3.518999916666667 eV/atom. Energy above hull: 3.518999916666667 eV/atom. Stable: False.,"Using the retrieved source, the band gap of P is 2.1942 eV.",current,non_negative_band_gap;valid_chemical_symbols,0.85,,,heuristic_context_support,heuristic_context_support: answer follows current retrieved context,,no_error,no_error,no_error
mpc_0021_incorrect_gap,materials,https://materialsproject.org/materials/mp-723897,What is the band gap of P?,A noisy retrieved note reports P (mp-723897) with band gap -2.1942 eV. This note is intentionally marked for human review as outdated_or_incorrect.,"Following the retrieved context, P is reported with a band gap of -2.1942 eV.",outdated_or_incorrect,non_negative_band_gap;valid_chemical_symbols,0.95,,,heuristic_context_support,heuristic_context_support: answer intentionally follows noisy/incorrect retrieved context,non_negative_band_gap,retrieval_context_error,generation_error,retrieval_context_error
mpc_0021_incomplete_stability,materials,https://materialsproject.org/materials/mp-723897,Is P thermodynamically stable?,"A short retrieved snippet mentions P (mp-723897) as stable, but omits formation energy, hull distance, and thermodynamic qualification.","Based on the retrieved snippet, P is stable.",incomplete,cautious_stability_claim;valid_chemical_symbols,0.7,,,heuristic_context_support,heuristic_context_support: answer is supported by incomplete context but lacks necessary qualifier,cautious_stability_claim,retrieval_context_incomplete,retrieval_context_error,retrieval_context_incomplete
mpc_0022_current_gap,materials,https://materialsproject.org/materials/mp-568348,What is the band gap of P?,Materials Project reports P (mp-568348). Band gap: 1.8454000000000002 eV. Formation energy per atom: 0.0 eV/atom. Energy above hull: 0.0 eV/atom. Stable: True.,"According to the retrieved Materials Project record, P has a band gap of 1.8454000000000002 eV.",current,non_negative_band_gap;valid_chemical_symbols,0.85,,,heuristic_context_support,heuristic_context_support: answer follows current retrieved context,,no_error,no_error,no_error
mpc_0022_incorrect_gap,materials,https://materialsproject.org/materials/mp-568348,What is the band gap of P?,A noisy retrieved note reports P (mp-568348) with band gap -1.8454000000000002 eV. This note is intentionally marked for human review as outdated_or_incorrect.,The answer from the retrieved note is a -1.8454000000000002 eV band gap for P.,outdated_or_incorrect,non_negative_band_gap;valid_chemical_symbols,0.95,,,heuristic_context_support,heuristic_context_support: answer intentionally follows noisy/incorrect retrieved context,non_negative_band_gap,retrieval_context_error,generation_error,retrieval_context_error
mpc_0022_incomplete_stability,materials,https://materialsproject.org/materials/mp-568348,Is P thermodynamically stable?,"A short retrieved snippet mentions P (mp-568348) as stable, but omits formation energy, hull distance, and thermodynamic qualification.",The passage indicates that P is stable.,incomplete,cautious_stability_claim;valid_chemical_symbols,0.7,,,heuristic_context_support,heuristic_context_support: answer is supported by incomplete context but lacks necessary qualifier,cautious_stability_claim,retrieval_context_incomplete,retrieval_context_error,retrieval_context_incomplete
mpc_0023_current_gap,materials,https://materialsproject.org/materials/mp-96,What is the band gap of S?,Materials Project reports S (mp-96). Band gap: 2.748 eV. Formation energy per atom: 0.0009478456250010001 eV/atom. Energy above hull: 0.0009478456250010001 eV/atom. Stable: False.,The retrieved record reports a 2.748 eV band gap for S.,current,non_negative_band_gap;valid_chemical_symbols,0.85,,,heuristic_context_support,heuristic_context_support: answer follows current retrieved context,,no_error,no_error,no_error
mpc_0023_incorrect_gap,materials,https://materialsproject.org/materials/mp-96,What is the band gap of S?,A noisy retrieved note reports S (mp-96) with band gap -2.748 eV. This note is intentionally marked for human review as outdated_or_incorrect.,The retrieved passage gives S a band gap value of -2.748 eV.,outdated_or_incorrect,non_negative_band_gap;valid_chemical_symbols,0.95,,,heuristic_context_support,heuristic_context_support: answer intentionally follows noisy/incorrect retrieved context,non_negative_band_gap,retrieval_context_error,generation_error,retrieval_context_error
mpc_0023_incomplete_stability,materials,https://materialsproject.org/materials/mp-96,Is S thermodynamically stable?,"A short retrieved snippet mentions S (mp-96) as stable, but omits formation energy, hull distance, and thermodynamic qualification.",S is presented as stable in the retrieved text.,incomplete,cautious_stability_claim;valid_chemical_symbols,0.7,,,heuristic_context_support,heuristic_context_support: answer is supported by incomplete context but lacks necessary qualifier,,no_error,no_error,no_error
mpc_0024_current_gap,materials,https://materialsproject.org/materials/mp-729184,What is the band gap of B?,Materials Project reports B (mp-729184). Band gap: 0.5081 eV. Formation energy per atom: 1.498615078583334 eV/atom. Energy above hull: 1.498615078583333 eV/atom. Stable: False.,"For B, the retrieved Materials Project entry gives the band gap as 0.5081 eV.",current,non_negative_band_gap;valid_chemical_symbols,0.85,,,heuristic_context_support,heuristic_context_support: answer follows current retrieved context,,no_error,no_error,no_error
mpc_0024_incorrect_gap,materials,https://materialsproject.org/materials/mp-729184,What is the band gap of B?,A noisy retrieved note reports B (mp-729184) with band gap -0.5081 eV. This note is intentionally marked for human review as outdated_or_incorrect.,The retrieved note states that B has a band gap of -0.5081 eV.,outdated_or_incorrect,non_negative_band_gap;valid_chemical_symbols,0.95,,,heuristic_context_support,heuristic_context_support: answer intentionally follows noisy/incorrect retrieved context,non_negative_band_gap,retrieval_context_error,generation_error,retrieval_context_error
mpc_0024_incomplete_stability,materials,https://materialsproject.org/materials/mp-729184,Is B thermodynamically stable?,"A short retrieved snippet mentions B (mp-729184) as stable, but omits formation energy, hull distance, and thermodynamic qualification.",The retrieved snippet describes B as stable.,incomplete,cautious_stability_claim;valid_chemical_symbols,0.7,,,heuristic_context_support,heuristic_context_support: answer is supported by incomplete context but lacks necessary qualifier,,no_error,no_error,no_error
mpc_0025_current_gap,materials,https://materialsproject.org/materials/mp-1180036,What is the band gap of O2?,Materials Project reports O2 (mp-1180036). Band gap: 0.46429999999999905 eV. Formation energy per atom: 0.029974092499999 eV/atom. Energy above hull: 0.029974092499999 eV/atom. Stable: False.,"Using the retrieved source, the band gap of O2 is 0.46429999999999905 eV.",current,non_negative_band_gap;valid_chemical_symbols,0.85,,,heuristic_context_support,heuristic_context_support: answer follows current retrieved context,,no_error,no_error,no_error
mpc_0025_incorrect_gap,materials,https://materialsproject.org/materials/mp-1180036,What is the band gap of O2?,A noisy retrieved note reports O2 (mp-1180036) with band gap -0.46429999999999905 eV. This note is intentionally marked for human review as outdated_or_incorrect.,"Following the retrieved context, O2 is reported with a band gap of -0.46429999999999905 eV.",outdated_or_incorrect,non_negative_band_gap;valid_chemical_symbols,0.95,,,heuristic_context_support,heuristic_context_support: answer intentionally follows noisy/incorrect retrieved context,non_negative_band_gap,retrieval_context_error,generation_error,retrieval_context_error
mpc_0025_incomplete_stability,materials,https://materialsproject.org/materials/mp-1180036,Is O2 thermodynamically stable?,"A short retrieved snippet mentions O2 (mp-1180036) as stable, but omits formation energy, hull distance, and thermodynamic qualification.","Based on the retrieved snippet, O2 is stable.",incomplete,cautious_stability_claim;valid_chemical_symbols,0.7,,,heuristic_context_support,heuristic_context_support: answer is supported by incomplete context but lacks necessary qualifier,cautious_stability_claim,retrieval_context_incomplete,retrieval_context_error,retrieval_context_incomplete
mpc_0026_current_gap,materials,https://materialsproject.org/materials/mp-570747,What is the band gap of N2?,Materials Project reports N2 (mp-570747). Band gap: 6.739 eV. Formation energy per atom: 0.002401956249999 eV/atom. Energy above hull: 0.002401956249999 eV/atom. Stable: False.,"According to the retrieved Materials Project record, N2 has a band gap of 6.739 eV.",current,non_negative_band_gap;valid_chemical_symbols,0.85,,,heuristic_context_support,heuristic_context_support: answer follows current retrieved context,,no_error,no_error,no_error
mpc_0026_incorrect_gap,materials,https://materialsproject.org/materials/mp-570747,What is the band gap of N2?,A noisy retrieved note reports N2 (mp-570747) with band gap -6.739 eV. This note is intentionally marked for human review as outdated_or_incorrect.,The answer from the retrieved note is a -6.739 eV band gap for N2.,outdated_or_incorrect,non_negative_band_gap;valid_chemical_symbols,0.95,,,heuristic_context_support,heuristic_context_support: answer intentionally follows noisy/incorrect retrieved context,non_negative_band_gap,retrieval_context_error,generation_error,retrieval_context_error
mpc_0026_incomplete_stability,materials,https://materialsproject.org/materials/mp-570747,Is N2 thermodynamically stable?,"A short retrieved snippet mentions N2 (mp-570747) as stable, but omits formation energy, hull distance, and thermodynamic qualification.",The passage indicates that N2 is stable.,incomplete,cautious_stability_claim;valid_chemical_symbols,0.7,,,heuristic_context_support,heuristic_context_support: answer is supported by incomplete context but lacks necessary qualifier,cautious_stability_claim,retrieval_context_incomplete,retrieval_context_error,retrieval_context_incomplete
mpc_0027_current_gap,materials,https://materialsproject.org/materials/mp-1204046,What is the band gap of Si?,Materials Project reports Si (mp-1204046). Band gap: 0.15080000000000002 eV. Formation energy per atom: 0.178885465377357 eV/atom. Energy above hull: 0.178885465377357 eV/atom. Stable: False.,The retrieved record reports a 0.15080000000000002 eV band gap for Si.,current,non_negative_band_gap;valid_chemical_symbols,0.85,,,heuristic_context_support,heuristic_context_support: answer follows current retrieved context,,no_error,no_error,no_error
mpc_0027_incorrect_gap,materials,https://materialsproject.org/materials/mp-1204046,What is the band gap of Si?,A noisy retrieved note reports Si (mp-1204046) with band gap -0.15080000000000002 eV. This note is intentionally marked for human review as outdated_or_incorrect.,The retrieved passage gives Si a band gap value of -0.15080000000000002 eV.,outdated_or_incorrect,non_negative_band_gap;valid_chemical_symbols,0.95,,,heuristic_context_support,heuristic_context_support: answer intentionally follows noisy/incorrect retrieved context,non_negative_band_gap,retrieval_context_error,generation_error,retrieval_context_error
mpc_0027_incomplete_stability,materials,https://materialsproject.org/materials/mp-1204046,Is Si thermodynamically stable?,"A short retrieved snippet mentions Si (mp-1204046) as stable, but omits formation energy, hull distance, and thermodynamic qualification.",Si is presented as stable in the retrieved text.,incomplete,cautious_stability_claim;valid_chemical_symbols,0.7,,,heuristic_context_support,heuristic_context_support: answer is supported by incomplete context but lacks necessary qualifier,,no_error,no_error,no_error
mpc_0028_current_gap,materials,https://materialsproject.org/materials/mp-570778,What is the band gap of Cl2?,Materials Project reports Cl2 (mp-570778). Band gap: 2.6476 eV. Formation energy per atom: 0.07299328437499901 eV/atom. Energy above hull: 0.07299328437499901 eV/atom. Stable: False.,"For Cl2, the retrieved Materials Project entry gives the band gap as 2.6476 eV.",current,non_negative_band_gap;valid_chemical_symbols,0.85,,,heuristic_context_support,heuristic_context_support: answer follows current retrieved context,,no_error,no_error,no_error
mpc_0028_incorrect_gap,materials,https://materialsproject.org/materials/mp-570778,What is the band gap of Cl2?,A noisy retrieved note reports Cl2 (mp-570778) with band gap -2.6476 eV. This note is intentionally marked for human review as outdated_or_incorrect.,The retrieved note states that Cl2 has a band gap of -2.6476 eV.,outdated_or_incorrect,non_negative_band_gap;valid_chemical_symbols,0.95,,,heuristic_context_support,heuristic_context_support: answer intentionally follows noisy/incorrect retrieved context,non_negative_band_gap,retrieval_context_error,generation_error,retrieval_context_error
mpc_0028_incomplete_stability,materials,https://materialsproject.org/materials/mp-570778,Is Cl2 thermodynamically stable?,"A short retrieved snippet mentions Cl2 (mp-570778) as stable, but omits formation energy, hull distance, and thermodynamic qualification.",The retrieved snippet describes Cl2 as stable.,incomplete,cautious_stability_claim;valid_chemical_symbols,0.7,,,heuristic_context_support,heuristic_context_support: answer is supported by incomplete context but lacks necessary qualifier,,no_error,no_error,no_error
mpc_0029_current_gap,materials,https://materialsproject.org/materials/mp-2739136,What is the band gap of H2?,Materials Project reports H2 (mp-2739136). Band gap: 10.5108 eV. Formation energy per atom: 0.0018788512499990002 eV/atom. Energy above hull: 0.0018788512499990002 eV/atom. Stable: False.,"Using the retrieved source, the band gap of H2 is 10.5108 eV.",current,non_negative_band_gap;valid_chemical_symbols,0.85,,,heuristic_context_support,heuristic_context_support: answer follows current retrieved context,,no_error,no_error,no_error
mpc_0029_incorrect_gap,materials,https://materialsproject.org/materials/mp-2739136,What is the band gap of H2?,A noisy retrieved note reports H2 (mp-2739136) with band gap -10.5108 eV. This note is intentionally marked for human review as outdated_or_incorrect.,"Following the retrieved context, H2 is reported with a band gap of -10.5108 eV.",outdated_or_incorrect,non_negative_band_gap;valid_chemical_symbols,0.95,,,heuristic_context_support,heuristic_context_support: answer intentionally follows noisy/incorrect retrieved context,non_negative_band_gap,retrieval_context_error,generation_error,retrieval_context_error
mpc_0029_incomplete_stability,materials,https://materialsproject.org/materials/mp-2739136,Is H2 thermodynamically stable?,"A short retrieved snippet mentions H2 (mp-2739136) as stable, but omits formation energy, hull distance, and thermodynamic qualification.","Based on the retrieved snippet, H2 is stable.",incomplete,cautious_stability_claim;valid_chemical_symbols,0.7,,,heuristic_context_support,heuristic_context_support: answer is supported by incomplete context but lacks necessary qualifier,cautious_stability_claim,retrieval_context_incomplete,retrieval_context_error,retrieval_context_incomplete
mpc_0030_current_gap,materials,https://materialsproject.org/materials/mp-1008395,What is the band gap of C?,Materials Project reports C (mp-1008395). Band gap: 2.243399999999999 eV. Formation energy per atom: 0.335081674999999 eV/atom. Energy above hull: 0.335081674999999 eV/atom. Stable: False.,"Using the retrieved source, the band gap of C is 2.243399999999999 eV.",current,non_negative_band_gap;valid_chemical_symbols,0.85,,,heuristic_context_support,heuristic_context_support: answer follows current retrieved context,,no_error,no_error,no_error
mpc_0030_incorrect_gap,materials,https://materialsproject.org/materials/mp-1008395,What is the band gap of C?,A noisy retrieved note reports C (mp-1008395) with band gap -2.243399999999999 eV. This note is intentionally marked for human review as outdated_or_incorrect.,"Following the retrieved context, C is reported with a band gap of -2.243399999999999 eV.",outdated_or_incorrect,non_negative_band_gap;valid_chemical_symbols,0.95,,,heuristic_context_support,heuristic_context_support: answer intentionally follows noisy/incorrect retrieved context,non_negative_band_gap,retrieval_context_error,generation_error,retrieval_context_error
mpc_0030_incomplete_stability,materials,https://materialsproject.org/materials/mp-1008395,Is C thermodynamically stable?,"A short retrieved snippet mentions C (mp-1008395) as stable, but omits formation energy, hull distance, and thermodynamic qualification.","Based on the retrieved snippet, C is stable.",incomplete,cautious_stability_claim;valid_chemical_symbols,0.7,,,heuristic_context_support,heuristic_context_support: answer is supported by incomplete context but lacks necessary qualifier,cautious_stability_claim,retrieval_context_incomplete,retrieval_context_error,retrieval_context_incomplete
mpc_0031_current_gap,materials,https://materialsproject.org/materials/mp-632172,What is the band gap of H2?,Materials Project reports H2 (mp-632172). Band gap: 9.328899999999999 eV. Formation energy per atom: 0.0006432450000000001 eV/atom. Energy above hull: 0.0006432450000000001 eV/atom. Stable: False.,"According to the retrieved Materials Project record, H2 has a band gap of 9.328899999999999 eV.",current,non_negative_band_gap;valid_chemical_symbols,0.85,,,heuristic_context_support,heuristic_context_support: answer follows current retrieved context,,no_error,no_error,no_error
mpc_0031_incorrect_gap,materials,https://materialsproject.org/materials/mp-632172,What is the band gap of H2?,A noisy retrieved note reports H2 (mp-632172) with band gap -9.328899999999999 eV. This note is intentionally marked for human review as outdated_or_incorrect.,The answer from the retrieved note is a -9.328899999999999 eV band gap for H2.,outdated_or_incorrect,non_negative_band_gap;valid_chemical_symbols,0.95,,,heuristic_context_support,heuristic_context_support: answer intentionally follows noisy/incorrect retrieved context,non_negative_band_gap,retrieval_context_error,generation_error,retrieval_context_error
mpc_0031_incomplete_stability,materials,https://materialsproject.org/materials/mp-632172,Is H2 thermodynamically stable?,"A short retrieved snippet mentions H2 (mp-632172) as stable, but omits formation energy, hull distance, and thermodynamic qualification.",The passage indicates that H2 is stable.,incomplete,cautious_stability_claim;valid_chemical_symbols,0.7,,,heuristic_context_support,heuristic_context_support: answer is supported by incomplete context but lacks necessary qualifier,cautious_stability_claim,retrieval_context_incomplete,retrieval_context_error,retrieval_context_incomplete
mpc_0032_current_gap,materials,https://materialsproject.org/materials/mp-1095633,What is the band gap of C?,Materials Project reports C (mp-1095633). Band gap: 2.5933 eV. Formation energy per atom: 0.998754169166666 eV/atom. Energy above hull: 0.998754169166666 eV/atom. Stable: False.,The retrieved record reports a 2.5933 eV band gap for C.,current,non_negative_band_gap;valid_chemical_symbols,0.85,,,heuristic_context_support,heuristic_context_support: answer follows current retrieved context,,no_error,no_error,no_error
mpc_0032_incorrect_gap,materials,https://materialsproject.org/materials/mp-1095633,What is the band gap of C?,A noisy retrieved note reports C (mp-1095633) with band gap -2.5933 eV. This note is intentionally marked for human review as outdated_or_incorrect.,The retrieved passage gives C a band gap value of -2.5933 eV.,outdated_or_incorrect,non_negative_band_gap;valid_chemical_symbols,0.95,,,heuristic_context_support,heuristic_context_support: answer intentionally follows noisy/incorrect retrieved context,non_negative_band_gap,retrieval_context_error,generation_error,retrieval_context_error
mpc_0032_incomplete_stability,materials,https://materialsproject.org/materials/mp-1095633,Is C thermodynamically stable?,"A short retrieved snippet mentions C (mp-1095633) as stable, but omits formation energy, hull distance, and thermodynamic qualification.",C is presented as stable in the retrieved text.,incomplete,cautious_stability_claim;valid_chemical_symbols,0.7,,,heuristic_context_support,heuristic_context_support: answer is supported by incomplete context but lacks necessary qualifier,,no_error,no_error,no_error
mpc_0033_current_gap,materials,https://materialsproject.org/materials/mp-1095534,What is the band gap of C?,Materials Project reports C (mp-1095534). Band gap: 0.371799999999999 eV. Formation energy per atom: 1.123357330833332 eV/atom. Energy above hull: 1.123357330833332 eV/atom. Stable: False.,"For C, the retrieved Materials Project entry gives the band gap as 0.371799999999999 eV.",current,non_negative_band_gap;valid_chemical_symbols,0.85,,,heuristic_context_support,heuristic_context_support: answer follows current retrieved context,,no_error,no_error,no_error
mpc_0033_incorrect_gap,materials,https://materialsproject.org/materials/mp-1095534,What is the band gap of C?,A noisy retrieved note reports C (mp-1095534) with band gap -0.371799999999999 eV. This note is intentionally marked for human review as outdated_or_incorrect.,The retrieved note states that C has a band gap of -0.371799999999999 eV.,outdated_or_incorrect,non_negative_band_gap;valid_chemical_symbols,0.95,,,heuristic_context_support,heuristic_context_support: answer intentionally follows noisy/incorrect retrieved context,non_negative_band_gap,retrieval_context_error,generation_error,retrieval_context_error
mpc_0033_incomplete_stability,materials,https://materialsproject.org/materials/mp-1095534,Is C thermodynamically stable?,"A short retrieved snippet mentions C (mp-1095534) as stable, but omits formation energy, hull distance, and thermodynamic qualification.",The retrieved snippet describes C as stable.,incomplete,cautious_stability_claim;valid_chemical_symbols,0.7,,,heuristic_context_support,heuristic_context_support: answer is supported by incomplete context but lacks necessary qualifier,,no_error,no_error,no_error
mpc_0034_current_gap,materials,https://materialsproject.org/materials/mp-1205417,What is the band gap of C?,Materials Project reports C (mp-1205417). Band gap: 4.1977 eV. Formation energy per atom: 1.168639081999999 eV/atom. Energy above hull: 1.168639082 eV/atom. Stable: False.,"Using the retrieved source, the band gap of C is 4.1977 eV.",current,non_negative_band_gap;valid_chemical_symbols,0.85,,,heuristic_context_support,heuristic_context_support: answer follows current retrieved context,,no_error,no_error,no_error
mpc_0034_incorrect_gap,materials,https://materialsproject.org/materials/mp-1205417,What is the band gap of C?,A noisy retrieved note reports C (mp-1205417) with band gap -4.1977 eV. This note is intentionally marked for human review as outdated_or_incorrect.,"Following the retrieved context, C is reported with a band gap of -4.1977 eV.",outdated_or_incorrect,non_negative_band_gap;valid_chemical_symbols,0.95,,,heuristic_context_support,heuristic_context_support: answer intentionally follows noisy/incorrect retrieved context,non_negative_band_gap,retrieval_context_error,generation_error,retrieval_context_error
mpc_0034_incomplete_stability,materials,https://materialsproject.org/materials/mp-1205417,Is C thermodynamically stable?,"A short retrieved snippet mentions C (mp-1205417) as stable, but omits formation energy, hull distance, and thermodynamic qualification.","Based on the retrieved snippet, C is stable.",incomplete,cautious_stability_claim;valid_chemical_symbols,0.7,,,heuristic_context_support,heuristic_context_support: answer is supported by incomplete context but lacks necessary qualifier,cautious_stability_claim,retrieval_context_incomplete,retrieval_context_error,retrieval_context_incomplete
mpc_0035_current_gap,materials,https://materialsproject.org/materials/mp-632291,What is the band gap of H2?,Materials Project reports H2 (mp-632291). Band gap: 8.8499 eV. Formation energy per atom: 0.002950801249999 eV/atom. Energy above hull: 0.002950801249999 eV/atom. Stable: False.,"According to the retrieved Materials Project record, H2 has a band gap of 8.8499 eV.",current,non_negative_band_gap;valid_chemical_symbols,0.85,,,heuristic_context_support,heuristic_context_support: answer follows current retrieved context,,no_error,no_error,no_error
mpc_0035_incorrect_gap,materials,https://materialsproject.org/materials/mp-632291,What is the band gap of H2?,A noisy retrieved note reports H2 (mp-632291) with band gap -8.8499 eV. This note is intentionally marked for human review as outdated_or_incorrect.,The answer from the retrieved note is a -8.8499 eV band gap for H2.,outdated_or_incorrect,non_negative_band_gap;valid_chemical_symbols,0.95,,,heuristic_context_support,heuristic_context_support: answer intentionally follows noisy/incorrect retrieved context,non_negative_band_gap,retrieval_context_error,generation_error,retrieval_context_error
mpc_0035_incomplete_stability,materials,https://materialsproject.org/materials/mp-632291,Is H2 thermodynamically stable?,"A short retrieved snippet mentions H2 (mp-632291) as stable, but omits formation energy, hull distance, and thermodynamic qualification.",The passage indicates that H2 is stable.,incomplete,cautious_stability_claim;valid_chemical_symbols,0.7,,,heuristic_context_support,heuristic_context_support: answer is supported by incomplete context but lacks necessary qualifier,cautious_stability_claim,retrieval_context_incomplete,retrieval_context_error,retrieval_context_incomplete
mpc_0036_current_gap,materials,https://materialsproject.org/materials/mp-1179832,What is the band gap of Rb?,Materials Project reports Rb (mp-1179832). Band gap: 0.11029999999999901 eV. Formation energy per atom: 0.452524276249999 eV/atom. Energy above hull: 0.452524276249999 eV/atom. Stable: False.,The retrieved record reports a 0.11029999999999901 eV band gap for Rb.,current,non_negative_band_gap;valid_chemical_symbols,0.85,,,heuristic_context_support,heuristic_context_support: answer follows current retrieved context,,no_error,no_error,no_error
mpc_0036_incorrect_gap,materials,https://materialsproject.org/materials/mp-1179832,What is the band gap of Rb?,A noisy retrieved note reports Rb (mp-1179832) with band gap -0.11029999999999901 eV. This note is intentionally marked for human review as outdated_or_incorrect.,The retrieved passage gives Rb a band gap value of -0.11029999999999901 eV.,outdated_or_incorrect,non_negative_band_gap;valid_chemical_symbols,0.95,,,heuristic_context_support,heuristic_context_support: answer intentionally follows noisy/incorrect retrieved context,non_negative_band_gap,retrieval_context_error,generation_error,retrieval_context_error
mpc_0036_incomplete_stability,materials,https://materialsproject.org/materials/mp-1179832,Is Rb thermodynamically stable?,"A short retrieved snippet mentions Rb (mp-1179832) as stable, but omits formation energy, hull distance, and thermodynamic qualification.",Rb is presented as stable in the retrieved text.,incomplete,cautious_stability_claim;valid_chemical_symbols,0.7,,,heuristic_context_support,heuristic_context_support: answer is supported by incomplete context but lacks necessary qualifier,,no_error,no_error,no_error
mpc_0037_current_gap,materials,https://materialsproject.org/materials/mp-850274,What is the band gap of H2?,Materials Project reports H2 (mp-850274). Band gap: 8.5338 eV. Formation energy per atom: 0.0017543562500000002 eV/atom. Energy above hull: 0.0017543562500000002 eV/atom. Stable: False.,"For H2, the retrieved Materials Project entry gives the band gap as 8.5338 eV.",current,non_negative_band_gap;valid_chemical_symbols,0.85,,,heuristic_context_support,heuristic_context_support: answer follows current retrieved context,,no_error,no_error,no_error
mpc_0037_incorrect_gap,materials,https://materialsproject.org/materials/mp-850274,What is the band gap of H2?,A noisy retrieved note reports H2 (mp-850274) with band gap -8.5338 eV. This note is intentionally marked for human review as outdated_or_incorrect.,The retrieved note states that H2 has a band gap of -8.5338 eV.,outdated_or_incorrect,non_negative_band_gap;valid_chemical_symbols,0.95,,,heuristic_context_support,heuristic_context_support: answer intentionally follows noisy/incorrect retrieved context,non_negative_band_gap,retrieval_context_error,generation_error,retrieval_context_error
mpc_0037_incomplete_stability,materials,https://materialsproject.org/materials/mp-850274,Is H2 thermodynamically stable?,"A short retrieved snippet mentions H2 (mp-850274) as stable, but omits formation energy, hull distance, and thermodynamic qualification.",The retrieved snippet describes H2 as stable.,incomplete,cautious_stability_claim;valid_chemical_symbols,0.7,,,heuristic_context_support,heuristic_context_support: answer is supported by incomplete context but lacks necessary qualifier,,no_error,no_error,no_error
mpc_0038_current_gap,materials,https://materialsproject.org/materials/mp-999200,What is the band gap of Si?,Materials Project reports Si (mp-999200). Band gap: 0.439799999999999 eV. Formation energy per atom: 0.11663319999999901 eV/atom. Energy above hull: 0.11663319999999901 eV/atom. Stable: False.,"Using the retrieved source, the band gap of Si is 0.439799999999999 eV.",current,non_negative_band_gap;valid_chemical_symbols,0.85,,,heuristic_context_support,heuristic_context_support: answer follows current retrieved context,,no_error,no_error,no_error
mpc_0038_incorrect_gap,materials,https://materialsproject.org/materials/mp-999200,What is the band gap of Si?,A noisy retrieved note reports Si (mp-999200) with band gap -0.439799999999999 eV. This note is intentionally marked for human review as outdated_or_incorrect.,"Following the retrieved context, Si is reported with a band gap of -0.439799999999999 eV.",outdated_or_incorrect,non_negative_band_gap;valid_chemical_symbols,0.95,,,heuristic_context_support,heuristic_context_support: answer intentionally follows noisy/incorrect retrieved context,non_negative_band_gap,retrieval_context_error,generation_error,retrieval_context_error
mpc_0038_incomplete_stability,materials,https://materialsproject.org/materials/mp-999200,Is Si thermodynamically stable?,"A short retrieved snippet mentions Si (mp-999200) as stable, but omits formation energy, hull distance, and thermodynamic qualification.","Based on the retrieved snippet, Si is stable.",incomplete,cautious_stability_claim;valid_chemical_symbols,0.7,,,heuristic_context_support,heuristic_context_support: answer is supported by incomplete context but lacks necessary qualifier,cautious_stability_claim,retrieval_context_incomplete,retrieval_context_error,retrieval_context_incomplete
mpc_0039_current_gap,materials,https://materialsproject.org/materials/mp-556269,What is the band gap of S?,Materials Project reports S (mp-556269). Band gap: 2.3783 eV. Formation energy per atom: 0.031339838715278005 eV/atom. Energy above hull: 0.031339838715279004 eV/atom. Stable: False.,"According to the retrieved Materials Project record, S has a band gap of 2.3783 eV.",current,non_negative_band_gap;valid_chemical_symbols,0.85,,,heuristic_context_support,heuristic_context_support: answer follows current retrieved context,,no_error,no_error,no_error
mpc_0039_incorrect_gap,materials,https://materialsproject.org/materials/mp-556269,What is the band gap of S?,A noisy retrieved note reports S (mp-556269) with band gap -2.3783 eV. This note is intentionally marked for human review as outdated_or_incorrect.,The answer from the retrieved note is a -2.3783 eV band gap for S.,outdated_or_incorrect,non_negative_band_gap;valid_chemical_symbols,0.95,,,heuristic_context_support,heuristic_context_support: answer intentionally follows noisy/incorrect retrieved context,non_negative_band_gap,retrieval_context_error,generation_error,retrieval_context_error
mpc_0039_incomplete_stability,materials,https://materialsproject.org/materials/mp-556269,Is S thermodynamically stable?,"A short retrieved snippet mentions S (mp-556269) as stable, but omits formation energy, hull distance, and thermodynamic qualification.",The passage indicates that S is stable.,incomplete,cautious_stability_claim;valid_chemical_symbols,0.7,,,heuristic_context_support,heuristic_context_support: answer is supported by incomplete context but lacks necessary qualifier,cautious_stability_claim,retrieval_context_incomplete,retrieval_context_error,retrieval_context_incomplete
mpc_0040_current_gap,materials,https://materialsproject.org/materials/mp-557559,What is the band gap of S?,Materials Project reports S (mp-557559). Band gap: 2.496299999999999 eV. Formation energy per atom: 0.030134763973215004 eV/atom. Energy above hull: 0.030134763973215004 eV/atom. Stable: False.,"According to the retrieved Materials Project record, S has a band gap of 2.496299999999999 eV.",current,non_negative_band_gap;valid_chemical_symbols,0.85,,,heuristic_context_support,heuristic_context_support: answer follows current retrieved context,,no_error,no_error,no_error
mpc_0040_incorrect_gap,materials,https://materialsproject.org/materials/mp-557559,What is the band gap of S?,A noisy retrieved note reports S (mp-557559) with band gap -2.496299999999999 eV. This note is intentionally marked for human review as outdated_or_incorrect.,The answer from the retrieved note is a -2.496299999999999 eV band gap for S.,outdated_or_incorrect,non_negative_band_gap;valid_chemical_symbols,0.95,,,heuristic_context_support,heuristic_context_support: answer intentionally follows noisy/incorrect retrieved context,non_negative_band_gap,retrieval_context_error,generation_error,retrieval_context_error
mpc_0040_incomplete_stability,materials,https://materialsproject.org/materials/mp-557559,Is S thermodynamically stable?,"A short retrieved snippet mentions S (mp-557559) as stable, but omits formation energy, hull distance, and thermodynamic qualification.",The passage indicates that S is stable.,incomplete,cautious_stability_claim;valid_chemical_symbols,0.7,,,heuristic_context_support,heuristic_context_support: answer is supported by incomplete context but lacks necessary qualifier,cautious_stability_claim,retrieval_context_incomplete,retrieval_context_error,retrieval_context_incomplete
mpc_0041_current_gap,materials,https://materialsproject.org/materials/mp-83,What is the band gap of S?,Materials Project reports S (mp-83). Band gap: 2.5729 eV. Formation energy per atom: 0.028929664687500002 eV/atom. Energy above hull: 0.028929664687501 eV/atom. Stable: False.,The retrieved record reports a 2.5729 eV band gap for S.,current,non_negative_band_gap;valid_chemical_symbols,0.85,,,heuristic_context_support,heuristic_context_support: answer follows current retrieved context,,no_error,no_error,no_error
mpc_0041_incorrect_gap,materials,https://materialsproject.org/materials/mp-83,What is the band gap of S?,A noisy retrieved note reports S (mp-83) with band gap -2.5729 eV. This note is intentionally marked for human review as outdated_or_incorrect.,The retrieved passage gives S a band gap value of -2.5729 eV.,outdated_or_incorrect,non_negative_band_gap;valid_chemical_symbols,0.95,,,heuristic_context_support,heuristic_context_support: answer intentionally follows noisy/incorrect retrieved context,non_negative_band_gap,retrieval_context_error,generation_error,retrieval_context_error
mpc_0041_incomplete_stability,materials,https://materialsproject.org/materials/mp-83,Is S thermodynamically stable?,"A short retrieved snippet mentions S (mp-83) as stable, but omits formation energy, hull distance, and thermodynamic qualification.",S is presented as stable in the retrieved text.,incomplete,cautious_stability_claim;valid_chemical_symbols,0.7,,,heuristic_context_support,heuristic_context_support: answer is supported by incomplete context but lacks necessary qualifier,,no_error,no_error,no_error
mpc_0042_current_gap,materials,https://materialsproject.org/materials/mp-557488,What is the band gap of S?,Materials Project reports S (mp-557488). Band gap: 2.4187 eV. Formation energy per atom: 0.012285684965277 eV/atom. Energy above hull: 0.012285684965277 eV/atom. Stable: False.,"For S, the retrieved Materials Project entry gives the band gap as 2.4187 eV.",current,non_negative_band_gap;valid_chemical_symbols,0.85,,,heuristic_context_support,heuristic_context_support: answer follows current retrieved context,,no_error,no_error,no_error
mpc_0042_incorrect_gap,materials,https://materialsproject.org/materials/mp-557488,What is the band gap of S?,A noisy retrieved note reports S (mp-557488) with band gap -2.4187 eV. This note is intentionally marked for human review as outdated_or_incorrect.,The retrieved note states that S has a band gap of -2.4187 eV.,outdated_or_incorrect,non_negative_band_gap;valid_chemical_symbols,0.95,,,heuristic_context_support,heuristic_context_support: answer intentionally follows noisy/incorrect retrieved context,non_negative_band_gap,retrieval_context_error,generation_error,retrieval_context_error
mpc_0042_incomplete_stability,materials,https://materialsproject.org/materials/mp-557488,Is S thermodynamically stable?,"A short retrieved snippet mentions S (mp-557488) as stable, but omits formation energy, hull distance, and thermodynamic qualification.",The retrieved snippet describes S as stable.,incomplete,cautious_stability_claim;valid_chemical_symbols,0.7,,,heuristic_context_support,heuristic_context_support: answer is supported by incomplete context but lacks necessary qualifier,,no_error,no_error,no_error
mpc_0043_current_gap,materials,https://materialsproject.org/materials/mp-583072,What is the band gap of S?,Materials Project reports S (mp-583072). Band gap: 2.4672 eV. Formation energy per atom: 0.026070752379807 eV/atom. Energy above hull: 0.026070752379808004 eV/atom. Stable: False.,"Using the retrieved source, the band gap of S is 2.4672 eV.",current,non_negative_band_gap;valid_chemical_symbols,0.85,,,heuristic_context_support,heuristic_context_support: answer follows current retrieved context,,no_error,no_error,no_error
mpc_0043_incorrect_gap,materials,https://materialsproject.org/materials/mp-583072,What is the band gap of S?,A noisy retrieved note reports S (mp-583072) with band gap -2.4672 eV. This note is intentionally marked for human review as outdated_or_incorrect.,"Following the retrieved context, S is reported with a band gap of -2.4672 eV.",outdated_or_incorrect,non_negative_band_gap;valid_chemical_symbols,0.95,,,heuristic_context_support,heuristic_context_support: answer intentionally follows noisy/incorrect retrieved context,non_negative_band_gap,retrieval_context_error,generation_error,retrieval_context_error
mpc_0043_incomplete_stability,materials,https://materialsproject.org/materials/mp-583072,Is S thermodynamically stable?,"A short retrieved snippet mentions S (mp-583072) as stable, but omits formation energy, hull distance, and thermodynamic qualification.","Based on the retrieved snippet, S is stable.",incomplete,cautious_stability_claim;valid_chemical_symbols,0.7,,,heuristic_context_support,heuristic_context_support: answer is supported by incomplete context but lacks necessary qualifier,cautious_stability_claim,retrieval_context_incomplete,retrieval_context_error,retrieval_context_incomplete
mpc_0044_current_gap,materials,https://materialsproject.org/materials/mp-1077098,What is the band gap of Hg?,Materials Project reports Hg (mp-1077098). Band gap: 1.0394 eV. Formation energy per atom: 0.017943575000003 eV/atom. Energy above hull: 0.017943575000003 eV/atom. Stable: False.,"According to the retrieved Materials Project record, Hg has a band gap of 1.0394 eV.",current,non_negative_band_gap;valid_chemical_symbols,0.85,,,heuristic_context_support,heuristic_context_support: answer follows current retrieved context,,no_error,no_error,no_error
mpc_0044_incorrect_gap,materials,https://materialsproject.org/materials/mp-1077098,What is the band gap of Hg?,A noisy retrieved note reports Hg (mp-1077098) with band gap -1.0394 eV. This note is intentionally marked for human review as outdated_or_incorrect.,The answer from the retrieved note is a -1.0394 eV band gap for Hg.,outdated_or_incorrect,non_negative_band_gap;valid_chemical_symbols,0.95,,,heuristic_context_support,heuristic_context_support: answer intentionally follows noisy/incorrect retrieved context,non_negative_band_gap,retrieval_context_error,generation_error,retrieval_context_error
mpc_0044_incomplete_stability,materials,https://materialsproject.org/materials/mp-1077098,Is Hg thermodynamically stable?,"A short retrieved snippet mentions Hg (mp-1077098) as stable, but omits formation energy, hull distance, and thermodynamic qualification.",The passage indicates that Hg is stable.,incomplete,cautious_stability_claim;valid_chemical_symbols,0.7,,,heuristic_context_support,heuristic_context_support: answer is supported by incomplete context but lacks necessary qualifier,cautious_stability_claim,retrieval_context_incomplete,retrieval_context_error,retrieval_context_incomplete
mpc_0045_current_gap,materials,https://materialsproject.org/materials/mp-542605,What is the band gap of Se?,Materials Project reports Se (mp-542605). Band gap: 1.390199999999999 eV. Formation energy per atom: 0.0018038528125000001 eV/atom. Energy above hull: 0.0018038528125000001 eV/atom. Stable: False.,The retrieved record reports a 1.390199999999999 eV band gap for Se.,current,non_negative_band_gap;valid_chemical_symbols,0.85,,,heuristic_context_support,heuristic_context_support: answer follows current retrieved context,,no_error,no_error,no_error
mpc_0045_incorrect_gap,materials,https://materialsproject.org/materials/mp-542605,What is the band gap of Se?,A noisy retrieved note reports Se (mp-542605) with band gap -1.390199999999999 eV. This note is intentionally marked for human review as outdated_or_incorrect.,The retrieved passage gives Se a band gap value of -1.390199999999999 eV.,outdated_or_incorrect,non_negative_band_gap;valid_chemical_symbols,0.95,,,heuristic_context_support,heuristic_context_support: answer intentionally follows noisy/incorrect retrieved context,non_negative_band_gap,retrieval_context_error,generation_error,retrieval_context_error
mpc_0045_incomplete_stability,materials,https://materialsproject.org/materials/mp-542605,Is Se thermodynamically stable?,"A short retrieved snippet mentions Se (mp-542605) as stable, but omits formation energy, hull distance, and thermodynamic qualification.",Se is presented as stable in the retrieved text.,incomplete,cautious_stability_claim;valid_chemical_symbols,0.7,,,heuristic_context_support,heuristic_context_support: answer is supported by incomplete context but lacks necessary qualifier,,no_error,no_error,no_error
mpc_0046_current_gap,materials,https://materialsproject.org/materials/mp-723638,What is the band gap of C?,Materials Project reports C (mp-723638). Band gap: 1.876599999999999 eV. Formation energy per atom: 1.041364663541666 eV/atom. Energy above hull: 1.041364663541665 eV/atom. Stable: False.,"For C, the retrieved Materials Project entry gives the band gap as 1.876599999999999 eV.",current,non_negative_band_gap;valid_chemical_symbols,0.85,,,heuristic_context_support,heuristic_context_support: answer follows current retrieved context,,no_error,no_error,no_error
mpc_0046_incorrect_gap,materials,https://materialsproject.org/materials/mp-723638,What is the band gap of C?,A noisy retrieved note reports C (mp-723638) with band gap -1.876599999999999 eV. This note is intentionally marked for human review as outdated_or_incorrect.,The retrieved note states that C has a band gap of -1.876599999999999 eV.,outdated_or_incorrect,non_negative_band_gap;valid_chemical_symbols,0.95,,,heuristic_context_support,heuristic_context_support: answer intentionally follows noisy/incorrect retrieved context,non_negative_band_gap,retrieval_context_error,generation_error,retrieval_context_error
mpc_0046_incomplete_stability,materials,https://materialsproject.org/materials/mp-723638,Is C thermodynamically stable?,"A short retrieved snippet mentions C (mp-723638) as stable, but omits formation energy, hull distance, and thermodynamic qualification.",The retrieved snippet describes C as stable.,incomplete,cautious_stability_claim;valid_chemical_symbols,0.7,,,heuristic_context_support,heuristic_context_support: answer is supported by incomplete context but lacks necessary qualifier,,no_error,no_error,no_error
mpc_0047_current_gap,materials,https://materialsproject.org/materials/mp-542461,What is the band gap of Se?,Materials Project reports Se (mp-542461). Band gap: 1.5703 eV. Formation energy per atom: 0.0035756384374990005 eV/atom. Energy above hull: 0.0035756384374990005 eV/atom. Stable: False.,"Using the retrieved source, the band gap of Se is 1.5703 eV.",current,non_negative_band_gap;valid_chemical_symbols,0.85,,,heuristic_context_support,heuristic_context_support: answer follows current retrieved context,,no_error,no_error,no_error
mpc_0047_incorrect_gap,materials,https://materialsproject.org/materials/mp-542461,What is the band gap of Se?,A noisy retrieved note reports Se (mp-542461) with band gap -1.5703 eV. This note is intentionally marked for human review as outdated_or_incorrect.,"Following the retrieved context, Se is reported with a band gap of -1.5703 eV.",outdated_or_incorrect,non_negative_band_gap;valid_chemical_symbols,0.95,,,heuristic_context_support,heuristic_context_support: answer intentionally follows noisy/incorrect retrieved context,non_negative_band_gap,retrieval_context_error,generation_error,retrieval_context_error
mpc_0047_incomplete_stability,materials,https://materialsproject.org/materials/mp-542461,Is Se thermodynamically stable?,"A short retrieved snippet mentions Se (mp-542461) as stable, but omits formation energy, hull distance, and thermodynamic qualification.","Based on the retrieved snippet, Se is stable.",incomplete,cautious_stability_claim;valid_chemical_symbols,0.7,,,heuristic_context_support,heuristic_context_support: answer is supported by incomplete context but lacks necessary qualifier,cautious_stability_claim,retrieval_context_incomplete,retrieval_context_error,retrieval_context_incomplete
mpc_0048_current_gap,materials,https://materialsproject.org/materials/mp-570481,What is the band gap of Se?,Materials Project reports Se (mp-570481). Band gap: 1.7696 eV. Formation energy per atom: 0.0 eV/atom. Energy above hull: 0.0 eV/atom. Stable: True.,"According to the retrieved Materials Project record, Se has a band gap of 1.7696 eV.",current,non_negative_band_gap;valid_chemical_symbols,0.85,,,heuristic_context_support,heuristic_context_support: answer follows current retrieved context,,no_error,no_error,no_error
mpc_0048_incorrect_gap,materials,https://materialsproject.org/materials/mp-570481,What is the band gap of Se?,A noisy retrieved note reports Se (mp-570481) with band gap -1.7696 eV. This note is intentionally marked for human review as outdated_or_incorrect.,The answer from the retrieved note is a -1.7696 eV band gap for Se.,outdated_or_incorrect,non_negative_band_gap;valid_chemical_symbols,0.95,,,heuristic_context_support,heuristic_context_support: answer intentionally follows noisy/incorrect retrieved context,non_negative_band_gap,retrieval_context_error,generation_error,retrieval_context_error
mpc_0048_incomplete_stability,materials,https://materialsproject.org/materials/mp-570481,Is Se thermodynamically stable?,"A short retrieved snippet mentions Se (mp-570481) as stable, but omits formation energy, hull distance, and thermodynamic qualification.",The passage indicates that Se is stable.,incomplete,cautious_stability_claim;valid_chemical_symbols,0.7,,,heuristic_context_support,heuristic_context_support: answer is supported by incomplete context but lacks necessary qualifier,cautious_stability_claim,retrieval_context_incomplete,retrieval_context_error,retrieval_context_incomplete
mpc_0049_current_gap,materials,https://materialsproject.org/materials/mp-655141,What is the band gap of S?,Materials Project reports S (mp-655141). Band gap: 0.8323 eV. Formation energy per atom: 0.357308728541666 eV/atom. Energy above hull: 0.357308728541666 eV/atom. Stable: False.,The retrieved record reports a 0.8323 eV band gap for S.,current,non_negative_band_gap;valid_chemical_symbols,0.85,,,heuristic_context_support,heuristic_context_support: answer follows current retrieved context,,no_error,no_error,no_error
mpc_0049_incorrect_gap,materials,https://materialsproject.org/materials/mp-655141,What is the band gap of S?,A noisy retrieved note reports S (mp-655141) with band gap -0.8323 eV. This note is intentionally marked for human review as outdated_or_incorrect.,The retrieved passage gives S a band gap value of -0.8323 eV.,outdated_or_incorrect,non_negative_band_gap;valid_chemical_symbols,0.95,,,heuristic_context_support,heuristic_context_support: answer intentionally follows noisy/incorrect retrieved context,non_negative_band_gap,retrieval_context_error,generation_error,retrieval_context_error
mpc_0049_incomplete_stability,materials,https://materialsproject.org/materials/mp-655141,Is S thermodynamically stable?,"A short retrieved snippet mentions S (mp-655141) as stable, but omits formation energy, hull distance, and thermodynamic qualification.",S is presented as stable in the retrieved text.,incomplete,cautious_stability_claim;valid_chemical_symbols,0.7,,,heuristic_context_support,heuristic_context_support: answer is supported by incomplete context but lacks necessary qualifier,,no_error,no_error,no_error
mpc_0050_current_gap,materials,https://materialsproject.org/materials/mp-608100,What is the band gap of S?,Materials Project reports S (mp-608100). Band gap: 0.310899999999999 eV. Formation energy per atom: 0.44014294409722204 eV/atom. Energy above hull: 0.44014294409722304 eV/atom. Stable: False.,The retrieved record reports a 0.310899999999999 eV band gap for S.,current,non_negative_band_gap;valid_chemical_symbols,0.85,,,heuristic_context_support,heuristic_context_support: answer follows current retrieved context,,no_error,no_error,no_error
mpc_0050_incorrect_gap,materials,https://materialsproject.org/materials/mp-608100,What is the band gap of S?,A noisy retrieved note reports S (mp-608100) with band gap -0.310899999999999 eV. This note is intentionally marked for human review as outdated_or_incorrect.,The retrieved passage gives S a band gap value of -0.310899999999999 eV.,outdated_or_incorrect,non_negative_band_gap;valid_chemical_symbols,0.95,,,heuristic_context_support,heuristic_context_support: answer intentionally follows noisy/incorrect retrieved context,non_negative_band_gap,retrieval_context_error,generation_error,retrieval_context_error
mpc_0050_incomplete_stability,materials,https://materialsproject.org/materials/mp-608100,Is S thermodynamically stable?,"A short retrieved snippet mentions S (mp-608100) as stable, but omits formation energy, hull distance, and thermodynamic qualification.",S is presented as stable in the retrieved text.,incomplete,cautious_stability_claim;valid_chemical_symbols,0.7,,,heuristic_context_support,heuristic_context_support: answer is supported by incomplete context but lacks necessary qualifier,,no_error,no_error,no_error
mpc_0051_current_gap,materials,https://materialsproject.org/materials/mp-7,What is the band gap of S?,Materials Project reports S (mp-7). Band gap: 2.1651 eV. Formation energy per atom: 0.0512361921875 eV/atom. Energy above hull: 0.051236192187499 eV/atom. Stable: False.,"For S, the retrieved Materials Project entry gives the band gap as 2.1651 eV.",current,non_negative_band_gap;valid_chemical_symbols,0.85,,,heuristic_context_support,heuristic_context_support: answer follows current retrieved context,,no_error,no_error,no_error
mpc_0051_incorrect_gap,materials,https://materialsproject.org/materials/mp-7,What is the band gap of S?,A noisy retrieved note reports S (mp-7) with band gap -2.1651 eV. This note is intentionally marked for human review as outdated_or_incorrect.,The retrieved note states that S has a band gap of -2.1651 eV.,outdated_or_incorrect,non_negative_band_gap;valid_chemical_symbols,0.95,,,heuristic_context_support,heuristic_context_support: answer intentionally follows noisy/incorrect retrieved context,non_negative_band_gap,retrieval_context_error,generation_error,retrieval_context_error
mpc_0051_incomplete_stability,materials,https://materialsproject.org/materials/mp-7,Is S thermodynamically stable?,"A short retrieved snippet mentions S (mp-7) as stable, but omits formation energy, hull distance, and thermodynamic qualification.",The retrieved snippet describes S as stable.,incomplete,cautious_stability_claim;valid_chemical_symbols,0.7,,,heuristic_context_support,heuristic_context_support: answer is supported by incomplete context but lacks necessary qualifier,,no_error,no_error,no_error
mpc_0052_current_gap,materials,https://materialsproject.org/materials/mp-147,What is the band gap of Se?,Materials Project reports Se (mp-147). Band gap: 1.5329000000000002 eV. Formation energy per atom: 0.023391177604165002 eV/atom. Energy above hull: 0.023391177604166 eV/atom. Stable: False.,"Using the retrieved source, the band gap of Se is 1.5329000000000002 eV.",current,non_negative_band_gap;valid_chemical_symbols,0.85,,,heuristic_context_support,heuristic_context_support: answer follows current retrieved context,,no_error,no_error,no_error
mpc_0052_incorrect_gap,materials,https://materialsproject.org/materials/mp-147,What is the band gap of Se?,A noisy retrieved note reports Se (mp-147) with band gap -1.5329000000000002 eV. This note is intentionally marked for human review as outdated_or_incorrect.,"Following the retrieved context, Se is reported with a band gap of -1.5329000000000002 eV.",outdated_or_incorrect,non_negative_band_gap;valid_chemical_symbols,0.95,,,heuristic_context_support,heuristic_context_support: answer intentionally follows noisy/incorrect retrieved context,non_negative_band_gap,retrieval_context_error,generation_error,retrieval_context_error
mpc_0052_incomplete_stability,materials,https://materialsproject.org/materials/mp-147,Is Se thermodynamically stable?,"A short retrieved snippet mentions Se (mp-147) as stable, but omits formation energy, hull distance, and thermodynamic qualification.","Based on the retrieved snippet, Se is stable.",incomplete,cautious_stability_claim;valid_chemical_symbols,0.7,,,heuristic_context_support,heuristic_context_support: answer is supported by incomplete context but lacks necessary qualifier,cautious_stability_claim,retrieval_context_incomplete,retrieval_context_error,retrieval_context_incomplete
mpc_0053_current_gap,materials,https://materialsproject.org/materials/mp-561203,What is the band gap of F2?,Materials Project reports F2 (mp-561203). Band gap: 2.8962 eV. Formation energy per atom: 0.0023734074999990002 eV/atom. Energy above hull: 0.0023734074999990002 eV/atom. Stable: False.,"According to the retrieved Materials Project record, F2 has a band gap of 2.8962 eV.",current,non_negative_band_gap;valid_chemical_symbols,0.85,,,heuristic_context_support,heuristic_context_support: answer follows current retrieved context,,no_error,no_error,no_error
mpc_0053_incorrect_gap,materials,https://materialsproject.org/materials/mp-561203,What is the band gap of F2?,A noisy retrieved note reports F2 (mp-561203) with band gap -2.8962 eV. This note is intentionally marked for human review as outdated_or_incorrect.,The answer from the retrieved note is a -2.8962 eV band gap for F2.,outdated_or_incorrect,non_negative_band_gap;valid_chemical_symbols,0.95,,,heuristic_context_support,heuristic_context_support: answer intentionally follows noisy/incorrect retrieved context,non_negative_band_gap,retrieval_context_error,generation_error,retrieval_context_error
mpc_0053_incomplete_stability,materials,https://materialsproject.org/materials/mp-561203,Is F2 thermodynamically stable?,"A short retrieved snippet mentions F2 (mp-561203) as stable, but omits formation energy, hull distance, and thermodynamic qualification.",The passage indicates that F2 is stable.,incomplete,cautious_stability_claim;valid_chemical_symbols,0.7,,,heuristic_context_support,heuristic_context_support: answer is supported by incomplete context but lacks necessary qualifier,cautious_stability_claim,retrieval_context_incomplete,retrieval_context_error,retrieval_context_incomplete
mpc_0054_current_gap,materials,https://materialsproject.org/materials/mp-1523415,What is the band gap of F2?,Materials Project reports F2 (mp-1523415). Band gap: 0.4797 eV. Formation energy per atom: 0.30951384749999905 eV/atom. Energy above hull: 0.30951384749999905 eV/atom. Stable: False.,The retrieved record reports a 0.4797 eV band gap for F2.,current,non_negative_band_gap;valid_chemical_symbols,0.85,,,heuristic_context_support,heuristic_context_support: answer follows current retrieved context,,no_error,no_error,no_error
mpc_0054_incorrect_gap,materials,https://materialsproject.org/materials/mp-1523415,What is the band gap of F2?,A noisy retrieved note reports F2 (mp-1523415) with band gap -0.4797 eV. This note is intentionally marked for human review as outdated_or_incorrect.,The retrieved passage gives F2 a band gap value of -0.4797 eV.,outdated_or_incorrect,non_negative_band_gap;valid_chemical_symbols,0.95,,,heuristic_context_support,heuristic_context_support: answer intentionally follows noisy/incorrect retrieved context,non_negative_band_gap,retrieval_context_error,generation_error,retrieval_context_error
mpc_0054_incomplete_stability,materials,https://materialsproject.org/materials/mp-1523415,Is F2 thermodynamically stable?,"A short retrieved snippet mentions F2 (mp-1523415) as stable, but omits formation energy, hull distance, and thermodynamic qualification.",F2 is presented as stable in the retrieved text.,incomplete,cautious_stability_claim;valid_chemical_symbols,0.7,,,heuristic_context_support,heuristic_context_support: answer is supported by incomplete context but lacks necessary qualifier,,no_error,no_error,no_error
mpc_0055_current_gap,materials,https://materialsproject.org/materials/mp-557031,What is the band gap of S?,Materials Project reports S (mp-557031). Band gap: 2.0442 eV. Formation energy per atom: 0.0336984834375 eV/atom. Energy above hull: 0.0336984834375 eV/atom. Stable: False.,"For S, the retrieved Materials Project entry gives the band gap as 2.0442 eV.",current,non_negative_band_gap;valid_chemical_symbols,0.85,,,heuristic_context_support,heuristic_context_support: answer follows current retrieved context,,no_error,no_error,no_error
mpc_0055_incorrect_gap,materials,https://materialsproject.org/materials/mp-557031,What is the band gap of S?,A noisy retrieved note reports S (mp-557031) with band gap -2.0442 eV. This note is intentionally marked for human review as outdated_or_incorrect.,The retrieved note states that S has a band gap of -2.0442 eV.,outdated_or_incorrect,non_negative_band_gap;valid_chemical_symbols,0.95,,,heuristic_context_support,heuristic_context_support: answer intentionally follows noisy/incorrect retrieved context,non_negative_band_gap,retrieval_context_error,generation_error,retrieval_context_error
mpc_0055_incomplete_stability,materials,https://materialsproject.org/materials/mp-557031,Is S thermodynamically stable?,"A short retrieved snippet mentions S (mp-557031) as stable, but omits formation energy, hull distance, and thermodynamic qualification.",The retrieved snippet describes S as stable.,incomplete,cautious_stability_claim;valid_chemical_symbols,0.7,,,heuristic_context_support,heuristic_context_support: answer is supported by incomplete context but lacks necessary qualifier,,no_error,no_error,no_error
mpc_0056_current_gap,materials,https://materialsproject.org/materials/mp-557376,What is the band gap of S?,Materials Project reports S (mp-557376). Band gap: 2.1627 eV. Formation energy per atom: 0.026719425187499 eV/atom. Energy above hull: 0.026719425187501002 eV/atom. Stable: False.,"Using the retrieved source, the band gap of S is 2.1627 eV.",current,non_negative_band_gap;valid_chemical_symbols,0.85,,,heuristic_context_support,heuristic_context_support: answer follows current retrieved context,,no_error,no_error,no_error
mpc_0056_incorrect_gap,materials,https://materialsproject.org/materials/mp-557376,What is the band gap of S?,A noisy retrieved note reports S (mp-557376) with band gap -2.1627 eV. This note is intentionally marked for human review as outdated_or_incorrect.,"Following the retrieved context, S is reported with a band gap of -2.1627 eV.",outdated_or_incorrect,non_negative_band_gap;valid_chemical_symbols,0.95,,,heuristic_context_support,heuristic_context_support: answer intentionally follows noisy/incorrect retrieved context,non_negative_band_gap,retrieval_context_error,generation_error,retrieval_context_error
mpc_0056_incomplete_stability,materials,https://materialsproject.org/materials/mp-557376,Is S thermodynamically stable?,"A short retrieved snippet mentions S (mp-557376) as stable, but omits formation energy, hull distance, and thermodynamic qualification.","Based on the retrieved snippet, S is stable.",incomplete,cautious_stability_claim;valid_chemical_symbols,0.7,,,heuristic_context_support,heuristic_context_support: answer is supported by incomplete context but lacks necessary qualifier,cautious_stability_claim,retrieval_context_incomplete,retrieval_context_error,retrieval_context_incomplete
mpc_0057_current_gap,materials,https://materialsproject.org/materials/mp-1199894,What is the band gap of Si?,Materials Project reports Si (mp-1199894). Band gap: 0.998499999999999 eV. Formation energy per atom: 0.128874325731708 eV/atom. Energy above hull: 0.128874325731707 eV/atom. Stable: False.,"According to the retrieved Materials Project record, Si has a band gap of 0.998499999999999 eV.",current,non_negative_band_gap;valid_chemical_symbols,0.85,,,heuristic_context_support,heuristic_context_support: answer follows current retrieved context,,no_error,no_error,no_error
mpc_0057_incorrect_gap,materials,https://materialsproject.org/materials/mp-1199894,What is the band gap of Si?,A noisy retrieved note reports Si (mp-1199894) with band gap -0.998499999999999 eV. This note is intentionally marked for human review as outdated_or_incorrect.,The answer from the retrieved note is a -0.998499999999999 eV band gap for Si.,outdated_or_incorrect,non_negative_band_gap;valid_chemical_symbols,0.95,,,heuristic_context_support,heuristic_context_support: answer intentionally follows noisy/incorrect retrieved context,non_negative_band_gap,retrieval_context_error,generation_error,retrieval_context_error
mpc_0057_incomplete_stability,materials,https://materialsproject.org/materials/mp-1199894,Is Si thermodynamically stable?,"A short retrieved snippet mentions Si (mp-1199894) as stable, but omits formation energy, hull distance, and thermodynamic qualification.",The passage indicates that Si is stable.,incomplete,cautious_stability_claim;valid_chemical_symbols,0.7,,,heuristic_context_support,heuristic_context_support: answer is supported by incomplete context but lacks necessary qualifier,cautious_stability_claim,retrieval_context_incomplete,retrieval_context_error,retrieval_context_incomplete
mpc_0058_current_gap,materials,https://materialsproject.org/materials/mp-2739215,What is the band gap of O2?,Materials Project reports O2 (mp-2739215). Band gap: 2.6679999999999993 eV. Formation energy per atom: 0.012019398749999001 eV/atom. Energy above hull: 0.012019398749999001 eV/atom. Stable: False.,The retrieved record reports a 2.6679999999999993 eV band gap for O2.,current,non_negative_band_gap;valid_chemical_symbols,0.85,,,heuristic_context_support,heuristic_context_support: answer follows current retrieved context,,no_error,no_error,no_error
mpc_0058_incorrect_gap,materials,https://materialsproject.org/materials/mp-2739215,What is the band gap of O2?,A noisy retrieved note reports O2 (mp-2739215) with band gap -2.6679999999999993 eV. This note is intentionally marked for human review as outdated_or_incorrect.,The retrieved passage gives O2 a band gap value of -2.6679999999999993 eV.,outdated_or_incorrect,non_negative_band_gap;valid_chemical_symbols,0.95,,,heuristic_context_support,heuristic_context_support: answer intentionally follows noisy/incorrect retrieved context,non_negative_band_gap,retrieval_context_error,generation_error,retrieval_context_error
mpc_0058_incomplete_stability,materials,https://materialsproject.org/materials/mp-2739215,Is O2 thermodynamically stable?,"A short retrieved snippet mentions O2 (mp-2739215) as stable, but omits formation energy, hull distance, and thermodynamic qualification.",O2 is presented as stable in the retrieved text.,incomplete,cautious_stability_claim;valid_chemical_symbols,0.7,,,heuristic_context_support,heuristic_context_support: answer is supported by incomplete context but lacks necessary qualifier,,no_error,no_error,no_error
mpc_0059_current_gap,materials,https://materialsproject.org/materials/mp-14,What is the band gap of Se?,Materials Project reports Se (mp-14). Band gap: 0.8765000000000001 eV. Formation energy per atom: 0.001081077604167 eV/atom. Energy above hull: 0.001081077604167 eV/atom. Stable: False.,"For Se, the retrieved Materials Project entry gives the band gap as 0.8765000000000001 eV.",current,non_negative_band_gap;valid_chemical_symbols,0.85,,,heuristic_context_support,heuristic_context_support: answer follows current retrieved context,,no_error,no_error,no_error
mpc_0059_incorrect_gap,materials,https://materialsproject.org/materials/mp-14,What is the band gap of Se?,A noisy retrieved note reports Se (mp-14) with band gap -0.8765000000000001 eV. This note is intentionally marked for human review as outdated_or_incorrect.,The retrieved note states that Se has a band gap of -0.8765000000000001 eV.,outdated_or_incorrect,non_negative_band_gap;valid_chemical_symbols,0.95,,,heuristic_context_support,heuristic_context_support: answer intentionally follows noisy/incorrect retrieved context,non_negative_band_gap,retrieval_context_error,generation_error,retrieval_context_error
mpc_0059_incomplete_stability,materials,https://materialsproject.org/materials/mp-14,Is Se thermodynamically stable?,"A short retrieved snippet mentions Se (mp-14) as stable, but omits formation energy, hull distance, and thermodynamic qualification.",The retrieved snippet describes Se as stable.,incomplete,cautious_stability_claim;valid_chemical_symbols,0.7,,,heuristic_context_support,heuristic_context_support: answer is supported by incomplete context but lacks necessary qualifier,,no_error,no_error,no_error
mpc_0060_current_gap,materials,https://materialsproject.org/materials/mp-19,What is the band gap of Te?,Materials Project reports Te (mp-19). Band gap: 0.18560000000000001 eV. Formation energy per atom: 0.0 eV/atom. Energy above hull: 0.0 eV/atom. Stable: True.,"For Te, the retrieved Materials Project entry gives the band gap as 0.18560000000000001 eV.",current,non_negative_band_gap;valid_chemical_symbols,0.85,,,heuristic_context_support,heuristic_context_support: answer follows current retrieved context,,no_error,no_error,no_error
mpc_0060_incorrect_gap,materials,https://materialsproject.org/materials/mp-19,What is the band gap of Te?,A noisy retrieved note reports Te (mp-19) with band gap -0.18560000000000001 eV. This note is intentionally marked for human review as outdated_or_incorrect.,The retrieved note states that Te has a band gap of -0.18560000000000001 eV.,outdated_or_incorrect,non_negative_band_gap;valid_chemical_symbols,0.95,,,heuristic_context_support,heuristic_context_support: answer intentionally follows noisy/incorrect retrieved context,non_negative_band_gap,retrieval_context_error,generation_error,retrieval_context_error
mpc_0060_incomplete_stability,materials,https://materialsproject.org/materials/mp-19,Is Te thermodynamically stable?,"A short retrieved snippet mentions Te (mp-19) as stable, but omits formation energy, hull distance, and thermodynamic qualification.",The retrieved snippet describes Te as stable.,incomplete,cautious_stability_claim;valid_chemical_symbols,0.7,,,heuristic_context_support,heuristic_context_support: answer is supported by incomplete context but lacks necessary qualifier,,no_error,no_error,no_error
mpc_0061_current_gap,materials,https://materialsproject.org/materials/mp-567313,What is the band gap of Te?,Materials Project reports Te (mp-567313). Band gap: 0.5606 eV. Formation energy per atom: 0.000981610000001 eV/atom. Energy above hull: 0.0009816100000000002 eV/atom. Stable: False.,"Using the retrieved source, the band gap of Te is 0.5606 eV.",current,non_negative_band_gap;valid_chemical_symbols,0.85,,,heuristic_context_support,heuristic_context_support: answer follows current retrieved context,,no_error,no_error,no_error
mpc_0061_incorrect_gap,materials,https://materialsproject.org/materials/mp-567313,What is the band gap of Te?,A noisy retrieved note reports Te (mp-567313) with band gap -0.5606 eV. This note is intentionally marked for human review as outdated_or_incorrect.,"Following the retrieved context, Te is reported with a band gap of -0.5606 eV.",outdated_or_incorrect,non_negative_band_gap;valid_chemical_symbols,0.95,,,heuristic_context_support,heuristic_context_support: answer intentionally follows noisy/incorrect retrieved context,non_negative_band_gap,retrieval_context_error,generation_error,retrieval_context_error
mpc_0061_incomplete_stability,materials,https://materialsproject.org/materials/mp-567313,Is Te thermodynamically stable?,"A short retrieved snippet mentions Te (mp-567313) as stable, but omits formation energy, hull distance, and thermodynamic qualification.","Based on the retrieved snippet, Te is stable.",incomplete,cautious_stability_claim;valid_chemical_symbols,0.7,,,heuristic_context_support,heuristic_context_support: answer is supported by incomplete context but lacks necessary qualifier,cautious_stability_claim,retrieval_context_incomplete,retrieval_context_error,retrieval_context_incomplete
mpc_0062_current_gap,materials,https://materialsproject.org/materials/mp-555760,What is the band gap of S?,Materials Project reports S (mp-555760). Band gap: 2.2718 eV. Formation energy per atom: 0.029379828298611 eV/atom. Energy above hull: 0.029379828298612003 eV/atom. Stable: False.,"According to the retrieved Materials Project record, S has a band gap of 2.2718 eV.",current,non_negative_band_gap;valid_chemical_symbols,0.85,,,heuristic_context_support,heuristic_context_support: answer follows current retrieved context,,no_error,no_error,no_error
mpc_0062_incorrect_gap,materials,https://materialsproject.org/materials/mp-555760,What is the band gap of S?,A noisy retrieved note reports S (mp-555760) with band gap -2.2718 eV. This note is intentionally marked for human review as outdated_or_incorrect.,The answer from the retrieved note is a -2.2718 eV band gap for S.,outdated_or_incorrect,non_negative_band_gap;valid_chemical_symbols,0.95,,,heuristic_context_support,heuristic_context_support: answer intentionally follows noisy/incorrect retrieved context,non_negative_band_gap,retrieval_context_error,generation_error,retrieval_context_error
mpc_0062_incomplete_stability,materials,https://materialsproject.org/materials/mp-555760,Is S thermodynamically stable?,"A short retrieved snippet mentions S (mp-555760) as stable, but omits formation energy, hull distance, and thermodynamic qualification.",The passage indicates that S is stable.,incomplete,cautious_stability_claim;valid_chemical_symbols,0.7,,,heuristic_context_support,heuristic_context_support: answer is supported by incomplete context but lacks necessary qualifier,cautious_stability_claim,retrieval_context_incomplete,retrieval_context_error,retrieval_context_incomplete
mpc_0063_current_gap,materials,https://materialsproject.org/materials/mp-2421172,What is the band gap of O2?,Materials Project reports O2 (mp-2421172). Band gap: 2.764199999999999 eV. Formation energy per atom: 0.9162664466666661 eV/atom. Energy above hull: 0.9162664466666661 eV/atom. Stable: False.,The retrieved record reports a 2.764199999999999 eV band gap for O2.,current,non_negative_band_gap;valid_chemical_symbols,0.85,,,heuristic_context_support,heuristic_context_support: answer follows current retrieved context,,no_error,no_error,no_error
mpc_0063_incorrect_gap,materials,https://materialsproject.org/materials/mp-2421172,What is the band gap of O2?,A noisy retrieved note reports O2 (mp-2421172) with band gap -2.764199999999999 eV. This note is intentionally marked for human review as outdated_or_incorrect.,The retrieved passage gives O2 a band gap value of -2.764199999999999 eV.,outdated_or_incorrect,non_negative_band_gap;valid_chemical_symbols,0.95,,,heuristic_context_support,heuristic_context_support: answer intentionally follows noisy/incorrect retrieved context,non_negative_band_gap,retrieval_context_error,generation_error,retrieval_context_error
mpc_0063_incomplete_stability,materials,https://materialsproject.org/materials/mp-2421172,Is O2 thermodynamically stable?,"A short retrieved snippet mentions O2 (mp-2421172) as stable, but omits formation energy, hull distance, and thermodynamic qualification.",O2 is presented as stable in the retrieved text.,incomplete,cautious_stability_claim;valid_chemical_symbols,0.7,,,heuristic_context_support,heuristic_context_support: answer is supported by incomplete context but lacks necessary qualifier,,no_error,no_error,no_error
mpc_0064_current_gap,materials,https://materialsproject.org/materials/mp-1023923,What is the band gap of O2?,Materials Project reports O2 (mp-1023923). Band gap: 2.3448 eV. Formation energy per atom: 0.9644220599999991 eV/atom. Energy above hull: 0.96442206 eV/atom. Stable: False.,"For O2, the retrieved Materials Project entry gives the band gap as 2.3448 eV.",current,non_negative_band_gap;valid_chemical_symbols,0.85,,,heuristic_context_support,heuristic_context_support: answer follows current retrieved context,,no_error,no_error,no_error
mpc_0064_incorrect_gap,materials,https://materialsproject.org/materials/mp-1023923,What is the band gap of O2?,A noisy retrieved note reports O2 (mp-1023923) with band gap -2.3448 eV. This note is intentionally marked for human review as outdated_or_incorrect.,The retrieved note states that O2 has a band gap of -2.3448 eV.,outdated_or_incorrect,non_negative_band_gap;valid_chemical_symbols,0.95,,,heuristic_context_support,heuristic_context_support: answer intentionally follows noisy/incorrect retrieved context,non_negative_band_gap,retrieval_context_error,generation_error,retrieval_context_error
mpc_0064_incomplete_stability,materials,https://materialsproject.org/materials/mp-1023923,Is O2 thermodynamically stable?,"A short retrieved snippet mentions O2 (mp-1023923) as stable, but omits formation energy, hull distance, and thermodynamic qualification.",The retrieved snippet describes O2 as stable.,incomplete,cautious_stability_claim;valid_chemical_symbols,0.7,,,heuristic_context_support,heuristic_context_support: answer is supported by incomplete context but lacks necessary qualifier,,no_error,no_error,no_error
mpc_0065_current_gap,materials,https://materialsproject.org/materials/mp-1202745,What is the band gap of Si?,Materials Project reports Si (mp-1202745). Band gap: 0.8932000000000001 eV. Formation energy per atom: 0.144239747241379 eV/atom. Energy above hull: 0.144239747241378 eV/atom. Stable: False.,"Using the retrieved source, the band gap of Si is 0.8932000000000001 eV.",current,non_negative_band_gap;valid_chemical_symbols,0.85,,,heuristic_context_support,heuristic_context_support: answer follows current retrieved context,,no_error,no_error,no_error
mpc_0065_incorrect_gap,materials,https://materialsproject.org/materials/mp-1202745,What is the band gap of Si?,A noisy retrieved note reports Si (mp-1202745) with band gap -0.8932000000000001 eV. This note is intentionally marked for human review as outdated_or_incorrect.,"Following the retrieved context, Si is reported with a band gap of -0.8932000000000001 eV.",outdated_or_incorrect,non_negative_band_gap;valid_chemical_symbols,0.95,,,heuristic_context_support,heuristic_context_support: answer intentionally follows noisy/incorrect retrieved context,non_negative_band_gap,retrieval_context_error,generation_error,retrieval_context_error
mpc_0065_incomplete_stability,materials,https://materialsproject.org/materials/mp-1202745,Is Si thermodynamically stable?,"A short retrieved snippet mentions Si (mp-1202745) as stable, but omits formation energy, hull distance, and thermodynamic qualification.","Based on the retrieved snippet, Si is stable.",incomplete,cautious_stability_claim;valid_chemical_symbols,0.7,,,heuristic_context_support,heuristic_context_support: answer is supported by incomplete context but lacks necessary qualifier,cautious_stability_claim,retrieval_context_incomplete,retrieval_context_error,retrieval_context_incomplete
mpc_0066_current_gap,materials,https://materialsproject.org/materials/mp-160,What is the band gap of B?,Materials Project reports B (mp-160). Band gap: 1.433399999999999 eV. Formation energy per atom: 0.0 eV/atom. Energy above hull: 0.0 eV/atom. Stable: True.,"According to the retrieved Materials Project record, B has a band gap of 1.433399999999999 eV.",current,non_negative_band_gap;valid_chemical_symbols,0.85,,,heuristic_context_support,heuristic_context_support: answer follows current retrieved context,,no_error,no_error,no_error
mpc_0066_incorrect_gap,materials,https://materialsproject.org/materials/mp-160,What is the band gap of B?,A noisy retrieved note reports B (mp-160) with band gap -1.433399999999999 eV. This note is intentionally marked for human review as outdated_or_incorrect.,The answer from the retrieved note is a -1.433399999999999 eV band gap for B.,outdated_or_incorrect,non_negative_band_gap;valid_chemical_symbols,0.95,,,heuristic_context_support,heuristic_context_support: answer intentionally follows noisy/incorrect retrieved context,non_negative_band_gap,retrieval_context_error,generation_error,retrieval_context_error
mpc_0066_incomplete_stability,materials,https://materialsproject.org/materials/mp-160,Is B thermodynamically stable?,"A short retrieved snippet mentions B (mp-160) as stable, but omits formation energy, hull distance, and thermodynamic qualification.",The passage indicates that B is stable.,incomplete,cautious_stability_claim;valid_chemical_symbols,0.7,,,heuristic_context_support,heuristic_context_support: answer is supported by incomplete context but lacks necessary qualifier,cautious_stability_claim,retrieval_context_incomplete,retrieval_context_error,retrieval_context_incomplete
mpc_0067_current_gap,materials,https://materialsproject.org/materials/mp-1187769,What is the band gap of Xe?,Materials Project reports Xe (mp-1187769). Band gap: 6.2294 eV. Formation energy per atom: 0.00214107 eV/atom. Energy above hull: 0.00214107 eV/atom. Stable: False.,The retrieved record reports a 6.2294 eV band gap for Xe.,current,non_negative_band_gap;valid_chemical_symbols,0.85,,,heuristic_context_support,heuristic_context_support: answer follows current retrieved context,,no_error,no_error,no_error
mpc_0067_incorrect_gap,materials,https://materialsproject.org/materials/mp-1187769,What is the band gap of Xe?,A noisy retrieved note reports Xe (mp-1187769) with band gap -6.2294 eV. This note is intentionally marked for human review as outdated_or_incorrect.,The retrieved passage gives Xe a band gap value of -6.2294 eV.,outdated_or_incorrect,non_negative_band_gap;valid_chemical_symbols,0.95,,,heuristic_context_support,heuristic_context_support: answer intentionally follows noisy/incorrect retrieved context,non_negative_band_gap,retrieval_context_error,generation_error,retrieval_context_error
mpc_0067_incomplete_stability,materials,https://materialsproject.org/materials/mp-1187769,Is Xe thermodynamically stable?,"A short retrieved snippet mentions Xe (mp-1187769) as stable, but omits formation energy, hull distance, and thermodynamic qualification.",Xe is presented as stable in the retrieved text.,incomplete,cautious_stability_claim;valid_chemical_symbols,0.7,,,heuristic_context_support,heuristic_context_support: answer is supported by incomplete context but lacks necessary qualifier,,no_error,no_error,no_error
mpc_0068_current_gap,materials,https://materialsproject.org/materials/mp-2516584,What is the band gap of C?,Materials Project reports C (mp-2516584). Band gap: 1.4276 eV. Formation energy per atom: 0.0023171524999990004 eV/atom. Energy above hull: 0.0023171524999990004 eV/atom. Stable: False.,"For C, the retrieved Materials Project entry gives the band gap as 1.4276 eV.",current,non_negative_band_gap;valid_chemical_symbols,0.85,,,heuristic_context_support,heuristic_context_support: answer follows current retrieved context,,no_error,no_error,no_error
mpc_0068_incorrect_gap,materials,https://materialsproject.org/materials/mp-2516584,What is the band gap of C?,A noisy retrieved note reports C (mp-2516584) with band gap -1.4276 eV. This note is intentionally marked for human review as outdated_or_incorrect.,The retrieved note states that C has a band gap of -1.4276 eV.,outdated_or_incorrect,non_negative_band_gap;valid_chemical_symbols,0.95,,,heuristic_context_support,heuristic_context_support: answer intentionally follows noisy/incorrect retrieved context,non_negative_band_gap,retrieval_context_error,generation_error,retrieval_context_error
mpc_0068_incomplete_stability,materials,https://materialsproject.org/materials/mp-2516584,Is C thermodynamically stable?,"A short retrieved snippet mentions C (mp-2516584) as stable, but omits formation energy, hull distance, and thermodynamic qualification.",The retrieved snippet describes C as stable.,incomplete,cautious_stability_claim;valid_chemical_symbols,0.7,,,heuristic_context_support,heuristic_context_support: answer is supported by incomplete context but lacks necessary qualifier,,no_error,no_error,no_error
mpc_0069_current_gap,materials,https://materialsproject.org/materials/mp-569416,What is the band gap of C?,Materials Project reports C (mp-569416). Band gap: 0.10560000000000001 eV. Formation energy per atom: 0.00210089125 eV/atom. Energy above hull: 0.00210089125 eV/atom. Stable: False.,"Using the retrieved source, the band gap of C is 0.10560000000000001 eV.",current,non_negative_band_gap;valid_chemical_symbols,0.85,,,heuristic_context_support,heuristic_context_support: answer follows current retrieved context,,no_error,no_error,no_error
mpc_0069_incorrect_gap,materials,https://materialsproject.org/materials/mp-569416,What is the band gap of C?,A noisy retrieved note reports C (mp-569416) with band gap -0.10560000000000001 eV. This note is intentionally marked for human review as outdated_or_incorrect.,"Following the retrieved context, C is reported with a band gap of -0.10560000000000001 eV.",outdated_or_incorrect,non_negative_band_gap;valid_chemical_symbols,0.95,,,heuristic_context_support,heuristic_context_support: answer intentionally follows noisy/incorrect retrieved context,non_negative_band_gap,retrieval_context_error,generation_error,retrieval_context_error
mpc_0069_incomplete_stability,materials,https://materialsproject.org/materials/mp-569416,Is C thermodynamically stable?,"A short retrieved snippet mentions C (mp-569416) as stable, but omits formation energy, hull distance, and thermodynamic qualification.","Based on the retrieved snippet, C is stable.",incomplete,cautious_stability_claim;valid_chemical_symbols,0.7,,,heuristic_context_support,heuristic_context_support: answer is supported by incomplete context but lacks necessary qualifier,cautious_stability_claim,retrieval_context_incomplete,retrieval_context_error,retrieval_context_incomplete
mpc_0070_current_gap,materials,https://materialsproject.org/materials/mp-169,What is the band gap of C?,Materials Project reports C (mp-169). Band gap: 0.094599999999999 eV. Formation energy per atom: 0.0007906250000000001 eV/atom. Energy above hull: 0.0007906250000000001 eV/atom. Stable: False.,"Using the retrieved source, the band gap of C is 0.094599999999999 eV.",current,non_negative_band_gap;valid_chemical_symbols,0.85,,,heuristic_context_support,heuristic_context_support: answer follows current retrieved context,,no_error,no_error,no_error
mpc_0070_incorrect_gap,materials,https://materialsproject.org/materials/mp-169,What is the band gap of C?,A noisy retrieved note reports C (mp-169) with band gap -0.094599999999999 eV. This note is intentionally marked for human review as outdated_or_incorrect.,"Following the retrieved context, C is reported with a band gap of -0.094599999999999 eV.",outdated_or_incorrect,non_negative_band_gap;valid_chemical_symbols,0.95,,,heuristic_context_support,heuristic_context_support: answer intentionally follows noisy/incorrect retrieved context,non_negative_band_gap,retrieval_context_error,generation_error,retrieval_context_error
mpc_0070_incomplete_stability,materials,https://materialsproject.org/materials/mp-169,Is C thermodynamically stable?,"A short retrieved snippet mentions C (mp-169) as stable, but omits formation energy, hull distance, and thermodynamic qualification.","Based on the retrieved snippet, C is stable.",incomplete,cautious_stability_claim;valid_chemical_symbols,0.7,,,heuristic_context_support,heuristic_context_support: answer is supported by incomplete context but lacks necessary qualifier,cautious_stability_claim,retrieval_context_incomplete,retrieval_context_error,retrieval_context_incomplete
mpc_0071_current_gap,materials,https://materialsproject.org/materials/mp-569517,What is the band gap of C?,Materials Project reports C (mp-569517). Band gap: 4.5686 eV. Formation energy per atom: 0.12029307100000002 eV/atom. Energy above hull: 0.12029307100000002 eV/atom. Stable: False.,"According to the retrieved Materials Project record, C has a band gap of 4.5686 eV.",current,non_negative_band_gap;valid_chemical_symbols,0.85,,,heuristic_context_support,heuristic_context_support: answer follows current retrieved context,,no_error,no_error,no_error
mpc_0071_incorrect_gap,materials,https://materialsproject.org/materials/mp-569517,What is the band gap of C?,A noisy retrieved note reports C (mp-569517) with band gap -4.5686 eV. This note is intentionally marked for human review as outdated_or_incorrect.,The answer from the retrieved note is a -4.5686 eV band gap for C.,outdated_or_incorrect,non_negative_band_gap;valid_chemical_symbols,0.95,,,heuristic_context_support,heuristic_context_support: answer intentionally follows noisy/incorrect retrieved context,non_negative_band_gap,retrieval_context_error,generation_error,retrieval_context_error
mpc_0071_incomplete_stability,materials,https://materialsproject.org/materials/mp-569517,Is C thermodynamically stable?,"A short retrieved snippet mentions C (mp-569517) as stable, but omits formation energy, hull distance, and thermodynamic qualification.",The passage indicates that C is stable.,incomplete,cautious_stability_claim;valid_chemical_symbols,0.7,,,heuristic_context_support,heuristic_context_support: answer is supported by incomplete context but lacks necessary qualifier,cautious_stability_claim,retrieval_context_incomplete,retrieval_context_error,retrieval_context_incomplete
mpc_0072_current_gap,materials,https://materialsproject.org/materials/mp-569567,What is the band gap of C?,Materials Project reports C (mp-569567). Band gap: 4.4229 eV. Formation energy per atom: 0.117805412142857 eV/atom. Energy above hull: 0.117805412142857 eV/atom. Stable: False.,The retrieved record reports a 4.4229 eV band gap for C.,current,non_negative_band_gap;valid_chemical_symbols,0.85,,,heuristic_context_support,heuristic_context_support: answer follows current retrieved context,,no_error,no_error,no_error
mpc_0072_incorrect_gap,materials,https://materialsproject.org/materials/mp-569567,What is the band gap of C?,A noisy retrieved note reports C (mp-569567) with band gap -4.4229 eV. This note is intentionally marked for human review as outdated_or_incorrect.,The retrieved passage gives C a band gap value of -4.4229 eV.,outdated_or_incorrect,non_negative_band_gap;valid_chemical_symbols,0.95,,,heuristic_context_support,heuristic_context_support: answer intentionally follows noisy/incorrect retrieved context,non_negative_band_gap,retrieval_context_error,generation_error,retrieval_context_error
mpc_0072_incomplete_stability,materials,https://materialsproject.org/materials/mp-569567,Is C thermodynamically stable?,"A short retrieved snippet mentions C (mp-569567) as stable, but omits formation energy, hull distance, and thermodynamic qualification.",C is presented as stable in the retrieved text.,incomplete,cautious_stability_claim;valid_chemical_symbols,0.7,,,heuristic_context_support,heuristic_context_support: answer is supported by incomplete context but lacks necessary qualifier,,no_error,no_error,no_error
mpc_0073_current_gap,materials,https://materialsproject.org/materials/mp-680372,What is the band gap of C?,Materials Project reports C (mp-680372). Band gap: 0.7159 eV. Formation energy per atom: 0.40914998149999804 eV/atom. Energy above hull: 0.40914998149999804 eV/atom. Stable: False.,"For C, the retrieved Materials Project entry gives the band gap as 0.7159 eV.",current,non_negative_band_gap;valid_chemical_symbols,0.85,,,heuristic_context_support,heuristic_context_support: answer follows current retrieved context,,no_error,no_error,no_error
mpc_0073_incorrect_gap,materials,https://materialsproject.org/materials/mp-680372,What is the band gap of C?,A noisy retrieved note reports C (mp-680372) with band gap -0.7159 eV. This note is intentionally marked for human review as outdated_or_incorrect.,The retrieved note states that C has a band gap of -0.7159 eV.,outdated_or_incorrect,non_negative_band_gap;valid_chemical_symbols,0.95,,,heuristic_context_support,heuristic_context_support: answer intentionally follows noisy/incorrect retrieved context,non_negative_band_gap,retrieval_context_error,generation_error,retrieval_context_error
mpc_0073_incomplete_stability,materials,https://materialsproject.org/materials/mp-680372,Is C thermodynamically stable?,"A short retrieved snippet mentions C (mp-680372) as stable, but omits formation energy, hull distance, and thermodynamic qualification.",The retrieved snippet describes C as stable.,incomplete,cautious_stability_claim;valid_chemical_symbols,0.7,,,heuristic_context_support,heuristic_context_support: answer is supported by incomplete context but lacks necessary qualifier,,no_error,no_error,no_error
mpc_0074_current_gap,materials,https://materialsproject.org/materials/mp-610917,What is the band gap of O2?,Materials Project reports O2 (mp-610917). Band gap: 1.3227 eV. Formation energy per atom: 0.012108549999999002 eV/atom. Energy above hull: 0.012108549999999002 eV/atom. Stable: False.,"Using the retrieved source, the band gap of O2 is 1.3227 eV.",current,non_negative_band_gap;valid_chemical_symbols,0.85,,,heuristic_context_support,heuristic_context_support: answer follows current retrieved context,,no_error,no_error,no_error
mpc_0074_incorrect_gap,materials,https://materialsproject.org/materials/mp-610917,What is the band gap of O2?,A noisy retrieved note reports O2 (mp-610917) with band gap -1.3227 eV. This note is intentionally marked for human review as outdated_or_incorrect.,"Following the retrieved context, O2 is reported with a band gap of -1.3227 eV.",outdated_or_incorrect,non_negative_band_gap;valid_chemical_symbols,0.95,,,heuristic_context_support,heuristic_context_support: answer intentionally follows noisy/incorrect retrieved context,non_negative_band_gap,retrieval_context_error,generation_error,retrieval_context_error
mpc_0074_incomplete_stability,materials,https://materialsproject.org/materials/mp-610917,Is O2 thermodynamically stable?,"A short retrieved snippet mentions O2 (mp-610917) as stable, but omits formation energy, hull distance, and thermodynamic qualification.","Based on the retrieved snippet, O2 is stable.",incomplete,cautious_stability_claim;valid_chemical_symbols,0.7,,,heuristic_context_support,heuristic_context_support: answer is supported by incomplete context but lacks necessary qualifier,cautious_stability_claim,retrieval_context_incomplete,retrieval_context_error,retrieval_context_incomplete
mpc_0075_current_gap,materials,https://materialsproject.org/materials/mp-2629196,What is the band gap of Hg?,Materials Project reports Hg (mp-2629196). Band gap: 0.40890000000000004 eV. Formation energy per atom: 0.0008525383333330001 eV/atom. Energy above hull: 0.0008525383333330001 eV/atom. Stable: False.,"According to the retrieved Materials Project record, Hg has a band gap of 0.40890000000000004 eV.",current,non_negative_band_gap;valid_chemical_symbols,0.85,,,heuristic_context_support,heuristic_context_support: answer follows current retrieved context,,no_error,no_error,no_error
mpc_0075_incorrect_gap,materials,https://materialsproject.org/materials/mp-2629196,What is the band gap of Hg?,A noisy retrieved note reports Hg (mp-2629196) with band gap -0.40890000000000004 eV. This note is intentionally marked for human review as outdated_or_incorrect.,The answer from the retrieved note is a -0.40890000000000004 eV band gap for Hg.,outdated_or_incorrect,non_negative_band_gap;valid_chemical_symbols,0.95,,,heuristic_context_support,heuristic_context_support: answer intentionally follows noisy/incorrect retrieved context,non_negative_band_gap,retrieval_context_error,generation_error,retrieval_context_error
mpc_0075_incomplete_stability,materials,https://materialsproject.org/materials/mp-2629196,Is Hg thermodynamically stable?,"A short retrieved snippet mentions Hg (mp-2629196) as stable, but omits formation energy, hull distance, and thermodynamic qualification.",The passage indicates that Hg is stable.,incomplete,cautious_stability_claim;valid_chemical_symbols,0.7,,,heuristic_context_support,heuristic_context_support: answer is supported by incomplete context but lacks necessary qualifier,cautious_stability_claim,retrieval_context_incomplete,retrieval_context_error,retrieval_context_incomplete
mpc_0076_current_gap,materials,https://materialsproject.org/materials/mp-611219,What is the band gap of Hg?,Materials Project reports Hg (mp-611219). Band gap: 1.761099999999999 eV. Formation energy per atom: 0.228486112499993 eV/atom. Energy above hull: 0.228486112499993 eV/atom. Stable: False.,The retrieved record reports a 1.761099999999999 eV band gap for Hg.,current,non_negative_band_gap;valid_chemical_symbols,0.85,,,heuristic_context_support,heuristic_context_support: answer follows current retrieved context,,no_error,no_error,no_error
mpc_0076_incorrect_gap,materials,https://materialsproject.org/materials/mp-611219,What is the band gap of Hg?,A noisy retrieved note reports Hg (mp-611219) with band gap -1.761099999999999 eV. This note is intentionally marked for human review as outdated_or_incorrect.,The retrieved passage gives Hg a band gap value of -1.761099999999999 eV.,outdated_or_incorrect,non_negative_band_gap;valid_chemical_symbols,0.95,,,heuristic_context_support,heuristic_context_support: answer intentionally follows noisy/incorrect retrieved context,non_negative_band_gap,retrieval_context_error,generation_error,retrieval_context_error
mpc_0076_incomplete_stability,materials,https://materialsproject.org/materials/mp-611219,Is Hg thermodynamically stable?,"A short retrieved snippet mentions Hg (mp-611219) as stable, but omits formation energy, hull distance, and thermodynamic qualification.",Hg is presented as stable in the retrieved text.,incomplete,cautious_stability_claim;valid_chemical_symbols,0.7,,,heuristic_context_support,heuristic_context_support: answer is supported by incomplete context but lacks necessary qualifier,,no_error,no_error,no_error
mpc_0077_current_gap,materials,https://materialsproject.org/materials/mp-972256,What is the band gap of Xe?,Materials Project reports Xe (mp-972256). Band gap: 6.1673 eV. Formation energy per atom: 0.0 eV/atom. Energy above hull: 0.0 eV/atom. Stable: True.,"For Xe, the retrieved Materials Project entry gives the band gap as 6.1673 eV.",current,non_negative_band_gap;valid_chemical_symbols,0.85,,,heuristic_context_support,heuristic_context_support: answer follows current retrieved context,,no_error,no_error,no_error
mpc_0077_incorrect_gap,materials,https://materialsproject.org/materials/mp-972256,What is the band gap of Xe?,A noisy retrieved note reports Xe (mp-972256) with band gap -6.1673 eV. This note is intentionally marked for human review as outdated_or_incorrect.,The retrieved note states that Xe has a band gap of -6.1673 eV.,outdated_or_incorrect,non_negative_band_gap;valid_chemical_symbols,0.95,,,heuristic_context_support,heuristic_context_support: answer intentionally follows noisy/incorrect retrieved context,non_negative_band_gap,retrieval_context_error,generation_error,retrieval_context_error
mpc_0077_incomplete_stability,materials,https://materialsproject.org/materials/mp-972256,Is Xe thermodynamically stable?,"A short retrieved snippet mentions Xe (mp-972256) as stable, but omits formation energy, hull distance, and thermodynamic qualification.",The retrieved snippet describes Xe as stable.,incomplete,cautious_stability_claim;valid_chemical_symbols,0.7,,,heuristic_context_support,heuristic_context_support: answer is supported by incomplete context but lacks necessary qualifier,,no_error,no_error,no_error
mpc_0078_current_gap,materials,https://materialsproject.org/materials/mp-979286,What is the band gap of Xe?,Materials Project reports Xe (mp-979286). Band gap: 6.1713000000000005 eV. Formation energy per atom: 0.006007709999999 eV/atom. Energy above hull: 0.006007709999999 eV/atom. Stable: False.,"Using the retrieved source, the band gap of Xe is 6.1713000000000005 eV.",current,non_negative_band_gap;valid_chemical_symbols,0.85,,,heuristic_context_support,heuristic_context_support: answer follows current retrieved context,,no_error,no_error,no_error
mpc_0078_incorrect_gap,materials,https://materialsproject.org/materials/mp-979286,What is the band gap of Xe?,A noisy retrieved note reports Xe (mp-979286) with band gap -6.1713000000000005 eV. This note is intentionally marked for human review as outdated_or_incorrect.,"Following the retrieved context, Xe is reported with a band gap of -6.1713000000000005 eV.",outdated_or_incorrect,non_negative_band_gap;valid_chemical_symbols,0.95,,,heuristic_context_support,heuristic_context_support: answer intentionally follows noisy/incorrect retrieved context,non_negative_band_gap,retrieval_context_error,generation_error,retrieval_context_error
mpc_0078_incomplete_stability,materials,https://materialsproject.org/materials/mp-979286,Is Xe thermodynamically stable?,"A short retrieved snippet mentions Xe (mp-979286) as stable, but omits formation energy, hull distance, and thermodynamic qualification.","Based on the retrieved snippet, Xe is stable.",incomplete,cautious_stability_claim;valid_chemical_symbols,0.7,,,heuristic_context_support,heuristic_context_support: answer is supported by incomplete context but lacks necessary qualifier,cautious_stability_claim,retrieval_context_incomplete,retrieval_context_error,retrieval_context_incomplete
mpc_0079_current_gap,materials,https://materialsproject.org/materials/mp-975590,What is the band gap of Kr?,Materials Project reports Kr (mp-975590). Band gap: 7.174799999999999 eV. Formation energy per atom: 0.0 eV/atom. Energy above hull: 0.0 eV/atom. Stable: True.,"According to the retrieved Materials Project record, Kr has a band gap of 7.174799999999999 eV.",current,non_negative_band_gap;valid_chemical_symbols,0.85,,,heuristic_context_support,heuristic_context_support: answer follows current retrieved context,,no_error,no_error,no_error
mpc_0079_incorrect_gap,materials,https://materialsproject.org/materials/mp-975590,What is the band gap of Kr?,A noisy retrieved note reports Kr (mp-975590) with band gap -7.174799999999999 eV. This note is intentionally marked for human review as outdated_or_incorrect.,The answer from the retrieved note is a -7.174799999999999 eV band gap for Kr.,outdated_or_incorrect,non_negative_band_gap;valid_chemical_symbols,0.95,,,heuristic_context_support,heuristic_context_support: answer intentionally follows noisy/incorrect retrieved context,non_negative_band_gap,retrieval_context_error,generation_error,retrieval_context_error
mpc_0079_incomplete_stability,materials,https://materialsproject.org/materials/mp-975590,Is Kr thermodynamically stable?,"A short retrieved snippet mentions Kr (mp-975590) as stable, but omits formation energy, hull distance, and thermodynamic qualification.",The passage indicates that Kr is stable.,incomplete,cautious_stability_claim;valid_chemical_symbols,0.7,,,heuristic_context_support,heuristic_context_support: answer is supported by incomplete context but lacks necessary qualifier,cautious_stability_claim,retrieval_context_incomplete,retrieval_context_error,retrieval_context_incomplete
mpc_0080_current_gap,materials,https://materialsproject.org/materials/mp-568584,What is the band gap of N2?,Materials Project reports N2 (mp-568584). Band gap: 6.9553 eV. Formation energy per atom: 0.0016779218750000002 eV/atom. Energy above hull: 0.0016779218750000002 eV/atom. Stable: False.,"According to the retrieved Materials Project record, N2 has a band gap of 6.9553 eV.",current,non_negative_band_gap;valid_chemical_symbols,0.85,,,heuristic_context_support,heuristic_context_support: answer follows current retrieved context,,no_error,no_error,no_error
mpc_0080_incorrect_gap,materials,https://materialsproject.org/materials/mp-568584,What is the band gap of N2?,A noisy retrieved note reports N2 (mp-568584) with band gap -6.9553 eV. This note is intentionally marked for human review as outdated_or_incorrect.,The answer from the retrieved note is a -6.9553 eV band gap for N2.,outdated_or_incorrect,non_negative_band_gap;valid_chemical_symbols,0.95,,,heuristic_context_support,heuristic_context_support: answer intentionally follows noisy/incorrect retrieved context,non_negative_band_gap,retrieval_context_error,generation_error,retrieval_context_error
mpc_0080_incomplete_stability,materials,https://materialsproject.org/materials/mp-568584,Is N2 thermodynamically stable?,"A short retrieved snippet mentions N2 (mp-568584) as stable, but omits formation energy, hull distance, and thermodynamic qualification.",The passage indicates that N2 is stable.,incomplete,cautious_stability_claim;valid_chemical_symbols,0.7,,,heuristic_context_support,heuristic_context_support: answer is supported by incomplete context but lacks necessary qualifier,cautious_stability_claim,retrieval_context_incomplete,retrieval_context_error,retrieval_context_incomplete
mpc_0081_current_gap,materials,https://materialsproject.org/materials/mp-555915,What is the band gap of S?,Materials Project reports S (mp-555915). Band gap: 2.574799999999999 eV. Formation energy per atom: 0.013625012604167002 eV/atom. Energy above hull: 0.013625012604167002 eV/atom. Stable: False.,The retrieved record reports a 2.574799999999999 eV band gap for S.,current,non_negative_band_gap;valid_chemical_symbols,0.85,,,heuristic_context_support,heuristic_context_support: answer follows current retrieved context,,no_error,no_error,no_error
mpc_0081_incorrect_gap,materials,https://materialsproject.org/materials/mp-555915,What is the band gap of S?,A noisy retrieved note reports S (mp-555915) with band gap -2.574799999999999 eV. This note is intentionally marked for human review as outdated_or_incorrect.,The retrieved passage gives S a band gap value of -2.574799999999999 eV.,outdated_or_incorrect,non_negative_band_gap;valid_chemical_symbols,0.95,,,heuristic_context_support,heuristic_context_support: answer intentionally follows noisy/incorrect retrieved context,non_negative_band_gap,retrieval_context_error,generation_error,retrieval_context_error
mpc_0081_incomplete_stability,materials,https://materialsproject.org/materials/mp-555915,Is S thermodynamically stable?,"A short retrieved snippet mentions S (mp-555915) as stable, but omits formation energy, hull distance, and thermodynamic qualification.",S is presented as stable in the retrieved text.,incomplete,cautious_stability_claim;valid_chemical_symbols,0.7,,,heuristic_context_support,heuristic_context_support: answer is supported by incomplete context but lacks necessary qualifier,,no_error,no_error,no_error
mpc_0082_current_gap,materials,https://materialsproject.org/materials/mp-1182684,What is the band gap of C?,Materials Project reports C (mp-1182684). Band gap: 0.26069999999999904 eV. Formation energy per atom: 1.529662770124999 eV/atom. Energy above hull: 1.529662770124998 eV/atom. Stable: False.,"For C, the retrieved Materials Project entry gives the band gap as 0.26069999999999904 eV.",current,non_negative_band_gap;valid_chemical_symbols,0.85,,,heuristic_context_support,heuristic_context_support: answer follows current retrieved context,,no_error,no_error,no_error
mpc_0082_incorrect_gap,materials,https://materialsproject.org/materials/mp-1182684,What is the band gap of C?,A noisy retrieved note reports C (mp-1182684) with band gap -0.26069999999999904 eV. This note is intentionally marked for human review as outdated_or_incorrect.,The retrieved note states that C has a band gap of -0.26069999999999904 eV.,outdated_or_incorrect,non_negative_band_gap;valid_chemical_symbols,0.95,,,heuristic_context_support,heuristic_context_support: answer intentionally follows noisy/incorrect retrieved context,non_negative_band_gap,retrieval_context_error,generation_error,retrieval_context_error
mpc_0082_incomplete_stability,materials,https://materialsproject.org/materials/mp-1182684,Is C thermodynamically stable?,"A short retrieved snippet mentions C (mp-1182684) as stable, but omits formation energy, hull distance, and thermodynamic qualification.",The retrieved snippet describes C as stable.,incomplete,cautious_stability_claim;valid_chemical_symbols,0.7,,,heuristic_context_support,heuristic_context_support: answer is supported by incomplete context but lacks necessary qualifier,,no_error,no_error,no_error
mpc_0083_current_gap,materials,https://materialsproject.org/materials/mp-730101,What is the band gap of H2?,Materials Project reports H2 (mp-730101). Band gap: 9.7197 eV. Formation energy per atom: 0.0 eV/atom. Energy above hull: 0.0 eV/atom. Stable: True.,"Using the retrieved source, the band gap of H2 is 9.7197 eV.",current,non_negative_band_gap;valid_chemical_symbols,0.85,,,heuristic_context_support,heuristic_context_support: answer follows current retrieved context,,no_error,no_error,no_error
mpc_0083_incorrect_gap,materials,https://materialsproject.org/materials/mp-730101,What is the band gap of H2?,A noisy retrieved note reports H2 (mp-730101) with band gap -9.7197 eV. This note is intentionally marked for human review as outdated_or_incorrect.,"Following the retrieved context, H2 is reported with a band gap of -9.7197 eV.",outdated_or_incorrect,non_negative_band_gap;valid_chemical_symbols,0.95,,,heuristic_context_support,heuristic_context_support: answer intentionally follows noisy/incorrect retrieved context,non_negative_band_gap,retrieval_context_error,generation_error,retrieval_context_error
mpc_0083_incomplete_stability,materials,https://materialsproject.org/materials/mp-730101,Is H2 thermodynamically stable?,"A short retrieved snippet mentions H2 (mp-730101) as stable, but omits formation energy, hull distance, and thermodynamic qualification.","Based on the retrieved snippet, H2 is stable.",incomplete,cautious_stability_claim;valid_chemical_symbols,0.7,,,heuristic_context_support,heuristic_context_support: answer is supported by incomplete context but lacks necessary qualifier,cautious_stability_claim,retrieval_context_incomplete,retrieval_context_error,retrieval_context_incomplete
mpc_0084_current_gap,materials,https://materialsproject.org/materials/mp-754382,What is the band gap of He?,Materials Project reports He (mp-754382). Band gap: 16.586399999999998 eV. Formation energy per atom: 0.0035665899999990005 eV/atom. Energy above hull: 0.0035665899999990005 eV/atom. Stable: False.,"According to the retrieved Materials Project record, He has a band gap of 16.586399999999998 eV.",current,non_negative_band_gap;valid_chemical_symbols,0.85,,,heuristic_context_support,heuristic_context_support: answer follows current retrieved context,band_gap_physical_range,generation_constraint_error,generation_error,generation_constraint_error
mpc_0084_incorrect_gap,materials,https://materialsproject.org/materials/mp-754382,What is the band gap of He?,A noisy retrieved note reports He (mp-754382) with band gap -16.586399999999998 eV. This note is intentionally marked for human review as outdated_or_incorrect.,The answer from the retrieved note is a -16.586399999999998 eV band gap for He.,outdated_or_incorrect,non_negative_band_gap;valid_chemical_symbols,0.95,,,heuristic_context_support,heuristic_context_support: answer intentionally follows noisy/incorrect retrieved context,non_negative_band_gap,retrieval_context_error,generation_error,retrieval_context_error
mpc_0084_incomplete_stability,materials,https://materialsproject.org/materials/mp-754382,Is He thermodynamically stable?,"A short retrieved snippet mentions He (mp-754382) as stable, but omits formation energy, hull distance, and thermodynamic qualification.",The passage indicates that He is stable.,incomplete,cautious_stability_claim;valid_chemical_symbols,0.7,,,heuristic_context_support,heuristic_context_support: answer is supported by incomplete context but lacks necessary qualifier,cautious_stability_claim,retrieval_context_incomplete,retrieval_context_error,retrieval_context_incomplete
cov_01_01_current,materials,constraint_coverage_candidate,Is Xx2O3 a valid materials formula?,Valid chemical formulas must use recognized element symbols.,Xx2O3 is not a valid formula because Xx is not a recognized element symbol.,current,valid_chemical_symbols,0.85,,,heuristic_context_support,heuristic_context_support: answer follows current retrieved context,,no_error,no_error,no_error
cov_01_01_incorrect,materials,constraint_coverage_candidate,Is Xx2O3 a valid materials formula?,A noisy retrieved table lists Xx2O3 as a stable oxide material.,The retrieved table treats Xx2O3 as a valid stable oxide formula.,outdated_or_incorrect,valid_chemical_symbols,0.95,,,heuristic_context_support,heuristic_context_support: answer intentionally follows noisy/incorrect retrieved context,valid_chemical_symbols,retrieval_context_error,generation_error,retrieval_context_error
cov_01_02_current,materials,constraint_coverage_candidate,Is Xx2O3 a valid materials formula?,Valid chemical formulas must use recognized element symbols.,Xx2O3 is not a valid formula because Xx is not a recognized element symbol.,current,valid_chemical_symbols,0.85,,,heuristic_context_support,heuristic_context_support: answer follows current retrieved context,,no_error,no_error,no_error
cov_01_02_incorrect,materials,constraint_coverage_candidate,Is Xx2O3 a valid materials formula?,A noisy retrieved table lists Xx2O3 as a stable oxide material.,The retrieved table treats Xx2O3 as a valid stable oxide formula.,outdated_or_incorrect,valid_chemical_symbols,0.95,,,heuristic_context_support,heuristic_context_support: answer intentionally follows noisy/incorrect retrieved context,valid_chemical_symbols,retrieval_context_error,generation_error,retrieval_context_error
cov_01_03_current,materials,constraint_coverage_candidate,Is Xx2O3 a valid materials formula?,Valid chemical formulas must use recognized element symbols.,Xx2O3 is not a valid formula because Xx is not a recognized element symbol.,current,valid_chemical_symbols,0.85,,,heuristic_context_support,heuristic_context_support: answer follows current retrieved context,,no_error,no_error,no_error
cov_01_03_incorrect,materials,constraint_coverage_candidate,Is Xx2O3 a valid materials formula?,A noisy retrieved table lists Xx2O3 as a stable oxide material.,The retrieved table treats Xx2O3 as a valid stable oxide formula.,outdated_or_incorrect,valid_chemical_symbols,0.95,,,heuristic_context_support,heuristic_context_support: answer intentionally follows noisy/incorrect retrieved context,valid_chemical_symbols,retrieval_context_error,generation_error,retrieval_context_error
cov_01_04_current,materials,constraint_coverage_candidate,Is Xx2O3 a valid materials formula?,Valid chemical formulas must use recognized element symbols.,Xx2O3 is not a valid formula because Xx is not a recognized element symbol.,current,valid_chemical_symbols,0.85,,,heuristic_context_support,heuristic_context_support: answer follows current retrieved context,,no_error,no_error,no_error
cov_01_04_incorrect,materials,constraint_coverage_candidate,Is Xx2O3 a valid materials formula?,A noisy retrieved table lists Xx2O3 as a stable oxide material.,The retrieved table treats Xx2O3 as a valid stable oxide formula.,outdated_or_incorrect,valid_chemical_symbols,0.95,,,heuristic_context_support,heuristic_context_support: answer intentionally follows noisy/incorrect retrieved context,valid_chemical_symbols,retrieval_context_error,generation_error,retrieval_context_error
cov_01_05_current,materials,constraint_coverage_candidate,Is Xx2O3 a valid materials formula?,Valid chemical formulas must use recognized element symbols.,Xx2O3 is not a valid formula because Xx is not a recognized element symbol.,current,valid_chemical_symbols,0.85,,,heuristic_context_support,heuristic_context_support: answer follows current retrieved context,,no_error,no_error,no_error
cov_01_05_incorrect,materials,constraint_coverage_candidate,Is Xx2O3 a valid materials formula?,A noisy retrieved table lists Xx2O3 as a stable oxide material.,The retrieved table treats Xx2O3 as a valid stable oxide formula.,outdated_or_incorrect,valid_chemical_symbols,0.95,,,heuristic_context_support,heuristic_context_support: answer intentionally follows noisy/incorrect retrieved context,valid_chemical_symbols,retrieval_context_error,generation_error,retrieval_context_error
cov_01_06_current,materials,constraint_coverage_candidate,Is Xx2O3 a valid materials formula?,Valid chemical formulas must use recognized element symbols.,Xx2O3 is not a valid formula because Xx is not a recognized element symbol.,current,valid_chemical_symbols,0.85,,,heuristic_context_support,heuristic_context_support: answer follows current retrieved context,,no_error,no_error,no_error
cov_01_06_incorrect,materials,constraint_coverage_candidate,Is Xx2O3 a valid materials formula?,A noisy retrieved table lists Xx2O3 as a stable oxide material.,The retrieved table treats Xx2O3 as a valid stable oxide formula.,outdated_or_incorrect,valid_chemical_symbols,0.95,,,heuristic_context_support,heuristic_context_support: answer intentionally follows noisy/incorrect retrieved context,valid_chemical_symbols,retrieval_context_error,generation_error,retrieval_context_error
cov_01_07_current,materials,constraint_coverage_candidate,Is Xx2O3 a valid materials formula?,Valid chemical formulas must use recognized element symbols.,Xx2O3 is not a valid formula because Xx is not a recognized element symbol.,current,valid_chemical_symbols,0.85,,,heuristic_context_support,heuristic_context_support: answer follows current retrieved context,,no_error,no_error,no_error
cov_01_07_incorrect,materials,constraint_coverage_candidate,Is Xx2O3 a valid materials formula?,A noisy retrieved table lists Xx2O3 as a stable oxide material.,The retrieved table treats Xx2O3 as a valid stable oxide formula.,outdated_or_incorrect,valid_chemical_symbols,0.95,,,heuristic_context_support,heuristic_context_support: answer intentionally follows noisy/incorrect retrieved context,valid_chemical_symbols,retrieval_context_error,generation_error,retrieval_context_error
cov_01_08_current,materials,constraint_coverage_candidate,Is Xx2O3 a valid materials formula?,Valid chemical formulas must use recognized element symbols.,Xx2O3 is not a valid formula because Xx is not a recognized element symbol.,current,valid_chemical_symbols,0.85,,,heuristic_context_support,heuristic_context_support: answer follows current retrieved context,,no_error,no_error,no_error
cov_01_08_incorrect,materials,constraint_coverage_candidate,Is Xx2O3 a valid materials formula?,A noisy retrieved table lists Xx2O3 as a stable oxide material.,The retrieved table treats Xx2O3 as a valid stable oxide formula.,outdated_or_incorrect,valid_chemical_symbols,0.95,,,heuristic_context_support,heuristic_context_support: answer intentionally follows noisy/incorrect retrieved context,valid_chemical_symbols,retrieval_context_error,generation_error,retrieval_context_error
cov_01_09_current,materials,constraint_coverage_candidate,Is Xx2O3 a valid materials formula?,Valid chemical formulas must use recognized element symbols.,Xx2O3 is not a valid formula because Xx is not a recognized element symbol.,current,valid_chemical_symbols,0.85,,,heuristic_context_support,heuristic_context_support: answer follows current retrieved context,,no_error,no_error,no_error
cov_01_09_incorrect,materials,constraint_coverage_candidate,Is Xx2O3 a valid materials formula?,A noisy retrieved table lists Xx2O3 as a stable oxide material.,The retrieved table treats Xx2O3 as a valid stable oxide formula.,outdated_or_incorrect,valid_chemical_symbols,0.95,,,heuristic_context_support,heuristic_context_support: answer intentionally follows noisy/incorrect retrieved context,valid_chemical_symbols,retrieval_context_error,generation_error,retrieval_context_error
cov_01_10_current,materials,constraint_coverage_candidate,Is Xx2O3 a valid materials formula?,Valid chemical formulas must use recognized element symbols.,Xx2O3 is not a valid formula because Xx is not a recognized element symbol.,current,valid_chemical_symbols,0.85,,,heuristic_context_support,heuristic_context_support: answer follows current retrieved context,,no_error,no_error,no_error
cov_01_10_incorrect,materials,constraint_coverage_candidate,Is Xx2O3 a valid materials formula?,A noisy retrieved table lists Xx2O3 as a stable oxide material.,The retrieved table treats Xx2O3 as a valid stable oxide formula.,outdated_or_incorrect,valid_chemical_symbols,0.95,,,heuristic_context_support,heuristic_context_support: answer intentionally follows noisy/incorrect retrieved context,valid_chemical_symbols,retrieval_context_error,generation_error,retrieval_context_error
cov_01_11_current,materials,constraint_coverage_candidate,Is Xx2O3 a valid materials formula?,Valid chemical formulas must use recognized element symbols.,Xx2O3 is not a valid formula because Xx is not a recognized element symbol.,current,valid_chemical_symbols,0.85,,,heuristic_context_support,heuristic_context_support: answer follows current retrieved context,,no_error,no_error,no_error
cov_01_11_incorrect,materials,constraint_coverage_candidate,Is Xx2O3 a valid materials formula?,A noisy retrieved table lists Xx2O3 as a stable oxide material.,The retrieved table treats Xx2O3 as a valid stable oxide formula.,outdated_or_incorrect,valid_chemical_symbols,0.95,,,heuristic_context_support,heuristic_context_support: answer intentionally follows noisy/incorrect retrieved context,valid_chemical_symbols,retrieval_context_error,generation_error,retrieval_context_error
cov_01_12_current,materials,constraint_coverage_candidate,Is Xx2O3 a valid materials formula?,Valid chemical formulas must use recognized element symbols.,Xx2O3 is not a valid formula because Xx is not a recognized element symbol.,current,valid_chemical_symbols,0.85,,,heuristic_context_support,heuristic_context_support: answer follows current retrieved context,,no_error,no_error,no_error
cov_01_12_incorrect,materials,constraint_coverage_candidate,Is Xx2O3 a valid materials formula?,A noisy retrieved table lists Xx2O3 as a stable oxide material.,The retrieved table treats Xx2O3 as a valid stable oxide formula.,outdated_or_incorrect,valid_chemical_symbols,0.95,,,heuristic_context_support,heuristic_context_support: answer intentionally follows noisy/incorrect retrieved context,valid_chemical_symbols,retrieval_context_error,generation_error,retrieval_context_error
cov_01_13_current,materials,constraint_coverage_candidate,Is Xx2O3 a valid materials formula?,Valid chemical formulas must use recognized element symbols.,Xx2O3 is not a valid formula because Xx is not a recognized element symbol.,current,valid_chemical_symbols,0.85,,,heuristic_context_support,heuristic_context_support: answer follows current retrieved context,,no_error,no_error,no_error
cov_01_13_incorrect,materials,constraint_coverage_candidate,Is Xx2O3 a valid materials formula?,A noisy retrieved table lists Xx2O3 as a stable oxide material.,The retrieved table treats Xx2O3 as a valid stable oxide formula.,outdated_or_incorrect,valid_chemical_symbols,0.95,,,heuristic_context_support,heuristic_context_support: answer intentionally follows noisy/incorrect retrieved context,valid_chemical_symbols,retrieval_context_error,generation_error,retrieval_context_error
cov_01_14_current,materials,constraint_coverage_candidate,Is Xx2O3 a valid materials formula?,Valid chemical formulas must use recognized element symbols.,Xx2O3 is not a valid formula because Xx is not a recognized element symbol.,current,valid_chemical_symbols,0.85,,,heuristic_context_support,heuristic_context_support: answer follows current retrieved context,,no_error,no_error,no_error
cov_01_14_incorrect,materials,constraint_coverage_candidate,Is Xx2O3 a valid materials formula?,A noisy retrieved table lists Xx2O3 as a stable oxide material.,The retrieved table treats Xx2O3 as a valid stable oxide formula.,outdated_or_incorrect,valid_chemical_symbols,0.95,,,heuristic_context_support,heuristic_context_support: answer intentionally follows noisy/incorrect retrieved context,valid_chemical_symbols,retrieval_context_error,generation_error,retrieval_context_error
cov_01_15_current,materials,constraint_coverage_candidate,Is Xx2O3 a valid materials formula?,Valid chemical formulas must use recognized element symbols.,Xx2O3 is not a valid formula because Xx is not a recognized element symbol.,current,valid_chemical_symbols,0.85,,,heuristic_context_support,heuristic_context_support: answer follows current retrieved context,,no_error,no_error,no_error
cov_01_15_incorrect,materials,constraint_coverage_candidate,Is Xx2O3 a valid materials formula?,A noisy retrieved table lists Xx2O3 as a stable oxide material.,The retrieved table treats Xx2O3 as a valid stable oxide formula.,outdated_or_incorrect,valid_chemical_symbols,0.95,,,heuristic_context_support,heuristic_context_support: answer intentionally follows noisy/incorrect retrieved context,valid_chemical_symbols,retrieval_context_error,generation_error,retrieval_context_error
cov_02_01_current,materials,constraint_coverage_candidate,Can an experiment be performed at -50 K?,Absolute temperature on the Kelvin scale cannot be below 0 K.,The experiment cannot be performed at -50 K because absolute temperature cannot be below 0 K.,current,non_negative_absolute_temperature,0.85,,,heuristic_context_support,heuristic_context_support: answer follows current retrieved context,,no_error,no_error,no_error
cov_02_01_incorrect,materials,constraint_coverage_candidate,Can an experiment be performed at -50 K?,A corrupted lab note reports a synthesis temperature of -50 K.,The source note says the experiment can be performed at -50 K.,outdated_or_incorrect,non_negative_absolute_temperature,0.95,,,heuristic_context_support,heuristic_context_support: answer intentionally follows noisy/incorrect retrieved context,non_negative_absolute_temperature,retrieval_context_error,generation_error,retrieval_context_error
cov_02_02_current,materials,constraint_coverage_candidate,Can an experiment be performed at -50 K?,Absolute temperature on the Kelvin scale cannot be below 0 K.,The experiment cannot be performed at -50 K because absolute temperature cannot be below 0 K.,current,non_negative_absolute_temperature,0.85,,,heuristic_context_support,heuristic_context_support: answer follows current retrieved context,,no_error,no_error,no_error
cov_02_02_incorrect,materials,constraint_coverage_candidate,Can an experiment be performed at -50 K?,A corrupted lab note reports a synthesis temperature of -50 K.,The retrieved note says the experiment can be performed at -50 K.,outdated_or_incorrect,non_negative_absolute_temperature,0.95,,,heuristic_context_support,heuristic_context_support: answer intentionally follows noisy/incorrect retrieved context,non_negative_absolute_temperature,retrieval_context_error,generation_error,retrieval_context_error
cov_02_03_current,materials,constraint_coverage_candidate,Can an experiment be performed at -50 K?,Absolute temperature on the Kelvin scale cannot be below 0 K.,The experiment cannot be performed at -50 K because absolute temperature cannot be below 0 K.,current,non_negative_absolute_temperature,0.85,,,heuristic_context_support,heuristic_context_support: answer follows current retrieved context,,no_error,no_error,no_error
cov_02_03_incorrect,materials,constraint_coverage_candidate,Can an experiment be performed at -50 K?,A corrupted lab note reports a synthesis temperature of -50 K.,The retrieved note states the experiment can be performed at -50 K.,outdated_or_incorrect,non_negative_absolute_temperature,0.95,,,heuristic_context_support,heuristic_context_support: answer intentionally follows noisy/incorrect retrieved context,non_negative_absolute_temperature,retrieval_context_error,generation_error,retrieval_context_error
cov_02_04_current,materials,constraint_coverage_candidate,Can an experiment be performed at -50 K?,Absolute temperature on the Kelvin scale cannot be below 0 K.,The experiment cannot be performed at -50 K because absolute temperature cannot be below 0 K.,current,non_negative_absolute_temperature,0.85,,,heuristic_context_support,heuristic_context_support: answer follows current retrieved context,,no_error,no_error,no_error
cov_02_04_incorrect,materials,constraint_coverage_candidate,Can an experiment be performed at -50 K?,A corrupted lab note reports a synthesis temperature of -50 K.,The retrieved note says the experiment can be performed at -50 K.,outdated_or_incorrect,non_negative_absolute_temperature,0.95,,,heuristic_context_support,heuristic_context_support: answer intentionally follows noisy/incorrect retrieved context,non_negative_absolute_temperature,retrieval_context_error,generation_error,retrieval_context_error
cov_02_05_current,materials,constraint_coverage_candidate,Can an experiment be performed at -50 K?,Absolute temperature on the Kelvin scale cannot be below 0 K.,The experiment cannot be performed at -50 K because absolute temperature cannot be below 0 K.,current,non_negative_absolute_temperature,0.85,,,heuristic_context_support,heuristic_context_support: answer follows current retrieved context,,no_error,no_error,no_error
cov_02_05_incorrect,materials,constraint_coverage_candidate,Can an experiment be performed at -50 K?,A corrupted lab note reports a synthesis temperature of -50 K.,The source note says the experiment can be performed at -50 K.,outdated_or_incorrect,non_negative_absolute_temperature,0.95,,,heuristic_context_support,heuristic_context_support: answer intentionally follows noisy/incorrect retrieved context,non_negative_absolute_temperature,retrieval_context_error,generation_error,retrieval_context_error
cov_02_06_current,materials,constraint_coverage_candidate,Can an experiment be performed at -50 K?,Absolute temperature on the Kelvin scale cannot be below 0 K.,The experiment cannot be performed at -50 K because absolute temperature cannot be below 0 K.,current,non_negative_absolute_temperature,0.85,,,heuristic_context_support,heuristic_context_support: answer follows current retrieved context,,no_error,no_error,no_error
cov_02_06_incorrect,materials,constraint_coverage_candidate,Can an experiment be performed at -50 K?,A corrupted lab note reports a synthesis temperature of -50 K.,The retrieved note says the experiment can be performed at -50 K.,outdated_or_incorrect,non_negative_absolute_temperature,0.95,,,heuristic_context_support,heuristic_context_support: answer intentionally follows noisy/incorrect retrieved context,non_negative_absolute_temperature,retrieval_context_error,generation_error,retrieval_context_error
cov_02_07_current,materials,constraint_coverage_candidate,Can an experiment be performed at -50 K?,Absolute temperature on the Kelvin scale cannot be below 0 K.,The experiment cannot be performed at -50 K because absolute temperature cannot be below 0 K.,current,non_negative_absolute_temperature,0.85,,,heuristic_context_support,heuristic_context_support: answer follows current retrieved context,,no_error,no_error,no_error
cov_02_07_incorrect,materials,constraint_coverage_candidate,Can an experiment be performed at -50 K?,A corrupted lab note reports a synthesis temperature of -50 K.,The retrieved note states the experiment can be performed at -50 K.,outdated_or_incorrect,non_negative_absolute_temperature,0.95,,,heuristic_context_support,heuristic_context_support: answer intentionally follows noisy/incorrect retrieved context,non_negative_absolute_temperature,retrieval_context_error,generation_error,retrieval_context_error
cov_02_08_current,materials,constraint_coverage_candidate,Can an experiment be performed at -50 K?,Absolute temperature on the Kelvin scale cannot be below 0 K.,The experiment cannot be performed at -50 K because absolute temperature cannot be below 0 K.,current,non_negative_absolute_temperature,0.85,,,heuristic_context_support,heuristic_context_support: answer follows current retrieved context,,no_error,no_error,no_error
cov_02_08_incorrect,materials,constraint_coverage_candidate,Can an experiment be performed at -50 K?,A corrupted lab note reports a synthesis temperature of -50 K.,The retrieved note says the experiment can be performed at -50 K.,outdated_or_incorrect,non_negative_absolute_temperature,0.95,,,heuristic_context_support,heuristic_context_support: answer intentionally follows noisy/incorrect retrieved context,non_negative_absolute_temperature,retrieval_context_error,generation_error,retrieval_context_error
cov_02_09_current,materials,constraint_coverage_candidate,Can an experiment be performed at -50 K?,Absolute temperature on the Kelvin scale cannot be below 0 K.,The experiment cannot be performed at -50 K because absolute temperature cannot be below 0 K.,current,non_negative_absolute_temperature,0.85,,,heuristic_context_support,heuristic_context_support: answer follows current retrieved context,,no_error,no_error,no_error
cov_02_09_incorrect,materials,constraint_coverage_candidate,Can an experiment be performed at -50 K?,A corrupted lab note reports a synthesis temperature of -50 K.,The source note says the experiment can be performed at -50 K.,outdated_or_incorrect,non_negative_absolute_temperature,0.95,,,heuristic_context_support,heuristic_context_support: answer intentionally follows noisy/incorrect retrieved context,non_negative_absolute_temperature,retrieval_context_error,generation_error,retrieval_context_error
cov_02_10_current,materials,constraint_coverage_candidate,Can an experiment be performed at -50 K?,Absolute temperature on the Kelvin scale cannot be below 0 K.,The experiment cannot be performed at -50 K because absolute temperature cannot be below 0 K.,current,non_negative_absolute_temperature,0.85,,,heuristic_context_support,heuristic_context_support: answer follows current retrieved context,,no_error,no_error,no_error
cov_02_10_incorrect,materials,constraint_coverage_candidate,Can an experiment be performed at -50 K?,A corrupted lab note reports a synthesis temperature of -50 K.,The source note says the experiment can be performed at -50 K.,outdated_or_incorrect,non_negative_absolute_temperature,0.95,,,heuristic_context_support,heuristic_context_support: answer intentionally follows noisy/incorrect retrieved context,non_negative_absolute_temperature,retrieval_context_error,generation_error,retrieval_context_error
cov_02_11_current,materials,constraint_coverage_candidate,Can an experiment be performed at -50 K?,Absolute temperature on the Kelvin scale cannot be below 0 K.,The experiment cannot be performed at -50 K because absolute temperature cannot be below 0 K.,current,non_negative_absolute_temperature,0.85,,,heuristic_context_support,heuristic_context_support: answer follows current retrieved context,,no_error,no_error,no_error
cov_02_11_incorrect,materials,constraint_coverage_candidate,Can an experiment be performed at -50 K?,A corrupted lab note reports a synthesis temperature of -50 K.,The retrieved note says the experiment can be performed at -50 K.,outdated_or_incorrect,non_negative_absolute_temperature,0.95,,,heuristic_context_support,heuristic_context_support: answer intentionally follows noisy/incorrect retrieved context,non_negative_absolute_temperature,retrieval_context_error,generation_error,retrieval_context_error
cov_02_12_current,materials,constraint_coverage_candidate,Can an experiment be performed at -50 K?,Absolute temperature on the Kelvin scale cannot be below 0 K.,The experiment cannot be performed at -50 K because absolute temperature cannot be below 0 K.,current,non_negative_absolute_temperature,0.85,,,heuristic_context_support,heuristic_context_support: answer follows current retrieved context,,no_error,no_error,no_error
cov_02_12_incorrect,materials,constraint_coverage_candidate,Can an experiment be performed at -50 K?,A corrupted lab note reports a synthesis temperature of -50 K.,The retrieved note states the experiment can be performed at -50 K.,outdated_or_incorrect,non_negative_absolute_temperature,0.95,,,heuristic_context_support,heuristic_context_support: answer intentionally follows noisy/incorrect retrieved context,non_negative_absolute_temperature,retrieval_context_error,generation_error,retrieval_context_error
cov_02_13_current,materials,constraint_coverage_candidate,Can an experiment be performed at -50 K?,Absolute temperature on the Kelvin scale cannot be below 0 K.,The experiment cannot be performed at -50 K because absolute temperature cannot be below 0 K.,current,non_negative_absolute_temperature,0.85,,,heuristic_context_support,heuristic_context_support: answer follows current retrieved context,,no_error,no_error,no_error
cov_02_13_incorrect,materials,constraint_coverage_candidate,Can an experiment be performed at -50 K?,A corrupted lab note reports a synthesis temperature of -50 K.,The retrieved note says the experiment can be performed at -50 K.,outdated_or_incorrect,non_negative_absolute_temperature,0.95,,,heuristic_context_support,heuristic_context_support: answer intentionally follows noisy/incorrect retrieved context,non_negative_absolute_temperature,retrieval_context_error,generation_error,retrieval_context_error
cov_02_14_current,materials,constraint_coverage_candidate,Can an experiment be performed at -50 K?,Absolute temperature on the Kelvin scale cannot be below 0 K.,The experiment cannot be performed at -50 K because absolute temperature cannot be below 0 K.,current,non_negative_absolute_temperature,0.85,,,heuristic_context_support,heuristic_context_support: answer follows current retrieved context,,no_error,no_error,no_error
cov_02_14_incorrect,materials,constraint_coverage_candidate,Can an experiment be performed at -50 K?,A corrupted lab note reports a synthesis temperature of -50 K.,The source note says the experiment can be performed at -50 K.,outdated_or_incorrect,non_negative_absolute_temperature,0.95,,,heuristic_context_support,heuristic_context_support: answer intentionally follows noisy/incorrect retrieved context,non_negative_absolute_temperature,retrieval_context_error,generation_error,retrieval_context_error
cov_02_15_current,materials,constraint_coverage_candidate,Can an experiment be performed at -50 K?,Absolute temperature on the Kelvin scale cannot be below 0 K.,The experiment cannot be performed at -50 K because absolute temperature cannot be below 0 K.,current,non_negative_absolute_temperature,0.85,,,heuristic_context_support,heuristic_context_support: answer follows current retrieved context,,no_error,no_error,no_error
cov_02_15_incorrect,materials,constraint_coverage_candidate,Can an experiment be performed at -50 K?,A corrupted lab note reports a synthesis temperature of -50 K.,The retrieved note says the experiment can be performed at -50 K.,outdated_or_incorrect,non_negative_absolute_temperature,0.95,,,heuristic_context_support,heuristic_context_support: answer intentionally follows noisy/incorrect retrieved context,non_negative_absolute_temperature,retrieval_context_error,generation_error,retrieval_context_error
cov_03_01_current,materials,constraint_coverage_candidate,Is a pressure of -2 GPa physically valid in a standard pressure report?,Standard pressure reports should not use negative pressure unless a stress sign convention is explicitly defined.,A pressure of -2 GPa is not valid as a standard pressure report unless a stress convention is explicitly defined.,current,non_negative_pressure,0.85,,,heuristic_context_support,heuristic_context_support: answer follows current retrieved context,,no_error,no_error,no_error
cov_03_01_incorrect,materials,constraint_coverage_candidate,Is a pressure of -2 GPa physically valid in a standard pressure report?,A noisy measurement table reports the pressure as -2 GPa.,The table lists a pressure value of -2 GPa.,outdated_or_incorrect,non_negative_pressure,0.95,,,heuristic_context_support,heuristic_context_support: answer intentionally follows noisy/incorrect retrieved context,non_negative_pressure,retrieval_context_error,generation_error,retrieval_context_error
cov_03_02_current,materials,constraint_coverage_candidate,Is a pressure of -2 GPa physically valid in a standard pressure report?,Standard pressure reports should not use negative pressure unless a stress sign convention is explicitly defined.,A pressure of -2 GPa is not valid as a standard pressure report unless a stress convention is explicitly defined.,current,non_negative_pressure,0.85,,,heuristic_context_support,heuristic_context_support: answer follows current retrieved context,,no_error,no_error,no_error
cov_03_02_incorrect,materials,constraint_coverage_candidate,Is a pressure of -2 GPa physically valid in a standard pressure report?,A noisy measurement table reports the pressure as -2 GPa.,The table reports a pressure value of -2 GPa.,outdated_or_incorrect,non_negative_pressure,0.95,,,heuristic_context_support,heuristic_context_support: answer intentionally follows noisy/incorrect retrieved context,non_negative_pressure,retrieval_context_error,generation_error,retrieval_context_error
cov_03_03_current,materials,constraint_coverage_candidate,Is a pressure of -2 GPa physically valid in a standard pressure report?,Standard pressure reports should not use negative pressure unless a stress sign convention is explicitly defined.,A pressure of -2 GPa is not valid as a standard pressure report unless a stress convention is explicitly defined.,current,non_negative_pressure,0.85,,,heuristic_context_support,heuristic_context_support: answer follows current retrieved context,,no_error,no_error,no_error
cov_03_03_incorrect,materials,constraint_coverage_candidate,Is a pressure of -2 GPa physically valid in a standard pressure report?,A noisy measurement table reports the pressure as -2 GPa.,The table reports a pressure value of -2 GPa.,outdated_or_incorrect,non_negative_pressure,0.95,,,heuristic_context_support,heuristic_context_support: answer intentionally follows noisy/incorrect retrieved context,non_negative_pressure,retrieval_context_error,generation_error,retrieval_context_error
cov_03_04_current,materials,constraint_coverage_candidate,Is a pressure of -2 GPa physically valid in a standard pressure report?,Standard pressure reports should not use negative pressure unless a stress sign convention is explicitly defined.,A pressure of -2 GPa is not valid as a standard pressure report unless a stress convention is explicitly defined.,current,non_negative_pressure,0.85,,,heuristic_context_support,heuristic_context_support: answer follows current retrieved context,,no_error,no_error,no_error
cov_03_04_incorrect,materials,constraint_coverage_candidate,Is a pressure of -2 GPa physically valid in a standard pressure report?,A noisy measurement table reports the pressure as -2 GPa.,The table reports a pressure value of -2 GPa.,outdated_or_incorrect,non_negative_pressure,0.95,,,heuristic_context_support,heuristic_context_support: answer intentionally follows noisy/incorrect retrieved context,non_negative_pressure,retrieval_context_error,generation_error,retrieval_context_error
cov_03_05_current,materials,constraint_coverage_candidate,Is a pressure of -2 GPa physically valid in a standard pressure report?,Standard pressure reports should not use negative pressure unless a stress sign convention is explicitly defined.,A pressure of -2 GPa is not valid as a standard pressure report unless a stress convention is explicitly defined.,current,non_negative_pressure,0.85,,,heuristic_context_support,heuristic_context_support: answer follows current retrieved context,,no_error,no_error,no_error
cov_03_05_incorrect,materials,constraint_coverage_candidate,Is a pressure of -2 GPa physically valid in a standard pressure report?,A noisy measurement table reports the pressure as -2 GPa.,The table lists a pressure value of -2 GPa.,outdated_or_incorrect,non_negative_pressure,0.95,,,heuristic_context_support,heuristic_context_support: answer intentionally follows noisy/incorrect retrieved context,non_negative_pressure,retrieval_context_error,generation_error,retrieval_context_error
cov_03_06_current,materials,constraint_coverage_candidate,Is a pressure of -2 GPa physically valid in a standard pressure report?,Standard pressure reports should not use negative pressure unless a stress sign convention is explicitly defined.,A pressure of -2 GPa is not valid as a standard pressure report unless a stress convention is explicitly defined.,current,non_negative_pressure,0.85,,,heuristic_context_support,heuristic_context_support: answer follows current retrieved context,,no_error,no_error,no_error
cov_03_06_incorrect,materials,constraint_coverage_candidate,Is a pressure of -2 GPa physically valid in a standard pressure report?,A noisy measurement table reports the pressure as -2 GPa.,The table reports a pressure value of -2 GPa.,outdated_or_incorrect,non_negative_pressure,0.95,,,heuristic_context_support,heuristic_context_support: answer intentionally follows noisy/incorrect retrieved context,non_negative_pressure,retrieval_context_error,generation_error,retrieval_context_error
cov_03_07_current,materials,constraint_coverage_candidate,Is a pressure of -2 GPa physically valid in a standard pressure report?,Standard pressure reports should not use negative pressure unless a stress sign convention is explicitly defined.,A pressure of -2 GPa is not valid as a standard pressure report unless a stress convention is explicitly defined.,current,non_negative_pressure,0.85,,,heuristic_context_support,heuristic_context_support: answer follows current retrieved context,,no_error,no_error,no_error
cov_03_07_incorrect,materials,constraint_coverage_candidate,Is a pressure of -2 GPa physically valid in a standard pressure report?,A noisy measurement table reports the pressure as -2 GPa.,The table reports a pressure value of -2 GPa.,outdated_or_incorrect,non_negative_pressure,0.95,,,heuristic_context_support,heuristic_context_support: answer intentionally follows noisy/incorrect retrieved context,non_negative_pressure,retrieval_context_error,generation_error,retrieval_context_error
cov_03_08_current,materials,constraint_coverage_candidate,Is a pressure of -2 GPa physically valid in a standard pressure report?,Standard pressure reports should not use negative pressure unless a stress sign convention is explicitly defined.,A pressure of -2 GPa is not valid as a standard pressure report unless a stress convention is explicitly defined.,current,non_negative_pressure,0.85,,,heuristic_context_support,heuristic_context_support: answer follows current retrieved context,,no_error,no_error,no_error
cov_03_08_incorrect,materials,constraint_coverage_candidate,Is a pressure of -2 GPa physically valid in a standard pressure report?,A noisy measurement table reports the pressure as -2 GPa.,The table reports a pressure value of -2 GPa.,outdated_or_incorrect,non_negative_pressure,0.95,,,heuristic_context_support,heuristic_context_support: answer intentionally follows noisy/incorrect retrieved context,non_negative_pressure,retrieval_context_error,generation_error,retrieval_context_error
cov_03_09_current,materials,constraint_coverage_candidate,Is a pressure of -2 GPa physically valid in a standard pressure report?,Standard pressure reports should not use negative pressure unless a stress sign convention is explicitly defined.,A pressure of -2 GPa is not valid as a standard pressure report unless a stress convention is explicitly defined.,current,non_negative_pressure,0.85,,,heuristic_context_support,heuristic_context_support: answer follows current retrieved context,,no_error,no_error,no_error
cov_03_09_incorrect,materials,constraint_coverage_candidate,Is a pressure of -2 GPa physically valid in a standard pressure report?,A noisy measurement table reports the pressure as -2 GPa.,The table lists a pressure value of -2 GPa.,outdated_or_incorrect,non_negative_pressure,0.95,,,heuristic_context_support,heuristic_context_support: answer intentionally follows noisy/incorrect retrieved context,non_negative_pressure,retrieval_context_error,generation_error,retrieval_context_error
cov_03_10_current,materials,constraint_coverage_candidate,Is a pressure of -2 GPa physically valid in a standard pressure report?,Standard pressure reports should not use negative pressure unless a stress sign convention is explicitly defined.,A pressure of -2 GPa is not valid as a standard pressure report unless a stress convention is explicitly defined.,current,non_negative_pressure,0.85,,,heuristic_context_support,heuristic_context_support: answer follows current retrieved context,,no_error,no_error,no_error
cov_03_10_incorrect,materials,constraint_coverage_candidate,Is a pressure of -2 GPa physically valid in a standard pressure report?,A noisy measurement table reports the pressure as -2 GPa.,The table lists a pressure value of -2 GPa.,outdated_or_incorrect,non_negative_pressure,0.95,,,heuristic_context_support,heuristic_context_support: answer intentionally follows noisy/incorrect retrieved context,non_negative_pressure,retrieval_context_error,generation_error,retrieval_context_error
cov_03_11_current,materials,constraint_coverage_candidate,Is a pressure of -2 GPa physically valid in a standard pressure report?,Standard pressure reports should not use negative pressure unless a stress sign convention is explicitly defined.,A pressure of -2 GPa is not valid as a standard pressure report unless a stress convention is explicitly defined.,current,non_negative_pressure,0.85,,,heuristic_context_support,heuristic_context_support: answer follows current retrieved context,,no_error,no_error,no_error
cov_03_11_incorrect,materials,constraint_coverage_candidate,Is a pressure of -2 GPa physically valid in a standard pressure report?,A noisy measurement table reports the pressure as -2 GPa.,The table reports a pressure value of -2 GPa.,outdated_or_incorrect,non_negative_pressure,0.95,,,heuristic_context_support,heuristic_context_support: answer intentionally follows noisy/incorrect retrieved context,non_negative_pressure,retrieval_context_error,generation_error,retrieval_context_error
cov_03_12_current,materials,constraint_coverage_candidate,Is a pressure of -2 GPa physically valid in a standard pressure report?,Standard pressure reports should not use negative pressure unless a stress sign convention is explicitly defined.,A pressure of -2 GPa is not valid as a standard pressure report unless a stress convention is explicitly defined.,current,non_negative_pressure,0.85,,,heuristic_context_support,heuristic_context_support: answer follows current retrieved context,,no_error,no_error,no_error
cov_03_12_incorrect,materials,constraint_coverage_candidate,Is a pressure of -2 GPa physically valid in a standard pressure report?,A noisy measurement table reports the pressure as -2 GPa.,The table reports a pressure value of -2 GPa.,outdated_or_incorrect,non_negative_pressure,0.95,,,heuristic_context_support,heuristic_context_support: answer intentionally follows noisy/incorrect retrieved context,non_negative_pressure,retrieval_context_error,generation_error,retrieval_context_error
cov_03_13_current,materials,constraint_coverage_candidate,Is a pressure of -2 GPa physically valid in a standard pressure report?,Standard pressure reports should not use negative pressure unless a stress sign convention is explicitly defined.,A pressure of -2 GPa is not valid as a standard pressure report unless a stress convention is explicitly defined.,current,non_negative_pressure,0.85,,,heuristic_context_support,heuristic_context_support: answer follows current retrieved context,,no_error,no_error,no_error
cov_03_13_incorrect,materials,constraint_coverage_candidate,Is a pressure of -2 GPa physically valid in a standard pressure report?,A noisy measurement table reports the pressure as -2 GPa.,The table reports a pressure value of -2 GPa.,outdated_or_incorrect,non_negative_pressure,0.95,,,heuristic_context_support,heuristic_context_support: answer intentionally follows noisy/incorrect retrieved context,non_negative_pressure,retrieval_context_error,generation_error,retrieval_context_error
cov_03_14_current,materials,constraint_coverage_candidate,Is a pressure of -2 GPa physically valid in a standard pressure report?,Standard pressure reports should not use negative pressure unless a stress sign convention is explicitly defined.,A pressure of -2 GPa is not valid as a standard pressure report unless a stress convention is explicitly defined.,current,non_negative_pressure,0.85,,,heuristic_context_support,heuristic_context_support: answer follows current retrieved context,,no_error,no_error,no_error
cov_03_14_incorrect,materials,constraint_coverage_candidate,Is a pressure of -2 GPa physically valid in a standard pressure report?,A noisy measurement table reports the pressure as -2 GPa.,The table lists a pressure value of -2 GPa.,outdated_or_incorrect,non_negative_pressure,0.95,,,heuristic_context_support,heuristic_context_support: answer intentionally follows noisy/incorrect retrieved context,non_negative_pressure,retrieval_context_error,generation_error,retrieval_context_error
cov_03_15_current,materials,constraint_coverage_candidate,Is a pressure of -2 GPa physically valid in a standard pressure report?,Standard pressure reports should not use negative pressure unless a stress sign convention is explicitly defined.,A pressure of -2 GPa is not valid as a standard pressure report unless a stress convention is explicitly defined.,current,non_negative_pressure,0.85,,,heuristic_context_support,heuristic_context_support: answer follows current retrieved context,,no_error,no_error,no_error
cov_03_15_incorrect,materials,constraint_coverage_candidate,Is a pressure of -2 GPa physically valid in a standard pressure report?,A noisy measurement table reports the pressure as -2 GPa.,The table reports a pressure value of -2 GPa.,outdated_or_incorrect,non_negative_pressure,0.95,,,heuristic_context_support,heuristic_context_support: answer intentionally follows noisy/incorrect retrieved context,non_negative_pressure,retrieval_context_error,generation_error,retrieval_context_error
cov_04_01_current,materials,constraint_coverage_candidate,Can the material be called superconducting without reporting Tc or evidence?,"Superconductivity claims should report Tc, measured evidence, or a transition temperature.","The material should not be called superconducting without Tc, measured evidence, or a transition temperature.",current,cautious_superconductivity_claim,0.85,,,heuristic_context_support,heuristic_context_support: answer follows current retrieved context,,no_error,no_error,no_error
cov_04_01_incorrect,materials,constraint_coverage_candidate,Can the material be called superconducting without reporting Tc or evidence?,A short retrieved note says the material is superconducting.,The retrieved note identifies the material as superconducting.,outdated_or_incorrect,cautious_superconductivity_claim,0.95,,,heuristic_context_support,heuristic_context_support: answer intentionally follows noisy/incorrect retrieved context,,no_error,no_error,no_error
cov_04_02_current,materials,constraint_coverage_candidate,Can the material be called superconducting without reporting Tc or evidence?,"Superconductivity claims should report Tc, measured evidence, or a transition temperature.","The material should not be called superconducting without Tc, measured evidence, or a transition temperature.",current,cautious_superconductivity_claim,0.85,,,heuristic_context_support,heuristic_context_support: answer follows current retrieved context,,no_error,no_error,no_error
cov_04_02_incorrect,materials,constraint_coverage_candidate,Can the material be called superconducting without reporting Tc or evidence?,A short retrieved note says the material is superconducting.,The retrieved note identifies the material as superconducting.,outdated_or_incorrect,cautious_superconductivity_claim,0.95,,,heuristic_context_support,heuristic_context_support: answer intentionally follows noisy/incorrect retrieved context,,no_error,no_error,no_error
cov_04_03_current,materials,constraint_coverage_candidate,Can the material be called superconducting without reporting Tc or evidence?,"Superconductivity claims should report Tc, measured evidence, or a transition temperature.","The material should not be called superconducting without Tc, measured evidence, or a transition temperature.",current,cautious_superconductivity_claim,0.85,,,heuristic_context_support,heuristic_context_support: answer follows current retrieved context,,no_error,no_error,no_error
cov_04_03_incorrect,materials,constraint_coverage_candidate,Can the material be called superconducting without reporting Tc or evidence?,A short retrieved note says the material is superconducting.,The source note identifies the material as superconducting.,outdated_or_incorrect,cautious_superconductivity_claim,0.95,,,heuristic_context_support,heuristic_context_support: answer intentionally follows noisy/incorrect retrieved context,,no_error,no_error,no_error
cov_04_04_current,materials,constraint_coverage_candidate,Can the material be called superconducting without reporting Tc or evidence?,"Superconductivity claims should report Tc, measured evidence, or a transition temperature.","The material should not be called superconducting without Tc, measured evidence, or a transition temperature.",current,cautious_superconductivity_claim,0.85,,,heuristic_context_support,heuristic_context_support: answer follows current retrieved context,,no_error,no_error,no_error
cov_04_04_incorrect,materials,constraint_coverage_candidate,Can the material be called superconducting without reporting Tc or evidence?,A short retrieved note says the material is superconducting.,The retrieved note identifies the material as superconducting.,outdated_or_incorrect,cautious_superconductivity_claim,0.95,,,heuristic_context_support,heuristic_context_support: answer intentionally follows noisy/incorrect retrieved context,,no_error,no_error,no_error
cov_04_05_current,materials,constraint_coverage_candidate,Can the material be called superconducting without reporting Tc or evidence?,"Superconductivity claims should report Tc, measured evidence, or a transition temperature.","The material should not be called superconducting without Tc, measured evidence, or a transition temperature.",current,cautious_superconductivity_claim,0.85,,,heuristic_context_support,heuristic_context_support: answer follows current retrieved context,,no_error,no_error,no_error
cov_04_05_incorrect,materials,constraint_coverage_candidate,Can the material be called superconducting without reporting Tc or evidence?,A short retrieved note says the material is superconducting.,The retrieved note identifies the material as superconducting.,outdated_or_incorrect,cautious_superconductivity_claim,0.95,,,heuristic_context_support,heuristic_context_support: answer intentionally follows noisy/incorrect retrieved context,,no_error,no_error,no_error
cov_04_06_current,materials,constraint_coverage_candidate,Can the material be called superconducting without reporting Tc or evidence?,"Superconductivity claims should report Tc, measured evidence, or a transition temperature.","The material should not be called superconducting without Tc, measured evidence, or a transition temperature.",current,cautious_superconductivity_claim,0.85,,,heuristic_context_support,heuristic_context_support: answer follows current retrieved context,,no_error,no_error,no_error
cov_04_06_incorrect,materials,constraint_coverage_candidate,Can the material be called superconducting without reporting Tc or evidence?,A short retrieved note says the material is superconducting.,The retrieved note identifies the material as superconducting.,outdated_or_incorrect,cautious_superconductivity_claim,0.95,,,heuristic_context_support,heuristic_context_support: answer intentionally follows noisy/incorrect retrieved context,,no_error,no_error,no_error
cov_04_07_current,materials,constraint_coverage_candidate,Can the material be called superconducting without reporting Tc or evidence?,"Superconductivity claims should report Tc, measured evidence, or a transition temperature.","The material should not be called superconducting without Tc, measured evidence, or a transition temperature.",current,cautious_superconductivity_claim,0.85,,,heuristic_context_support,heuristic_context_support: answer follows current retrieved context,,no_error,no_error,no_error
cov_04_07_incorrect,materials,constraint_coverage_candidate,Can the material be called superconducting without reporting Tc or evidence?,A short retrieved note says the material is superconducting.,The source note identifies the material as superconducting.,outdated_or_incorrect,cautious_superconductivity_claim,0.95,,,heuristic_context_support,heuristic_context_support: answer intentionally follows noisy/incorrect retrieved context,,no_error,no_error,no_error
cov_04_08_current,materials,constraint_coverage_candidate,Can the material be called superconducting without reporting Tc or evidence?,"Superconductivity claims should report Tc, measured evidence, or a transition temperature.","The material should not be called superconducting without Tc, measured evidence, or a transition temperature.",current,cautious_superconductivity_claim,0.85,,,heuristic_context_support,heuristic_context_support: answer follows current retrieved context,,no_error,no_error,no_error
cov_04_08_incorrect,materials,constraint_coverage_candidate,Can the material be called superconducting without reporting Tc or evidence?,A short retrieved note says the material is superconducting.,The retrieved note identifies the material as superconducting.,outdated_or_incorrect,cautious_superconductivity_claim,0.95,,,heuristic_context_support,heuristic_context_support: answer intentionally follows noisy/incorrect retrieved context,,no_error,no_error,no_error
cov_04_09_current,materials,constraint_coverage_candidate,Can the material be called superconducting without reporting Tc or evidence?,"Superconductivity claims should report Tc, measured evidence, or a transition temperature.","The material should not be called superconducting without Tc, measured evidence, or a transition temperature.",current,cautious_superconductivity_claim,0.85,,,heuristic_context_support,heuristic_context_support: answer follows current retrieved context,,no_error,no_error,no_error
cov_04_09_incorrect,materials,constraint_coverage_candidate,Can the material be called superconducting without reporting Tc or evidence?,A short retrieved note says the material is superconducting.,The retrieved note identifies the material as superconducting.,outdated_or_incorrect,cautious_superconductivity_claim,0.95,,,heuristic_context_support,heuristic_context_support: answer intentionally follows noisy/incorrect retrieved context,,no_error,no_error,no_error
cov_04_10_current,materials,constraint_coverage_candidate,Can the material be called superconducting without reporting Tc or evidence?,"Superconductivity claims should report Tc, measured evidence, or a transition temperature.","The material should not be called superconducting without Tc, measured evidence, or a transition temperature.",current,cautious_superconductivity_claim,0.85,,,heuristic_context_support,heuristic_context_support: answer follows current retrieved context,,no_error,no_error,no_error
cov_04_10_incorrect,materials,constraint_coverage_candidate,Can the material be called superconducting without reporting Tc or evidence?,A short retrieved note says the material is superconducting.,The retrieved note identifies the material as superconducting.,outdated_or_incorrect,cautious_superconductivity_claim,0.95,,,heuristic_context_support,heuristic_context_support: answer intentionally follows noisy/incorrect retrieved context,,no_error,no_error,no_error
cov_04_11_current,materials,constraint_coverage_candidate,Can the material be called superconducting without reporting Tc or evidence?,"Superconductivity claims should report Tc, measured evidence, or a transition temperature.","The material should not be called superconducting without Tc, measured evidence, or a transition temperature.",current,cautious_superconductivity_claim,0.85,,,heuristic_context_support,heuristic_context_support: answer follows current retrieved context,,no_error,no_error,no_error
cov_04_11_incorrect,materials,constraint_coverage_candidate,Can the material be called superconducting without reporting Tc or evidence?,A short retrieved note says the material is superconducting.,The retrieved note identifies the material as superconducting.,outdated_or_incorrect,cautious_superconductivity_claim,0.95,,,heuristic_context_support,heuristic_context_support: answer intentionally follows noisy/incorrect retrieved context,,no_error,no_error,no_error
cov_04_12_current,materials,constraint_coverage_candidate,Can the material be called superconducting without reporting Tc or evidence?,"Superconductivity claims should report Tc, measured evidence, or a transition temperature.","The material should not be called superconducting without Tc, measured evidence, or a transition temperature.",current,cautious_superconductivity_claim,0.85,,,heuristic_context_support,heuristic_context_support: answer follows current retrieved context,,no_error,no_error,no_error
cov_04_12_incorrect,materials,constraint_coverage_candidate,Can the material be called superconducting without reporting Tc or evidence?,A short retrieved note says the material is superconducting.,The source note identifies the material as superconducting.,outdated_or_incorrect,cautious_superconductivity_claim,0.95,,,heuristic_context_support,heuristic_context_support: answer intentionally follows noisy/incorrect retrieved context,,no_error,no_error,no_error
cov_04_13_current,materials,constraint_coverage_candidate,Can the material be called superconducting without reporting Tc or evidence?,"Superconductivity claims should report Tc, measured evidence, or a transition temperature.","The material should not be called superconducting without Tc, measured evidence, or a transition temperature.",current,cautious_superconductivity_claim,0.85,,,heuristic_context_support,heuristic_context_support: answer follows current retrieved context,,no_error,no_error,no_error
cov_04_13_incorrect,materials,constraint_coverage_candidate,Can the material be called superconducting without reporting Tc or evidence?,A short retrieved note says the material is superconducting.,The retrieved note identifies the material as superconducting.,outdated_or_incorrect,cautious_superconductivity_claim,0.95,,,heuristic_context_support,heuristic_context_support: answer intentionally follows noisy/incorrect retrieved context,,no_error,no_error,no_error
cov_04_14_current,materials,constraint_coverage_candidate,Can the material be called superconducting without reporting Tc or evidence?,"Superconductivity claims should report Tc, measured evidence, or a transition temperature.","The material should not be called superconducting without Tc, measured evidence, or a transition temperature.",current,cautious_superconductivity_claim,0.85,,,heuristic_context_support,heuristic_context_support: answer follows current retrieved context,,no_error,no_error,no_error
cov_04_14_incorrect,materials,constraint_coverage_candidate,Can the material be called superconducting without reporting Tc or evidence?,A short retrieved note says the material is superconducting.,The retrieved note identifies the material as superconducting.,outdated_or_incorrect,cautious_superconductivity_claim,0.95,,,heuristic_context_support,heuristic_context_support: answer intentionally follows noisy/incorrect retrieved context,,no_error,no_error,no_error
cov_04_15_current,materials,constraint_coverage_candidate,Can the material be called superconducting without reporting Tc or evidence?,"Superconductivity claims should report Tc, measured evidence, or a transition temperature.","The material should not be called superconducting without Tc, measured evidence, or a transition temperature.",current,cautious_superconductivity_claim,0.85,,,heuristic_context_support,heuristic_context_support: answer follows current retrieved context,,no_error,no_error,no_error
cov_04_15_incorrect,materials,constraint_coverage_candidate,Can the material be called superconducting without reporting Tc or evidence?,A short retrieved note says the material is superconducting.,The retrieved note identifies the material as superconducting.,outdated_or_incorrect,cautious_superconductivity_claim,0.95,,,heuristic_context_support,heuristic_context_support: answer intentionally follows noisy/incorrect retrieved context,,no_error,no_error,no_error
